solid OpenSCAD_Model
  facet normal -1 0 0
    outer loop
      vertex -72 -84.15 -101.25
      vertex -72 -86 -101.25
      vertex -72 -84.15 -99.25
    endloop
  endfacet
  facet normal -1 0 0
    outer loop
      vertex -72 -84.15 -99.25
      vertex -72 -80 -95.25
      vertex -72 -80 -99.25
    endloop
  endfacet
  facet normal -1 0 0
    outer loop
      vertex -72 -84.15 -99.25
      vertex -72 -86 -95.25
      vertex -72 -80 -95.25
    endloop
  endfacet
  facet normal -1 0 0
    outer loop
      vertex -72 -86 -95.25
      vertex -72 -84.15 -99.25
      vertex -72 -86 -101.25
    endloop
  endfacet
  facet normal 0 0 1
    outer loop
      vertex 72 -80 -95.25
      vertex 64.15 -81.85 -95.25
      vertex 72 -86 -95.25
    endloop
  endfacet
  facet normal 0 0 1
    outer loop
      vertex 72 -80 -95.25
      vertex -64.15 -81.85 -95.25
      vertex 64.15 -81.85 -95.25
    endloop
  endfacet
  facet normal 0 0 1
    outer loop
      vertex -64.15 -81.85 -95.25
      vertex -72 -80 -95.25
      vertex -64.15 -84.15 -95.25
    endloop
  endfacet
  facet normal -0 0 1
    outer loop
      vertex -72 -80 -95.25
      vertex -64.15 -81.85 -95.25
      vertex 72 -80 -95.25
    endloop
  endfacet
  facet normal -0 0 1
    outer loop
      vertex 64.15 -84.15 -95.25
      vertex 72 -86 -95.25
      vertex 64.15 -81.85 -95.25
    endloop
  endfacet
  facet normal -0 0 1
    outer loop
      vertex -64.15 -84.15 -95.25
      vertex 72 -86 -95.25
      vertex 64.15 -84.15 -95.25
    endloop
  endfacet
  facet normal 0 0 1
    outer loop
      vertex -64.15 -84.15 -95.25
      vertex -72 -86 -95.25
      vertex 72 -86 -95.25
    endloop
  endfacet
  facet normal 0 0 1
    outer loop
      vertex -72 -86 -95.25
      vertex -64.15 -84.15 -95.25
      vertex -72 -80 -95.25
    endloop
  endfacet
  facet normal 1 0 0
    outer loop
      vertex 72 -80 -95.25
      vertex 72 -84.15 -99.25
      vertex 72 -80 -99.25
    endloop
  endfacet
  facet normal 1 -0 0
    outer loop
      vertex 72 -86 -95.25
      vertex 72 -84.15 -99.25
      vertex 72 -80 -95.25
    endloop
  endfacet
  facet normal 1 0 0
    outer loop
      vertex 72 -86 -101.25
      vertex 72 -84.15 -99.25
      vertex 72 -86 -95.25
    endloop
  endfacet
  facet normal 1 0 0
    outer loop
      vertex 72 -84.15 -99.25
      vertex 72 -86 -101.25
      vertex 72 -84.15 -101.25
    endloop
  endfacet
  facet normal 0 0 -1
    outer loop
      vertex 72 -86 -101.25
      vertex 71.85 -84.15 -101.25
      vertex 72 -84.15 -101.25
    endloop
  endfacet
  facet normal 0 0 -1
    outer loop
      vertex 71.85 -84.15 -101.25
      vertex 64.15 -84.15 -101.25
      vertex 71.85 -84 -101.25
    endloop
  endfacet
  facet normal 0 0 -1
    outer loop
      vertex 72 -86 -101.25
      vertex 64.15 -84.15 -101.25
      vertex 71.85 -84.15 -101.25
    endloop
  endfacet
  facet normal 0 0 -1
    outer loop
      vertex 72 -86 -101.25
      vertex -64.15 -84.15 -101.25
      vertex 64.15 -84.15 -101.25
    endloop
  endfacet
  facet normal 0 0 -1
    outer loop
      vertex -64.15 -84.15 -101.25
      vertex -71.85 -84.15 -101.25
      vertex -64.15 -84 -101.25
    endloop
  endfacet
  facet normal 0 0 -1
    outer loop
      vertex -72 -86 -101.25
      vertex -64.15 -84.15 -101.25
      vertex 72 -86 -101.25
    endloop
  endfacet
  facet normal -0 0 -1
    outer loop
      vertex -64.15 -84.15 -101.25
      vertex -72 -86 -101.25
      vertex -71.85 -84.15 -101.25
    endloop
  endfacet
  facet normal -0 0 -1
    outer loop
      vertex -71.85 -84.15 -101.25
      vertex -72 -86 -101.25
      vertex -72 -84.15 -101.25
    endloop
  endfacet
  facet normal -0 0 -1
    outer loop
      vertex 71.85 -84 -101.25
      vertex 64.15 -84.15 -101.25
      vertex 64.15 -84 -101.25
    endloop
  endfacet
  facet normal -0 0 -1
    outer loop
      vertex -64.15 -84 -101.25
      vertex -71.85 -84.15 -101.25
      vertex -71.85 -84 -101.25
    endloop
  endfacet
  facet normal 0 -1 0
    outer loop
      vertex -72 -86 -101.25
      vertex 72 -86 -95.25
      vertex -72 -86 -95.25
    endloop
  endfacet
  facet normal 0 -1 -0
    outer loop
      vertex 72 -86 -95.25
      vertex -72 -86 -101.25
      vertex 72 -86 -101.25
    endloop
  endfacet
  facet normal 0 1 -0
    outer loop
      vertex -67 -80 -99.35
      vertex -72 -80 -95.25
      vertex 67 -80 -99.35
    endloop
  endfacet
  facet normal 0 1 0
    outer loop
      vertex 71.85 -80 -99.25
      vertex 67 -80 -99.75
      vertex 67 -80 -99.35
    endloop
  endfacet
  facet normal 0 1 -0
    outer loop
      vertex 71.85 -80 -100.25
      vertex 67 -80 -99.75
      vertex 71.85 -80 -99.25
    endloop
  endfacet
  facet normal 0 1 0
    outer loop
      vertex 67 -80 -99.75
      vertex 71.85 -80 -100.25
      vertex 65.743 -80 -100.25
    endloop
  endfacet
  facet normal 0 1 0
    outer loop
      vertex 71.85 -80 -99.25
      vertex 72 -80 -95.25
      vertex 72 -80 -99.25
    endloop
  endfacet
  facet normal 0 1 0
    outer loop
      vertex 67 -80 -99.35
      vertex 72 -80 -95.25
      vertex 71.85 -80 -99.25
    endloop
  endfacet
  facet normal 0 1 0
    outer loop
      vertex 72 -80 -95.25
      vertex 67 -80 -99.35
      vertex -72 -80 -95.25
    endloop
  endfacet
  facet normal 0 1 0
    outer loop
      vertex -72 -80 -95.25
      vertex -71.85 -80 -99.25
      vertex -72 -80 -99.25
    endloop
  endfacet
  facet normal 0 1 0
    outer loop
      vertex -72 -80 -95.25
      vertex -67 -80 -99.35
      vertex -71.85 -80 -99.25
    endloop
  endfacet
  facet normal 0 1 -0
    outer loop
      vertex -67 -80 -99.75
      vertex -71.85 -80 -99.25
      vertex -67 -80 -99.35
    endloop
  endfacet
  facet normal 0 1 0
    outer loop
      vertex -71.85 -80 -100.25
      vertex -67 -80 -99.75
      vertex -65.743 -80 -100.25
    endloop
  endfacet
  facet normal 0 1 0
    outer loop
      vertex -67 -80 -99.75
      vertex -71.85 -80 -100.25
      vertex -71.85 -80 -99.25
    endloop
  endfacet
  facet normal -1 0 0
    outer loop
      vertex -72 29.15 -99.25
      vertex -72 31 -101.25
      vertex -72 29.15 -101.25
    endloop
  endfacet
  facet normal -1 0 0
    outer loop
      vertex -72 31 -101.25
      vertex -72 29.15 -99.25
      vertex -72 31 -95.25
    endloop
  endfacet
  facet normal -1 0 0
    outer loop
      vertex -72 25 -95.25
      vertex -72 29.15 -99.25
      vertex -72 25 -99.25
    endloop
  endfacet
  facet normal -1 0 0
    outer loop
      vertex -72 29.15 -99.25
      vertex -72 25 -95.25
      vertex -72 31 -95.25
    endloop
  endfacet
  facet normal 0 0 1
    outer loop
      vertex 72 31 -95.25
      vertex 64.15 29.15 -95.25
      vertex 72 25 -95.25
    endloop
  endfacet
  facet normal 0 0 1
    outer loop
      vertex 72 31 -95.25
      vertex -64.15 29.15 -95.25
      vertex 64.15 29.15 -95.25
    endloop
  endfacet
  facet normal 0 0 1
    outer loop
      vertex -64.15 29.15 -95.25
      vertex -72 31 -95.25
      vertex -64.15 26.85 -95.25
    endloop
  endfacet
  facet normal -0 0 1
    outer loop
      vertex -72 31 -95.25
      vertex -64.15 29.15 -95.25
      vertex 72 31 -95.25
    endloop
  endfacet
  facet normal -0 0 1
    outer loop
      vertex 64.15 26.85 -95.25
      vertex 72 25 -95.25
      vertex 64.15 29.15 -95.25
    endloop
  endfacet
  facet normal -0 0 1
    outer loop
      vertex -64.15 26.85 -95.25
      vertex 72 25 -95.25
      vertex 64.15 26.85 -95.25
    endloop
  endfacet
  facet normal 0 0 1
    outer loop
      vertex -64.15 26.85 -95.25
      vertex -72 25 -95.25
      vertex 72 25 -95.25
    endloop
  endfacet
  facet normal 0 0 1
    outer loop
      vertex -72 25 -95.25
      vertex -64.15 26.85 -95.25
      vertex -72 31 -95.25
    endloop
  endfacet
  facet normal 1 0 0
    outer loop
      vertex 72 31 -95.25
      vertex 72 29.15 -99.25
      vertex 72 31 -101.25
    endloop
  endfacet
  facet normal 1 -0 0
    outer loop
      vertex 72 25 -95.25
      vertex 72 29.15 -99.25
      vertex 72 31 -95.25
    endloop
  endfacet
  facet normal 1 0 0
    outer loop
      vertex 72 29.15 -99.25
      vertex 72 25 -95.25
      vertex 72 25 -99.25
    endloop
  endfacet
  facet normal 1 0 0
    outer loop
      vertex 72 31 -101.25
      vertex 72 29.15 -99.25
      vertex 72 29.15 -101.25
    endloop
  endfacet
  facet normal 0 1 -0
    outer loop
      vertex 72 31 -101.25
      vertex -72 31 -95.25
      vertex 72 31 -95.25
    endloop
  endfacet
  facet normal 0 1 0
    outer loop
      vertex -72 31 -95.25
      vertex 72 31 -101.25
      vertex -72 31 -101.25
    endloop
  endfacet
  facet normal 0 0 -1
    outer loop
      vertex -64.15 29 -101.25
      vertex -71.85 29 -101.25
      vertex -64.15 29.15 -101.25
    endloop
  endfacet
  facet normal 0 0 -1
    outer loop
      vertex 71.85 29 -101.25
      vertex 64.15 29 -101.25
      vertex 71.85 29.15 -101.25
    endloop
  endfacet
  facet normal 0 0 -1
    outer loop
      vertex 71.85 29.15 -101.25
      vertex 72 31 -101.25
      vertex 72 29.15 -101.25
    endloop
  endfacet
  facet normal 0 0 -1
    outer loop
      vertex 64.15 29.15 -101.25
      vertex 71.85 29.15 -101.25
      vertex 64.15 29 -101.25
    endloop
  endfacet
  facet normal 0 0 -1
    outer loop
      vertex 71.85 29.15 -101.25
      vertex 64.15 29.15 -101.25
      vertex 72 31 -101.25
    endloop
  endfacet
  facet normal 0 0 -1
    outer loop
      vertex -64.15 29.15 -101.25
      vertex 72 31 -101.25
      vertex 64.15 29.15 -101.25
    endloop
  endfacet
  facet normal 0 0 -1
    outer loop
      vertex -71.85 29.15 -101.25
      vertex -64.15 29.15 -101.25
      vertex -71.85 29 -101.25
    endloop
  endfacet
  facet normal 0 0 -1
    outer loop
      vertex -72 31 -101.25
      vertex -64.15 29.15 -101.25
      vertex -71.85 29.15 -101.25
    endloop
  endfacet
  facet normal 0 0 -1
    outer loop
      vertex -72 31 -101.25
      vertex -71.85 29.15 -101.25
      vertex -72 29.15 -101.25
    endloop
  endfacet
  facet normal 0 0 -1
    outer loop
      vertex -64.15 29.15 -101.25
      vertex -72 31 -101.25
      vertex 72 31 -101.25
    endloop
  endfacet
  facet normal 0 -1 0
    outer loop
      vertex -71.85 25 -100.25
      vertex 71.85 25 -99.25
      vertex -71.85 25 -99.25
    endloop
  endfacet
  facet normal 0 -1 -0
    outer loop
      vertex 71.85 25 -99.25
      vertex -71.85 25 -100.25
      vertex 71.85 25 -100.25
    endloop
  endfacet
  facet normal 0 -1 0
    outer loop
      vertex -71.85 25 -99.25
      vertex -72 25 -95.25
      vertex -72 25 -99.25
    endloop
  endfacet
  facet normal 0 -1 0
    outer loop
      vertex -72 25 -95.25
      vertex -71.85 25 -99.25
      vertex 72 25 -95.25
    endloop
  endfacet
  facet normal 0 -1 0
    outer loop
      vertex 71.85 25 -99.25
      vertex 72 25 -95.25
      vertex -71.85 25 -99.25
    endloop
  endfacet
  facet normal 0 -1 -0
    outer loop
      vertex 72 25 -95.25
      vertex 71.85 25 -99.25
      vertex 72 25 -99.25
    endloop
  endfacet
  facet normal 0.555572 0.831469 -0
    outer loop
      vertex 10.3489 -42.513 -125.029
      vertex 8.5 -41.2776 -121.229
      vertex 10.3489 -42.513 -121.229
    endloop
  endfacet
  facet normal 0.555572 0.831469 0
    outer loop
      vertex 8.5 -41.2776 -121.229
      vertex 10.3489 -42.513 -125.029
      vertex 8.5 -41.2776 -125.029
    endloop
  endfacet
  facet normal -0.321404 0.946942 0
    outer loop
      vertex -4.39992 -39.5793 -125.029
      vertex -6.50562 -40.294 -121.229
      vertex -4.39992 -39.5793 -121.229
    endloop
  endfacet
  facet normal -0.321404 0.946942 0
    outer loop
      vertex -6.50562 -40.294 -121.229
      vertex -4.39992 -39.5793 -125.029
      vertex -6.50562 -40.294 -125.029
    endloop
  endfacet
  facet normal -0.89686 0.442314 0
    outer loop
      vertex -15.706 -49.4944 -125.029
      vertex -14.7224 -47.5 -121.229
      vertex -14.7224 -47.5 -125.029
    endloop
  endfacet
  facet normal -0.89686 0.442314 0
    outer loop
      vertex -14.7224 -47.5 -121.229
      vertex -15.706 -49.4944 -125.029
      vertex -15.706 -49.4944 -121.229
    endloop
  endfacet
  facet normal 0.89686 0.442314 0
    outer loop
      vertex 15.706 -49.4944 -121.229
      vertex 14.7224 -47.5 -125.029
      vertex 14.7224 -47.5 -121.229
    endloop
  endfacet
  facet normal 0.89686 0.442314 0
    outer loop
      vertex 14.7224 -47.5 -125.029
      vertex 15.706 -49.4944 -121.229
      vertex 15.706 -49.4944 -125.029
    endloop
  endfacet
  facet normal 0.831469 0.555572 0
    outer loop
      vertex 14.7224 -47.5 -121.229
      vertex 13.487 -45.6511 -125.029
      vertex 13.487 -45.6511 -121.229
    endloop
  endfacet
  facet normal 0.831469 0.555572 0
    outer loop
      vertex 13.487 -45.6511 -125.029
      vertex 14.7224 -47.5 -121.229
      vertex 14.7224 -47.5 -125.029
    endloop
  endfacet
  facet normal 0.659342 0.751844 -0
    outer loop
      vertex 12.0208 -43.9792 -125.029
      vertex 10.3489 -42.513 -121.229
      vertex 12.0208 -43.9792 -121.229
    endloop
  endfacet
  facet normal 0.659342 0.751844 0
    outer loop
      vertex 10.3489 -42.513 -121.229
      vertex 12.0208 -43.9792 -125.029
      vertex 10.3489 -42.513 -125.029
    endloop
  endfacet
  facet normal 0.321404 0.946942 -0
    outer loop
      vertex 6.50562 -40.294 -125.029
      vertex 4.39992 -39.5793 -121.229
      vertex 6.50562 -40.294 -121.229
    endloop
  endfacet
  facet normal 0.321404 0.946942 0
    outer loop
      vertex 4.39992 -39.5793 -121.229
      vertex 6.50562 -40.294 -125.029
      vertex 4.39992 -39.5793 -125.029
    endloop
  endfacet
  facet normal 0.195123 0.980779 -0
    outer loop
      vertex 4.39992 -39.5793 -125.029
      vertex 2.21894 -39.1454 -121.229
      vertex 4.39992 -39.5793 -121.229
    endloop
  endfacet
  facet normal 0.195123 0.980779 0
    outer loop
      vertex 2.21894 -39.1454 -121.229
      vertex 4.39992 -39.5793 -125.029
      vertex 2.21894 -39.1454 -125.029
    endloop
  endfacet
  facet normal 0.0653866 0.99786 -0
    outer loop
      vertex 2.21894 -39.1454 -125.029
      vertex 0 -39 -121.229
      vertex 2.21894 -39.1454 -121.229
    endloop
  endfacet
  facet normal 0.0653866 0.99786 0
    outer loop
      vertex 0 -39 -121.229
      vertex 2.21894 -39.1454 -125.029
      vertex 0 -39 -125.029
    endloop
  endfacet
  facet normal -0.980779 0.195122 0
    outer loop
      vertex -16.8546 -53.7811 -125.029
      vertex -16.4207 -51.6001 -121.229
      vertex -16.4207 -51.6001 -125.029
    endloop
  endfacet
  facet normal -0.980779 0.195122 0
    outer loop
      vertex -16.4207 -51.6001 -121.229
      vertex -16.8546 -53.7811 -125.029
      vertex -16.8546 -53.7811 -121.229
    endloop
  endfacet
  facet normal -0.75185 0.659334 0
    outer loop
      vertex -12.0208 -43.9792 -125.029
      vertex -12.4427 -44.4603 -121.255
      vertex -12.0208 -43.9792 -121.229
    endloop
  endfacet
  facet normal -0.751844 0.659342 1.6932e-06
    outer loop
      vertex -13.487 -45.6511 -125.029
      vertex -12.4427 -44.4603 -121.255
      vertex -12.0208 -43.9792 -125.029
    endloop
  endfacet
  facet normal -0.751841 0.659345 0
    outer loop
      vertex -13.487 -45.6511 -121.229
      vertex -12.4427 -44.4603 -121.255
      vertex -13.487 -45.6511 -125.029
    endloop
  endfacet
  facet normal -0.751853 0.659329 -0.0011872
    outer loop
      vertex -12.4427 -44.4603 -121.255
      vertex -13.487 -45.6511 -121.229
      vertex -12.4694 -44.4907 -121.229
    endloop
  endfacet
  facet normal -0.751851 0.659333 1.8248e-05
    outer loop
      vertex -12.0208 -43.9792 -121.229
      vertex -12.4427 -44.4603 -121.255
      vertex -12.4655 -44.4863 -121.229
    endloop
  endfacet
  facet normal -0.442318 0.896858 0
    outer loop
      vertex -6.50562 -40.294 -125.029
      vertex -8.5 -41.2776 -121.229
      vertex -6.50562 -40.294 -121.229
    endloop
  endfacet
  facet normal -0.442318 0.896858 0
    outer loop
      vertex -8.5 -41.2776 -121.229
      vertex -6.50562 -40.294 -125.029
      vertex -8.5 -41.2776 -125.029
    endloop
  endfacet
  facet normal -0.195123 0.980779 0
    outer loop
      vertex -2.21894 -39.1454 -125.029
      vertex -4.39992 -39.5793 -121.229
      vertex -2.21894 -39.1454 -121.229
    endloop
  endfacet
  facet normal -0.195123 0.980779 0
    outer loop
      vertex -4.39992 -39.5793 -121.229
      vertex -2.21894 -39.1454 -125.029
      vertex -4.39992 -39.5793 -125.029
    endloop
  endfacet
  facet normal 0.946942 0.321404 0
    outer loop
      vertex 16.4207 -51.6001 -121.229
      vertex 15.706 -49.4944 -125.029
      vertex 15.706 -49.4944 -121.229
    endloop
  endfacet
  facet normal 0.946942 0.321404 0
    outer loop
      vertex 15.706 -49.4944 -125.029
      vertex 16.4207 -51.6001 -121.229
      vertex 16.4207 -51.6001 -125.029
    endloop
  endfacet
  facet normal 0.75185 0.659334 0
    outer loop
      vertex 12.0208 -43.9792 -121.229
      vertex 12.4427 -44.4603 -121.255
      vertex 12.0208 -43.9792 -125.029
    endloop
  endfacet
  facet normal 0.751851 0.659333 1.8248e-05
    outer loop
      vertex 12.4427 -44.4603 -121.255
      vertex 12.0208 -43.9792 -121.229
      vertex 12.4655 -44.4863 -121.229
    endloop
  endfacet
  facet normal 0.751853 0.659329 -0.0011872
    outer loop
      vertex 13.487 -45.6511 -121.229
      vertex 12.4427 -44.4603 -121.255
      vertex 12.4694 -44.4907 -121.229
    endloop
  endfacet
  facet normal 0.751841 0.659345 0
    outer loop
      vertex 12.4427 -44.4603 -121.255
      vertex 13.487 -45.6511 -121.229
      vertex 13.487 -45.6511 -125.029
    endloop
  endfacet
  facet normal 0.751844 0.659342 1.6932e-06
    outer loop
      vertex 12.4427 -44.4603 -121.255
      vertex 13.487 -45.6511 -125.029
      vertex 12.0208 -43.9792 -125.029
    endloop
  endfacet
  facet normal 0.442318 0.896858 -0
    outer loop
      vertex 8.5 -41.2776 -125.029
      vertex 6.50562 -40.294 -121.229
      vertex 8.5 -41.2776 -121.229
    endloop
  endfacet
  facet normal 0.442318 0.896858 0
    outer loop
      vertex 6.50562 -40.294 -121.229
      vertex 8.5 -41.2776 -125.029
      vertex 6.50562 -40.294 -125.029
    endloop
  endfacet
  facet normal -0.0653866 0.99786 0
    outer loop
      vertex 0 -39 -125.029
      vertex -2.21894 -39.1454 -121.229
      vertex 0 -39 -121.229
    endloop
  endfacet
  facet normal -0.0653866 0.99786 0
    outer loop
      vertex -2.21894 -39.1454 -121.229
      vertex 0 -39 -125.029
      vertex -2.21894 -39.1454 -125.029
    endloop
  endfacet
  facet normal -0.99786 0.0653877 0
    outer loop
      vertex -17 -56 -125.029
      vertex -16.8546 -53.7811 -121.229
      vertex -16.8546 -53.7811 -125.029
    endloop
  endfacet
  facet normal -0.99786 0.0653877 0
    outer loop
      vertex -16.8546 -53.7811 -121.229
      vertex -17 -56 -125.029
      vertex -17 -56 -121.229
    endloop
  endfacet
  facet normal -0.946942 0.321404 0
    outer loop
      vertex -16.4207 -51.6001 -125.029
      vertex -15.706 -49.4944 -121.229
      vertex -15.706 -49.4944 -125.029
    endloop
  endfacet
  facet normal -0.946942 0.321404 0
    outer loop
      vertex -15.706 -49.4944 -121.229
      vertex -16.4207 -51.6001 -125.029
      vertex -16.4207 -51.6001 -121.229
    endloop
  endfacet
  facet normal -0.831469 0.555572 0
    outer loop
      vertex -14.7224 -47.5 -125.029
      vertex -13.487 -45.6511 -121.229
      vertex -13.487 -45.6511 -125.029
    endloop
  endfacet
  facet normal -0.831469 0.555572 0
    outer loop
      vertex -13.487 -45.6511 -121.229
      vertex -14.7224 -47.5 -125.029
      vertex -14.7224 -47.5 -121.229
    endloop
  endfacet
  facet normal -0.555572 0.831469 0
    outer loop
      vertex -8.5 -41.2776 -125.029
      vertex -10.3489 -42.513 -121.229
      vertex -8.5 -41.2776 -121.229
    endloop
  endfacet
  facet normal -0.555572 0.831469 0
    outer loop
      vertex -10.3489 -42.513 -121.229
      vertex -8.5 -41.2776 -125.029
      vertex -10.3489 -42.513 -125.029
    endloop
  endfacet
  facet normal -0.659342 0.751844 0
    outer loop
      vertex -10.3489 -42.513 -125.029
      vertex -12.0208 -43.9792 -121.229
      vertex -10.3489 -42.513 -121.229
    endloop
  endfacet
  facet normal -0.659342 0.751844 0
    outer loop
      vertex -12.0208 -43.9792 -121.229
      vertex -10.3489 -42.513 -125.029
      vertex -12.0208 -43.9792 -125.029
    endloop
  endfacet
  facet normal 0.99786 0.0653877 0
    outer loop
      vertex 17 -56 -121.229
      vertex 16.8546 -53.7811 -125.029
      vertex 16.8546 -53.7811 -121.229
    endloop
  endfacet
  facet normal 0.99786 0.0653877 0
    outer loop
      vertex 16.8546 -53.7811 -125.029
      vertex 17 -56 -121.229
      vertex 17 -56 -125.029
    endloop
  endfacet
  facet normal 0 0 -1
    outer loop
      vertex 14.4889 -54.5096 -125.029
      vertex 16.8546 -53.7811 -125.029
      vertex 17 -56 -125.029
    endloop
  endfacet
  facet normal 0 0 -1
    outer loop
      vertex 14.3068 -53.7511 -125.029
      vertex 16.8546 -53.7811 -125.029
      vertex 14.4889 -54.5096 -125.029
    endloop
  endfacet
  facet normal 0 0 -1
    outer loop
      vertex 13.8582 -51.8821 -125.029
      vertex 16.4207 -51.6001 -125.029
      vertex 14.3068 -53.7511 -125.029
    endloop
  endfacet
  facet normal 0 0 -1
    outer loop
      vertex 14.4889 -54.5096 -125.029
      vertex 17 -56 -125.029
      vertex 14.6985 -56 -125.029
    endloop
  endfacet
  facet normal 0 0 -1
    outer loop
      vertex 16.8546 -53.7811 -125.029
      vertex 14.3068 -53.7511 -125.029
      vertex 16.4207 -51.6001 -125.029
    endloop
  endfacet
  facet normal -0 0 -1
    outer loop
      vertex 16.4207 -51.6001 -125.029
      vertex 13.8582 -51.8821 -125.029
      vertex 15.706 -49.4944 -125.029
    endloop
  endfacet
  facet normal 0 0 -1
    outer loop
      vertex 12.9904 -49.3934 -125.029
      vertex 15.706 -49.4944 -125.029
      vertex 13.8582 -51.8821 -125.029
    endloop
  endfacet
  facet normal 0 0 -1
    outer loop
      vertex 15.706 -49.4944 -125.029
      vertex 12.9904 -49.3934 -125.029
      vertex 14.7224 -47.5 -125.029
    endloop
  endfacet
  facet normal 0 0 -1
    outer loop
      vertex 12.0627 -47.43 -125.029
      vertex 14.7224 -47.5 -125.029
      vertex 12.9904 -49.3934 -125.029
    endloop
  endfacet
  facet normal 0 0 -1
    outer loop
      vertex 14.7224 -47.5 -125.029
      vertex 12.0627 -47.43 -125.029
      vertex 13.487 -45.6511 -125.029
    endloop
  endfacet
  facet normal 0 0 -1
    outer loop
      vertex 11.9003 -47.0862 -125.029
      vertex 13.487 -45.6511 -125.029
      vertex 12.0627 -47.43 -125.029
    endloop
  endfacet
  facet normal 0 0 -1
    outer loop
      vertex 11.7254 -46.8042 -125.029
      vertex 13.487 -45.6511 -125.029
      vertex 11.9003 -47.0862 -125.029
    endloop
  endfacet
  facet normal -0 0 -1
    outer loop
      vertex 13.487 -45.6511 -125.029
      vertex 11.7254 -46.8042 -125.029
      vertex 12.0208 -43.9792 -125.029
    endloop
  endfacet
  facet normal 0 0 -1
    outer loop
      vertex 10.6066 -45 -125.029
      vertex 12.0208 -43.9792 -125.029
      vertex 11.7254 -46.8042 -125.029
    endloop
  endfacet
  facet normal 0 0 -1
    outer loop
      vertex 10.6066 -45 -125.029
      vertex 10.3489 -42.513 -125.029
      vertex 12.0208 -43.9792 -125.029
    endloop
  endfacet
  facet normal 0 0 -1
    outer loop
      vertex 9.13142 -43.1704 -125.029
      vertex 10.3489 -42.513 -125.029
      vertex 10.6066 -45 -125.029
    endloop
  endfacet
  facet normal 0 0 -1
    outer loop
      vertex 9.13142 -43.1704 -125.029
      vertex 8.5 -41.2776 -125.029
      vertex 10.3489 -42.513 -125.029
    endloop
  endfacet
  facet normal 0 0 -1
    outer loop
      vertex 7.53518 -41.6621 -125.029
      vertex 8.5 -41.2776 -125.029
      vertex 9.13142 -43.1704 -125.029
    endloop
  endfacet
  facet normal 0 0 -1
    outer loop
      vertex 7.5 -41.6288 -125.029
      vertex 8.5 -41.2776 -125.029
      vertex 7.53518 -41.6621 -125.029
    endloop
  endfacet
  facet normal 0 0 -1
    outer loop
      vertex 7.46432 -41.6039 -125.029
      vertex 8.5 -41.2776 -125.029
      vertex 7.5 -41.6288 -125.029
    endloop
  endfacet
  facet normal 0 0 -1
    outer loop
      vertex 7.46432 -41.6039 -125.029
      vertex 6.50562 -40.294 -125.029
      vertex 8.5 -41.2776 -125.029
    endloop
  endfacet
  facet normal 0 0 -1
    outer loop
      vertex 6.14852 -40.6863 -125.029
      vertex 6.50562 -40.294 -125.029
      vertex 7.46432 -41.6039 -125.029
    endloop
  endfacet
  facet normal 0 0 -1
    outer loop
      vertex 6.14852 -40.6863 -125.029
      vertex 4.39992 -39.5793 -125.029
      vertex 6.50562 -40.294 -125.029
    endloop
  endfacet
  facet normal 0 0 -1
    outer loop
      vertex 6.14852 -40.6863 -125.029
      vertex 2.21894 -39.1454 -125.029
      vertex 4.39992 -39.5793 -125.029
    endloop
  endfacet
  facet normal 0 0 -1
    outer loop
      vertex 6.14852 -40.6863 -125.029
      vertex 0 -39 -125.029
      vertex 2.21894 -39.1454 -125.029
    endloop
  endfacet
  facet normal 0 0 -1
    outer loop
      vertex -6.14852 -40.6863 -125.029
      vertex 0 -39 -125.029
      vertex 6.14852 -40.6863 -125.029
    endloop
  endfacet
  facet normal 0 0 -1
    outer loop
      vertex 0 -39 -125.029
      vertex -6.14852 -40.6863 -125.029
      vertex -2.21894 -39.1454 -125.029
    endloop
  endfacet
  facet normal 0 0 -1
    outer loop
      vertex -2.21894 -39.1454 -125.029
      vertex -6.14852 -40.6863 -125.029
      vertex -4.39992 -39.5793 -125.029
    endloop
  endfacet
  facet normal 0 0 -1
    outer loop
      vertex -6.14852 -40.6863 -125.029
      vertex -6.50562 -40.294 -125.029
      vertex -4.39992 -39.5793 -125.029
    endloop
  endfacet
  facet normal 0 0 -1
    outer loop
      vertex -7.46432 -41.6039 -125.029
      vertex -6.50562 -40.294 -125.029
      vertex -6.14852 -40.6863 -125.029
    endloop
  endfacet
  facet normal 0 0 -1
    outer loop
      vertex -8.5 -41.2776 -125.029
      vertex -7.46432 -41.6039 -125.029
      vertex -7.5 -41.6288 -125.029
    endloop
  endfacet
  facet normal 0 0 -1
    outer loop
      vertex -8.5 -41.2776 -125.029
      vertex -7.5 -41.6288 -125.029
      vertex -7.53518 -41.6621 -125.029
    endloop
  endfacet
  facet normal 0 0 -1
    outer loop
      vertex -7.46432 -41.6039 -125.029
      vertex -8.5 -41.2776 -125.029
      vertex -6.50562 -40.294 -125.029
    endloop
  endfacet
  facet normal 0 0 -1
    outer loop
      vertex -9.13142 -43.1704 -125.029
      vertex -8.5 -41.2776 -125.029
      vertex -7.53518 -41.6621 -125.029
    endloop
  endfacet
  facet normal 0 0 -1
    outer loop
      vertex -9.13142 -43.1704 -125.029
      vertex -10.3489 -42.513 -125.029
      vertex -8.5 -41.2776 -125.029
    endloop
  endfacet
  facet normal 0 0 -1
    outer loop
      vertex -10.6066 -45 -125.029
      vertex -10.3489 -42.513 -125.029
      vertex -9.13142 -43.1704 -125.029
    endloop
  endfacet
  facet normal 0 0 -1
    outer loop
      vertex -12.0208 -43.9792 -125.029
      vertex -10.6066 -45 -125.029
      vertex -11.7254 -46.8042 -125.029
    endloop
  endfacet
  facet normal 0 0 -1
    outer loop
      vertex -13.487 -45.6511 -125.029
      vertex -11.7254 -46.8042 -125.029
      vertex -11.9003 -47.0862 -125.029
    endloop
  endfacet
  facet normal 0 0 -1
    outer loop
      vertex -10.6066 -45 -125.029
      vertex -12.0208 -43.9792 -125.029
      vertex -10.3489 -42.513 -125.029
    endloop
  endfacet
  facet normal 0 0 -1
    outer loop
      vertex -13.487 -45.6511 -125.029
      vertex -11.9003 -47.0862 -125.029
      vertex -12.0627 -47.43 -125.029
    endloop
  endfacet
  facet normal 0 0 -1
    outer loop
      vertex -14.7224 -47.5 -125.029
      vertex -12.0627 -47.43 -125.029
      vertex -12.9904 -49.3934 -125.029
    endloop
  endfacet
  facet normal 0 0 -1
    outer loop
      vertex -11.7254 -46.8042 -125.029
      vertex -13.487 -45.6511 -125.029
      vertex -12.0208 -43.9792 -125.029
    endloop
  endfacet
  facet normal 0 0 -1
    outer loop
      vertex -15.706 -49.4944 -125.029
      vertex -12.9904 -49.3934 -125.029
      vertex -13.8582 -51.8821 -125.029
    endloop
  endfacet
  facet normal 0 0 -1
    outer loop
      vertex -16.4207 -51.6001 -125.029
      vertex -13.8582 -51.8821 -125.029
      vertex -14.3068 -53.7511 -125.029
    endloop
  endfacet
  facet normal 0 0 -1
    outer loop
      vertex -16.8546 -53.7811 -125.029
      vertex -14.3068 -53.7511 -125.029
      vertex -14.4889 -54.5096 -125.029
    endloop
  endfacet
  facet normal 0 0 -1
    outer loop
      vertex -17 -56 -125.029
      vertex -14.4889 -54.5096 -125.029
      vertex -14.6985 -56 -125.029
    endloop
  endfacet
  facet normal -0 0 -1
    outer loop
      vertex -12.0627 -47.43 -125.029
      vertex -14.7224 -47.5 -125.029
      vertex -13.487 -45.6511 -125.029
    endloop
  endfacet
  facet normal -0 0 -1
    outer loop
      vertex -12.9904 -49.3934 -125.029
      vertex -15.706 -49.4944 -125.029
      vertex -14.7224 -47.5 -125.029
    endloop
  endfacet
  facet normal 0 0 -1
    outer loop
      vertex -13.8582 -51.8821 -125.029
      vertex -16.4207 -51.6001 -125.029
      vertex -15.706 -49.4944 -125.029
    endloop
  endfacet
  facet normal -0 0 -1
    outer loop
      vertex -14.3068 -53.7511 -125.029
      vertex -16.8546 -53.7811 -125.029
      vertex -16.4207 -51.6001 -125.029
    endloop
  endfacet
  facet normal -0 0 -1
    outer loop
      vertex -14.4889 -54.5096 -125.029
      vertex -17 -56 -125.029
      vertex -16.8546 -53.7811 -125.029
    endloop
  endfacet
  facet normal 0.980779 0.195122 0
    outer loop
      vertex 16.8546 -53.7811 -121.229
      vertex 16.4207 -51.6001 -125.029
      vertex 16.4207 -51.6001 -121.229
    endloop
  endfacet
  facet normal 0.980779 0.195122 0
    outer loop
      vertex 16.4207 -51.6001 -125.029
      vertex 16.8546 -53.7811 -121.229
      vertex 16.8546 -53.7811 -125.029
    endloop
  endfacet
  facet normal 0 -1 0
    outer loop
      vertex 14.9093 -56 -122.986
      vertex 17 -56 -121.229
      vertex 14.9907 -56 -121.229
    endloop
  endfacet
  facet normal 0 -1 0
    outer loop
      vertex 17 -56 -125.029
      vertex 14.9093 -56 -122.986
      vertex 14.8717 -56 -123.798
    endloop
  endfacet
  facet normal 0 -1 0
    outer loop
      vertex 17 -56 -125.029
      vertex 14.8717 -56 -123.798
      vertex 14.6985 -56 -125.029
    endloop
  endfacet
  facet normal 0 -1 0
    outer loop
      vertex 14.9093 -56 -122.986
      vertex 17 -56 -125.029
      vertex 17 -56 -121.229
    endloop
  endfacet
  facet normal 0 -1 0
    outer loop
      vertex -17 -56 -121.229
      vertex -14.9093 -56 -122.986
      vertex -14.9907 -56 -121.229
    endloop
  endfacet
  facet normal 0 -1 0
    outer loop
      vertex -17 -56 -125.029
      vertex -14.9093 -56 -122.986
      vertex -17 -56 -121.229
    endloop
  endfacet
  facet normal 0 -1 -0
    outer loop
      vertex -14.9093 -56 -122.986
      vertex -17 -56 -125.029
      vertex -14.8717 -56 -123.798
    endloop
  endfacet
  facet normal 0 -1 -0
    outer loop
      vertex -14.8717 -56 -123.798
      vertex -17 -56 -125.029
      vertex -14.6985 -56 -125.029
    endloop
  endfacet
  facet normal -1 0 0
    outer loop
      vertex -77 29 -188
      vertex -77 21 -180
      vertex -77 29 -100.25
    endloop
  endfacet
  facet normal -1 0 0
    outer loop
      vertex -77 29 -188
      vertex -77 -76 -180
      vertex -77 21 -180
    endloop
  endfacet
  facet normal -1 0 0
    outer loop
      vertex -77 -84 -100.25
      vertex -77 -76 -180
      vertex -77 -84 -188
    endloop
  endfacet
  facet normal -1 0 0
    outer loop
      vertex -77 -84 -188
      vertex -77 -76 -180
      vertex -77 29 -188
    endloop
  endfacet
  facet normal -1 0 0
    outer loop
      vertex -77 21 -105.25
      vertex -77 29 -100.25
      vertex -77 21 -180
    endloop
  endfacet
  facet normal -1 0 0
    outer loop
      vertex -77 -76 -105.25
      vertex -77 29 -100.25
      vertex -77 21 -105.25
    endloop
  endfacet
  facet normal -1 0 0
    outer loop
      vertex -77 -76 -105.25
      vertex -77 -84 -100.25
      vertex -77 29 -100.25
    endloop
  endfacet
  facet normal -1 0 0
    outer loop
      vertex -77 -76 -180
      vertex -77 -84 -100.25
      vertex -77 -76 -105.25
    endloop
  endfacet
  facet normal -0 0 1
    outer loop
      vertex 74.15 29 -100.25
      vertex 77 -84 -100.25
      vertex 77 29 -100.25
    endloop
  endfacet
  facet normal 0 0 1
    outer loop
      vertex 77 -84 -100.25
      vertex 74.15 29 -100.25
      vertex 74.15 -84 -100.25
    endloop
  endfacet
  facet normal -0 0 1
    outer loop
      vertex -77 29 -100.25
      vertex -74.15 -84 -100.25
      vertex -74.15 29 -100.25
    endloop
  endfacet
  facet normal 0 0 1
    outer loop
      vertex -74.15 -84 -100.25
      vertex -77 29 -100.25
      vertex -77 -84 -100.25
    endloop
  endfacet
  facet normal 0 0 1
    outer loop
      vertex 71.85 25 -100.25
      vertex 65.743 20.1843 -100.25
      vertex 71.85 -80 -100.25
    endloop
  endfacet
  facet normal 0 0 1
    outer loop
      vertex 71.85 25 -100.25
      vertex 65.7404 20.2238 -100.25
      vertex 65.743 20.1843 -100.25
    endloop
  endfacet
  facet normal 0 0 1
    outer loop
      vertex 71.85 25 -100.25
      vertex 65.7327 20.2626 -100.25
      vertex 65.7404 20.2238 -100.25
    endloop
  endfacet
  facet normal 0 0 1
    outer loop
      vertex 71.85 25 -100.25
      vertex 65.7199 20.3001 -100.25
      vertex 65.7327 20.2626 -100.25
    endloop
  endfacet
  facet normal 0 0 1
    outer loop
      vertex 71.85 25 -100.25
      vertex 65.7024 20.3356 -100.25
      vertex 65.7199 20.3001 -100.25
    endloop
  endfacet
  facet normal 0 0 1
    outer loop
      vertex 71.85 25 -100.25
      vertex 65.6805 20.3685 -100.25
      vertex 65.7024 20.3356 -100.25
    endloop
  endfacet
  facet normal 0 0 1
    outer loop
      vertex 71.85 25 -100.25
      vertex 65.6544 20.3983 -100.25
      vertex 65.6805 20.3685 -100.25
    endloop
  endfacet
  facet normal 0 0 1
    outer loop
      vertex 71.85 25 -100.25
      vertex 65.6246 20.4244 -100.25
      vertex 65.6544 20.3983 -100.25
    endloop
  endfacet
  facet normal 0 0 1
    outer loop
      vertex 71.85 25 -100.25
      vertex 65.5917 20.4464 -100.25
      vertex 65.6246 20.4244 -100.25
    endloop
  endfacet
  facet normal 0 0 1
    outer loop
      vertex 71.85 25 -100.25
      vertex 65.5562 20.4639 -100.25
      vertex 65.5917 20.4464 -100.25
    endloop
  endfacet
  facet normal 0 0 1
    outer loop
      vertex 71.85 25 -100.25
      vertex 65.5187 20.4766 -100.25
      vertex 65.5562 20.4639 -100.25
    endloop
  endfacet
  facet normal 0 0 1
    outer loop
      vertex 71.85 25 -100.25
      vertex 65.4799 20.4843 -100.25
      vertex 65.5187 20.4766 -100.25
    endloop
  endfacet
  facet normal 0 0 1
    outer loop
      vertex 71.85 25 -100.25
      vertex 65.4404 20.4869 -100.25
      vertex 65.4799 20.4843 -100.25
    endloop
  endfacet
  facet normal 0 0 1
    outer loop
      vertex 71.85 25 -100.25
      vertex -65.4404 20.4869 -100.25
      vertex 65.4404 20.4869 -100.25
    endloop
  endfacet
  facet normal -0 0 1
    outer loop
      vertex -71.85 25 -100.25
      vertex -65.4404 20.4869 -100.25
      vertex 71.85 25 -100.25
    endloop
  endfacet
  facet normal 0 0 1
    outer loop
      vertex -71.85 25 -100.25
      vertex -65.4799 20.4843 -100.25
      vertex -65.4404 20.4869 -100.25
    endloop
  endfacet
  facet normal 0 0 1
    outer loop
      vertex -71.85 25 -100.25
      vertex -65.5187 20.4766 -100.25
      vertex -65.4799 20.4843 -100.25
    endloop
  endfacet
  facet normal 0 0 1
    outer loop
      vertex -71.85 25 -100.25
      vertex -65.5562 20.4639 -100.25
      vertex -65.5187 20.4766 -100.25
    endloop
  endfacet
  facet normal 0 0 1
    outer loop
      vertex -71.85 25 -100.25
      vertex -65.5917 20.4464 -100.25
      vertex -65.5562 20.4639 -100.25
    endloop
  endfacet
  facet normal 0 0 1
    outer loop
      vertex -71.85 25 -100.25
      vertex -65.6246 20.4244 -100.25
      vertex -65.5917 20.4464 -100.25
    endloop
  endfacet
  facet normal 0 0 1
    outer loop
      vertex -71.85 25 -100.25
      vertex -65.6544 20.3983 -100.25
      vertex -65.6246 20.4244 -100.25
    endloop
  endfacet
  facet normal 0 0 1
    outer loop
      vertex -71.85 25 -100.25
      vertex -65.6805 20.3685 -100.25
      vertex -65.6544 20.3983 -100.25
    endloop
  endfacet
  facet normal 0 0 1
    outer loop
      vertex -71.85 25 -100.25
      vertex -65.7024 20.3356 -100.25
      vertex -65.6805 20.3685 -100.25
    endloop
  endfacet
  facet normal 0 0 1
    outer loop
      vertex -71.85 25 -100.25
      vertex -65.7199 20.3001 -100.25
      vertex -65.7024 20.3356 -100.25
    endloop
  endfacet
  facet normal 0 0 1
    outer loop
      vertex -71.85 25 -100.25
      vertex -65.7327 20.2626 -100.25
      vertex -65.7199 20.3001 -100.25
    endloop
  endfacet
  facet normal 0 0 1
    outer loop
      vertex -71.85 25 -100.25
      vertex -65.7404 20.2238 -100.25
      vertex -65.7327 20.2626 -100.25
    endloop
  endfacet
  facet normal 0 0 1
    outer loop
      vertex -71.85 25 -100.25
      vertex -65.743 20.1843 -100.25
      vertex -65.7404 20.2238 -100.25
    endloop
  endfacet
  facet normal 0 0 1
    outer loop
      vertex -71.85 -80 -100.25
      vertex -65.743 20.1843 -100.25
      vertex -71.85 25 -100.25
    endloop
  endfacet
  facet normal 0 0 1
    outer loop
      vertex -65.743 20.1843 -100.25
      vertex -71.85 -80 -100.25
      vertex -65.743 -80 -100.25
    endloop
  endfacet
  facet normal 0 0 1
    outer loop
      vertex 71.85 -80 -100.25
      vertex 65.743 20.1843 -100.25
      vertex 65.743 -80 -100.25
    endloop
  endfacet
  facet normal 1 0 0
    outer loop
      vertex 77 21 -180
      vertex 77 29 -100.25
      vertex 77 21 -105.25
    endloop
  endfacet
  facet normal 1 0 0
    outer loop
      vertex 77 29 -100.25
      vertex 77 -76 -105.25
      vertex 77 21 -105.25
    endloop
  endfacet
  facet normal 1 0 0
    outer loop
      vertex 77 -76 -105.25
      vertex 77 -84 -100.25
      vertex 77 -76 -180
    endloop
  endfacet
  facet normal 1 -0 0
    outer loop
      vertex 77 -84 -100.25
      vertex 77 -76 -105.25
      vertex 77 29 -100.25
    endloop
  endfacet
  facet normal 1 0 0
    outer loop
      vertex 77 29 -100.25
      vertex 77 21 -180
      vertex 77 29 -188
    endloop
  endfacet
  facet normal 1 -0 0
    outer loop
      vertex 77 -76 -180
      vertex 77 29 -188
      vertex 77 21 -180
    endloop
  endfacet
  facet normal 1 0 0
    outer loop
      vertex 77 -76 -180
      vertex 77 -84 -188
      vertex 77 29 -188
    endloop
  endfacet
  facet normal 1 0 0
    outer loop
      vertex 77 -84 -188
      vertex 77 -76 -180
      vertex 77 -84 -100.25
    endloop
  endfacet
  facet normal 0 0 -1
    outer loop
      vertex -77 -76 -105.25
      vertex -74.15 21 -105.25
      vertex -74.15 -76 -105.25
    endloop
  endfacet
  facet normal -0 0 -1
    outer loop
      vertex -74.15 21 -105.25
      vertex -77 -76 -105.25
      vertex -77 21 -105.25
    endloop
  endfacet
  facet normal 0 0 -1
    outer loop
      vertex -71.85 21 -105.25
      vertex -59.4389 10.923 -105.25
      vertex -71.85 -76 -105.25
    endloop
  endfacet
  facet normal 0 0 -1
    outer loop
      vertex -59.4389 10.923 -105.25
      vertex -71.85 21 -105.25
      vertex -69 21 -105.25
    endloop
  endfacet
  facet normal 0 0 -1
    outer loop
      vertex 59.201 -77.5995 -105.25
      vertex 69 -76 -105.25
      vertex 69 -84 -105.25
    endloop
  endfacet
  facet normal 0 0 -1
    outer loop
      vertex 69 -76 -105.25
      vertex 59.4389 10.923 -105.25
      vertex 69 21 -105.25
    endloop
  endfacet
  facet normal -0 0 -1
    outer loop
      vertex 69 -76 -105.25
      vertex 59.4389 -76.4033 -105.25
      vertex 59.4389 10.923 -105.25
    endloop
  endfacet
  facet normal 0 0 -1
    outer loop
      vertex 69 -76 -105.25
      vertex 59.4122 -76.8113 -105.25
      vertex 59.4389 -76.4033 -105.25
    endloop
  endfacet
  facet normal 0 0 -1
    outer loop
      vertex 69 -76 -105.25
      vertex 59.3324 -77.2123 -105.25
      vertex 59.4122 -76.8113 -105.25
    endloop
  endfacet
  facet normal 0 0 -1
    outer loop
      vertex 69 -76 -105.25
      vertex 59.201 -77.5995 -105.25
      vertex 59.3324 -77.2123 -105.25
    endloop
  endfacet
  facet normal 0 0 -1
    outer loop
      vertex 69 -84 -105.25
      vertex 59.0202 -77.9662 -105.25
      vertex 59.201 -77.5995 -105.25
    endloop
  endfacet
  facet normal 0 0 -1
    outer loop
      vertex 69 -84 -105.25
      vertex 58.793 -78.3062 -105.25
      vertex 59.0202 -77.9662 -105.25
    endloop
  endfacet
  facet normal 0 0 -1
    outer loop
      vertex 69 -84 -105.25
      vertex 58.5234 -78.6136 -105.25
      vertex 58.793 -78.3062 -105.25
    endloop
  endfacet
  facet normal 0 0 -1
    outer loop
      vertex 69 -84 -105.25
      vertex 58.216 -78.8831 -105.25
      vertex 58.5234 -78.6136 -105.25
    endloop
  endfacet
  facet normal 0 0 -1
    outer loop
      vertex 69 -84 -105.25
      vertex 57.8761 -79.1103 -105.25
      vertex 58.216 -78.8831 -105.25
    endloop
  endfacet
  facet normal 0 0 -1
    outer loop
      vertex 69 -84 -105.25
      vertex 57.5094 -79.2911 -105.25
      vertex 57.8761 -79.1103 -105.25
    endloop
  endfacet
  facet normal 0 0 -1
    outer loop
      vertex 69 -84 -105.25
      vertex 57.1222 -79.4226 -105.25
      vertex 57.5094 -79.2911 -105.25
    endloop
  endfacet
  facet normal 0 0 -1
    outer loop
      vertex 69 -84 -105.25
      vertex 56.7212 -79.5023 -105.25
      vertex 57.1222 -79.4226 -105.25
    endloop
  endfacet
  facet normal 0 0 -1
    outer loop
      vertex 69 -84 -105.25
      vertex 56.3132 -79.5291 -105.25
      vertex 56.7212 -79.5023 -105.25
    endloop
  endfacet
  facet normal 0 0 -1
    outer loop
      vertex 69 -84 -105.25
      vertex -56.3132 -79.5291 -105.25
      vertex 56.3132 -79.5291 -105.25
    endloop
  endfacet
  facet normal 0 0 -1
    outer loop
      vertex -59.4122 -76.8113 -105.25
      vertex -69 -76 -105.25
      vertex -59.4389 -76.4033 -105.25
    endloop
  endfacet
  facet normal 0 0 -1
    outer loop
      vertex -59.3324 -77.2123 -105.25
      vertex -69 -76 -105.25
      vertex -59.4122 -76.8113 -105.25
    endloop
  endfacet
  facet normal 0 0 -1
    outer loop
      vertex -59.201 -77.5995 -105.25
      vertex -69 -76 -105.25
      vertex -59.3324 -77.2123 -105.25
    endloop
  endfacet
  facet normal 0 0 -1
    outer loop
      vertex -69 -76 -105.25
      vertex -59.201 -77.5995 -105.25
      vertex -69 -84 -105.25
    endloop
  endfacet
  facet normal -0 0 -1
    outer loop
      vertex -59.0202 -77.9662 -105.25
      vertex -69 -84 -105.25
      vertex -59.201 -77.5995 -105.25
    endloop
  endfacet
  facet normal -0 0 -1
    outer loop
      vertex -58.793 -78.3062 -105.25
      vertex -69 -84 -105.25
      vertex -59.0202 -77.9662 -105.25
    endloop
  endfacet
  facet normal -0 0 -1
    outer loop
      vertex -58.5234 -78.6136 -105.25
      vertex -69 -84 -105.25
      vertex -58.793 -78.3062 -105.25
    endloop
  endfacet
  facet normal -0 0 -1
    outer loop
      vertex -58.216 -78.8831 -105.25
      vertex -69 -84 -105.25
      vertex -58.5234 -78.6136 -105.25
    endloop
  endfacet
  facet normal -0 0 -1
    outer loop
      vertex -57.8761 -79.1103 -105.25
      vertex -69 -84 -105.25
      vertex -58.216 -78.8831 -105.25
    endloop
  endfacet
  facet normal -0 0 -1
    outer loop
      vertex -57.5094 -79.2911 -105.25
      vertex -69 -84 -105.25
      vertex -57.8761 -79.1103 -105.25
    endloop
  endfacet
  facet normal -0 0 -1
    outer loop
      vertex -57.1222 -79.4226 -105.25
      vertex -69 -84 -105.25
      vertex -57.5094 -79.2911 -105.25
    endloop
  endfacet
  facet normal -0 0 -1
    outer loop
      vertex -56.7212 -79.5023 -105.25
      vertex -69 -84 -105.25
      vertex -57.1222 -79.4226 -105.25
    endloop
  endfacet
  facet normal -0 0 -1
    outer loop
      vertex -56.3132 -79.5291 -105.25
      vertex -69 -84 -105.25
      vertex -56.7212 -79.5023 -105.25
    endloop
  endfacet
  facet normal 0 0 -1
    outer loop
      vertex -69 -84 -105.25
      vertex -56.3132 -79.5291 -105.25
      vertex 69 -84 -105.25
    endloop
  endfacet
  facet normal 0 0 -1
    outer loop
      vertex 69 -76 -105.25
      vertex 71.85 21 -105.25
      vertex 71.85 -76 -105.25
    endloop
  endfacet
  facet normal -0 0 -1
    outer loop
      vertex 71.85 21 -105.25
      vertex 69 -76 -105.25
      vertex 69 21 -105.25
    endloop
  endfacet
  facet normal 0 0 -1
    outer loop
      vertex 59.4122 11.3309 -105.25
      vertex 69 21 -105.25
      vertex 59.4389 10.923 -105.25
    endloop
  endfacet
  facet normal 0 0 -1
    outer loop
      vertex 59.3324 11.732 -105.25
      vertex 69 21 -105.25
      vertex 59.4122 11.3309 -105.25
    endloop
  endfacet
  facet normal 0 0 -1
    outer loop
      vertex 59.201 12.1191 -105.25
      vertex 69 21 -105.25
      vertex 59.3324 11.732 -105.25
    endloop
  endfacet
  facet normal 0 0 -1
    outer loop
      vertex 59.0202 12.4858 -105.25
      vertex 69 21 -105.25
      vertex 59.201 12.1191 -105.25
    endloop
  endfacet
  facet normal 0 0 -1
    outer loop
      vertex 58.793 12.8258 -105.25
      vertex 69 21 -105.25
      vertex 59.0202 12.4858 -105.25
    endloop
  endfacet
  facet normal 0 0 -1
    outer loop
      vertex 58.5234 13.1332 -105.25
      vertex 69 21 -105.25
      vertex 58.793 12.8258 -105.25
    endloop
  endfacet
  facet normal 0 0 -1
    outer loop
      vertex 58.216 13.4028 -105.25
      vertex 69 21 -105.25
      vertex 58.5234 13.1332 -105.25
    endloop
  endfacet
  facet normal 0 0 -1
    outer loop
      vertex 57.8761 13.6299 -105.25
      vertex 69 21 -105.25
      vertex 58.216 13.4028 -105.25
    endloop
  endfacet
  facet normal 0 0 -1
    outer loop
      vertex 57.5094 13.8108 -105.25
      vertex 69 21 -105.25
      vertex 57.8761 13.6299 -105.25
    endloop
  endfacet
  facet normal 0 0 -1
    outer loop
      vertex 57.1222 13.9422 -105.25
      vertex 69 21 -105.25
      vertex 57.5094 13.8108 -105.25
    endloop
  endfacet
  facet normal 0 0 -1
    outer loop
      vertex 56.7212 14.0219 -105.25
      vertex 69 21 -105.25
      vertex 57.1222 13.9422 -105.25
    endloop
  endfacet
  facet normal -0 0 -1
    outer loop
      vertex 69 21 -105.25
      vertex 56.7212 14.0219 -105.25
      vertex 69 29 -105.25
    endloop
  endfacet
  facet normal 0 0 -1
    outer loop
      vertex 56.3132 14.0487 -105.25
      vertex 69 29 -105.25
      vertex 56.7212 14.0219 -105.25
    endloop
  endfacet
  facet normal 0 0 -1
    outer loop
      vertex -56.3132 14.0487 -105.25
      vertex 69 29 -105.25
      vertex 56.3132 14.0487 -105.25
    endloop
  endfacet
  facet normal 0 0 -1
    outer loop
      vertex -69 29 -105.25
      vertex -56.3132 14.0487 -105.25
      vertex -56.7212 14.0219 -105.25
    endloop
  endfacet
  facet normal 0 0 -1
    outer loop
      vertex -59.4389 -76.4033 -105.25
      vertex -69 -76 -105.25
      vertex -59.4389 10.923 -105.25
    endloop
  endfacet
  facet normal 0 0 -1
    outer loop
      vertex -71.85 -76 -105.25
      vertex -59.4389 10.923 -105.25
      vertex -69 -76 -105.25
    endloop
  endfacet
  facet normal 0 0 -1
    outer loop
      vertex -59.4389 10.923 -105.25
      vertex -69 21 -105.25
      vertex -59.4122 11.3309 -105.25
    endloop
  endfacet
  facet normal 0 0 -1
    outer loop
      vertex -69 21 -105.25
      vertex -59.3324 11.732 -105.25
      vertex -59.4122 11.3309 -105.25
    endloop
  endfacet
  facet normal 0 0 -1
    outer loop
      vertex -69 21 -105.25
      vertex -59.201 12.1191 -105.25
      vertex -59.3324 11.732 -105.25
    endloop
  endfacet
  facet normal 0 0 -1
    outer loop
      vertex -69 21 -105.25
      vertex -59.0202 12.4858 -105.25
      vertex -59.201 12.1191 -105.25
    endloop
  endfacet
  facet normal 0 0 -1
    outer loop
      vertex -69 21 -105.25
      vertex -58.793 12.8258 -105.25
      vertex -59.0202 12.4858 -105.25
    endloop
  endfacet
  facet normal 0 0 -1
    outer loop
      vertex -69 21 -105.25
      vertex -58.5234 13.1332 -105.25
      vertex -58.793 12.8258 -105.25
    endloop
  endfacet
  facet normal 0 0 -1
    outer loop
      vertex -69 21 -105.25
      vertex -58.216 13.4028 -105.25
      vertex -58.5234 13.1332 -105.25
    endloop
  endfacet
  facet normal 0 0 -1
    outer loop
      vertex -69 21 -105.25
      vertex -57.8761 13.6299 -105.25
      vertex -58.216 13.4028 -105.25
    endloop
  endfacet
  facet normal 0 0 -1
    outer loop
      vertex -69 21 -105.25
      vertex -57.5094 13.8108 -105.25
      vertex -57.8761 13.6299 -105.25
    endloop
  endfacet
  facet normal 0 0 -1
    outer loop
      vertex -69 21 -105.25
      vertex -57.1222 13.9422 -105.25
      vertex -57.5094 13.8108 -105.25
    endloop
  endfacet
  facet normal 0 0 -1
    outer loop
      vertex -69 21 -105.25
      vertex -56.7212 14.0219 -105.25
      vertex -57.1222 13.9422 -105.25
    endloop
  endfacet
  facet normal 0 0 -1
    outer loop
      vertex -69 29 -105.25
      vertex -56.7212 14.0219 -105.25
      vertex -69 21 -105.25
    endloop
  endfacet
  facet normal 0 0 -1
    outer loop
      vertex -56.3132 14.0487 -105.25
      vertex -69 29 -105.25
      vertex 69 29 -105.25
    endloop
  endfacet
  facet normal 0 0 -1
    outer loop
      vertex 74.15 -76 -105.25
      vertex 77 21 -105.25
      vertex 77 -76 -105.25
    endloop
  endfacet
  facet normal -0 0 -1
    outer loop
      vertex 77 21 -105.25
      vertex 74.15 -76 -105.25
      vertex 74.15 21 -105.25
    endloop
  endfacet
  facet normal 0 -1 0
    outer loop
      vertex -77 -84 -100.25
      vertex -74.15 -84 -107.25
      vertex -74.15 -84 -100.25
    endloop
  endfacet
  facet normal 0 -1 -0
    outer loop
      vertex -74.15 -84 -107.25
      vertex -77 -84 -188
      vertex -71.85 -84 -107.25
    endloop
  endfacet
  facet normal 0 -1 0
    outer loop
      vertex -77 -84 -188
      vertex -74.15 -84 -107.25
      vertex -77 -84 -100.25
    endloop
  endfacet
  facet normal 0 -1 0
    outer loop
      vertex -71.85 -84 -101.25
      vertex -64.15 -84 -101.4
      vertex -64.15 -84 -101.25
    endloop
  endfacet
  facet normal 0 -1 -0
    outer loop
      vertex -64.15 -84 -101.4
      vertex -69 -84 -105.25
      vertex 64.15 -84 -101.4
    endloop
  endfacet
  facet normal 0 -1 0
    outer loop
      vertex -71.85 -84 -101.25
      vertex -69 -84 -105.25
      vertex -64.15 -84 -101.4
    endloop
  endfacet
  facet normal 0 -1 0
    outer loop
      vertex -71.85 -84 -107.25
      vertex -69 -84 -105.25
      vertex -71.85 -84 -101.25
    endloop
  endfacet
  facet normal 0 -1 0
    outer loop
      vertex -69 -84 -188
      vertex -71.85 -84 -107.25
      vertex -77 -84 -188
    endloop
  endfacet
  facet normal 0 -1 0
    outer loop
      vertex -71.85 -84 -107.25
      vertex -69 -84 -188
      vertex -69 -84 -105.25
    endloop
  endfacet
  facet normal 0 -1 0
    outer loop
      vertex 64.15 -84 -101.4
      vertex 71.85 -84 -101.25
      vertex 64.15 -84 -101.25
    endloop
  endfacet
  facet normal 0 -1 0
    outer loop
      vertex 69 -84 -105.25
      vertex 64.15 -84 -101.4
      vertex -69 -84 -105.25
    endloop
  endfacet
  facet normal 0 -1 0
    outer loop
      vertex 64.15 -84 -101.4
      vertex 69 -84 -105.25
      vertex 71.85 -84 -101.25
    endloop
  endfacet
  facet normal 0 -1 0
    outer loop
      vertex 69 -84 -105.25
      vertex 71.85 -84 -107.25
      vertex 71.85 -84 -101.25
    endloop
  endfacet
  facet normal 0 -1 -0
    outer loop
      vertex 71.85 -84 -107.25
      vertex 69 -84 -188
      vertex 74.15 -84 -107.25
    endloop
  endfacet
  facet normal 0 -1 0
    outer loop
      vertex 69 -84 -188
      vertex 71.85 -84 -107.25
      vertex 69 -84 -105.25
    endloop
  endfacet
  facet normal 0 -1 0
    outer loop
      vertex 74.15 -84 -107.25
      vertex 77 -84 -100.25
      vertex 74.15 -84 -100.25
    endloop
  endfacet
  facet normal 0 -1 0
    outer loop
      vertex 77 -84 -188
      vertex 74.15 -84 -107.25
      vertex 69 -84 -188
    endloop
  endfacet
  facet normal 0 -1 0
    outer loop
      vertex 74.15 -84 -107.25
      vertex 77 -84 -188
      vertex 77 -84 -100.25
    endloop
  endfacet
  facet normal 0 1 0
    outer loop
      vertex 77 29 -100.25
      vertex 74.15 29 -107.25
      vertex 74.15 29 -100.25
    endloop
  endfacet
  facet normal 0 1 0
    outer loop
      vertex 74.15 29 -107.25
      vertex 77 29 -188
      vertex 71.85 29 -107.25
    endloop
  endfacet
  facet normal 0 1 -0
    outer loop
      vertex 77 29 -188
      vertex 74.15 29 -107.25
      vertex 77 29 -100.25
    endloop
  endfacet
  facet normal 0 1 0
    outer loop
      vertex 71.85 29 -101.25
      vertex 64.15 29 -101.4
      vertex 64.15 29 -101.25
    endloop
  endfacet
  facet normal 0 1 0
    outer loop
      vertex 64.15 29 -101.4
      vertex 69 29 -105.25
      vertex -64.15 29 -101.4
    endloop
  endfacet
  facet normal 0 1 0
    outer loop
      vertex 71.85 29 -101.25
      vertex 69 29 -105.25
      vertex 64.15 29 -101.4
    endloop
  endfacet
  facet normal 0 1 -0
    outer loop
      vertex 71.85 29 -107.25
      vertex 69 29 -105.25
      vertex 71.85 29 -101.25
    endloop
  endfacet
  facet normal 0 1 0
    outer loop
      vertex 69 29 -188
      vertex 71.85 29 -107.25
      vertex 77 29 -188
    endloop
  endfacet
  facet normal 0 1 0
    outer loop
      vertex 71.85 29 -107.25
      vertex 69 29 -188
      vertex 69 29 -105.25
    endloop
  endfacet
  facet normal 0 1 -0
    outer loop
      vertex -64.15 29 -101.4
      vertex -71.85 29 -101.25
      vertex -64.15 29 -101.25
    endloop
  endfacet
  facet normal 0 1 0
    outer loop
      vertex -69 29 -105.25
      vertex -64.15 29 -101.4
      vertex 69 29 -105.25
    endloop
  endfacet
  facet normal 0 1 0
    outer loop
      vertex -64.15 29 -101.4
      vertex -69 29 -105.25
      vertex -71.85 29 -101.25
    endloop
  endfacet
  facet normal 0 1 0
    outer loop
      vertex -69 29 -105.25
      vertex -71.85 29 -107.25
      vertex -71.85 29 -101.25
    endloop
  endfacet
  facet normal 0 1 0
    outer loop
      vertex -71.85 29 -107.25
      vertex -69 29 -188
      vertex -74.15 29 -107.25
    endloop
  endfacet
  facet normal 0 1 -0
    outer loop
      vertex -69 29 -188
      vertex -71.85 29 -107.25
      vertex -69 29 -105.25
    endloop
  endfacet
  facet normal 0 1 -0
    outer loop
      vertex -74.15 29 -107.25
      vertex -77 29 -100.25
      vertex -74.15 29 -100.25
    endloop
  endfacet
  facet normal 0 1 0
    outer loop
      vertex -77 29 -188
      vertex -74.15 29 -107.25
      vertex -69 29 -188
    endloop
  endfacet
  facet normal 0 1 0
    outer loop
      vertex -74.15 29 -107.25
      vertex -77 29 -188
      vertex -77 29 -100.25
    endloop
  endfacet
  facet normal 0.342814 -0.0224341 -0.939135
    outer loop
      vertex 16.8546 -58.2189 -121.229
      vertex 59.4389 -76.4033 -105.25
      vertex 59.4122 -76.8113 -105.25
    endloop
  endfacet
  facet normal 0.342803 -0.0224632 -0.939139
    outer loop
      vertex 59.4389 -76.4033 -105.25
      vertex 16.8546 -58.2189 -121.229
      vertex 17 -56 -121.229
    endloop
  endfacet
  facet normal -0.310499 -0.105371 -0.944716
    outer loop
      vertex -59.3324 -77.2123 -105.25
      vertex -15.706 -62.5056 -121.229
      vertex -59.201 -77.5995 -105.25
    endloop
  endfacet
  facet normal -0.310494 -0.105385 -0.944715
    outer loop
      vertex -15.706 -62.5056 -121.229
      vertex -59.3324 -77.2123 -105.25
      vertex -16.4207 -60.3999 -121.229
    endloop
  endfacet
  facet normal 0.322895 0.0211586 -0.946198
    outer loop
      vertex 16.8546 -53.7811 -121.229
      vertex 59.4389 10.923 -105.25
      vertex 17 -56 -121.229
    endloop
  endfacet
  facet normal 0.322923 0.0211377 -0.946189
    outer loop
      vertex 59.4389 10.923 -105.25
      vertex 16.8546 -53.7811 -121.229
      vertex 59.4122 11.3309 -105.25
    endloop
  endfacet
  facet normal 0 0 -1
    outer loop
      vertex -12.4676 -44.4866 -121.229
      vertex -12.0208 -43.9792 -121.229
      vertex -12.4655 -44.4863 -121.229
    endloop
  endfacet
  facet normal 0 0 -1
    outer loop
      vertex -13.487 -45.6511 -121.229
      vertex -12.4676 -44.4866 -121.229
      vertex -12.4694 -44.4907 -121.229
    endloop
  endfacet
  facet normal -0.16123 0.141974 -0.976652
    outer loop
      vertex -58.793 12.8258 -105.25
      vertex -12.0208 -43.9792 -121.229
      vertex -12.4676 -44.4866 -121.229
    endloop
  endfacet
  facet normal -0.161721 0.14157 -0.976629
    outer loop
      vertex -58.793 12.8258 -105.25
      vertex -12.4676 -44.4866 -121.229
      vertex -13.487 -45.6511 -121.229
    endloop
  endfacet
  facet normal -0.161563 0.141696 -0.976637
    outer loop
      vertex -12.0208 -43.9792 -121.229
      vertex -58.793 12.8258 -105.25
      vertex -58.5234 13.1332 -105.25
    endloop
  endfacet
  facet normal 0.139887 0.159512 -0.977235
    outer loop
      vertex 10.3489 -42.513 -121.229
      vertex 58.5234 13.1332 -105.25
      vertex 12.0208 -43.9792 -121.229
    endloop
  endfacet
  facet normal 0.139893 0.159507 -0.977235
    outer loop
      vertex 58.5234 13.1332 -105.25
      vertex 10.3489 -42.513 -121.229
      vertex 58.216 13.4028 -105.25
    endloop
  endfacet
  facet normal 0.282038 -0.188468 -0.94071
    outer loop
      vertex 58.793 -78.3062 -105.25
      vertex 14.7224 -64.5 -121.229
      vertex 59.0202 -77.9662 -105.25
    endloop
  endfacet
  facet normal 0.282042 -0.188455 -0.940711
    outer loop
      vertex 14.7224 -64.5 -121.229
      vertex 58.793 -78.3062 -105.25
      vertex 13.487 -66.3489 -121.229
    endloop
  endfacet
  facet normal 0.352368 0 -0.935861
    outer loop
      vertex 59.4389 -76.4033 -105.25
      vertex 17 -56 -121.229
      vertex 59.4389 10.923 -105.25
    endloop
  endfacet
  facet normal -0.352368 0 -0.935861
    outer loop
      vertex -17 -56 -121.229
      vertex -59.4389 -76.4033 -105.25
      vertex -59.4389 10.923 -105.25
    endloop
  endfacet
  facet normal 0.267637 -0.234726 -0.934491
    outer loop
      vertex 58.5234 -78.6136 -105.25
      vertex 13.487 -66.3489 -121.229
      vertex 58.793 -78.3062 -105.25
    endloop
  endfacet
  facet normal 0.267656 -0.234667 -0.934501
    outer loop
      vertex 12.3325 -68.0918 -121.122
      vertex 13.487 -66.3489 -121.229
      vertex 58.5234 -78.6136 -105.25
    endloop
  endfacet
  facet normal 0.267823 -0.234866 -0.934403
    outer loop
      vertex 13.487 -66.3489 -121.229
      vertex 12.461 -67.8451 -121.147
      vertex 12.8791 -67.0421 -121.229
    endloop
  endfacet
  facet normal 0.264195 -0.232468 -0.936034
    outer loop
      vertex 13.487 -66.3489 -121.229
      vertex 12.3325 -68.0918 -121.122
      vertex 12.461 -67.8451 -121.147
    endloop
  endfacet
  facet normal 0.252031 -0.287474 -0.924034
    outer loop
      vertex 58.216 -78.8831 -105.25
      vertex 12.3325 -68.0918 -121.122
      vertex 58.5234 -78.6136 -105.25
    endloop
  endfacet
  facet normal 0.252094 -0.287272 -0.92408
    outer loop
      vertex 58.216 -78.8831 -105.25
      vertex 11.9003 -68.8796 -120.995
      vertex 12.3325 -68.0918 -121.122
    endloop
  endfacet
  facet normal 0.252154 -0.287067 -0.924127
    outer loop
      vertex 11.9003 -68.8796 -120.995
      vertex 58.216 -78.8831 -105.25
      vertex 11.3423 -69.682 -120.898
    endloop
  endfacet
  facet normal 0.234049 -0.350146 -0.906983
    outer loop
      vertex 57.8761 -79.1103 -105.25
      vertex 11.3423 -69.682 -120.898
      vertex 58.216 -78.8831 -105.25
    endloop
  endfacet
  facet normal 0.233925 -0.350553 -0.906858
    outer loop
      vertex 57.8761 -79.1103 -105.25
      vertex 10.6066 -70.6748 -120.704
      vertex 11.3423 -69.682 -120.898
    endloop
  endfacet
  facet normal 0.234382 -0.348923 -0.907369
    outer loop
      vertex 10.6066 -70.6748 -120.704
      vertex 57.8761 -79.1103 -105.25
      vertex 10.2824 -71.0252 -120.653
    endloop
  endfacet
  facet normal 0.325818 -0.0648386 -0.943207
    outer loop
      vertex 16.4207 -60.3999 -121.229
      vertex 59.4122 -76.8113 -105.25
      vertex 59.3324 -77.2123 -105.25
    endloop
  endfacet
  facet normal 0.325824 -0.0648213 -0.943206
    outer loop
      vertex 59.4122 -76.8113 -105.25
      vertex 16.4207 -60.3999 -121.229
      vertex 16.8546 -58.2189 -121.229
    endloop
  endfacet
  facet normal 0.310499 -0.105371 -0.944716
    outer loop
      vertex 15.706 -62.5056 -121.229
      vertex 59.3324 -77.2123 -105.25
      vertex 59.201 -77.5995 -105.25
    endloop
  endfacet
  facet normal 0.310494 -0.105385 -0.944715
    outer loop
      vertex 59.3324 -77.2123 -105.25
      vertex 15.706 -62.5056 -121.229
      vertex 16.4207 -60.3999 -121.229
    endloop
  endfacet
  facet normal 0.296112 -0.145997 -0.943929
    outer loop
      vertex 59.0202 -77.9662 -105.25
      vertex 15.706 -62.5056 -121.229
      vertex 59.201 -77.5995 -105.25
    endloop
  endfacet
  facet normal 0.296099 -0.146031 -0.943928
    outer loop
      vertex 15.706 -62.5056 -121.229
      vertex 59.0202 -77.9662 -105.25
      vertex 14.7224 -64.5 -121.229
    endloop
  endfacet
  facet normal 0 0.288414 -0.957506
    outer loop
      vertex 0 -39 -121.229
      vertex -56.3132 14.0487 -105.25
      vertex 56.3132 14.0487 -105.25
    endloop
  endfacet
  facet normal 0.210251 0.103692 -0.972133
    outer loop
      vertex 14.7224 -47.5 -121.229
      vertex 59.201 12.1191 -105.25
      vertex 15.706 -49.4944 -121.229
    endloop
  endfacet
  facet normal 0.210274 0.103675 -0.97213
    outer loop
      vertex 59.201 12.1191 -105.25
      vertex 14.7224 -47.5 -121.229
      vertex 59.0202 12.4858 -105.25
    endloop
  endfacet
  facet normal 0.073898 0.217757 -0.973201
    outer loop
      vertex 6.50562 -40.294 -121.229
      vertex 57.1222 13.9422 -105.25
      vertex 57.5094 13.8108 -105.25
    endloop
  endfacet
  facet normal 0.0739067 0.217749 -0.973202
    outer loop
      vertex 57.1222 13.9422 -105.25
      vertex 6.50562 -40.294 -121.229
      vertex 4.39992 -39.5793 -121.229
    endloop
  endfacet
  facet normal -0.342814 -0.0224341 -0.939135
    outer loop
      vertex -59.4389 -76.4033 -105.25
      vertex -16.8546 -58.2189 -121.229
      vertex -59.4122 -76.8113 -105.25
    endloop
  endfacet
  facet normal -0.342803 -0.0224632 -0.939139
    outer loop
      vertex -16.8546 -58.2189 -121.229
      vertex -59.4389 -76.4033 -105.25
      vertex -17 -56 -121.229
    endloop
  endfacet
  facet normal -0.180161 -0.531816 -0.827474
    outer loop
      vertex -57.1222 -79.4226 -105.25
      vertex -9.13142 -72.1637 -120.364
      vertex -8.07873 -72.9093 -120.114
    endloop
  endfacet
  facet normal -0.182823 -0.523723 -0.83204
    outer loop
      vertex -57.1222 -79.4226 -105.25
      vertex -9.1963 -72.1061 -120.386
      vertex -9.13142 -72.1637 -120.364
    endloop
  endfacet
  facet normal -0.180378 -0.53112 -0.827874
    outer loop
      vertex -9.1963 -72.1061 -120.386
      vertex -57.1222 -79.4226 -105.25
      vertex -57.5094 -79.2911 -105.25
    endloop
  endfacet
  facet normal -0.0739067 0.217749 -0.973202
    outer loop
      vertex -6.50562 -40.294 -121.229
      vertex -57.1222 13.9422 -105.25
      vertex -4.39992 -39.5793 -121.229
    endloop
  endfacet
  facet normal -0.073898 0.217757 -0.973201
    outer loop
      vertex -57.1222 13.9422 -105.25
      vertex -6.50562 -40.294 -121.229
      vertex -57.5094 13.8108 -105.25
    endloop
  endfacet
  facet normal 0.239993 0.0814564 -0.967351
    outer loop
      vertex 15.706 -49.4944 -121.229
      vertex 59.3324 11.732 -105.25
      vertex 16.4207 -51.6001 -121.229
    endloop
  endfacet
  facet normal 0.239985 0.0814623 -0.967353
    outer loop
      vertex 59.3324 11.732 -105.25
      vertex 15.706 -49.4944 -121.229
      vertex 59.201 12.1191 -105.25
    endloop
  endfacet
  facet normal 0.161721 0.14157 -0.976629
    outer loop
      vertex 12.4676 -44.4866 -121.229
      vertex 58.793 12.8258 -105.25
      vertex 13.487 -45.6511 -121.229
    endloop
  endfacet
  facet normal 0 0 -1
    outer loop
      vertex 12.4676 -44.4866 -121.229
      vertex 13.487 -45.6511 -121.229
      vertex 12.4694 -44.4907 -121.229
    endloop
  endfacet
  facet normal 0.16123 0.141974 -0.976652
    outer loop
      vertex 12.0208 -43.9792 -121.229
      vertex 58.793 12.8258 -105.25
      vertex 12.4676 -44.4866 -121.229
    endloop
  endfacet
  facet normal 0 0 -1
    outer loop
      vertex 12.0208 -43.9792 -121.229
      vertex 12.4676 -44.4866 -121.229
      vertex 12.4655 -44.4863 -121.229
    endloop
  endfacet
  facet normal 0.161563 0.141696 -0.976637
    outer loop
      vertex 58.793 12.8258 -105.25
      vertex 12.0208 -43.9792 -121.229
      vertex 58.5234 13.1332 -105.25
    endloop
  endfacet
  facet normal 0.0970261 0.19668 -0.975655
    outer loop
      vertex 8.5 -41.2776 -121.229
      vertex 57.5094 13.8108 -105.25
      vertex 57.8761 13.6299 -105.25
    endloop
  endfacet
  facet normal 0.0970078 0.196696 -0.975654
    outer loop
      vertex 57.5094 13.8108 -105.25
      vertex 8.5 -41.2776 -121.229
      vertex 6.50562 -40.294 -121.229
    endloop
  endfacet
  facet normal 0.0178009 0.270998 -0.962415
    outer loop
      vertex 2.21894 -39.1454 -121.229
      vertex 56.3132 14.0487 -105.25
      vertex 56.7212 14.0219 -105.25
    endloop
  endfacet
  facet normal 0.0177602 0.271037 -0.962405
    outer loop
      vertex 56.3132 14.0487 -105.25
      vertex 2.21894 -39.1454 -121.229
      vertex 0 -39 -121.229
    endloop
  endfacet
  facet normal -0.322895 0.0211586 -0.946198
    outer loop
      vertex -59.4389 10.923 -105.25
      vertex -16.8546 -53.7811 -121.229
      vertex -17 -56 -121.229
    endloop
  endfacet
  facet normal -0.322923 0.0211377 -0.946189
    outer loop
      vertex -16.8546 -53.7811 -121.229
      vertex -59.4389 10.923 -105.25
      vertex -59.4122 11.3309 -105.25
    endloop
  endfacet
  facet normal -0 0 -1
    outer loop
      vertex 16.8546 -58.2189 -121.229
      vertex 14.8717 -58.9689 -121.229
      vertex 15 -56.2 -121.229
    endloop
  endfacet
  facet normal 0 0 -1
    outer loop
      vertex 14.2343 -62.7508 -121.229
      vertex 15.706 -62.5056 -121.229
      vertex 14.7224 -64.5 -121.229
    endloop
  endfacet
  facet normal -0 0 -1
    outer loop
      vertex 16.4207 -60.3999 -121.229
      vertex 14.4889 -61.6904 -121.229
      vertex 14.8717 -58.9689 -121.229
    endloop
  endfacet
  facet normal -0 0 -1
    outer loop
      vertex 15.706 -62.5056 -121.229
      vertex 14.2343 -62.7508 -121.229
      vertex 14.4889 -61.6904 -121.229
    endloop
  endfacet
  facet normal 0 0 -1
    outer loop
      vertex 14.7224 -64.5 -121.229
      vertex 13.8582 -64.3179 -121.229
      vertex 14.2343 -62.7508 -121.229
    endloop
  endfacet
  facet normal 0 0 -1
    outer loop
      vertex 13.3961 -65.6431 -121.229
      vertex 14.7224 -64.5 -121.229
      vertex 13.487 -66.3489 -121.229
    endloop
  endfacet
  facet normal -0 0 -1
    outer loop
      vertex 14.7224 -64.5 -121.229
      vertex 13.3961 -65.6431 -121.229
      vertex 13.8582 -64.3179 -121.229
    endloop
  endfacet
  facet normal -0 0 -1
    outer loop
      vertex 13.487 -66.3489 -121.229
      vertex 12.9904 -66.8066 -121.229
      vertex 13.3961 -65.6431 -121.229
    endloop
  endfacet
  facet normal 0 -0 -1
    outer loop
      vertex 12.9904 -66.8066 -121.229
      vertex 13.487 -66.3489 -121.229
      vertex 12.8791 -67.0421 -121.229
    endloop
  endfacet
  facet normal 0 0 -1
    outer loop
      vertex 14.8717 -58.9689 -121.229
      vertex 16.8546 -58.2189 -121.229
      vertex 16.4207 -60.3999 -121.229
    endloop
  endfacet
  facet normal 0 0 -1
    outer loop
      vertex 14.4889 -61.6904 -121.229
      vertex 16.4207 -60.3999 -121.229
      vertex 15.706 -62.5056 -121.229
    endloop
  endfacet
  facet normal 0 0 -1
    outer loop
      vertex 16.8546 -58.2189 -121.229
      vertex 15 -56.2 -121.229
      vertex 17 -56 -121.229
    endloop
  endfacet
  facet normal -0 0 -1
    outer loop
      vertex 17 -56 -121.229
      vertex 15 -56.2 -121.229
      vertex 14.9907 -56 -121.229
    endloop
  endfacet
  facet normal 0 0 -1
    outer loop
      vertex -13.487 -66.3489 -121.229
      vertex -12.9904 -66.8066 -121.229
      vertex -12.8791 -67.0421 -121.229
    endloop
  endfacet
  facet normal 0 0 -1
    outer loop
      vertex -13.487 -66.3489 -121.229
      vertex -13.3961 -65.6431 -121.229
      vertex -12.9904 -66.8066 -121.229
    endloop
  endfacet
  facet normal 0 0 -1
    outer loop
      vertex -14.7224 -64.5 -121.229
      vertex -13.3961 -65.6431 -121.229
      vertex -13.487 -66.3489 -121.229
    endloop
  endfacet
  facet normal 0 0 -1
    outer loop
      vertex -13.3961 -65.6431 -121.229
      vertex -14.7224 -64.5 -121.229
      vertex -13.8582 -64.3179 -121.229
    endloop
  endfacet
  facet normal -0 0 -1
    outer loop
      vertex -13.8582 -64.3179 -121.229
      vertex -14.7224 -64.5 -121.229
      vertex -14.2343 -62.7508 -121.229
    endloop
  endfacet
  facet normal 0 0 -1
    outer loop
      vertex -15.706 -62.5056 -121.229
      vertex -14.2343 -62.7508 -121.229
      vertex -14.7224 -64.5 -121.229
    endloop
  endfacet
  facet normal 0 0 -1
    outer loop
      vertex -14.2343 -62.7508 -121.229
      vertex -15.706 -62.5056 -121.229
      vertex -14.4889 -61.6904 -121.229
    endloop
  endfacet
  facet normal 0 0 -1
    outer loop
      vertex -16.4207 -60.3999 -121.229
      vertex -14.4889 -61.6904 -121.229
      vertex -15.706 -62.5056 -121.229
    endloop
  endfacet
  facet normal 0 0 -1
    outer loop
      vertex -14.4889 -61.6904 -121.229
      vertex -16.4207 -60.3999 -121.229
      vertex -14.8717 -58.9689 -121.229
    endloop
  endfacet
  facet normal 0 0 -1
    outer loop
      vertex -16.8546 -58.2189 -121.229
      vertex -14.8717 -58.9689 -121.229
      vertex -16.4207 -60.3999 -121.229
    endloop
  endfacet
  facet normal 0 0 -1
    outer loop
      vertex -14.8717 -58.9689 -121.229
      vertex -16.8546 -58.2189 -121.229
      vertex -15 -56.2 -121.229
    endloop
  endfacet
  facet normal 0 0 -1
    outer loop
      vertex -17 -56 -121.229
      vertex -15 -56.2 -121.229
      vertex -16.8546 -58.2189 -121.229
    endloop
  endfacet
  facet normal 0 0 -1
    outer loop
      vertex -15 -56.2 -121.229
      vertex -17 -56 -121.229
      vertex -14.9907 -56 -121.229
    endloop
  endfacet
  facet normal -0.325818 -0.0648386 -0.943207
    outer loop
      vertex -59.4122 -76.8113 -105.25
      vertex -16.4207 -60.3999 -121.229
      vertex -59.3324 -77.2123 -105.25
    endloop
  endfacet
  facet normal -0.325824 -0.0648213 -0.943206
    outer loop
      vertex -16.4207 -60.3999 -121.229
      vertex -59.4122 -76.8113 -105.25
      vertex -16.8546 -58.2189 -121.229
    endloop
  endfacet
  facet normal -0.252154 -0.287067 -0.924127
    outer loop
      vertex -58.216 -78.8831 -105.25
      vertex -11.9003 -68.8796 -120.995
      vertex -11.3423 -69.682 -120.898
    endloop
  endfacet
  facet normal -0.252094 -0.287272 -0.92408
    outer loop
      vertex -58.216 -78.8831 -105.25
      vertex -12.3325 -68.0918 -121.122
      vertex -11.9003 -68.8796 -120.995
    endloop
  endfacet
  facet normal -0.252031 -0.287474 -0.924034
    outer loop
      vertex -12.3325 -68.0918 -121.122
      vertex -58.216 -78.8831 -105.25
      vertex -58.5234 -78.6136 -105.25
    endloop
  endfacet
  facet normal 0 -0.925703 -0.378251
    outer loop
      vertex -56.3132 -79.5291 -105.25
      vertex 0 -74.2801 -118.096
      vertex 56.3132 -79.5291 -105.25
    endloop
  endfacet
  facet normal 3.37924e-05 -0.925755 -0.378124
    outer loop
      vertex -56.3132 -79.5291 -105.25
      vertex -1.15539 -74.2491 -118.172
      vertex 0 -74.2801 -118.096
    endloop
  endfacet
  facet normal 5.04771e-05 -0.92578 -0.378063
    outer loop
      vertex -56.3132 -79.5291 -105.25
      vertex -1.95789 -74.2275 -118.225
      vertex -1.15539 -74.2491 -118.172
    endloop
  endfacet
  facet normal 0.000160863 -0.925942 -0.377667
    outer loop
      vertex -56.3132 -79.5291 -105.25
      vertex -2.7414 -74.1636 -118.382
      vertex -1.95789 -74.2275 -118.225
    endloop
  endfacet
  facet normal 2.53524e-05 -0.925748 -0.378141
    outer loop
      vertex -56.3132 -79.5291 -105.25
      vertex -3.88229 -74.0705 -118.61
      vertex -2.7414 -74.1636 -118.382
    endloop
  endfacet
  facet normal -8.53404e-05 -0.925596 -0.378513
    outer loop
      vertex -56.3132 -79.5291 -105.25
      vertex -4.99856 -73.915 -118.99
      vertex -3.88229 -74.0705 -118.61
    endloop
  endfacet
  facet normal 4.096e-05 -0.925761 -0.378109
    outer loop
      vertex -56.3132 -79.5291 -105.25
      vertex -5.74025 -73.8117 -119.243
      vertex -4.99856 -73.915 -118.99
    endloop
  endfacet
  facet normal -0.000108527 -0.925572 -0.378572
    outer loop
      vertex -5.74025 -73.8117 -119.243
      vertex -56.3132 -79.5291 -105.25
      vertex -6.19969 -73.7188 -119.47
    endloop
  endfacet
  facet normal -3.37924e-05 -0.925755 -0.378124
    outer loop
      vertex 1.15539 -74.2491 -118.172
      vertex 56.3132 -79.5291 -105.25
      vertex 0 -74.2801 -118.096
    endloop
  endfacet
  facet normal -5.04771e-05 -0.92578 -0.378063
    outer loop
      vertex 1.95789 -74.2275 -118.225
      vertex 56.3132 -79.5291 -105.25
      vertex 1.15539 -74.2491 -118.172
    endloop
  endfacet
  facet normal -0.000160863 -0.925942 -0.377667
    outer loop
      vertex 2.7414 -74.1636 -118.382
      vertex 56.3132 -79.5291 -105.25
      vertex 1.95789 -74.2275 -118.225
    endloop
  endfacet
  facet normal -2.53524e-05 -0.925748 -0.378141
    outer loop
      vertex 3.88229 -74.0705 -118.61
      vertex 56.3132 -79.5291 -105.25
      vertex 2.7414 -74.1636 -118.382
    endloop
  endfacet
  facet normal 8.53404e-05 -0.925596 -0.378513
    outer loop
      vertex 4.99856 -73.915 -118.99
      vertex 56.3132 -79.5291 -105.25
      vertex 3.88229 -74.0705 -118.61
    endloop
  endfacet
  facet normal -4.096e-05 -0.925761 -0.378109
    outer loop
      vertex 5.74025 -73.8117 -119.243
      vertex 56.3132 -79.5291 -105.25
      vertex 4.99856 -73.915 -118.99
    endloop
  endfacet
  facet normal 0.000108527 -0.925572 -0.378572
    outer loop
      vertex 56.3132 -79.5291 -105.25
      vertex 5.74025 -73.8117 -119.243
      vertex 6.19969 -73.7188 -119.47
    endloop
  endfacet
  facet normal -0.0177602 0.271037 -0.962405
    outer loop
      vertex -2.21894 -39.1454 -121.229
      vertex -56.3132 14.0487 -105.25
      vertex 0 -39 -121.229
    endloop
  endfacet
  facet normal -0.0178009 0.270998 -0.962415
    outer loop
      vertex -56.3132 14.0487 -105.25
      vertex -2.21894 -39.1454 -121.229
      vertex -56.7212 14.0219 -105.25
    endloop
  endfacet
  facet normal 0.276201 0.054949 -0.959528
    outer loop
      vertex 16.4207 -51.6001 -121.229
      vertex 59.4122 11.3309 -105.25
      vertex 16.8546 -53.7811 -121.229
    endloop
  endfacet
  facet normal 0.276199 0.0549506 -0.959528
    outer loop
      vertex 59.4122 11.3309 -105.25
      vertex 16.4207 -51.6001 -121.229
      vertex 59.3324 11.732 -105.25
    endloop
  endfacet
  facet normal 0.184643 0.123375 -0.975031
    outer loop
      vertex 13.487 -45.6511 -121.229
      vertex 59.0202 12.4858 -105.25
      vertex 14.7224 -47.5 -121.229
    endloop
  endfacet
  facet normal 0.184636 0.12338 -0.975032
    outer loop
      vertex 59.0202 12.4858 -105.25
      vertex 13.487 -45.6511 -121.229
      vertex 58.793 12.8258 -105.25
    endloop
  endfacet
  facet normal 0.118659 0.177596 -0.976924
    outer loop
      vertex 10.3489 -42.513 -121.229
      vertex 57.8761 13.6299 -105.25
      vertex 58.216 13.4028 -105.25
    endloop
  endfacet
  facet normal 0.118664 0.177592 -0.976924
    outer loop
      vertex 57.8761 13.6299 -105.25
      vertex 10.3489 -42.513 -121.229
      vertex 8.5 -41.2776 -121.229
    endloop
  endfacet
  facet normal 0.0480893 0.241955 -0.969095
    outer loop
      vertex 4.39992 -39.5793 -121.229
      vertex 56.7212 14.0219 -105.25
      vertex 57.1222 13.9422 -105.25
    endloop
  endfacet
  facet normal 0.048129 0.241918 -0.969102
    outer loop
      vertex 56.7212 14.0219 -105.25
      vertex 4.39992 -39.5793 -121.229
      vertex 2.21894 -39.1454 -121.229
    endloop
  endfacet
  facet normal -0.239993 0.0814564 -0.967351
    outer loop
      vertex -59.3324 11.732 -105.25
      vertex -15.706 -49.4944 -121.229
      vertex -16.4207 -51.6001 -121.229
    endloop
  endfacet
  facet normal -0.239985 0.0814623 -0.967353
    outer loop
      vertex -15.706 -49.4944 -121.229
      vertex -59.3324 11.732 -105.25
      vertex -59.201 12.1191 -105.25
    endloop
  endfacet
  facet normal -0.210251 0.103692 -0.972133
    outer loop
      vertex -59.201 12.1191 -105.25
      vertex -14.7224 -47.5 -121.229
      vertex -15.706 -49.4944 -121.229
    endloop
  endfacet
  facet normal -0.210274 0.103675 -0.97213
    outer loop
      vertex -14.7224 -47.5 -121.229
      vertex -59.201 12.1191 -105.25
      vertex -59.0202 12.4858 -105.25
    endloop
  endfacet
  facet normal -0.184643 0.123375 -0.975031
    outer loop
      vertex -59.0202 12.4858 -105.25
      vertex -13.487 -45.6511 -121.229
      vertex -14.7224 -47.5 -121.229
    endloop
  endfacet
  facet normal -0.184636 0.12338 -0.975032
    outer loop
      vertex -13.487 -45.6511 -121.229
      vertex -59.0202 12.4858 -105.25
      vertex -58.793 12.8258 -105.25
    endloop
  endfacet
  facet normal -0.282042 -0.188455 -0.940711
    outer loop
      vertex -58.793 -78.3062 -105.25
      vertex -14.7224 -64.5 -121.229
      vertex -13.487 -66.3489 -121.229
    endloop
  endfacet
  facet normal -0.282038 -0.188468 -0.94071
    outer loop
      vertex -14.7224 -64.5 -121.229
      vertex -58.793 -78.3062 -105.25
      vertex -59.0202 -77.9662 -105.25
    endloop
  endfacet
  facet normal -0.211425 -0.428701 -0.878359
    outer loop
      vertex -57.5094 -79.2911 -105.25
      vertex -9.74722 -71.5578 -120.521
      vertex -9.1963 -72.1061 -120.386
    endloop
  endfacet
  facet normal -0.211121 -0.429731 -0.877929
    outer loop
      vertex -57.5094 -79.2911 -105.25
      vertex -10.2824 -71.0252 -120.653
      vertex -9.74722 -71.5578 -120.521
    endloop
  endfacet
  facet normal -0.211413 -0.42879 -0.878319
    outer loop
      vertex -10.2824 -71.0252 -120.653
      vertex -57.5094 -79.2911 -105.25
      vertex -57.8761 -79.1103 -105.25
    endloop
  endfacet
  facet normal 0.132908 -0.668708 -0.73155
    outer loop
      vertex 56.7212 -79.5023 -105.25
      vertex 8.07873 -72.9093 -120.114
      vertex 57.1222 -79.4226 -105.25
    endloop
  endfacet
  facet normal 0.13302 -0.668422 -0.73179
    outer loop
      vertex 56.7212 -79.5023 -105.25
      vertex 7.5 -73.25 -119.908
      vertex 8.07873 -72.9093 -120.114
    endloop
  endfacet
  facet normal 0.132855 -0.668859 -0.731421
    outer loop
      vertex 7.5 -73.25 -119.908
      vertex 56.7212 -79.5023 -105.25
      vertex 7.07227 -73.4465 -119.806
    endloop
  endfacet
  facet normal -0.139887 0.159512 -0.977235
    outer loop
      vertex -58.5234 13.1332 -105.25
      vertex -10.3489 -42.513 -121.229
      vertex -12.0208 -43.9792 -121.229
    endloop
  endfacet
  facet normal -0.139893 0.159507 -0.977235
    outer loop
      vertex -10.3489 -42.513 -121.229
      vertex -58.5234 13.1332 -105.25
      vertex -58.216 13.4028 -105.25
    endloop
  endfacet
  facet normal -0.118664 0.177592 -0.976924
    outer loop
      vertex -10.3489 -42.513 -121.229
      vertex -57.8761 13.6299 -105.25
      vertex -8.5 -41.2776 -121.229
    endloop
  endfacet
  facet normal -0.118659 0.177596 -0.976924
    outer loop
      vertex -57.8761 13.6299 -105.25
      vertex -10.3489 -42.513 -121.229
      vertex -58.216 13.4028 -105.25
    endloop
  endfacet
  facet normal -0.0970078 0.196696 -0.975654
    outer loop
      vertex -8.5 -41.2776 -121.229
      vertex -57.5094 13.8108 -105.25
      vertex -6.50562 -40.294 -121.229
    endloop
  endfacet
  facet normal -0.0970261 0.19668 -0.975655
    outer loop
      vertex -57.5094 13.8108 -105.25
      vertex -8.5 -41.2776 -121.229
      vertex -57.8761 13.6299 -105.25
    endloop
  endfacet
  facet normal -0.048129 0.241918 -0.969102
    outer loop
      vertex -4.39992 -39.5793 -121.229
      vertex -56.7212 14.0219 -105.25
      vertex -2.21894 -39.1454 -121.229
    endloop
  endfacet
  facet normal -0.0480893 0.241955 -0.969095
    outer loop
      vertex -56.7212 14.0219 -105.25
      vertex -4.39992 -39.5793 -121.229
      vertex -57.1222 13.9422 -105.25
    endloop
  endfacet
  facet normal -0.276201 0.054949 -0.959528
    outer loop
      vertex -59.4122 11.3309 -105.25
      vertex -16.4207 -51.6001 -121.229
      vertex -16.8546 -53.7811 -121.229
    endloop
  endfacet
  facet normal -0.276199 0.0549506 -0.959528
    outer loop
      vertex -16.4207 -51.6001 -121.229
      vertex -59.4122 11.3309 -105.25
      vertex -59.3324 11.732 -105.25
    endloop
  endfacet
  facet normal -0.296099 -0.146031 -0.943928
    outer loop
      vertex -59.0202 -77.9662 -105.25
      vertex -15.706 -62.5056 -121.229
      vertex -14.7224 -64.5 -121.229
    endloop
  endfacet
  facet normal -0.296112 -0.145997 -0.943929
    outer loop
      vertex -15.706 -62.5056 -121.229
      vertex -59.0202 -77.9662 -105.25
      vertex -59.201 -77.5995 -105.25
    endloop
  endfacet
  facet normal -0.267823 -0.234866 -0.934403
    outer loop
      vertex -12.461 -67.8451 -121.147
      vertex -13.487 -66.3489 -121.229
      vertex -12.8791 -67.0421 -121.229
    endloop
  endfacet
  facet normal -0.264195 -0.232468 -0.936034
    outer loop
      vertex -12.3325 -68.0918 -121.122
      vertex -13.487 -66.3489 -121.229
      vertex -12.461 -67.8451 -121.147
    endloop
  endfacet
  facet normal -0.267656 -0.234667 -0.934501
    outer loop
      vertex -58.5234 -78.6136 -105.25
      vertex -13.487 -66.3489 -121.229
      vertex -12.3325 -68.0918 -121.122
    endloop
  endfacet
  facet normal -0.267637 -0.234726 -0.934491
    outer loop
      vertex -13.487 -66.3489 -121.229
      vertex -58.5234 -78.6136 -105.25
      vertex -58.793 -78.3062 -105.25
    endloop
  endfacet
  facet normal -0.234382 -0.348923 -0.907369
    outer loop
      vertex -57.8761 -79.1103 -105.25
      vertex -10.6066 -70.6748 -120.704
      vertex -10.2824 -71.0252 -120.653
    endloop
  endfacet
  facet normal -0.233925 -0.350553 -0.906858
    outer loop
      vertex -57.8761 -79.1103 -105.25
      vertex -11.3423 -69.682 -120.898
      vertex -10.6066 -70.6748 -120.704
    endloop
  endfacet
  facet normal -0.234049 -0.350146 -0.906983
    outer loop
      vertex -11.3423 -69.682 -120.898
      vertex -57.8761 -79.1103 -105.25
      vertex -58.216 -78.8831 -105.25
    endloop
  endfacet
  facet normal -0.0552391 -0.840954 -0.53828
    outer loop
      vertex -7.07227 -73.4465 -119.806
      vertex -56.3132 -79.5291 -105.25
      vertex -56.7212 -79.5023 -105.25
    endloop
  endfacet
  facet normal -0.0552074 -0.841009 -0.538196
    outer loop
      vertex -56.3132 -79.5291 -105.25
      vertex -7.07227 -73.4465 -119.806
      vertex -6.19969 -73.7188 -119.47
    endloop
  endfacet
  facet normal -0.132855 -0.668859 -0.731421
    outer loop
      vertex -56.7212 -79.5023 -105.25
      vertex -7.5 -73.25 -119.908
      vertex -7.07227 -73.4465 -119.806
    endloop
  endfacet
  facet normal -0.13302 -0.668422 -0.73179
    outer loop
      vertex -56.7212 -79.5023 -105.25
      vertex -8.07873 -72.9093 -120.114
      vertex -7.5 -73.25 -119.908
    endloop
  endfacet
  facet normal -0.132908 -0.668708 -0.73155
    outer loop
      vertex -8.07873 -72.9093 -120.114
      vertex -56.7212 -79.5023 -105.25
      vertex -57.1222 -79.4226 -105.25
    endloop
  endfacet
  facet normal 0.211413 -0.42879 -0.878319
    outer loop
      vertex 57.5094 -79.2911 -105.25
      vertex 10.2824 -71.0252 -120.653
      vertex 57.8761 -79.1103 -105.25
    endloop
  endfacet
  facet normal 0.211121 -0.429731 -0.877929
    outer loop
      vertex 57.5094 -79.2911 -105.25
      vertex 9.74722 -71.5578 -120.521
      vertex 10.2824 -71.0252 -120.653
    endloop
  endfacet
  facet normal 0.211425 -0.428701 -0.878359
    outer loop
      vertex 9.74722 -71.5578 -120.521
      vertex 57.5094 -79.2911 -105.25
      vertex 9.1963 -72.1061 -120.386
    endloop
  endfacet
  facet normal 0.180378 -0.53112 -0.827874
    outer loop
      vertex 57.1222 -79.4226 -105.25
      vertex 9.1963 -72.1061 -120.386
      vertex 57.5094 -79.2911 -105.25
    endloop
  endfacet
  facet normal 0.182823 -0.523723 -0.83204
    outer loop
      vertex 57.1222 -79.4226 -105.25
      vertex 9.13142 -72.1637 -120.364
      vertex 9.1963 -72.1061 -120.386
    endloop
  endfacet
  facet normal 0.180161 -0.531816 -0.827474
    outer loop
      vertex 9.13142 -72.1637 -120.364
      vertex 57.1222 -79.4226 -105.25
      vertex 8.07873 -72.9093 -120.114
    endloop
  endfacet
  facet normal 0.0552074 -0.841009 -0.538196
    outer loop
      vertex 7.07227 -73.4465 -119.806
      vertex 56.3132 -79.5291 -105.25
      vertex 6.19969 -73.7188 -119.47
    endloop
  endfacet
  facet normal 0.0552391 -0.840954 -0.53828
    outer loop
      vertex 56.3132 -79.5291 -105.25
      vertex 7.07227 -73.4465 -119.806
      vertex 56.7212 -79.5023 -105.25
    endloop
  endfacet
  facet normal 0.99786 -0.0462369 0.0462358
    outer loop
      vertex 14.8717 -58.9689 -121.229
      vertex 15 -72.9706 -138
      vertex 15 -56.2 -121.229
    endloop
  endfacet
  facet normal 0.997859 -0.0462466 0.0462439
    outer loop
      vertex 15 -72.9706 -138
      vertex 14.8717 -58.9689 -121.229
      vertex 14.8717 -74.355 -136.616
    endloop
  endfacet
  facet normal -0.0655906 -0.705588 0.70558
    outer loop
      vertex -1.95789 -74.2275 -118.225
      vertex -1.95789 -83.4864 -127.484
      vertex -1.15539 -74.2491 -118.172
    endloop
  endfacet
  facet normal 0.0655906 -0.705588 0.70558
    outer loop
      vertex 1.95789 -74.2275 -118.225
      vertex 1.15539 -74.2491 -118.172
      vertex 1.95789 -83.4864 -127.484
    endloop
  endfacet
  facet normal -0.195187 -0.693496 0.693517
    outer loop
      vertex -3.88229 -74.0705 -118.61
      vertex -1.95789 -83.4864 -127.484
      vertex -2.7414 -74.1636 -118.382
    endloop
  endfacet
  facet normal -0.19518 -0.693496 0.693519
    outer loop
      vertex -1.95789 -83.4864 -127.484
      vertex -3.88229 -74.0705 -118.61
      vertex -3.88229 -83.2158 -127.755
    endloop
  endfacet
  facet normal -0.99786 -0.0462369 0.0462358
    outer loop
      vertex -15 -72.9706 -138
      vertex -14.8717 -58.9689 -121.229
      vertex -15 -56.2 -121.229
    endloop
  endfacet
  facet normal -0.997859 -0.0462466 0.0462439
    outer loop
      vertex -14.8717 -58.9689 -121.229
      vertex -15 -72.9706 -138
      vertex -14.8717 -74.355 -136.616
    endloop
  endfacet
  facet normal -0.00135414 -0.706916 -0.707297
    outer loop
      vertex -13.8582 -68.9116 -142.059
      vertex -15 -72.9706 -138
      vertex -14.8717 -71.5861 -139.384
    endloop
  endfacet
  facet normal -0.6553 -0.534109 0.534144
    outer loop
      vertex -9.1963 -72.1061 -120.386
      vertex -9.13142 -81.3853 -129.585
      vertex -9.13142 -72.1637 -120.364
    endloop
  endfacet
  facet normal -0.659366 -0.531626 0.531611
    outer loop
      vertex -9.13142 -81.3853 -129.585
      vertex -9.1963 -72.1061 -120.386
      vertex -9.74722 -71.5578 -120.521
    endloop
  endfacet
  facet normal -0.00191039 -0.706325 -0.707885
    outer loop
      vertex 12.9904 -78.2739 -132.697
      vertex 11.9003 -79.4275 -131.543
      vertex 13.8582 -77.0295 -133.941
    endloop
  endfacet
  facet normal 0.00135414 -0.706916 -0.707297
    outer loop
      vertex 15 -72.9706 -138
      vertex 13.8582 -68.9116 -142.059
      vertex 14.8717 -71.5861 -139.384
    endloop
  endfacet
  facet normal 0.980773 0.137993 -0.137993
    outer loop
      vertex 14.8717 -71.5861 -139.384
      vertex 14.6985 -56 -125.029
      vertex 14.8717 -56 -123.798
    endloop
  endfacet
  facet normal 0.980787 0.137947 -0.137943
    outer loop
      vertex 14.6985 -56 -125.029
      vertex 14.8717 -71.5861 -139.384
      vertex 14.4889 -70.2254 -140.745
    endloop
  endfacet
  facet normal 0.980791 0.137932 -0.13793
    outer loop
      vertex 14.4889 -54.5096 -125.029
      vertex 14.6985 -56 -125.029
      vertex 14.4889 -70.2254 -140.745
    endloop
  endfacet
  facet normal -0.659358 0.531631 -0.531616
    outer loop
      vertex -9.13142 -64.5558 -146.415
      vertex -10.6066 -45 -125.029
      vertex -9.13142 -43.1704 -125.029
    endloop
  endfacet
  facet normal -0.659394 0.531607 -0.531596
    outer loop
      vertex -10.6066 -45 -125.029
      vertex -9.13142 -64.5558 -146.415
      vertex -10.6066 -65.4706 -145.5
    endloop
  endfacet
  facet normal 0.321429 0.669577 -0.669589
    outer loop
      vertex 5.74025 -63.1713 -147.799
      vertex 3.88229 -40.098 -125.618
      vertex 5.74025 -40.5439 -125.172
    endloop
  endfacet
  facet normal 0.000242782 -0.707219 -0.706995
    outer loop
      vertex -13.8582 -68.9116 -142.059
      vertex -14.8717 -71.5861 -139.384
      vertex -14.4889 -70.2254 -140.745
    endloop
  endfacet
  facet normal 0.00191039 -0.706325 -0.707885
    outer loop
      vertex -12.9904 -78.2739 -132.697
      vertex -13.8582 -77.0295 -133.941
      vertex -11.9003 -79.4275 -131.543
    endloop
  endfacet
  facet normal -0.321637 -0.669529 0.669537
    outer loop
      vertex -5.74025 -73.8117 -119.243
      vertex -5.74025 -82.7698 -128.201
      vertex -4.99856 -73.915 -118.99
    endloop
  endfacet
  facet normal 0.831229 -0.393134 0.393071
    outer loop
      vertex 12.3325 -68.0918 -121.122
      vertex 12.9904 -78.2739 -132.697
      vertex 12.461 -67.8451 -121.147
    endloop
  endfacet
  facet normal 0.831484 -0.392839 0.392826
    outer loop
      vertex 11.9003 -68.8796 -120.995
      vertex 12.9904 -78.2739 -132.697
      vertex 12.3325 -68.0918 -121.122
    endloop
  endfacet
  facet normal 0.831512 -0.392804 0.392801
    outer loop
      vertex 12.9904 -78.2739 -132.697
      vertex 11.9003 -68.8796 -120.995
      vertex 11.9003 -79.4275 -131.543
    endloop
  endfacet
  facet normal 0.659366 -0.531626 0.531611
    outer loop
      vertex 9.1963 -72.1061 -120.386
      vertex 9.13142 -81.3853 -129.585
      vertex 9.74722 -71.5578 -120.521
    endloop
  endfacet
  facet normal 0.6553 -0.534109 0.534144
    outer loop
      vertex 9.13142 -81.3853 -129.585
      vertex 9.1963 -72.1061 -120.386
      vertex 9.13142 -72.1637 -120.364
    endloop
  endfacet
  facet normal 0.195187 -0.693496 0.693517
    outer loop
      vertex 1.95789 -83.4864 -127.484
      vertex 3.88229 -74.0705 -118.61
      vertex 2.7414 -74.1636 -118.382
    endloop
  endfacet
  facet normal 0.19518 -0.693496 0.693519
    outer loop
      vertex 3.88229 -74.0705 -118.61
      vertex 1.95789 -83.4864 -127.484
      vertex 3.88229 -83.2158 -127.755
    endloop
  endfacet
  facet normal 0 -0.707884 -0.706328
    outer loop
      vertex 0 -83.5772 -127.393
      vertex -1.95789 -83.4864 -127.484
      vertex 1.95789 -83.4864 -127.484
    endloop
  endfacet
  facet normal 0.997853 0.0464001 -0.0462295
    outer loop
      vertex 15 -56.2 -121.229
      vertex 14.9093 -56 -122.986
      vertex 14.9907 -56 -121.229
    endloop
  endfacet
  facet normal 0.997859 0.0462482 -0.0462471
    outer loop
      vertex 14.9093 -56 -122.986
      vertex 15 -56.2 -121.229
      vertex 15 -72.9706 -138
    endloop
  endfacet
  facet normal 0.442528 0.634113 -0.63409
    outer loop
      vertex 7.5 -63.785 -147.186
      vertex 7.46432 -41.6039 -125.029
      vertex 7.5 -41.6288 -125.029
    endloop
  endfacet
  facet normal 0.442123 0.634254 -0.634232
    outer loop
      vertex 7.46432 -41.6039 -125.029
      vertex 7.5 -63.785 -147.186
      vertex 5.74025 -63.1713 -147.799
    endloop
  endfacet
  facet normal 0.751847 0.466227 -0.466218
    outer loop
      vertex 11.7254 -46.8042 -125.029
      vertex 10.6066 -65.4706 -145.5
      vertex 10.6066 -45 -125.029
    endloop
  endfacet
  facet normal 0.946935 0.227285 -0.227278
    outer loop
      vertex 14.3068 -53.7511 -125.029
      vertex 13.8582 -68.9116 -142.059
      vertex 13.8582 -51.8821 -125.029
    endloop
  endfacet
  facet normal 0.0654815 0.705599 -0.70558
    outer loop
      vertex 0 -62.364 -148.607
      vertex 1.95789 -39.8273 -125.888
      vertex 1.95789 -62.4547 -148.516
    endloop
  endfacet
  facet normal 0.0655174 0.705595 -0.70558
    outer loop
      vertex 1.95789 -39.8273 -125.888
      vertex 0 -62.364 -148.607
      vertex 0 -39.7365 -125.979
    endloop
  endfacet
  facet normal 0.00215627 0.711661 0.702519
    outer loop
      vertex 3.88229 -40.098 -125.618
      vertex 6.14852 -40.6863 -125.029
      vertex 5.74025 -40.5439 -125.172
    endloop
  endfacet
  facet normal 0 0.707527 0.706686
    outer loop
      vertex 6.14852 -40.6863 -125.029
      vertex 3.88229 -40.098 -125.618
      vertex -6.14852 -40.6863 -125.029
    endloop
  endfacet
  facet normal -0 0.707527 0.706686
    outer loop
      vertex -3.88229 -40.098 -125.618
      vertex -6.14852 -40.6863 -125.029
      vertex 3.88229 -40.098 -125.618
    endloop
  endfacet
  facet normal -0.00215627 0.711661 0.702519
    outer loop
      vertex -6.14852 -40.6863 -125.029
      vertex -3.88229 -40.098 -125.618
      vertex -5.74025 -40.5439 -125.172
    endloop
  endfacet
  facet normal 0 0.706191 0.708022
    outer loop
      vertex 1.95789 -39.8273 -125.888
      vertex -3.88229 -40.098 -125.618
      vertex 3.88229 -40.098 -125.618
    endloop
  endfacet
  facet normal 0 0.706191 0.708022
    outer loop
      vertex 1.95789 -39.8273 -125.888
      vertex -1.95789 -39.8273 -125.888
      vertex -3.88229 -40.098 -125.618
    endloop
  endfacet
  facet normal -0 0.707884 0.706328
    outer loop
      vertex -1.95789 -39.8273 -125.888
      vertex 1.95789 -39.8273 -125.888
      vertex 0 -39.7365 -125.979
    endloop
  endfacet
  facet normal -0.106909 0.748365 0.654614
    outer loop
      vertex -12.4427 -44.4603 -121.255
      vertex -12.4676 -44.4866 -121.229
      vertex -12.4655 -44.4863 -121.229
    endloop
  endfacet
  facet normal 0.106909 0.748365 0.654614
    outer loop
      vertex 12.4676 -44.4866 -121.229
      vertex 12.4427 -44.4603 -121.255
      vertex 12.4655 -44.4863 -121.229
    endloop
  endfacet
  facet normal -0.946945 -0.227264 0.227257
    outer loop
      vertex -13.8582 -64.3179 -121.229
      vertex -14.2343 -62.7508 -121.229
      vertex -13.8582 -77.0295 -133.941
    endloop
  endfacet
  facet normal -0.195511 -0.693464 0.693457
    outer loop
      vertex -1.95789 -74.2275 -118.225
      vertex -2.7414 -74.1636 -118.382
      vertex -1.95789 -83.4864 -127.484
    endloop
  endfacet
  facet normal 0.321238 -0.669618 0.66964
    outer loop
      vertex 3.88229 -83.2158 -127.755
      vertex 4.99856 -73.915 -118.99
      vertex 3.88229 -74.0705 -118.61
    endloop
  endfacet
  facet normal 0.321461 -0.66958 0.669571
    outer loop
      vertex 4.99856 -73.915 -118.99
      vertex 3.88229 -83.2158 -127.755
      vertex 5.74025 -82.7698 -128.201
    endloop
  endfacet
  facet normal 0.441713 -0.634382 0.634389
    outer loop
      vertex 5.74025 -82.7698 -128.201
      vertex 6.19969 -73.7188 -119.47
      vertex 5.74025 -73.8117 -119.243
    endloop
  endfacet
  facet normal 0.442143 -0.634246 0.634225
    outer loop
      vertex 5.74025 -82.7698 -128.201
      vertex 7.07227 -73.4465 -119.806
      vertex 6.19969 -73.7188 -119.47
    endloop
  endfacet
  facet normal 0.44253 -0.634147 0.634054
    outer loop
      vertex 5.74025 -82.7698 -128.201
      vertex 7.5 -73.25 -119.908
      vertex 7.07227 -73.4465 -119.806
    endloop
  endfacet
  facet normal 0.442094 -0.634246 0.63426
    outer loop
      vertex 7.5 -73.25 -119.908
      vertex 5.74025 -82.7698 -128.201
      vertex 7.5 -82.1562 -128.814
    endloop
  endfacet
  facet normal 0.55545 -0.587988 0.588001
    outer loop
      vertex 7.5 -82.1562 -128.814
      vertex 8.07873 -72.9093 -120.114
      vertex 7.5 -73.25 -119.908
    endloop
  endfacet
  facet normal 0.555908 -0.587793 0.587763
    outer loop
      vertex 7.5 -82.1562 -128.814
      vertex 9.13142 -72.1637 -120.364
      vertex 8.07873 -72.9093 -120.114
    endloop
  endfacet
  facet normal 0.555643 -0.587884 0.587922
    outer loop
      vertex 9.13142 -72.1637 -120.364
      vertex 7.5 -82.1562 -128.814
      vertex 9.13142 -81.3853 -129.585
    endloop
  endfacet
  facet normal 0.321637 -0.669529 0.669537
    outer loop
      vertex 5.74025 -73.8117 -119.243
      vertex 4.99856 -73.915 -118.99
      vertex 5.74025 -82.7698 -128.201
    endloop
  endfacet
  facet normal 0.0653449 -0.705592 0.705599
    outer loop
      vertex 0 -83.5772 -127.393
      vertex 1.15539 -74.2491 -118.172
      vertex 0 -74.2801 -118.096
    endloop
  endfacet
  facet normal 0.0655174 -0.705595 0.705581
    outer loop
      vertex 1.15539 -74.2491 -118.172
      vertex 0 -83.5772 -127.393
      vertex 1.95789 -83.4864 -127.484
    endloop
  endfacet
  facet normal -0.0653449 -0.705592 0.705599
    outer loop
      vertex -1.15539 -74.2491 -118.172
      vertex 0 -83.5772 -127.393
      vertex 0 -74.2801 -118.096
    endloop
  endfacet
  facet normal -0.0655174 -0.705595 0.705581
    outer loop
      vertex 0 -83.5772 -127.393
      vertex -1.15539 -74.2491 -118.172
      vertex -1.95789 -83.4864 -127.484
    endloop
  endfacet
  facet normal 0.997862 0.0462122 -0.0462064
    outer loop
      vertex 15 -72.9706 -138
      vertex 14.8717 -56 -123.798
      vertex 14.9093 -56 -122.986
    endloop
  endfacet
  facet normal 0.997859 0.0462434 -0.0462437
    outer loop
      vertex 14.8717 -56 -123.798
      vertex 15 -72.9706 -138
      vertex 14.8717 -71.5861 -139.384
    endloop
  endfacet
  facet normal 0.751794 0.466272 -0.466256
    outer loop
      vertex 11.9003 -47.0862 -125.029
      vertex 10.6066 -65.4706 -145.5
      vertex 11.7254 -46.8042 -125.029
    endloop
  endfacet
  facet normal 0.751821 0.466249 -0.466237
    outer loop
      vertex 10.6066 -65.4706 -145.5
      vertex 11.9003 -47.0862 -125.029
      vertex 11.9003 -66.5137 -144.457
    endloop
  endfacet
  facet normal 0.556255 0.587659 -0.58757
    outer loop
      vertex 9.13142 -64.5558 -146.415
      vertex 7.5 -41.6288 -125.029
      vertex 7.53518 -41.6621 -125.029
    endloop
  endfacet
  facet normal 0.555619 0.587926 -0.587904
    outer loop
      vertex 7.5 -41.6288 -125.029
      vertex 9.13142 -64.5558 -146.415
      vertex 7.5 -63.785 -147.186
    endloop
  endfacet
  facet normal 0.831458 0.392861 -0.392859
    outer loop
      vertex 12.9904 -67.6673 -143.303
      vertex 12.0627 -47.43 -125.029
      vertex 12.9904 -49.3934 -125.029
    endloop
  endfacet
  facet normal 0.828591 0.363772 -0.425566
    outer loop
      vertex 12.4694 -44.4907 -121.229
      vertex 12.4427 -44.4603 -121.255
      vertex 12.4676 -44.4866 -121.229
    endloop
  endfacet
  facet normal 0.896878 0.312738 -0.312736
    outer loop
      vertex 13.8582 -51.8821 -125.029
      vertex 12.9904 -67.6673 -143.303
      vertex 12.9904 -49.3934 -125.029
    endloop
  endfacet
  facet normal 0.89685 0.312783 -0.312774
    outer loop
      vertex 12.9904 -67.6673 -143.303
      vertex 13.8582 -51.8821 -125.029
      vertex 13.8582 -68.9116 -142.059
    endloop
  endfacet
  facet normal 0.000212556 -0.706743 -0.70747
    outer loop
      vertex 5.74025 -63.1713 -147.799
      vertex 1.95789 -62.4547 -148.516
      vertex 3.88229 -62.7254 -148.245
    endloop
  endfacet
  facet normal -0.0654815 0.705599 -0.70558
    outer loop
      vertex -1.95789 -39.8273 -125.888
      vertex 0 -62.364 -148.607
      vertex -1.95789 -62.4547 -148.516
    endloop
  endfacet
  facet normal -0.0655174 0.705595 -0.70558
    outer loop
      vertex 0 -62.364 -148.607
      vertex -1.95789 -39.8273 -125.888
      vertex 0 -39.7365 -125.979
    endloop
  endfacet
  facet normal -0.321429 0.669577 -0.669589
    outer loop
      vertex -3.88229 -40.098 -125.618
      vertex -5.74025 -63.1713 -147.799
      vertex -5.74025 -40.5439 -125.172
    endloop
  endfacet
  facet normal -0.195214 0.693496 -0.693509
    outer loop
      vertex -1.95789 -62.4547 -148.516
      vertex -3.88229 -62.7254 -148.245
      vertex -3.88229 -40.098 -125.618
    endloop
  endfacet
  facet normal -0.55556 0.587951 -0.587935
    outer loop
      vertex -7.53518 -41.6621 -125.029
      vertex -9.13142 -64.5558 -146.415
      vertex -9.13142 -43.1704 -125.029
    endloop
  endfacet
  facet normal -0.751847 0.466227 -0.466218
    outer loop
      vertex -10.6066 -65.4706 -145.5
      vertex -11.7254 -46.8042 -125.029
      vertex -10.6066 -45 -125.029
    endloop
  endfacet
  facet normal -0.896878 0.312738 -0.312736
    outer loop
      vertex -12.9904 -67.6673 -143.303
      vertex -13.8582 -51.8821 -125.029
      vertex -12.9904 -49.3934 -125.029
    endloop
  endfacet
  facet normal -0.89685 0.312783 -0.312774
    outer loop
      vertex -13.8582 -51.8821 -125.029
      vertex -12.9904 -67.6673 -143.303
      vertex -13.8582 -68.9116 -142.059
    endloop
  endfacet
  facet normal -0.997859 0.0462434 -0.0462437
    outer loop
      vertex -15 -72.9706 -138
      vertex -14.8717 -56 -123.798
      vertex -14.8717 -71.5861 -139.384
    endloop
  endfacet
  facet normal -0.997862 0.0462122 -0.0462064
    outer loop
      vertex -14.8717 -56 -123.798
      vertex -15 -72.9706 -138
      vertex -14.9093 -56 -122.986
    endloop
  endfacet
  facet normal -0.997853 0.0464001 -0.0462295
    outer loop
      vertex -14.9093 -56 -122.986
      vertex -15 -56.2 -121.229
      vertex -14.9907 -56 -121.229
    endloop
  endfacet
  facet normal -0.997859 0.0462482 -0.0462471
    outer loop
      vertex -15 -56.2 -121.229
      vertex -14.9093 -56 -122.986
      vertex -15 -72.9706 -138
    endloop
  endfacet
  facet normal -0.321238 -0.669618 0.66964
    outer loop
      vertex -4.99856 -73.915 -118.99
      vertex -3.88229 -83.2158 -127.755
      vertex -3.88229 -74.0705 -118.61
    endloop
  endfacet
  facet normal -0.321461 -0.66958 0.669571
    outer loop
      vertex -3.88229 -83.2158 -127.755
      vertex -4.99856 -73.915 -118.99
      vertex -5.74025 -82.7698 -128.201
    endloop
  endfacet
  facet normal -0.55545 -0.587988 0.588001
    outer loop
      vertex -8.07873 -72.9093 -120.114
      vertex -7.5 -82.1562 -128.814
      vertex -7.5 -73.25 -119.908
    endloop
  endfacet
  facet normal -0.555908 -0.587793 0.587763
    outer loop
      vertex -9.13142 -72.1637 -120.364
      vertex -7.5 -82.1562 -128.814
      vertex -8.07873 -72.9093 -120.114
    endloop
  endfacet
  facet normal -0.555643 -0.587884 0.587922
    outer loop
      vertex -7.5 -82.1562 -128.814
      vertex -9.13142 -72.1637 -120.364
      vertex -9.13142 -81.3853 -129.585
    endloop
  endfacet
  facet normal -0.441713 -0.634382 0.634389
    outer loop
      vertex -6.19969 -73.7188 -119.47
      vertex -5.74025 -82.7698 -128.201
      vertex -5.74025 -73.8117 -119.243
    endloop
  endfacet
  facet normal -0.442143 -0.634246 0.634225
    outer loop
      vertex -7.07227 -73.4465 -119.806
      vertex -5.74025 -82.7698 -128.201
      vertex -6.19969 -73.7188 -119.47
    endloop
  endfacet
  facet normal -0.44253 -0.634147 0.634054
    outer loop
      vertex -7.5 -73.25 -119.908
      vertex -5.74025 -82.7698 -128.201
      vertex -7.07227 -73.4465 -119.806
    endloop
  endfacet
  facet normal -0.442094 -0.634246 0.63426
    outer loop
      vertex -5.74025 -82.7698 -128.201
      vertex -7.5 -73.25 -119.908
      vertex -7.5 -82.1562 -128.814
    endloop
  endfacet
  facet normal -0.831229 -0.393134 0.393071
    outer loop
      vertex -12.9904 -78.2739 -132.697
      vertex -12.3325 -68.0918 -121.122
      vertex -12.461 -67.8451 -121.147
    endloop
  endfacet
  facet normal -0.831484 -0.392839 0.392826
    outer loop
      vertex -12.9904 -78.2739 -132.697
      vertex -11.9003 -68.8796 -120.995
      vertex -12.3325 -68.0918 -121.122
    endloop
  endfacet
  facet normal -0.831512 -0.392804 0.392801
    outer loop
      vertex -11.9003 -68.8796 -120.995
      vertex -12.9904 -78.2739 -132.697
      vertex -11.9003 -79.4275 -131.543
    endloop
  endfacet
  facet normal -0.751684 -0.466356 0.466351
    outer loop
      vertex -11.9003 -79.4275 -131.543
      vertex -11.3423 -69.682 -120.898
      vertex -11.9003 -68.8796 -120.995
    endloop
  endfacet
  facet normal -0.751946 -0.466128 0.466157
    outer loop
      vertex -11.9003 -79.4275 -131.543
      vertex -10.6066 -70.6748 -120.704
      vertex -11.3423 -69.682 -120.898
    endloop
  endfacet
  facet normal -0.751821 -0.466248 0.466239
    outer loop
      vertex -10.6066 -70.6748 -120.704
      vertex -11.9003 -79.4275 -131.543
      vertex -10.6066 -80.4706 -130.5
    endloop
  endfacet
  facet normal -0.658715 -0.532028 0.532017
    outer loop
      vertex -10.6066 -80.4706 -130.5
      vertex -10.2824 -71.0252 -120.653
      vertex -10.6066 -70.6748 -120.704
    endloop
  endfacet
  facet normal -0.659813 -0.531314 0.531369
    outer loop
      vertex -10.6066 -80.4706 -130.5
      vertex -9.74722 -71.5578 -120.521
      vertex -10.2824 -71.0252 -120.653
    endloop
  endfacet
  facet normal -0.659373 -0.531622 0.531606
    outer loop
      vertex -9.74722 -71.5578 -120.521
      vertex -10.6066 -80.4706 -130.5
      vertex -9.13142 -81.3853 -129.585
    endloop
  endfacet
  facet normal -0.000217923 -0.707128 -0.707085
    outer loop
      vertex 12.8888 -74.1704 -136.8
      vertex 14.8717 -74.355 -136.616
      vertex 14.4889 -75.7158 -135.255
    endloop
  endfacet
  facet normal -6.1592e-05 -0.707173 -0.707041
    outer loop
      vertex 12.557 -75.3497 -135.621
      vertex 14.4889 -75.7158 -135.255
      vertex 13.8582 -77.0295 -133.941
    endloop
  endfacet
  facet normal -0.000228675 -0.707186 -0.707028
    outer loop
      vertex 12.9983 -72.9887 -137.982
      vertex 14.8717 -74.355 -136.616
      vertex 12.8888 -74.1704 -136.8
    endloop
  endfacet
  facet normal 0 -0.703189 -0.711003
    outer loop
      vertex 12.9983 -72.9524 -138.018
      vertex 15 -72.9706 -138
      vertex 13 -72.9706 -138
    endloop
  endfacet
  facet normal -0 -0.705145 -0.709063
    outer loop
      vertex 15 -72.9706 -138
      vertex 12.9983 -72.9887 -137.982
      vertex 13 -72.9706 -138
    endloop
  endfacet
  facet normal 3.35107e-05 -0.707006 -0.707207
    outer loop
      vertex 14.8717 -74.355 -136.616
      vertex 12.9983 -72.9887 -137.982
      vertex 15 -72.9706 -138
    endloop
  endfacet
  facet normal -2.38703e-06 -0.707016 -0.707197
    outer loop
      vertex 14.4889 -75.7158 -135.255
      vertex 12.557 -75.3497 -135.621
      vertex 12.8888 -74.1704 -136.8
    endloop
  endfacet
  facet normal -0.000234401 -0.70724 -0.706974
    outer loop
      vertex 13.8582 -77.0295 -133.941
      vertex 12.0187 -76.4711 -134.499
      vertex 12.557 -75.3497 -135.621
    endloop
  endfacet
  facet normal 0.00205339 -0.703459 -0.710733
    outer loop
      vertex 13.8582 -77.0295 -133.941
      vertex 12.0104 -76.4883 -134.482
      vertex 12.0187 -76.4711 -134.499
    endloop
  endfacet
  facet normal -3.26886e-05 -0.707093 -0.70712
    outer loop
      vertex 11.2697 -77.5504 -133.42
      vertex 13.8582 -77.0295 -133.941
      vertex 11.9003 -79.4275 -131.543
    endloop
  endfacet
  facet normal -4.73649e-05 -0.707057 -0.707157
    outer loop
      vertex 13.8582 -77.0295 -133.941
      vertex 11.2697 -77.5504 -133.42
      vertex 12.0104 -76.4883 -134.482
    endloop
  endfacet
  facet normal 0.0167547 -0.704169 -0.709835
    outer loop
      vertex 11.9003 -79.4275 -131.543
      vertex 11.2583 -77.5668 -133.404
      vertex 11.2697 -77.5504 -133.42
    endloop
  endfacet
  facet normal 0.00371561 -0.706518 -0.707686
    outer loop
      vertex 11.9003 -79.4275 -131.543
      vertex 11.244 -77.5819 -133.389
      vertex 11.2583 -77.5668 -133.404
    endloop
  endfacet
  facet normal 2.19879e-05 -0.707087 -0.707127
    outer loop
      vertex 10.3136 -78.5665 -132.404
      vertex 11.9003 -79.4275 -131.543
      vertex 10.6066 -80.4706 -130.5
    endloop
  endfacet
  facet normal -0.00010303 -0.707202 -0.707012
    outer loop
      vertex 11.9003 -79.4275 -131.543
      vertex 10.3136 -78.5665 -132.404
      vertex 11.244 -77.5819 -133.389
    endloop
  endfacet
  facet normal 0.000201242 -0.707073 -0.707141
    outer loop
      vertex 10.6066 -80.4706 -130.5
      vertex 9.20938 -79.4569 -131.514
      vertex 10.3136 -78.5665 -132.404
    endloop
  endfacet
  facet normal -0.00579944 -0.711184 -0.702982
    outer loop
      vertex 10.6066 -80.4706 -130.5
      vertex 9.19239 -79.4706 -131.5
      vertex 9.20938 -79.4569 -131.514
    endloop
  endfacet
  facet normal 0 -0.707107 -0.707107
    outer loop
      vertex 10.6066 -80.4706 -130.5
      vertex 9.17302 -79.4826 -131.488
      vertex 9.19239 -79.4706 -131.5
    endloop
  endfacet
  facet normal -7.56906e-05 -0.707162 -0.707052
    outer loop
      vertex 9.13142 -81.3853 -129.585
      vertex 9.17302 -79.4826 -131.488
      vertex 10.6066 -80.4706 -130.5
    endloop
  endfacet
  facet normal -4.3771e-05 -0.707162 -0.707052
    outer loop
      vertex 9.13142 -81.3853 -129.585
      vertex 7.9139 -80.2634 -130.707
      vertex 9.17302 -79.4826 -131.488
    endloop
  endfacet
  facet normal -8.96326e-06 -0.707143 -0.70707
    outer loop
      vertex 7.5 -82.1562 -128.814
      vertex 7.9139 -80.2634 -130.707
      vertex 9.13142 -81.3853 -129.585
    endloop
  endfacet
  facet normal 3.93641e-05 -0.707148 -0.707065
    outer loop
      vertex 7.5 -82.1562 -128.814
      vertex 6.5 -80.9314 -130.039
      vertex 7.9139 -80.2634 -130.707
    endloop
  endfacet
  facet normal 0.000219016 -0.707075 -0.707138
    outer loop
      vertex 5.74025 -82.7698 -128.201
      vertex 6.5 -80.9314 -130.039
      vertex 7.5 -82.1562 -128.814
    endloop
  endfacet
  facet normal -0.000172725 -0.706994 -0.707219
    outer loop
      vertex 5.74025 -82.7698 -128.201
      vertex 4.99799 -81.4552 -129.515
      vertex 6.5 -80.9314 -130.039
    endloop
  endfacet
  facet normal -9.3472e-05 -0.706972 -0.707242
    outer loop
      vertex 5.74025 -82.7698 -128.201
      vertex 4.97488 -81.4632 -129.507
      vertex 4.99799 -81.4552 -129.515
    endloop
  endfacet
  facet normal -0.00260591 -0.707705 -0.706503
    outer loop
      vertex 5.74025 -82.7698 -128.201
      vertex 4.95049 -81.4691 -129.501
      vertex 4.97488 -81.4632 -129.507
    endloop
  endfacet
  facet normal -7.97472e-05 -0.706941 -0.707273
    outer loop
      vertex 3.88229 -83.2158 -127.755
      vertex 4.95049 -81.4691 -129.501
      vertex 5.74025 -82.7698 -128.201
    endloop
  endfacet
  facet normal 0.000233868 -0.707037 -0.707177
    outer loop
      vertex 3.88229 -83.2158 -127.755
      vertex 3.36465 -81.8497 -129.121
      vertex 4.95049 -81.4691 -129.501
    endloop
  endfacet
  facet normal -0.000146452 -0.707109 -0.707105
    outer loop
      vertex 1.95789 -83.4864 -127.484
      vertex 3.36465 -81.8497 -129.121
      vertex 3.88229 -83.2158 -127.755
    endloop
  endfacet
  facet normal -0.000172176 -0.707098 -0.707116
    outer loop
      vertex 1.95789 -83.4864 -127.484
      vertex 1.69684 -82.0843 -128.886
      vertex 3.36465 -81.8497 -129.121
    endloop
  endfacet
  facet normal 0.000207449 -0.707062 -0.707151
    outer loop
      vertex 1.95789 -83.4864 -127.484
      vertex 0.0257097 -82.1618 -128.809
      vertex 1.69684 -82.0843 -128.886
    endloop
  endfacet
  facet normal 0.00260395 -0.70531 -0.708894
    outer loop
      vertex 1.95789 -83.4864 -127.484
      vertex 0 -82.1629 -128.808
      vertex 0.0257097 -82.1618 -128.809
    endloop
  endfacet
  facet normal 0 -0.70724 -0.706973
    outer loop
      vertex -1.95789 -83.4864 -127.484
      vertex 0 -82.1629 -128.808
      vertex 1.95789 -83.4864 -127.484
    endloop
  endfacet
  facet normal -0.00260395 -0.70531 -0.708894
    outer loop
      vertex 0 -82.1629 -128.808
      vertex -1.95789 -83.4864 -127.484
      vertex -0.0257097 -82.1618 -128.809
    endloop
  endfacet
  facet normal -0.000207449 -0.707062 -0.707151
    outer loop
      vertex -0.0257097 -82.1618 -128.809
      vertex -1.95789 -83.4864 -127.484
      vertex -1.69684 -82.0843 -128.886
    endloop
  endfacet
  facet normal 0.000172176 -0.707098 -0.707116
    outer loop
      vertex -1.95789 -83.4864 -127.484
      vertex -3.36465 -81.8497 -129.121
      vertex -1.69684 -82.0843 -128.886
    endloop
  endfacet
  facet normal 0.000146452 -0.707109 -0.707105
    outer loop
      vertex -3.88229 -83.2158 -127.755
      vertex -3.36465 -81.8497 -129.121
      vertex -1.95789 -83.4864 -127.484
    endloop
  endfacet
  facet normal -0.000233868 -0.707037 -0.707177
    outer loop
      vertex -3.88229 -83.2158 -127.755
      vertex -4.95049 -81.4691 -129.501
      vertex -3.36465 -81.8497 -129.121
    endloop
  endfacet
  facet normal 7.97472e-05 -0.706941 -0.707273
    outer loop
      vertex -5.74025 -82.7698 -128.201
      vertex -4.95049 -81.4691 -129.501
      vertex -3.88229 -83.2158 -127.755
    endloop
  endfacet
  facet normal 0.00260591 -0.707705 -0.706503
    outer loop
      vertex -4.95049 -81.4691 -129.501
      vertex -5.74025 -82.7698 -128.201
      vertex -4.97488 -81.4632 -129.507
    endloop
  endfacet
  facet normal 9.3472e-05 -0.706972 -0.707242
    outer loop
      vertex -4.97488 -81.4632 -129.507
      vertex -5.74025 -82.7698 -128.201
      vertex -4.99799 -81.4552 -129.515
    endloop
  endfacet
  facet normal 0.000172725 -0.706994 -0.707219
    outer loop
      vertex -5.74025 -82.7698 -128.201
      vertex -6.5 -80.9314 -130.039
      vertex -4.99799 -81.4552 -129.515
    endloop
  endfacet
  facet normal -0.000219016 -0.707075 -0.707138
    outer loop
      vertex -7.5 -82.1562 -128.814
      vertex -6.5 -80.9314 -130.039
      vertex -5.74025 -82.7698 -128.201
    endloop
  endfacet
  facet normal -3.93641e-05 -0.707148 -0.707065
    outer loop
      vertex -7.5 -82.1562 -128.814
      vertex -7.9139 -80.2634 -130.707
      vertex -6.5 -80.9314 -130.039
    endloop
  endfacet
  facet normal 8.96326e-06 -0.707143 -0.70707
    outer loop
      vertex -9.13142 -81.3853 -129.585
      vertex -7.9139 -80.2634 -130.707
      vertex -7.5 -82.1562 -128.814
    endloop
  endfacet
  facet normal 4.3771e-05 -0.707162 -0.707052
    outer loop
      vertex -9.13142 -81.3853 -129.585
      vertex -9.17302 -79.4826 -131.488
      vertex -7.9139 -80.2634 -130.707
    endloop
  endfacet
  facet normal 7.56906e-05 -0.707162 -0.707052
    outer loop
      vertex -10.6066 -80.4706 -130.5
      vertex -9.17302 -79.4826 -131.488
      vertex -9.13142 -81.3853 -129.585
    endloop
  endfacet
  facet normal 0 -0.707107 -0.707107
    outer loop
      vertex -9.17302 -79.4826 -131.488
      vertex -10.6066 -80.4706 -130.5
      vertex -9.19239 -79.4706 -131.5
    endloop
  endfacet
  facet normal 0.00579944 -0.711184 -0.702982
    outer loop
      vertex -9.19239 -79.4706 -131.5
      vertex -10.6066 -80.4706 -130.5
      vertex -9.20938 -79.4569 -131.514
    endloop
  endfacet
  facet normal -0.000201242 -0.707073 -0.707141
    outer loop
      vertex -9.20938 -79.4569 -131.514
      vertex -10.6066 -80.4706 -130.5
      vertex -10.3136 -78.5665 -132.404
    endloop
  endfacet
  facet normal -2.19879e-05 -0.707087 -0.707127
    outer loop
      vertex -11.9003 -79.4275 -131.543
      vertex -10.3136 -78.5665 -132.404
      vertex -10.6066 -80.4706 -130.5
    endloop
  endfacet
  facet normal 0.00010303 -0.707202 -0.707012
    outer loop
      vertex -10.3136 -78.5665 -132.404
      vertex -11.9003 -79.4275 -131.543
      vertex -11.244 -77.5819 -133.389
    endloop
  endfacet
  facet normal -0.00371561 -0.706518 -0.707686
    outer loop
      vertex -11.244 -77.5819 -133.389
      vertex -11.9003 -79.4275 -131.543
      vertex -11.2583 -77.5668 -133.404
    endloop
  endfacet
  facet normal -0.0167547 -0.704169 -0.709835
    outer loop
      vertex -11.2583 -77.5668 -133.404
      vertex -11.9003 -79.4275 -131.543
      vertex -11.2697 -77.5504 -133.42
    endloop
  endfacet
  facet normal 3.26886e-05 -0.707093 -0.70712
    outer loop
      vertex -13.8582 -77.0295 -133.941
      vertex -11.2697 -77.5504 -133.42
      vertex -11.9003 -79.4275 -131.543
    endloop
  endfacet
  facet normal 4.73649e-05 -0.707057 -0.707157
    outer loop
      vertex -11.2697 -77.5504 -133.42
      vertex -13.8582 -77.0295 -133.941
      vertex -12.0104 -76.4883 -134.482
    endloop
  endfacet
  facet normal -0.00205339 -0.703459 -0.710733
    outer loop
      vertex -12.0104 -76.4883 -134.482
      vertex -13.8582 -77.0295 -133.941
      vertex -12.0187 -76.4711 -134.499
    endloop
  endfacet
  facet normal 0.000234401 -0.70724 -0.706974
    outer loop
      vertex -12.0187 -76.4711 -134.499
      vertex -13.8582 -77.0295 -133.941
      vertex -12.557 -75.3497 -135.621
    endloop
  endfacet
  facet normal 0.000228675 -0.707186 -0.707028
    outer loop
      vertex -14.8717 -74.355 -136.616
      vertex -12.9983 -72.9887 -137.982
      vertex -12.8888 -74.1704 -136.8
    endloop
  endfacet
  facet normal 2.38703e-06 -0.707016 -0.707197
    outer loop
      vertex -12.557 -75.3497 -135.621
      vertex -14.4889 -75.7158 -135.255
      vertex -12.8888 -74.1704 -136.8
    endloop
  endfacet
  facet normal 6.1592e-05 -0.707173 -0.707041
    outer loop
      vertex -14.4889 -75.7158 -135.255
      vertex -12.557 -75.3497 -135.621
      vertex -13.8582 -77.0295 -133.941
    endloop
  endfacet
  facet normal -7.23342e-05 -0.7072 -0.707014
    outer loop
      vertex 12.8888 -71.7707 -139.2
      vertex 15 -72.9706 -138
      vertex 12.9983 -72.9524 -138.018
    endloop
  endfacet
  facet normal 3.98673e-05 -0.707101 -0.707112
    outer loop
      vertex 15 -72.9706 -138
      vertex 12.8888 -71.7707 -139.2
      vertex 13.8582 -68.9116 -142.059
    endloop
  endfacet
  facet normal -0.000352743 -0.707035 -0.707179
    outer loop
      vertex 12.5621 -70.6093 -140.361
      vertex 13.8582 -68.9116 -142.059
      vertex 12.8888 -71.7707 -139.2
    endloop
  endfacet
  facet normal 0.00364137 -0.708553 -0.705648
    outer loop
      vertex 12.557 -70.5914 -140.379
      vertex 13.8582 -68.9116 -142.059
      vertex 12.5621 -70.6093 -140.361
    endloop
  endfacet
  facet normal -0.00994058 -0.703254 -0.710869
    outer loop
      vertex 12.5488 -70.5741 -140.396
      vertex 13.8582 -68.9116 -142.059
      vertex 12.557 -70.5914 -140.379
    endloop
  endfacet
  facet normal 0.000180403 -0.707284 -0.706929
    outer loop
      vertex 12.0104 -69.4528 -141.518
      vertex 13.8582 -68.9116 -142.059
      vertex 12.5488 -70.5741 -140.396
    endloop
  endfacet
  facet normal 2.2093e-05 -0.707014 -0.7072
    outer loop
      vertex 13.8582 -68.9116 -142.059
      vertex 12.0104 -69.4528 -141.518
      vertex 12.9904 -67.6673 -143.303
    endloop
  endfacet
  facet normal 0.000105476 -0.707037 -0.707177
    outer loop
      vertex 11.2697 -68.3907 -142.58
      vertex 12.9904 -67.6673 -143.303
      vertex 12.0104 -69.4528 -141.518
    endloop
  endfacet
  facet normal -0.00413059 -0.701973 -0.712192
    outer loop
      vertex 11.2583 -68.3744 -142.596
      vertex 12.9904 -67.6673 -143.303
      vertex 11.2697 -68.3907 -142.58
    endloop
  endfacet
  facet normal -0.00272773 -0.703705 -0.710487
    outer loop
      vertex 11.244 -68.3592 -142.611
      vertex 12.9904 -67.6673 -143.303
      vertex 11.2583 -68.3744 -142.596
    endloop
  endfacet
  facet normal 5.33401e-05 -0.707225 -0.706988
    outer loop
      vertex 10.3136 -67.3746 -143.596
      vertex 12.9904 -67.6673 -143.303
      vertex 11.244 -68.3592 -142.611
    endloop
  endfacet
  facet normal 7.79363e-05 -0.707113 -0.707101
    outer loop
      vertex 12.9904 -67.6673 -143.303
      vertex 10.3136 -67.3746 -143.596
      vertex 10.6066 -65.4706 -145.5
    endloop
  endfacet
  facet normal -0.000170909 -0.707094 -0.70712
    outer loop
      vertex 9.20938 -66.4843 -144.486
      vertex 10.6066 -65.4706 -145.5
      vertex 10.3136 -67.3746 -143.596
    endloop
  endfacet
  facet normal 0.00579944 -0.711184 -0.702982
    outer loop
      vertex 9.19239 -66.4706 -144.5
      vertex 10.6066 -65.4706 -145.5
      vertex 9.20938 -66.4843 -144.486
    endloop
  endfacet
  facet normal 5.10723e-05 -0.707143 -0.707071
    outer loop
      vertex 9.19239 -66.4706 -144.5
      vertex 9.13142 -64.5558 -146.415
      vertex 10.6066 -65.4706 -145.5
    endloop
  endfacet
  facet normal 6.78542e-05 -0.707143 -0.707071
    outer loop
      vertex 7.93327 -65.6898 -145.281
      vertex 9.13142 -64.5558 -146.415
      vertex 9.19239 -66.4706 -144.5
    endloop
  endfacet
  facet normal -0.0022027 -0.70594 -0.708268
    outer loop
      vertex 7.9139 -65.6777 -145.293
      vertex 9.13142 -64.5558 -146.415
      vertex 7.93327 -65.6898 -145.281
    endloop
  endfacet
  facet normal 3.76159e-05 -0.707159 -0.707055
    outer loop
      vertex 7.9139 -65.6777 -145.293
      vertex 7.5 -63.785 -147.186
      vertex 9.13142 -64.5558 -146.415
    endloop
  endfacet
  facet normal -5.9048e-05 -0.707169 -0.707044
    outer loop
      vertex 6.5 -65.0097 -145.961
      vertex 7.5 -63.785 -147.186
      vertex 7.9139 -65.6777 -145.293
    endloop
  endfacet
  facet normal -0.000265959 -0.707085 -0.707129
    outer loop
      vertex 6.5 -65.0097 -145.961
      vertex 5.74025 -63.1713 -147.799
      vertex 7.5 -63.785 -147.186
    endloop
  endfacet
  facet normal 0.000171047 -0.706994 -0.707219
    outer loop
      vertex 4.97488 -64.4779 -146.493
      vertex 5.74025 -63.1713 -147.799
      vertex 6.5 -65.0097 -145.961
    endloop
  endfacet
  facet normal -0.000124204 -0.706908 -0.707306
    outer loop
      vertex 3.36465 -64.0914 -146.879
      vertex 5.74025 -63.1713 -147.799
      vertex 4.97488 -64.4779 -146.493
    endloop
  endfacet
  facet normal 0.0128302 -0.701579 -0.712476
    outer loop
      vertex 1.95789 -62.4547 -148.516
      vertex 3.36465 -64.0914 -146.879
      vertex 3.33938 -64.0878 -146.883
    endloop
  endfacet
  facet normal 5.99899e-05 -0.707146 -0.707068
    outer loop
      vertex 3.36465 -64.0914 -146.879
      vertex 1.95789 -62.4547 -148.516
      vertex 5.74025 -63.1713 -147.799
    endloop
  endfacet
  facet normal 6.91181e-06 -0.707082 -0.707131
    outer loop
      vertex 1.69684 -63.8568 -147.114
      vertex 1.95789 -62.4547 -148.516
      vertex 3.33938 -64.0878 -146.883
    endloop
  endfacet
  facet normal -0.00018325 -0.707258 -0.706955
    outer loop
      vertex 0 -62.364 -148.607
      vertex 1.69684 -63.8568 -147.114
      vertex 0.0257097 -63.7794 -147.191
    endloop
  endfacet
  facet normal -0.00551773 -0.707296 -0.706896
    outer loop
      vertex 0 -62.364 -148.607
      vertex 0.0257097 -63.7794 -147.191
      vertex 0 -63.7782 -147.192
    endloop
  endfacet
  facet normal 0.000109739 -0.707092 -0.707122
    outer loop
      vertex 1.69684 -63.8568 -147.114
      vertex 0 -62.364 -148.607
      vertex 1.95789 -62.4547 -148.516
    endloop
  endfacet
  facet normal 0.00551773 -0.707296 -0.706896
    outer loop
      vertex -0.0257097 -63.7794 -147.191
      vertex 0 -62.364 -148.607
      vertex 0 -63.7782 -147.192
    endloop
  endfacet
  facet normal 0.00018325 -0.707258 -0.706955
    outer loop
      vertex -1.69684 -63.8568 -147.114
      vertex 0 -62.364 -148.607
      vertex -0.0257097 -63.7794 -147.191
    endloop
  endfacet
  facet normal -0.000109739 -0.707092 -0.707122
    outer loop
      vertex -1.69684 -63.8568 -147.114
      vertex -1.95789 -62.4547 -148.516
      vertex 0 -62.364 -148.607
    endloop
  endfacet
  facet normal -6.91181e-06 -0.707082 -0.707131
    outer loop
      vertex -3.33938 -64.0878 -146.883
      vertex -1.95789 -62.4547 -148.516
      vertex -1.69684 -63.8568 -147.114
    endloop
  endfacet
  facet normal -0.0128302 -0.701579 -0.712476
    outer loop
      vertex -3.36465 -64.0914 -146.879
      vertex -1.95789 -62.4547 -148.516
      vertex -3.33938 -64.0878 -146.883
    endloop
  endfacet
  facet normal 0.000124204 -0.706908 -0.707306
    outer loop
      vertex -5.74025 -63.1713 -147.799
      vertex -3.36465 -64.0914 -146.879
      vertex -4.97488 -64.4779 -146.493
    endloop
  endfacet
  facet normal -5.99899e-05 -0.707146 -0.707068
    outer loop
      vertex -3.36465 -64.0914 -146.879
      vertex -5.74025 -63.1713 -147.799
      vertex -1.95789 -62.4547 -148.516
    endloop
  endfacet
  facet normal -0.000171047 -0.706994 -0.707219
    outer loop
      vertex -6.5 -65.0097 -145.961
      vertex -5.74025 -63.1713 -147.799
      vertex -4.97488 -64.4779 -146.493
    endloop
  endfacet
  facet normal 0.000265959 -0.707085 -0.707129
    outer loop
      vertex -6.5 -65.0097 -145.961
      vertex -7.5 -63.785 -147.186
      vertex -5.74025 -63.1713 -147.799
    endloop
  endfacet
  facet normal 5.9048e-05 -0.707169 -0.707044
    outer loop
      vertex -7.9139 -65.6777 -145.293
      vertex -7.5 -63.785 -147.186
      vertex -6.5 -65.0097 -145.961
    endloop
  endfacet
  facet normal 0.0022027 -0.70594 -0.708268
    outer loop
      vertex -9.13142 -64.5558 -146.415
      vertex -7.9139 -65.6777 -145.293
      vertex -7.93327 -65.6898 -145.281
    endloop
  endfacet
  facet normal -3.76159e-05 -0.707159 -0.707055
    outer loop
      vertex -7.9139 -65.6777 -145.293
      vertex -9.13142 -64.5558 -146.415
      vertex -7.5 -63.785 -147.186
    endloop
  endfacet
  facet normal -6.78542e-05 -0.707143 -0.707071
    outer loop
      vertex -9.19239 -66.4706 -144.5
      vertex -9.13142 -64.5558 -146.415
      vertex -7.93327 -65.6898 -145.281
    endloop
  endfacet
  facet normal -0.00579944 -0.711184 -0.702982
    outer loop
      vertex -10.6066 -65.4706 -145.5
      vertex -9.19239 -66.4706 -144.5
      vertex -9.20938 -66.4843 -144.486
    endloop
  endfacet
  facet normal 0.000170909 -0.707094 -0.70712
    outer loop
      vertex -10.6066 -65.4706 -145.5
      vertex -9.20938 -66.4843 -144.486
      vertex -10.3136 -67.3746 -143.596
    endloop
  endfacet
  facet normal -5.10723e-05 -0.707143 -0.707071
    outer loop
      vertex -9.19239 -66.4706 -144.5
      vertex -10.6066 -65.4706 -145.5
      vertex -9.13142 -64.5558 -146.415
    endloop
  endfacet
  facet normal -5.33401e-05 -0.707225 -0.706988
    outer loop
      vertex -12.9904 -67.6673 -143.303
      vertex -10.3136 -67.3746 -143.596
      vertex -11.244 -68.3592 -142.611
    endloop
  endfacet
  facet normal 0.00272773 -0.703705 -0.710487
    outer loop
      vertex -12.9904 -67.6673 -143.303
      vertex -11.244 -68.3592 -142.611
      vertex -11.2583 -68.3744 -142.596
    endloop
  endfacet
  facet normal 0.00413059 -0.701973 -0.712192
    outer loop
      vertex -12.9904 -67.6673 -143.303
      vertex -11.2583 -68.3744 -142.596
      vertex -11.2697 -68.3907 -142.58
    endloop
  endfacet
  facet normal -0.000105476 -0.707037 -0.707177
    outer loop
      vertex -12.9904 -67.6673 -143.303
      vertex -11.2697 -68.3907 -142.58
      vertex -12.0104 -69.4528 -141.518
    endloop
  endfacet
  facet normal -0.000180403 -0.707284 -0.706929
    outer loop
      vertex -13.8582 -68.9116 -142.059
      vertex -12.0104 -69.4528 -141.518
      vertex -12.5488 -70.5741 -140.396
    endloop
  endfacet
  facet normal 0.00994058 -0.703254 -0.710869
    outer loop
      vertex -13.8582 -68.9116 -142.059
      vertex -12.5488 -70.5741 -140.396
      vertex -12.557 -70.5914 -140.379
    endloop
  endfacet
  facet normal -7.79363e-05 -0.707113 -0.707101
    outer loop
      vertex -10.3136 -67.3746 -143.596
      vertex -12.9904 -67.6673 -143.303
      vertex -10.6066 -65.4706 -145.5
    endloop
  endfacet
  facet normal -0.00364137 -0.708553 -0.705648
    outer loop
      vertex -13.8582 -68.9116 -142.059
      vertex -12.557 -70.5914 -140.379
      vertex -12.5621 -70.6093 -140.361
    endloop
  endfacet
  facet normal 0.000352743 -0.707035 -0.707179
    outer loop
      vertex -13.8582 -68.9116 -142.059
      vertex -12.5621 -70.6093 -140.361
      vertex -12.8888 -71.7707 -139.2
    endloop
  endfacet
  facet normal 7.23342e-05 -0.7072 -0.707014
    outer loop
      vertex -15 -72.9706 -138
      vertex -12.8888 -71.7707 -139.2
      vertex -12.9983 -72.9524 -138.018
    endloop
  endfacet
  facet normal 0 -0.703189 -0.711003
    outer loop
      vertex -15 -72.9706 -138
      vertex -12.9983 -72.9524 -138.018
      vertex -13 -72.9706 -138
    endloop
  endfacet
  facet normal 0.000217923 -0.707128 -0.707085
    outer loop
      vertex -14.8717 -74.355 -136.616
      vertex -12.8888 -74.1704 -136.8
      vertex -14.4889 -75.7158 -135.255
    endloop
  endfacet
  facet normal -2.2093e-05 -0.707014 -0.7072
    outer loop
      vertex -12.0104 -69.4528 -141.518
      vertex -13.8582 -68.9116 -142.059
      vertex -12.9904 -67.6673 -143.303
    endloop
  endfacet
  facet normal -3.35107e-05 -0.707006 -0.707207
    outer loop
      vertex -15 -72.9706 -138
      vertex -12.9983 -72.9887 -137.982
      vertex -14.8717 -74.355 -136.616
    endloop
  endfacet
  facet normal 0 -0.705145 -0.709063
    outer loop
      vertex -12.9983 -72.9887 -137.982
      vertex -15 -72.9706 -138
      vertex -13 -72.9706 -138
    endloop
  endfacet
  facet normal -3.98673e-05 -0.707101 -0.707112
    outer loop
      vertex -12.8888 -71.7707 -139.2
      vertex -15 -72.9706 -138
      vertex -13.8582 -68.9116 -142.059
    endloop
  endfacet
  facet normal -0.980785 -0.137955 0.137947
    outer loop
      vertex -14.8717 -74.355 -136.616
      vertex -14.4889 -61.6904 -121.229
      vertex -14.8717 -58.9689 -121.229
    endloop
  endfacet
  facet normal -0.980788 -0.137943 0.137937
    outer loop
      vertex -14.4889 -61.6904 -121.229
      vertex -14.8717 -74.355 -136.616
      vertex -14.4889 -75.7158 -135.255
    endloop
  endfacet
  facet normal -0.946905 -0.22735 0.22734
    outer loop
      vertex -14.4889 -75.7158 -135.255
      vertex -14.2343 -62.7508 -121.229
      vertex -14.4889 -61.6904 -121.229
    endloop
  endfacet
  facet normal -0.946934 -0.227285 0.227281
    outer loop
      vertex -14.2343 -62.7508 -121.229
      vertex -14.4889 -75.7158 -135.255
      vertex -13.8582 -77.0295 -133.941
    endloop
  endfacet
  facet normal 0.946945 -0.227264 0.227257
    outer loop
      vertex 13.8582 -64.3179 -121.229
      vertex 13.8582 -77.0295 -133.941
      vertex 14.2343 -62.7508 -121.229
    endloop
  endfacet
  facet normal 0.896878 -0.312743 0.312733
    outer loop
      vertex 13.8582 -64.3179 -121.229
      vertex 13.3961 -65.6431 -121.229
      vertex 13.8582 -77.0295 -133.941
    endloop
  endfacet
  facet normal 0.751684 -0.466356 0.466351
    outer loop
      vertex 11.3423 -69.682 -120.898
      vertex 11.9003 -79.4275 -131.543
      vertex 11.9003 -68.8796 -120.995
    endloop
  endfacet
  facet normal 0.751946 -0.466128 0.466157
    outer loop
      vertex 10.6066 -70.6748 -120.704
      vertex 11.9003 -79.4275 -131.543
      vertex 11.3423 -69.682 -120.898
    endloop
  endfacet
  facet normal 0.751821 -0.466248 0.466239
    outer loop
      vertex 11.9003 -79.4275 -131.543
      vertex 10.6066 -70.6748 -120.704
      vertex 10.6066 -80.4706 -130.5
    endloop
  endfacet
  facet normal 0.658715 -0.532028 0.532017
    outer loop
      vertex 10.2824 -71.0252 -120.653
      vertex 10.6066 -80.4706 -130.5
      vertex 10.6066 -70.6748 -120.704
    endloop
  endfacet
  facet normal 0.659813 -0.531314 0.531369
    outer loop
      vertex 9.74722 -71.5578 -120.521
      vertex 10.6066 -80.4706 -130.5
      vertex 10.2824 -71.0252 -120.653
    endloop
  endfacet
  facet normal 0.659373 -0.531622 0.531606
    outer loop
      vertex 10.6066 -80.4706 -130.5
      vertex 9.74722 -71.5578 -120.521
      vertex 9.13142 -81.3853 -129.585
    endloop
  endfacet
  facet normal 0.195511 -0.693464 0.693457
    outer loop
      vertex 1.95789 -74.2275 -118.225
      vertex 1.95789 -83.4864 -127.484
      vertex 2.7414 -74.1636 -118.382
    endloop
  endfacet
  facet normal -0.000242782 -0.707219 -0.706995
    outer loop
      vertex 14.8717 -71.5861 -139.384
      vertex 13.8582 -68.9116 -142.059
      vertex 14.4889 -70.2254 -140.745
    endloop
  endfacet
  facet normal 0.946913 0.227334 -0.227321
    outer loop
      vertex 14.4889 -54.5096 -125.029
      vertex 13.8582 -68.9116 -142.059
      vertex 14.3068 -53.7511 -125.029
    endloop
  endfacet
  facet normal 0.946938 0.227277 -0.227274
    outer loop
      vertex 13.8582 -68.9116 -142.059
      vertex 14.4889 -54.5096 -125.029
      vertex 14.4889 -70.2254 -140.745
    endloop
  endfacet
  facet normal 0.659358 0.531631 -0.531616
    outer loop
      vertex 10.6066 -45 -125.029
      vertex 9.13142 -64.5558 -146.415
      vertex 9.13142 -43.1704 -125.029
    endloop
  endfacet
  facet normal 0.659394 0.531607 -0.531596
    outer loop
      vertex 9.13142 -64.5558 -146.415
      vertex 10.6066 -45 -125.029
      vertex 10.6066 -65.4706 -145.5
    endloop
  endfacet
  facet normal -0.00105894 -0.707729 -0.706483
    outer loop
      vertex 12.9904 -67.6673 -143.303
      vertex 10.6066 -65.4706 -145.5
      vertex 11.9003 -66.5137 -144.457
    endloop
  endfacet
  facet normal 0.83153 0.392788 -0.392778
    outer loop
      vertex 12.0627 -47.43 -125.029
      vertex 11.9003 -66.5137 -144.457
      vertex 11.9003 -47.0862 -125.029
    endloop
  endfacet
  facet normal 0.831512 0.392808 -0.392797
    outer loop
      vertex 11.9003 -66.5137 -144.457
      vertex 12.0627 -47.43 -125.029
      vertex 12.9904 -67.6673 -143.303
    endloop
  endfacet
  facet normal 0.443119 0.635414 -0.632372
    outer loop
      vertex 7.46432 -41.6039 -125.029
      vertex 5.74025 -40.5439 -125.172
      vertex 6.14852 -40.6863 -125.029
    endloop
  endfacet
  facet normal 0.442467 0.634117 -0.634128
    outer loop
      vertex 5.74025 -40.5439 -125.172
      vertex 7.46432 -41.6039 -125.029
      vertex 5.74025 -63.1713 -147.799
    endloop
  endfacet
  facet normal 0.195214 0.693496 -0.693509
    outer loop
      vertex 3.88229 -62.7254 -148.245
      vertex 1.95789 -62.4547 -148.516
      vertex 3.88229 -40.098 -125.618
    endloop
  endfacet
  facet normal 0.321429 0.669577 -0.669589
    outer loop
      vertex 5.74025 -63.1713 -147.799
      vertex 3.88229 -62.7254 -148.245
      vertex 3.88229 -40.098 -125.618
    endloop
  endfacet
  facet normal 0.194868 0.69356 -0.693542
    outer loop
      vertex 3.88229 -40.098 -125.618
      vertex 1.95789 -62.4547 -148.516
      vertex 1.95789 -39.8273 -125.888
    endloop
  endfacet
  facet normal -0.194868 0.69356 -0.693542
    outer loop
      vertex -1.95789 -62.4547 -148.516
      vertex -3.88229 -40.098 -125.618
      vertex -1.95789 -39.8273 -125.888
    endloop
  endfacet
  facet normal -0.442528 0.634113 -0.63409
    outer loop
      vertex -7.46432 -41.6039 -125.029
      vertex -7.5 -63.785 -147.186
      vertex -7.5 -41.6288 -125.029
    endloop
  endfacet
  facet normal -0.442123 0.634254 -0.634232
    outer loop
      vertex -7.5 -63.785 -147.186
      vertex -7.46432 -41.6039 -125.029
      vertex -5.74025 -63.1713 -147.799
    endloop
  endfacet
  facet normal -0.443119 0.635414 -0.632372
    outer loop
      vertex -5.74025 -40.5439 -125.172
      vertex -7.46432 -41.6039 -125.029
      vertex -6.14852 -40.6863 -125.029
    endloop
  endfacet
  facet normal -0.442467 0.634117 -0.634128
    outer loop
      vertex -7.46432 -41.6039 -125.029
      vertex -5.74025 -40.5439 -125.172
      vertex -5.74025 -63.1713 -147.799
    endloop
  endfacet
  facet normal -0.000212556 -0.706743 -0.70747
    outer loop
      vertex -1.95789 -62.4547 -148.516
      vertex -5.74025 -63.1713 -147.799
      vertex -3.88229 -62.7254 -148.245
    endloop
  endfacet
  facet normal -0.321429 0.669577 -0.669589
    outer loop
      vertex -3.88229 -62.7254 -148.245
      vertex -5.74025 -63.1713 -147.799
      vertex -3.88229 -40.098 -125.618
    endloop
  endfacet
  facet normal -0.831458 0.392861 -0.392859
    outer loop
      vertex -12.0627 -47.43 -125.029
      vertex -12.9904 -67.6673 -143.303
      vertex -12.9904 -49.3934 -125.029
    endloop
  endfacet
  facet normal -0.828591 0.363772 -0.425566
    outer loop
      vertex -12.4427 -44.4603 -121.255
      vertex -12.4694 -44.4907 -121.229
      vertex -12.4676 -44.4866 -121.229
    endloop
  endfacet
  facet normal 0.00105894 -0.707729 -0.706483
    outer loop
      vertex -10.6066 -65.4706 -145.5
      vertex -12.9904 -67.6673 -143.303
      vertex -11.9003 -66.5137 -144.457
    endloop
  endfacet
  facet normal -0.946935 0.227285 -0.227278
    outer loop
      vertex -13.8582 -68.9116 -142.059
      vertex -14.3068 -53.7511 -125.029
      vertex -13.8582 -51.8821 -125.029
    endloop
  endfacet
  facet normal -0.896878 -0.312743 0.312733
    outer loop
      vertex -13.8582 -64.3179 -121.229
      vertex -13.8582 -77.0295 -133.941
      vertex -13.3961 -65.6431 -121.229
    endloop
  endfacet
  facet normal 0.980785 -0.137955 0.137947
    outer loop
      vertex 14.4889 -61.6904 -121.229
      vertex 14.8717 -74.355 -136.616
      vertex 14.8717 -58.9689 -121.229
    endloop
  endfacet
  facet normal 0.980788 -0.137943 0.137937
    outer loop
      vertex 14.8717 -74.355 -136.616
      vertex 14.4889 -61.6904 -121.229
      vertex 14.4889 -75.7158 -135.255
    endloop
  endfacet
  facet normal 0.831403 -0.39293 0.392906
    outer loop
      vertex 12.8791 -67.0421 -121.229
      vertex 12.9904 -78.2739 -132.697
      vertex 12.9904 -66.8066 -121.229
    endloop
  endfacet
  facet normal 0.831499 -0.392827 0.392806
    outer loop
      vertex 12.9904 -78.2739 -132.697
      vertex 12.8791 -67.0421 -121.229
      vertex 12.461 -67.8451 -121.147
    endloop
  endfacet
  facet normal 0.896884 -0.312734 0.312725
    outer loop
      vertex 12.9904 -66.8066 -121.229
      vertex 13.8582 -77.0295 -133.941
      vertex 13.3961 -65.6431 -121.229
    endloop
  endfacet
  facet normal 0.896857 -0.312778 0.312759
    outer loop
      vertex 13.8582 -77.0295 -133.941
      vertex 12.9904 -66.8066 -121.229
      vertex 12.9904 -78.2739 -132.697
    endloop
  endfacet
  facet normal 0.55556 0.587951 -0.587935
    outer loop
      vertex 9.13142 -64.5558 -146.415
      vertex 7.53518 -41.6621 -125.029
      vertex 9.13142 -43.1704 -125.029
    endloop
  endfacet
  facet normal -0.556255 0.587659 -0.58757
    outer loop
      vertex -7.5 -41.6288 -125.029
      vertex -9.13142 -64.5558 -146.415
      vertex -7.53518 -41.6621 -125.029
    endloop
  endfacet
  facet normal -0.555619 0.587926 -0.587904
    outer loop
      vertex -9.13142 -64.5558 -146.415
      vertex -7.5 -41.6288 -125.029
      vertex -7.5 -63.785 -147.186
    endloop
  endfacet
  facet normal -0.83153 0.392788 -0.392778
    outer loop
      vertex -11.9003 -66.5137 -144.457
      vertex -12.0627 -47.43 -125.029
      vertex -11.9003 -47.0862 -125.029
    endloop
  endfacet
  facet normal -0.831512 0.392808 -0.392797
    outer loop
      vertex -12.0627 -47.43 -125.029
      vertex -11.9003 -66.5137 -144.457
      vertex -12.9904 -67.6673 -143.303
    endloop
  endfacet
  facet normal -0.751794 0.466272 -0.466256
    outer loop
      vertex -10.6066 -65.4706 -145.5
      vertex -11.9003 -47.0862 -125.029
      vertex -11.7254 -46.8042 -125.029
    endloop
  endfacet
  facet normal -0.751821 0.466249 -0.466237
    outer loop
      vertex -11.9003 -47.0862 -125.029
      vertex -10.6066 -65.4706 -145.5
      vertex -11.9003 -66.5137 -144.457
    endloop
  endfacet
  facet normal -0.980791 0.137932 -0.13793
    outer loop
      vertex -14.4889 -70.2254 -140.745
      vertex -14.6985 -56 -125.029
      vertex -14.4889 -54.5096 -125.029
    endloop
  endfacet
  facet normal -0.980787 0.137947 -0.137943
    outer loop
      vertex -14.8717 -71.5861 -139.384
      vertex -14.6985 -56 -125.029
      vertex -14.4889 -70.2254 -140.745
    endloop
  endfacet
  facet normal -0.980773 0.137993 -0.137993
    outer loop
      vertex -14.6985 -56 -125.029
      vertex -14.8717 -71.5861 -139.384
      vertex -14.8717 -56 -123.798
    endloop
  endfacet
  facet normal -0.946913 0.227334 -0.227321
    outer loop
      vertex -13.8582 -68.9116 -142.059
      vertex -14.4889 -54.5096 -125.029
      vertex -14.3068 -53.7511 -125.029
    endloop
  endfacet
  facet normal -0.946938 0.227277 -0.227274
    outer loop
      vertex -14.4889 -54.5096 -125.029
      vertex -13.8582 -68.9116 -142.059
      vertex -14.4889 -70.2254 -140.745
    endloop
  endfacet
  facet normal -0.831499 -0.392827 0.392806
    outer loop
      vertex -12.8791 -67.0421 -121.229
      vertex -12.9904 -78.2739 -132.697
      vertex -12.461 -67.8451 -121.147
    endloop
  endfacet
  facet normal -0.831403 -0.39293 0.392906
    outer loop
      vertex -12.9904 -78.2739 -132.697
      vertex -12.8791 -67.0421 -121.229
      vertex -12.9904 -66.8066 -121.229
    endloop
  endfacet
  facet normal -0.896884 -0.312734 0.312725
    outer loop
      vertex -13.8582 -77.0295 -133.941
      vertex -12.9904 -66.8066 -121.229
      vertex -13.3961 -65.6431 -121.229
    endloop
  endfacet
  facet normal -0.896857 -0.312778 0.312759
    outer loop
      vertex -12.9904 -66.8066 -121.229
      vertex -13.8582 -77.0295 -133.941
      vertex -12.9904 -78.2739 -132.697
    endloop
  endfacet
  facet normal 0.946905 -0.22735 0.22734
    outer loop
      vertex 14.2343 -62.7508 -121.229
      vertex 14.4889 -75.7158 -135.255
      vertex 14.4889 -61.6904 -121.229
    endloop
  endfacet
  facet normal 0.946934 -0.227285 0.227281
    outer loop
      vertex 14.4889 -75.7158 -135.255
      vertex 14.2343 -62.7508 -121.229
      vertex 13.8582 -77.0295 -133.941
    endloop
  endfacet
  facet normal 1 -0 0
    outer loop
      vertex -67 -81 -99.35
      vertex -67 -80 -99.75
      vertex -67 -80 -99.35
    endloop
  endfacet
  facet normal 1 0 0
    outer loop
      vertex -67 -80 -99.75
      vertex -67 -81 -99.35
      vertex -67 -81 -99.75
    endloop
  endfacet
  facet normal -0.299841 0.0195549 0.953789
    outer loop
      vertex 13 -56 -121.229
      vertex 12.9946 -56.0828 -121.229
      vertex 13 -56.1951 -121.225
    endloop
  endfacet
  facet normal -0.361877 0.0191088 0.93203
    outer loop
      vertex 13 -56.1951 -121.225
      vertex 67 -81 -99.75
      vertex 13 -56 -121.229
    endloop
  endfacet
  facet normal -0.359825 0.0241617 0.932707
    outer loop
      vertex 67 -81 -99.75
      vertex 13 -56.1951 -121.225
      vertex 12.9291 -57.7142 -121.213
    endloop
  endfacet
  facet normal -0.261215 0.294033 0.919408
    outer loop
      vertex 10.7469 -65.829 -120.584
      vertex 67 -81 -99.75
      vertex 10.8482 -65.6452 -120.614
    endloop
  endfacet
  facet normal -0.259955 0.297615 0.918613
    outer loop
      vertex 10.3136 -66.6149 -120.452
      vertex 67 -81 -99.75
      vertex 10.7469 -65.829 -120.584
    endloop
  endfacet
  facet normal -0.260751 0.29525 0.91915
    outer loop
      vertex 67 -81 -99.75
      vertex 10.3136 -66.6149 -120.452
      vertex 10.1381 -66.8664 -120.421
    endloop
  endfacet
  facet normal 0 1 -0
    outer loop
      vertex 67 -81 -99.75
      vertex -67 -81 -99.35
      vertex 67 -81 -99.35
    endloop
  endfacet
  facet normal 0 1 0
    outer loop
      vertex -67 -81 -99.35
      vertex 67 -81 -99.75
      vertex -67 -81 -99.75
    endloop
  endfacet
  facet normal 0 0.872993 0.487732
    outer loop
      vertex 67 -81 -99.75
      vertex 0 -71.0017 -117.646
      vertex -67 -81 -99.75
    endloop
  endfacet
  facet normal 0.000200007 0.873312 0.487161
    outer loop
      vertex 67 -81 -99.75
      vertex 0.836532 -70.974 -117.696
      vertex 0 -71.0017 -117.646
    endloop
  endfacet
  facet normal -8.95247e-05 0.872858 0.487975
    outer loop
      vertex 67 -81 -99.75
      vertex 1.69684 -70.9454 -117.747
      vertex 0.836532 -70.974 -117.696
    endloop
  endfacet
  facet normal -1.16135e-05 0.872978 0.487759
    outer loop
      vertex 67 -81 -99.75
      vertex 3.36465 -70.7772 -118.048
      vertex 1.69684 -70.9454 -117.747
    endloop
  endfacet
  facet normal 0.000185839 0.87327 0.487236
    outer loop
      vertex 67 -81 -99.75
      vertex 4.19028 -70.6351 -118.303
      vertex 3.36465 -70.7772 -118.048
    endloop
  endfacet
  facet normal -0.000197331 0.872718 0.488225
    outer loop
      vertex 67 -81 -99.75
      vertex 4.97488 -70.5001 -118.544
      vertex 4.19028 -70.6351 -118.303
    endloop
  endfacet
  facet normal 5.1267e-05 0.873068 0.487599
    outer loop
      vertex 67 -81 -99.75
      vertex 5.70978 -70.3164 -118.873
      vertex 4.97488 -70.5001 -118.544
    endloop
  endfacet
  facet normal -7.57471e-05 0.872894 0.48791
    outer loop
      vertex 5.70978 -70.3164 -118.873
      vertex 67 -81 -99.75
      vertex 6.39448 -70.1453 -119.179
    endloop
  endfacet
  facet normal -0.000200007 0.873312 0.487161
    outer loop
      vertex -0.836532 -70.974 -117.696
      vertex -67 -81 -99.75
      vertex 0 -71.0017 -117.646
    endloop
  endfacet
  facet normal 8.95247e-05 0.872858 0.487975
    outer loop
      vertex -1.69684 -70.9454 -117.747
      vertex -67 -81 -99.75
      vertex -0.836532 -70.974 -117.696
    endloop
  endfacet
  facet normal 1.16135e-05 0.872978 0.487759
    outer loop
      vertex -3.36465 -70.7772 -118.048
      vertex -67 -81 -99.75
      vertex -1.69684 -70.9454 -117.747
    endloop
  endfacet
  facet normal -0.000185839 0.87327 0.487236
    outer loop
      vertex -4.19028 -70.6351 -118.303
      vertex -67 -81 -99.75
      vertex -3.36465 -70.7772 -118.048
    endloop
  endfacet
  facet normal 0.000197331 0.872718 0.488225
    outer loop
      vertex -4.97488 -70.5001 -118.544
      vertex -67 -81 -99.75
      vertex -4.19028 -70.6351 -118.303
    endloop
  endfacet
  facet normal -5.1267e-05 0.873068 0.487599
    outer loop
      vertex -5.70978 -70.3164 -118.873
      vertex -67 -81 -99.75
      vertex -4.97488 -70.5001 -118.544
    endloop
  endfacet
  facet normal 7.57471e-05 0.872894 0.48791
    outer loop
      vertex -67 -81 -99.75
      vertex -5.70978 -70.3164 -118.873
      vertex -6.39448 -70.1453 -119.179
    endloop
  endfacet
  facet normal 0.051666 0.794512 0.605046
    outer loop
      vertex -6.5 -70.1095 -119.217
      vertex -67 -81 -99.75
      vertex -6.39448 -70.1453 -119.179
    endloop
  endfacet
  facet normal 0.0518129 0.794262 0.605362
    outer loop
      vertex -67 -81 -99.75
      vertex -6.5 -70.1095 -119.217
      vertex -7.02233 -69.8765 -119.478
    endloop
  endfacet
  facet normal -0.019455 -0.295566 0.955124
    outer loop
      vertex 65.4404 20.4869 -100.25
      vertex 1.69684 -43.1112 -121.229
      vertex 65.4799 20.4843 -100.25
    endloop
  endfacet
  facet normal -0.0193743 -0.29564 0.955103
    outer loop
      vertex 1.69684 -43.1112 -121.229
      vertex 65.4404 20.4869 -100.25
      vertex 0 -43 -121.229
    endloop
  endfacet
  facet normal 0.369595 -0 0.929193
    outer loop
      vertex -65.743 -80 -100.25
      vertex -13 -56 -121.229
      vertex -65.743 20.1843 -100.25
    endloop
  endfacet
  facet normal 0.36958 3.6921e-05 0.929199
    outer loop
      vertex -65.743 -80 -100.25
      vertex -67 -81 -99.75
      vertex -13 -56 -121.229
    endloop
  endfacet
  facet normal 0.369606 -0 0.929189
    outer loop
      vertex -67 -81 -99.75
      vertex -65.743 -80 -100.25
      vertex -67 -80 -99.75
    endloop
  endfacet
  facet normal 0 0 -1
    outer loop
      vertex -67 -81 -99.35
      vertex 67 -80 -99.35
      vertex 67 -81 -99.35
    endloop
  endfacet
  facet normal -0 0 -1
    outer loop
      vertex 67 -80 -99.35
      vertex -67 -81 -99.35
      vertex -67 -80 -99.35
    endloop
  endfacet
  facet normal -1 0 0
    outer loop
      vertex 67 -81 -99.75
      vertex 67 -80 -99.35
      vertex 67 -80 -99.75
    endloop
  endfacet
  facet normal -1 -0 0
    outer loop
      vertex 67 -80 -99.35
      vertex 67 -81 -99.75
      vertex 67 -81 -99.35
    endloop
  endfacet
  facet normal -0.369595 0 0.929193
    outer loop
      vertex 65.743 20.1843 -100.25
      vertex 13 -56 -121.229
      vertex 65.743 -80 -100.25
    endloop
  endfacet
  facet normal -0.369606 0 0.929189
    outer loop
      vertex 65.743 -80 -100.25
      vertex 67 -81 -99.75
      vertex 67 -80 -99.75
    endloop
  endfacet
  facet normal -0.36958 3.6921e-05 0.929199
    outer loop
      vertex 67 -81 -99.75
      vertex 65.743 -80 -100.25
      vertex 13 -56 -121.229
    endloop
  endfacet
  facet normal 0.0193743 -0.29564 0.955103
    outer loop
      vertex -65.4404 20.4869 -100.25
      vertex -1.69684 -43.1112 -121.229
      vertex 0 -43 -121.229
    endloop
  endfacet
  facet normal 0.019455 -0.295566 0.955124
    outer loop
      vertex -1.69684 -43.1112 -121.229
      vertex -65.4404 20.4869 -100.25
      vertex -65.4799 20.4843 -100.25
    endloop
  endfacet
  facet normal -0.178425 0.524554 0.83247
    outer loop
      vertex 7.9139 -69.3261 -119.77
      vertex 67 -81 -99.75
      vertex 8.54972 -68.7591 -119.991
    endloop
  endfacet
  facet normal -0.178525 0.524295 0.832613
    outer loop
      vertex 67 -81 -99.75
      vertex 7.9139 -69.3261 -119.77
      vertex 7.78095 -69.4206 -119.739
    endloop
  endfacet
  facet normal -0.310454 0.153695 0.938081
    outer loop
      vertex 12.3508 -61.6023 -121.014
      vertex 67 -81 -99.75
      vertex 12.4698 -61.1422 -121.05
    endloop
  endfacet
  facet normal -0.310672 0.153105 0.938105
    outer loop
      vertex 67 -81 -99.75
      vertex 12.3508 -61.6023 -121.014
      vertex 12.0506 -62.7629 -120.924
    endloop
  endfacet
  facet normal -0.278717 0.243241 0.929059
    outer loop
      vertex 11.2583 -64.8605 -120.698
      vertex 67 -81 -99.75
      vertex 11.4939 -64.2697 -120.782
    endloop
  endfacet
  facet normal -0.278171 0.244805 0.928812
    outer loop
      vertex 67 -81 -99.75
      vertex 11.2583 -64.8605 -120.698
      vertex 10.8482 -65.6452 -120.614
    endloop
  endfacet
  facet normal -0.326247 0.111018 0.938743
    outer loop
      vertex 12.557 -60.7901 -121.061
      vertex 67 -81 -99.75
      vertex 12.7587 -59.4448 -121.15
    endloop
  endfacet
  facet normal -0.326548 0.110199 0.938735
    outer loop
      vertex 67 -81 -99.75
      vertex 12.557 -60.7901 -121.061
      vertex 12.4698 -61.1422 -121.05
    endloop
  endfacet
  facet normal 0 -0.313759 0.949503
    outer loop
      vertex 0 -43 -121.229
      vertex 65.4404 20.4869 -100.25
      vertex -65.4404 20.4869 -100.25
    endloop
  endfacet
  facet normal 0.299841 0.0195549 0.953789
    outer loop
      vertex -13 -56 -121.229
      vertex -13 -56.1951 -121.225
      vertex -12.9946 -56.0828 -121.229
    endloop
  endfacet
  facet normal 0.361877 0.0191088 0.93203
    outer loop
      vertex -13 -56.1951 -121.225
      vertex -13 -56 -121.229
      vertex -67 -81 -99.75
    endloop
  endfacet
  facet normal 0.359825 0.0241617 0.932707
    outer loop
      vertex -12.9291 -57.7142 -121.213
      vertex -13 -56.1951 -121.225
      vertex -67 -81 -99.75
    endloop
  endfacet
  facet normal 0.176819 -0.154865 0.971983
    outer loop
      vertex -65.6805 20.3685 -100.25
      vertex -10.6139 -45.1156 -120.701
      vertex -65.6544 20.3983 -100.25
    endloop
  endfacet
  facet normal 0.176347 -0.155269 0.972005
    outer loop
      vertex -10.6139 -45.1156 -120.701
      vertex -65.6805 20.3685 -100.25
      vertex -11.2583 -46.5987 -120.821
    endloop
  endfacet
  facet normal 0.178975 -0.153092 0.97187
    outer loop
      vertex -11.2583 -46.5987 -120.821
      vertex -65.6805 20.3685 -100.25
      vertex -11.3304 -46.829 -120.844
    endloop
  endfacet
  facet normal -0.12826 0.644805 0.753509
    outer loop
      vertex 67 -81 -99.75
      vertex 7.78095 -69.4206 -119.739
      vertex 7.02233 -69.8765 -119.478
    endloop
  endfacet
  facet normal -0.051666 0.794512 0.605046
    outer loop
      vertex 67 -81 -99.75
      vertex 6.5 -70.1095 -119.217
      vertex 6.39448 -70.1453 -119.179
    endloop
  endfacet
  facet normal -0.0518129 0.794262 0.605362
    outer loop
      vertex 6.5 -70.1095 -119.217
      vertex 67 -81 -99.75
      vertex 7.02233 -69.8765 -119.478
    endloop
  endfacet
  facet normal -0.239176 0.357874 0.902619
    outer loop
      vertex 9.76881 -67.3629 -120.322
      vertex 67 -81 -99.75
      vertex 10.1381 -66.8664 -120.421
    endloop
  endfacet
  facet normal -0.239091 0.358117 0.902545
    outer loop
      vertex 67 -81 -99.75
      vertex 9.76881 -67.3629 -120.322
      vertex 9.36291 -67.9086 -120.213
    endloop
  endfacet
  facet normal -0.213075 0.431831 0.876425
    outer loop
      vertex 9.19239 -68.1206 -120.15
      vertex 67 -81 -99.75
      vertex 9.36291 -67.9086 -120.213
    endloop
  endfacet
  facet normal -0.213017 0.43199 0.876361
    outer loop
      vertex 8.56401 -68.7449 -119.995
      vertex 67 -81 -99.75
      vertex 9.19239 -68.1206 -120.15
    endloop
  endfacet
  facet normal -0.205974 0.451792 0.86802
    outer loop
      vertex 67 -81 -99.75
      vertex 8.56401 -68.7449 -119.995
      vertex 8.54972 -68.7591 -119.991
    endloop
  endfacet
  facet normal -0.294179 0.198974 0.934809
    outer loop
      vertex 12.0104 -62.9116 -120.905
      vertex 67 -81 -99.75
      vertex 12.0506 -62.7629 -120.924
    endloop
  endfacet
  facet normal -0.294976 0.196794 0.935019
    outer loop
      vertex 11.6952 -63.7404 -120.83
      vertex 67 -81 -99.75
      vertex 12.0104 -62.9116 -120.905
    endloop
  endfacet
  facet normal -0.294921 0.196954 0.935003
    outer loop
      vertex 67 -81 -99.75
      vertex 11.6952 -63.7404 -120.83
      vertex 11.4939 -64.2697 -120.782
    endloop
  endfacet
  facet normal -0.344318 0.0638316 0.936681
    outer loop
      vertex 12.9223 -57.8536 -121.206
      vertex 67 -81 -99.75
      vertex 12.9291 -57.7142 -121.213
    endloop
  endfacet
  facet normal -0.342366 0.0687358 0.937049
    outer loop
      vertex 12.8888 -58.5385 -121.168
      vertex 67 -81 -99.75
      vertex 12.9223 -57.8536 -121.206
    endloop
  endfacet
  facet normal -0.342725 0.0678079 0.936985
    outer loop
      vertex 67 -81 -99.75
      vertex 12.8888 -58.5385 -121.168
      vertex 12.7587 -59.4448 -121.15
    endloop
  endfacet
  facet normal -0.176819 -0.154865 0.971983
    outer loop
      vertex 10.6139 -45.1156 -120.701
      vertex 65.6805 20.3685 -100.25
      vertex 65.6544 20.3983 -100.25
    endloop
  endfacet
  facet normal -0.178975 -0.153092 0.97187
    outer loop
      vertex 65.6805 20.3685 -100.25
      vertex 11.2583 -46.5987 -120.821
      vertex 11.3304 -46.829 -120.844
    endloop
  endfacet
  facet normal -0.176347 -0.155269 0.972005
    outer loop
      vertex 65.6805 20.3685 -100.25
      vertex 10.6139 -45.1156 -120.701
      vertex 11.2583 -46.5987 -120.821
    endloop
  endfacet
  facet normal 0.260751 0.29525 0.91915
    outer loop
      vertex -10.3136 -66.6149 -120.452
      vertex -67 -81 -99.75
      vertex -10.1381 -66.8664 -120.421
    endloop
  endfacet
  facet normal 0.259955 0.297615 0.918613
    outer loop
      vertex -10.7469 -65.829 -120.584
      vertex -67 -81 -99.75
      vertex -10.3136 -66.6149 -120.452
    endloop
  endfacet
  facet normal 0.261215 0.294033 0.919408
    outer loop
      vertex -67 -81 -99.75
      vertex -10.7469 -65.829 -120.584
      vertex -10.8482 -65.6452 -120.614
    endloop
  endfacet
  facet normal 0.310454 0.153695 0.938081
    outer loop
      vertex -67 -81 -99.75
      vertex -12.3508 -61.6023 -121.014
      vertex -12.4698 -61.1422 -121.05
    endloop
  endfacet
  facet normal 0.310672 0.153105 0.938105
    outer loop
      vertex -12.3508 -61.6023 -121.014
      vertex -67 -81 -99.75
      vertex -12.0506 -62.7629 -120.924
    endloop
  endfacet
  facet normal 0.106601 -0.215739 0.970615
    outer loop
      vertex -65.5562 20.4639 -100.25
      vertex -7.16005 -44.0135 -120.995
      vertex -5.12407 -43.8308 -121.178
    endloop
  endfacet
  facet normal 0.106426 -0.215893 0.9706
    outer loop
      vertex -7.16005 -44.0135 -120.995
      vertex -65.5562 20.4639 -100.25
      vertex -65.5917 20.4464 -100.25
    endloop
  endfacet
  facet normal 0.258552 -0.0882523 0.961958
    outer loop
      vertex -65.7327 20.2626 -100.25
      vertex -12.375 -50.541 -121.087
      vertex -65.7199 20.3001 -100.25
    endloop
  endfacet
  facet normal 0.259378 -0.0875819 0.961796
    outer loop
      vertex -12.375 -50.541 -121.087
      vertex -65.7327 20.2626 -100.25
      vertex -12.557 -51.3216 -121.109
    endloop
  endfacet
  facet normal 0.25879 -0.0880527 0.961912
    outer loop
      vertex -12.557 -51.3216 -121.109
      vertex -65.7327 20.2626 -100.25
      vertex -12.7047 -52.433 -121.171
    endloop
  endfacet
  facet normal -0.22829 -0.112537 0.967067
    outer loop
      vertex 11.9203 -48.6509 -120.974
      vertex 65.7199 20.3001 -100.25
      vertex 65.7024 20.3356 -100.25
    endloop
  endfacet
  facet normal -0.227982 -0.112788 0.967111
    outer loop
      vertex 65.7199 20.3001 -100.25
      vertex 12.0711 -49.1893 -121.001
      vertex 12.375 -50.541 -121.087
    endloop
  endfacet
  facet normal -0.228605 -0.11228 0.967023
    outer loop
      vertex 65.7199 20.3001 -100.25
      vertex 12.0104 -48.9193 -120.984
      vertex 12.0711 -49.1893 -121.001
    endloop
  endfacet
  facet normal -0.229476 -0.111568 0.966899
    outer loop
      vertex 65.7199 20.3001 -100.25
      vertex 11.9353 -48.6955 -120.976
      vertex 12.0104 -48.9193 -120.984
    endloop
  endfacet
  facet normal -0.221681 -0.117962 0.967958
    outer loop
      vertex 65.7199 20.3001 -100.25
      vertex 11.9203 -48.6509 -120.974
      vertex 11.9353 -48.6955 -120.976
    endloop
  endfacet
  facet normal -0.258552 -0.0882523 0.961958
    outer loop
      vertex 12.375 -50.541 -121.087
      vertex 65.7327 20.2626 -100.25
      vertex 65.7199 20.3001 -100.25
    endloop
  endfacet
  facet normal -0.25879 -0.0880527 0.961912
    outer loop
      vertex 65.7327 20.2626 -100.25
      vertex 12.557 -51.3216 -121.109
      vertex 12.7047 -52.433 -121.171
    endloop
  endfacet
  facet normal -0.259378 -0.0875819 0.961796
    outer loop
      vertex 65.7327 20.2626 -100.25
      vertex 12.375 -50.541 -121.087
      vertex 12.557 -51.3216 -121.109
    endloop
  endfacet
  facet normal -0.0809147 -0.238921 0.967662
    outer loop
      vertex 65.5187 20.4766 -100.25
      vertex 5.12407 -43.8308 -121.178
      vertex 65.5562 20.4639 -100.25
    endloop
  endfacet
  facet normal -0.0807439 -0.239074 0.967638
    outer loop
      vertex 3.36465 -43.443 -121.229
      vertex 5.12407 -43.8308 -121.178
      vertex 65.5187 20.4766 -100.25
    endloop
  endfacet
  facet normal -0.0800615 -0.235867 0.968482
    outer loop
      vertex 5.12407 -43.8308 -121.178
      vertex 3.36465 -43.443 -121.229
      vertex 4.35512 -43.7792 -121.229
    endloop
  endfacet
  facet normal -0.130258 -0.194795 0.972156
    outer loop
      vertex 65.5917 20.4464 -100.25
      vertex 9.17773 -44.2386 -120.77
      vertex 65.6246 20.4244 -100.25
    endloop
  endfacet
  facet normal -0.130151 -0.194886 0.972152
    outer loop
      vertex 9.17773 -44.2386 -120.77
      vertex 65.5917 20.4464 -100.25
      vertex 7.16005 -44.0135 -120.995
    endloop
  endfacet
  facet normal -0.153194 -0.174911 0.972593
    outer loop
      vertex 10.3088 -44.3897 -120.619
      vertex 65.6544 20.3983 -100.25
      vertex 65.6246 20.4244 -100.25
    endloop
  endfacet
  facet normal -0.153897 -0.174312 0.97259
    outer loop
      vertex 65.6544 20.3983 -100.25
      vertex 10.3138 -44.3987 -120.62
      vertex 10.6139 -45.1156 -120.701
    endloop
  endfacet
  facet normal -0.224719 -0.112359 0.967924
    outer loop
      vertex 65.6544 20.3983 -100.25
      vertex 10.3136 -44.3983 -120.62
      vertex 10.3138 -44.3987 -120.62
    endloop
  endfacet
  facet normal -0.224719 -0.112359 0.967924
    outer loop
      vertex 65.6544 20.3983 -100.25
      vertex 10.3134 -44.3979 -120.62
      vertex 10.3136 -44.3983 -120.62
    endloop
  endfacet
  facet normal -0.132214 -0.192742 0.972301
    outer loop
      vertex 65.6544 20.3983 -100.25
      vertex 10.3088 -44.3897 -120.619
      vertex 10.3134 -44.3979 -120.62
    endloop
  endfacet
  facet normal -0.154257 -0.174002 0.972588
    outer loop
      vertex 65.6246 20.4244 -100.25
      vertex 10.1455 -44.3679 -120.641
      vertex 10.3088 -44.3897 -120.619
    endloop
  endfacet
  facet normal -0.153031 -0.175054 0.972593
    outer loop
      vertex 10.1455 -44.3679 -120.641
      vertex 65.6246 20.4244 -100.25
      vertex 9.17773 -44.2386 -120.77
    endloop
  endfacet
  facet normal 0.178525 0.524295 0.832613
    outer loop
      vertex -7.9139 -69.3261 -119.77
      vertex -67 -81 -99.75
      vertex -7.78095 -69.4206 -119.739
    endloop
  endfacet
  facet normal 0.178425 0.524554 0.83247
    outer loop
      vertex -67 -81 -99.75
      vertex -7.9139 -69.3261 -119.77
      vertex -8.54972 -68.7591 -119.991
    endloop
  endfacet
  facet normal 0.239091 0.358117 0.902545
    outer loop
      vertex -9.76881 -67.3629 -120.322
      vertex -67 -81 -99.75
      vertex -9.36291 -67.9086 -120.213
    endloop
  endfacet
  facet normal 0.239176 0.357874 0.902619
    outer loop
      vertex -67 -81 -99.75
      vertex -9.76881 -67.3629 -120.322
      vertex -10.1381 -66.8664 -120.421
    endloop
  endfacet
  facet normal 0.326548 0.110199 0.938735
    outer loop
      vertex -12.557 -60.7901 -121.061
      vertex -67 -81 -99.75
      vertex -12.4698 -61.1422 -121.05
    endloop
  endfacet
  facet normal 0.326247 0.111018 0.938743
    outer loop
      vertex -67 -81 -99.75
      vertex -12.557 -60.7901 -121.061
      vertex -12.7587 -59.4448 -121.15
    endloop
  endfacet
  facet normal 0.278171 0.244805 0.928812
    outer loop
      vertex -11.2583 -64.8605 -120.698
      vertex -67 -81 -99.75
      vertex -10.8482 -65.6452 -120.614
    endloop
  endfacet
  facet normal 0.278717 0.243241 0.929059
    outer loop
      vertex -67 -81 -99.75
      vertex -11.2583 -64.8605 -120.698
      vertex -11.4939 -64.2697 -120.782
    endloop
  endfacet
  facet normal 0.0800615 -0.235867 0.968482
    outer loop
      vertex -3.36465 -43.443 -121.229
      vertex -5.12407 -43.8308 -121.178
      vertex -4.35512 -43.7792 -121.229
    endloop
  endfacet
  facet normal 0.0807439 -0.239074 0.967638
    outer loop
      vertex -65.5187 20.4766 -100.25
      vertex -5.12407 -43.8308 -121.178
      vertex -3.36465 -43.443 -121.229
    endloop
  endfacet
  facet normal 0.0809147 -0.238921 0.967662
    outer loop
      vertex -5.12407 -43.8308 -121.178
      vertex -65.5187 20.4766 -100.25
      vertex -65.5562 20.4639 -100.25
    endloop
  endfacet
  facet normal 0.153031 -0.175054 0.972593
    outer loop
      vertex -65.6246 20.4244 -100.25
      vertex -10.1455 -44.3679 -120.641
      vertex -9.17773 -44.2386 -120.77
    endloop
  endfacet
  facet normal 0.154257 -0.174002 0.972588
    outer loop
      vertex -10.1455 -44.3679 -120.641
      vertex -65.6246 20.4244 -100.25
      vertex -10.3088 -44.3897 -120.619
    endloop
  endfacet
  facet normal 0.153194 -0.174911 0.972593
    outer loop
      vertex -65.6544 20.3983 -100.25
      vertex -10.3088 -44.3897 -120.619
      vertex -65.6246 20.4244 -100.25
    endloop
  endfacet
  facet normal 0.132214 -0.192742 0.972301
    outer loop
      vertex -10.3088 -44.3897 -120.619
      vertex -65.6544 20.3983 -100.25
      vertex -10.3134 -44.3979 -120.62
    endloop
  endfacet
  facet normal 0.224719 -0.112359 0.967924
    outer loop
      vertex -10.3134 -44.3979 -120.62
      vertex -65.6544 20.3983 -100.25
      vertex -10.3136 -44.3983 -120.62
    endloop
  endfacet
  facet normal 0.224719 -0.112359 0.967924
    outer loop
      vertex -10.3136 -44.3983 -120.62
      vertex -65.6544 20.3983 -100.25
      vertex -10.3138 -44.3987 -120.62
    endloop
  endfacet
  facet normal 0.153897 -0.174312 0.97259
    outer loop
      vertex -10.3138 -44.3987 -120.62
      vertex -65.6544 20.3983 -100.25
      vertex -10.6139 -45.1156 -120.701
    endloop
  endfacet
  facet normal 0.20166 -0.134236 0.970213
    outer loop
      vertex -65.7024 20.3356 -100.25
      vertex -11.3304 -46.829 -120.844
      vertex -65.6805 20.3685 -100.25
    endloop
  endfacet
  facet normal 0.201412 -0.134444 0.970236
    outer loop
      vertex -11.3304 -46.829 -120.844
      vertex -65.7024 20.3356 -100.25
      vertex -11.9203 -48.6509 -120.974
    endloop
  endfacet
  facet normal 0.295607 -0.0587756 0.9535
    outer loop
      vertex -65.7404 20.2238 -100.25
      vertex -12.8215 -53.28 -121.187
      vertex -12.7047 -52.433 -121.171
    endloop
  endfacet
  facet normal 0.295718 -0.0586863 0.953471
    outer loop
      vertex -65.7404 20.2238 -100.25
      vertex -12.7047 -52.433 -121.171
      vertex -65.7327 20.2626 -100.25
    endloop
  endfacet
  facet normal 0.295973 -0.0584848 0.953404
    outer loop
      vertex -12.8215 -53.28 -121.187
      vertex -65.7404 20.2238 -100.25
      vertex -12.8888 -53.7673 -121.196
    endloop
  endfacet
  facet normal 0.293795 -0.0602012 0.953971
    outer loop
      vertex -12.8888 -53.7673 -121.196
      vertex -65.7404 20.2238 -100.25
      vertex -12.911 -54.2718 -121.221
    endloop
  endfacet
  facet normal -0.20166 -0.134236 0.970213
    outer loop
      vertex 11.3304 -46.829 -120.844
      vertex 65.7024 20.3356 -100.25
      vertex 65.6805 20.3685 -100.25
    endloop
  endfacet
  facet normal -0.201412 -0.134444 0.970236
    outer loop
      vertex 65.7024 20.3356 -100.25
      vertex 11.3304 -46.829 -120.844
      vertex 11.9203 -48.6509 -120.974
    endloop
  endfacet
  facet normal -0.295718 -0.0586863 0.953471
    outer loop
      vertex 12.7047 -52.433 -121.171
      vertex 65.7404 20.2238 -100.25
      vertex 65.7327 20.2626 -100.25
    endloop
  endfacet
  facet normal -0.293795 -0.0602012 0.953971
    outer loop
      vertex 65.7404 20.2238 -100.25
      vertex 12.8888 -53.7673 -121.196
      vertex 12.911 -54.2718 -121.221
    endloop
  endfacet
  facet normal -0.295973 -0.0584848 0.953404
    outer loop
      vertex 65.7404 20.2238 -100.25
      vertex 12.8215 -53.28 -121.187
      vertex 12.8888 -53.7673 -121.196
    endloop
  endfacet
  facet normal -0.295607 -0.0587756 0.9535
    outer loop
      vertex 65.7404 20.2238 -100.25
      vertex 12.7047 -52.433 -121.171
      vertex 12.8215 -53.28 -121.187
    endloop
  endfacet
  facet normal -0.341329 -0.0224672 0.939675
    outer loop
      vertex 12.911 -54.2718 -121.221
      vertex 65.743 20.1843 -100.25
      vertex 65.7404 20.2238 -100.25
    endloop
  endfacet
  facet normal -0.341464 -0.0223493 0.939629
    outer loop
      vertex 65.743 20.1843 -100.25
      vertex 12.9684 -55.5172 -121.229
      vertex 13 -56 -121.229
    endloop
  endfacet
  facet normal -0.341779 -0.022099 0.93952
    outer loop
      vertex 65.743 20.1843 -100.25
      vertex 12.9139 -54.3342 -121.221
      vertex 12.9684 -55.5172 -121.229
    endloop
  endfacet
  facet normal -0.349054 -0.016222 0.936962
    outer loop
      vertex 65.743 20.1843 -100.25
      vertex 12.911 -54.2718 -121.221
      vertex 12.9139 -54.3342 -121.221
    endloop
  endfacet
  facet normal -0.0525696 -0.264896 0.962843
    outer loop
      vertex 65.4799 20.4843 -100.25
      vertex 3.36465 -43.443 -121.229
      vertex 65.5187 20.4766 -100.25
    endloop
  endfacet
  facet normal -0.0526796 -0.264797 0.962864
    outer loop
      vertex 3.36465 -43.443 -121.229
      vertex 65.4799 20.4843 -100.25
      vertex 1.69684 -43.1112 -121.229
    endloop
  endfacet
  facet normal -0.106426 -0.215893 0.9706
    outer loop
      vertex 65.5562 20.4639 -100.25
      vertex 7.16005 -44.0135 -120.995
      vertex 65.5917 20.4464 -100.25
    endloop
  endfacet
  facet normal -0.106601 -0.215739 0.970615
    outer loop
      vertex 7.16005 -44.0135 -120.995
      vertex 65.5562 20.4639 -100.25
      vertex 5.12407 -43.8308 -121.178
    endloop
  endfacet
  facet normal 0.12826 0.644805 0.753509
    outer loop
      vertex -7.02233 -69.8765 -119.478
      vertex -7.78095 -69.4206 -119.739
      vertex -67 -81 -99.75
    endloop
  endfacet
  facet normal 0.205974 0.451792 0.86802
    outer loop
      vertex -8.56401 -68.7449 -119.995
      vertex -67 -81 -99.75
      vertex -8.54972 -68.7591 -119.991
    endloop
  endfacet
  facet normal 0.213017 0.43199 0.876361
    outer loop
      vertex -9.19239 -68.1206 -120.15
      vertex -67 -81 -99.75
      vertex -8.56401 -68.7449 -119.995
    endloop
  endfacet
  facet normal 0.213075 0.431831 0.876425
    outer loop
      vertex -67 -81 -99.75
      vertex -9.19239 -68.1206 -120.15
      vertex -9.36291 -67.9086 -120.213
    endloop
  endfacet
  facet normal 0 -0 1
    outer loop
      vertex 12.9946 -56.0828 -121.229
      vertex 13 -56 -121.229
      vertex 12.9684 -55.5172 -121.229
    endloop
  endfacet
  facet normal 0 0 1
    outer loop
      vertex 1.69684 -43.1112 -121.229
      vertex 4.35512 -43.7792 -121.229
      vertex 3.36465 -43.443 -121.229
    endloop
  endfacet
  facet normal 0 0 1
    outer loop
      vertex 0 -43 -121.229
      vertex 4.35512 -43.7792 -121.229
      vertex 1.69684 -43.1112 -121.229
    endloop
  endfacet
  facet normal -0 0 1
    outer loop
      vertex -1.69684 -43.1112 -121.229
      vertex 4.35512 -43.7792 -121.229
      vertex 0 -43 -121.229
    endloop
  endfacet
  facet normal 0 0 1
    outer loop
      vertex -4.35512 -43.7792 -121.229
      vertex -1.69684 -43.1112 -121.229
      vertex -3.36465 -43.443 -121.229
    endloop
  endfacet
  facet normal 0 0 1
    outer loop
      vertex -1.69684 -43.1112 -121.229
      vertex -4.35512 -43.7792 -121.229
      vertex 4.35512 -43.7792 -121.229
    endloop
  endfacet
  facet normal 0 -0 1
    outer loop
      vertex -12.9946 -56.0828 -121.229
      vertex -12.9684 -55.5172 -121.229
      vertex -13 -56 -121.229
    endloop
  endfacet
  facet normal 0.342725 0.0678079 0.936985
    outer loop
      vertex -12.8888 -58.5385 -121.168
      vertex -67 -81 -99.75
      vertex -12.7587 -59.4448 -121.15
    endloop
  endfacet
  facet normal 0.342366 0.0687358 0.937049
    outer loop
      vertex -12.9223 -57.8536 -121.206
      vertex -67 -81 -99.75
      vertex -12.8888 -58.5385 -121.168
    endloop
  endfacet
  facet normal 0.344318 0.0638316 0.936681
    outer loop
      vertex -67 -81 -99.75
      vertex -12.9223 -57.8536 -121.206
      vertex -12.9291 -57.7142 -121.213
    endloop
  endfacet
  facet normal 0.294921 0.196954 0.935003
    outer loop
      vertex -11.6952 -63.7404 -120.83
      vertex -67 -81 -99.75
      vertex -11.4939 -64.2697 -120.782
    endloop
  endfacet
  facet normal 0.294976 0.196794 0.935019
    outer loop
      vertex -12.0104 -62.9116 -120.905
      vertex -67 -81 -99.75
      vertex -11.6952 -63.7404 -120.83
    endloop
  endfacet
  facet normal 0.294179 0.198974 0.934809
    outer loop
      vertex -67 -81 -99.75
      vertex -12.0104 -62.9116 -120.905
      vertex -12.0506 -62.7629 -120.924
    endloop
  endfacet
  facet normal 0.0526796 -0.264797 0.962864
    outer loop
      vertex -65.4799 20.4843 -100.25
      vertex -3.36465 -43.443 -121.229
      vertex -1.69684 -43.1112 -121.229
    endloop
  endfacet
  facet normal 0.0525696 -0.264896 0.962843
    outer loop
      vertex -3.36465 -43.443 -121.229
      vertex -65.4799 20.4843 -100.25
      vertex -65.5187 20.4766 -100.25
    endloop
  endfacet
  facet normal 0.130151 -0.194886 0.972152
    outer loop
      vertex -65.5917 20.4464 -100.25
      vertex -9.17773 -44.2386 -120.77
      vertex -7.16005 -44.0135 -120.995
    endloop
  endfacet
  facet normal 0.130258 -0.194795 0.972156
    outer loop
      vertex -9.17773 -44.2386 -120.77
      vertex -65.5917 20.4464 -100.25
      vertex -65.6246 20.4244 -100.25
    endloop
  endfacet
  facet normal 0.94596 -0.314625 -0.0785522
    outer loop
      vertex -11.9203 -48.6509 -120.974
      vertex -12.0104 -48.9193 -120.984
      vertex -11.9353 -48.6955 -120.976
    endloop
  endfacet
  facet normal 0.22829 -0.112537 0.967067
    outer loop
      vertex -65.7199 20.3001 -100.25
      vertex -11.9203 -48.6509 -120.974
      vertex -65.7024 20.3356 -100.25
    endloop
  endfacet
  facet normal 0.228179 -0.112629 0.967083
    outer loop
      vertex -11.9203 -48.6509 -120.974
      vertex -65.7199 20.3001 -100.25
      vertex -12.0104 -48.9193 -120.984
    endloop
  endfacet
  facet normal 0.228605 -0.11228 0.967023
    outer loop
      vertex -12.0104 -48.9193 -120.984
      vertex -65.7199 20.3001 -100.25
      vertex -12.0711 -49.1893 -121.001
    endloop
  endfacet
  facet normal 0.227982 -0.112788 0.967111
    outer loop
      vertex -12.0711 -49.1893 -121.001
      vertex -65.7199 20.3001 -100.25
      vertex -12.375 -50.541 -121.087
    endloop
  endfacet
  facet normal -0.677254 0.0314749 0.735076
    outer loop
      vertex -13 -56 -121.229
      vertex -12.9139 -54.3342 -121.221
      vertex -12.911 -54.2718 -121.221
    endloop
  endfacet
  facet normal 0.329349 -0.0215564 0.943962
    outer loop
      vertex -12.9139 -54.3342 -121.221
      vertex -13 -56 -121.229
      vertex -12.9684 -55.5172 -121.229
    endloop
  endfacet
  facet normal 0.341329 -0.0224672 0.939675
    outer loop
      vertex -65.743 20.1843 -100.25
      vertex -12.911 -54.2718 -121.221
      vertex -65.7404 20.2238 -100.25
    endloop
  endfacet
  facet normal 0.341959 -0.0219593 0.939458
    outer loop
      vertex -12.911 -54.2718 -121.221
      vertex -65.743 20.1843 -100.25
      vertex -13 -56 -121.229
    endloop
  endfacet
  facet normal -0.997859 0.0462421 -0.0462396
    outer loop
      vertex 12.9983 -72.9887 -137.982
      vertex 12.8888 -58.5385 -121.168
      vertex 12.9223 -57.8536 -121.206
    endloop
  endfacet
  facet normal -0.997861 0.0462267 -0.0462264
    outer loop
      vertex 12.8888 -58.5385 -121.168
      vertex 12.9983 -72.9887 -137.982
      vertex 12.8888 -74.1704 -136.8
    endloop
  endfacet
  facet normal 0.000353752 -0.707481 -0.706732
    outer loop
      vertex -7.9139 -42.6968 -122.312
      vertex -6.5 -42.0288 -122.98
      vertex -9.19239 -43.4896 -121.519
    endloop
  endfacet
  facet normal -0.997863 0.0462076 -0.046209
    outer loop
      vertex 13 -72.9706 -138
      vertex 12.9291 -57.7142 -121.213
      vertex 13 -56.1951 -121.225
    endloop
  endfacet
  facet normal -0.99785 0.0463488 -0.0463372
    outer loop
      vertex 13 -72.9706 -138
      vertex 12.9223 -57.8536 -121.206
      vertex 12.9291 -57.7142 -121.213
    endloop
  endfacet
  facet normal -0.99779 0.047027 -0.0469474
    outer loop
      vertex 12.9223 -57.8536 -121.206
      vertex 13 -72.9706 -138
      vertex 12.9983 -72.9887 -137.982
    endloop
  endfacet
  facet normal -0.0651924 -0.705603 0.705603
    outer loop
      vertex 1.69684 -63.8568 -147.114
      vertex 1.69684 -40.8758 -124.133
      vertex 0.0257097 -63.7794 -147.191
    endloop
  endfacet
  facet normal -0.000218626 -0.707105 -0.707109
    outer loop
      vertex 9.17773 -44.2386 -120.77
      vertex 9.19239 -43.4896 -121.519
      vertex 10.1455 -44.3679 -120.641
    endloop
  endfacet
  facet normal -3.49692e-05 -0.707106 -0.707107
    outer loop
      vertex 7.16005 -44.0135 -120.995
      vertex 9.19239 -43.4896 -121.519
      vertex 9.17773 -44.2386 -120.77
    endloop
  endfacet
  facet normal 6.82839e-05 -0.707307 -0.706907
    outer loop
      vertex 5.12407 -43.8308 -121.178
      vertex 9.19239 -43.4896 -121.519
      vertex 7.16005 -44.0135 -120.995
    endloop
  endfacet
  facet normal -0.000291853 -0.705156 -0.709052
    outer loop
      vertex 4.35512 -43.7792 -121.229
      vertex 9.19239 -43.4896 -121.519
      vertex 5.12407 -43.8308 -121.178
    endloop
  endfacet
  facet normal 0 -0.707595 -0.706619
    outer loop
      vertex -4.35512 -43.7792 -121.229
      vertex 9.19239 -43.4896 -121.519
      vertex 4.35512 -43.7792 -121.229
    endloop
  endfacet
  facet normal 0 -0.707595 -0.706619
    outer loop
      vertex -4.35512 -43.7792 -121.229
      vertex -9.19239 -43.4896 -121.519
      vertex 9.19239 -43.4896 -121.519
    endloop
  endfacet
  facet normal 0.000291853 -0.705156 -0.709052
    outer loop
      vertex -5.12407 -43.8308 -121.178
      vertex -9.19239 -43.4896 -121.519
      vertex -4.35512 -43.7792 -121.229
    endloop
  endfacet
  facet normal -6.82839e-05 -0.707307 -0.706907
    outer loop
      vertex -7.16005 -44.0135 -120.995
      vertex -9.19239 -43.4896 -121.519
      vertex -5.12407 -43.8308 -121.178
    endloop
  endfacet
  facet normal 3.49692e-05 -0.707106 -0.707107
    outer loop
      vertex -9.17773 -44.2386 -120.77
      vertex -9.19239 -43.4896 -121.519
      vertex -7.16005 -44.0135 -120.995
    endloop
  endfacet
  facet normal 0.000218626 -0.707105 -0.707109
    outer loop
      vertex -9.19239 -43.4896 -121.519
      vertex -9.17773 -44.2386 -120.77
      vertex -10.1455 -44.3679 -120.641
    endloop
  endfacet
  facet normal -0.980758 0.138047 -0.138046
    outer loop
      vertex 12.8888 -74.1704 -136.8
      vertex 12.7587 -59.4448 -121.15
      vertex 12.8888 -58.5385 -121.168
    endloop
  endfacet
  facet normal -0.980791 0.137924 -0.137931
    outer loop
      vertex 12.8888 -74.1704 -136.8
      vertex 12.557 -60.7901 -121.061
      vertex 12.7587 -59.4448 -121.15
    endloop
  endfacet
  facet normal -0.980774 0.137991 -0.137988
    outer loop
      vertex 12.557 -60.7901 -121.061
      vertex 12.8888 -74.1704 -136.8
      vertex 12.557 -75.3497 -135.621
    endloop
  endfacet
  facet normal 0.980772 -0.138001 0.137993
    outer loop
      vertex -12.8888 -53.7673 -121.196
      vertex -12.5621 -70.6093 -140.361
      vertex -12.8215 -53.28 -121.187
    endloop
  endfacet
  facet normal 0.98078 -0.137972 0.137967
    outer loop
      vertex -12.5621 -70.6093 -140.361
      vertex -12.8888 -53.7673 -121.196
      vertex -12.8888 -71.7707 -139.2
    endloop
  endfacet
  facet normal -0.555553 -0.587947 0.587945
    outer loop
      vertex 6.5 -42.0288 -122.98
      vertex 7.9139 -65.6777 -145.293
      vertex 7.9139 -42.6968 -122.312
    endloop
  endfacet
  facet normal -0.555553 -0.587947 0.587945
    outer loop
      vertex 7.9139 -65.6777 -145.293
      vertex 6.5 -42.0288 -122.98
      vertex 6.5 -65.0097 -145.961
    endloop
  endfacet
  facet normal -0.814043 -0.407021 0.414328
    outer loop
      vertex 9.20938 -66.4843 -144.486
      vertex 10.3136 -44.3983 -120.62
      vertex 10.3134 -44.3979 -120.62
    endloop
  endfacet
  facet normal -0.751772 -0.466279 0.466285
    outer loop
      vertex 10.3136 -44.3983 -120.62
      vertex 9.20938 -66.4843 -144.486
      vertex 10.3136 -67.3746 -143.596
    endloop
  endfacet
  facet normal 0.0652853 0.705605 -0.705591
    outer loop
      vertex -0.0257097 -82.1618 -128.809
      vertex -1.69684 -70.9454 -117.747
      vertex -0.836532 -70.974 -117.696
    endloop
  endfacet
  facet normal 0.0652345 0.705604 -0.705597
    outer loop
      vertex -1.69684 -70.9454 -117.747
      vertex -0.0257097 -82.1618 -128.809
      vertex -1.69684 -82.0843 -128.886
    endloop
  endfacet
  facet normal -0.896853 0.312778 -0.312771
    outer loop
      vertex 12.0104 -76.4883 -134.482
      vertex 11.6952 -63.7404 -120.83
      vertex 12.0104 -62.9116 -120.905
    endloop
  endfacet
  facet normal -0.89687 0.312752 -0.312747
    outer loop
      vertex 11.6952 -63.7404 -120.83
      vertex 12.0104 -76.4883 -134.482
      vertex 11.2697 -77.5504 -133.42
    endloop
  endfacet
  facet normal 0.997855 -0.0462835 0.0462879
    outer loop
      vertex -12.9684 -55.5172 -121.229
      vertex -12.9983 -72.9524 -138.018
      vertex -12.9139 -54.3342 -121.221
    endloop
  endfacet
  facet normal 0.997861 -0.0462234 0.0462254
    outer loop
      vertex -12.9946 -56.0828 -121.229
      vertex -12.9983 -72.9524 -138.018
      vertex -12.9684 -55.5172 -121.229
    endloop
  endfacet
  facet normal 0.997851 -0.0463318 0.0463343
    outer loop
      vertex -13 -56.1951 -121.225
      vertex -12.9983 -72.9524 -138.018
      vertex -12.9946 -56.0828 -121.229
    endloop
  endfacet
  facet normal 0.997802 -0.0468574 0.0468588
    outer loop
      vertex -12.9983 -72.9524 -138.018
      vertex -13 -56.1951 -121.225
      vertex -13 -72.9706 -138
    endloop
  endfacet
  facet normal -0.946899 -0.227355 0.227358
    outer loop
      vertex 12.5488 -70.5741 -140.396
      vertex 12.375 -50.541 -121.087
      vertex 12.0711 -49.1893 -121.001
    endloop
  endfacet
  facet normal -0.946978 -0.227195 0.227191
    outer loop
      vertex 12.5488 -70.5741 -140.396
      vertex 12.557 -51.3216 -121.109
      vertex 12.375 -50.541 -121.087
    endloop
  endfacet
  facet normal -0.947322 -0.226475 0.226472
    outer loop
      vertex 12.557 -51.3216 -121.109
      vertex 12.5488 -70.5741 -140.396
      vertex 12.557 -70.5914 -140.379
    endloop
  endfacet
  facet normal 0.751709 -0.477203 0.455205
    outer loop
      vertex -10.3134 -44.3979 -120.62
      vertex -9.19239 -43.4896 -121.519
      vertex -10.3088 -44.3897 -120.619
    endloop
  endfacet
  facet normal 0.75176 -0.466289 0.466296
    outer loop
      vertex -9.20938 -66.4843 -144.486
      vertex -9.19239 -43.4896 -121.519
      vertex -10.3134 -44.3979 -120.62
    endloop
  endfacet
  facet normal 0.755408 -0.463335 0.463335
    outer loop
      vertex -9.19239 -43.4896 -121.519
      vertex -9.20938 -66.4843 -144.486
      vertex -9.19239 -66.4706 -144.5
    endloop
  endfacet
  facet normal 0.946899 -0.227355 0.227358
    outer loop
      vertex -12.375 -50.541 -121.087
      vertex -12.5488 -70.5741 -140.396
      vertex -12.0711 -49.1893 -121.001
    endloop
  endfacet
  facet normal 0.946978 -0.227195 0.227191
    outer loop
      vertex -12.557 -51.3216 -121.109
      vertex -12.5488 -70.5741 -140.396
      vertex -12.375 -50.541 -121.087
    endloop
  endfacet
  facet normal 0.947322 -0.226475 0.226472
    outer loop
      vertex -12.5488 -70.5741 -140.396
      vertex -12.557 -51.3216 -121.109
      vertex -12.557 -70.5914 -140.379
    endloop
  endfacet
  facet normal 0.0655367 0.705612 -0.705561
    outer loop
      vertex 0 -82.1629 -128.808
      vertex -0.836532 -70.974 -117.696
      vertex 0 -71.0017 -117.646
    endloop
  endfacet
  facet normal 0.0576602 0.705659 -0.706202
    outer loop
      vertex -0.836532 -70.974 -117.696
      vertex 0 -82.1629 -128.808
      vertex -0.0257097 -82.1618 -128.809
    endloop
  endfacet
  facet normal 0.83169 0.3926 -0.392629
    outer loop
      vertex -10.3136 -66.6149 -120.452
      vertex -11.244 -77.5819 -133.389
      vertex -10.7469 -65.829 -120.584
    endloop
  endfacet
  facet normal 0.83152 0.3928 -0.392787
    outer loop
      vertex -11.244 -77.5819 -133.389
      vertex -10.3136 -66.6149 -120.452
      vertex -10.3136 -78.5665 -132.404
    endloop
  endfacet
  facet normal 0.751915 0.466174 -0.46616
    outer loop
      vertex -9.36291 -67.9086 -120.213
      vertex -9.20938 -79.4569 -131.514
      vertex -9.76881 -67.3629 -120.322
    endloop
  endfacet
  facet normal 0.751865 0.466214 -0.466201
    outer loop
      vertex -9.19239 -68.1206 -120.15
      vertex -9.20938 -79.4569 -131.514
      vertex -9.36291 -67.9086 -120.213
    endloop
  endfacet
  facet normal 0.755408 0.463335 -0.463335
    outer loop
      vertex -9.20938 -79.4569 -131.514
      vertex -9.19239 -68.1206 -120.15
      vertex -9.19239 -79.4706 -131.5
    endloop
  endfacet
  facet normal -0.195068 -0.693523 0.693523
    outer loop
      vertex 3.33938 -64.0878 -146.883
      vertex 1.69684 -40.8758 -124.133
      vertex 1.69684 -63.8568 -147.114
    endloop
  endfacet
  facet normal 0.195265 -0.693503 0.693488
    outer loop
      vertex -3.36465 -41.1104 -123.898
      vertex -3.33938 -64.0878 -146.883
      vertex -1.69684 -40.8758 -124.133
    endloop
  endfacet
  facet normal 0.208012 -0.69164 0.69164
    outer loop
      vertex -3.33938 -64.0878 -146.883
      vertex -3.36465 -41.1104 -123.898
      vertex -3.36465 -64.0914 -146.879
    endloop
  endfacet
  facet normal -0.0651198 -0.705606 0.705606
    outer loop
      vertex 0 -63.7782 -147.192
      vertex 1.69684 -40.8758 -124.133
      vertex 0 -40.7972 -124.211
    endloop
  endfacet
  facet normal -0.0603986 -0.705991 0.705641
    outer loop
      vertex 1.69684 -40.8758 -124.133
      vertex 0 -63.7782 -147.192
      vertex 0.0257097 -63.7794 -147.191
    endloop
  endfacet
  facet normal 0.555553 -0.587947 0.587945
    outer loop
      vertex -7.9139 -65.6777 -145.293
      vertex -6.5 -42.0288 -122.98
      vertex -7.9139 -42.6968 -122.312
    endloop
  endfacet
  facet normal 0.555553 -0.587947 0.587945
    outer loop
      vertex -6.5 -42.0288 -122.98
      vertex -7.9139 -65.6777 -145.293
      vertex -6.5 -65.0097 -145.961
    endloop
  endfacet
  facet normal 0.831777 -0.392536 0.392508
    outer loop
      vertex -10.6139 -45.1156 -120.701
      vertex -11.244 -68.3592 -142.611
      vertex -10.3138 -44.3987 -120.62
    endloop
  endfacet
  facet normal 0.831317 -0.393003 0.393016
    outer loop
      vertex -11.2583 -46.5987 -120.821
      vertex -11.244 -68.3592 -142.611
      vertex -10.6139 -45.1156 -120.701
    endloop
  endfacet
  facet normal 0.830907 -0.393436 0.393449
    outer loop
      vertex -11.244 -68.3592 -142.611
      vertex -11.2583 -46.5987 -120.821
      vertex -11.2583 -68.3744 -142.596
    endloop
  endfacet
  facet normal -0.00105146 -0.706415 -0.707797
    outer loop
      vertex -9.19239 -43.4896 -121.519
      vertex -10.1455 -44.3679 -120.641
      vertex -10.3088 -44.3897 -120.619
    endloop
  endfacet
  facet normal 0.98076 -0.138039 0.138038
    outer loop
      vertex -12.7047 -52.433 -121.171
      vertex -12.557 -70.5914 -140.379
      vertex -12.557 -51.3216 -121.109
    endloop
  endfacet
  facet normal 0.98081 -0.137857 0.137865
    outer loop
      vertex -12.8215 -53.28 -121.187
      vertex -12.557 -70.5914 -140.379
      vertex -12.7047 -52.433 -121.171
    endloop
  endfacet
  facet normal 0.98041 -0.13935 0.139207
    outer loop
      vertex -12.557 -70.5914 -140.379
      vertex -12.8215 -53.28 -121.187
      vertex -12.5621 -70.6093 -140.361
    endloop
  endfacet
  facet normal -0.0652853 0.705605 -0.705591
    outer loop
      vertex 1.69684 -70.9454 -117.747
      vertex 0.0257097 -82.1618 -128.809
      vertex 0.836532 -70.974 -117.696
    endloop
  endfacet
  facet normal -0.0652345 0.705604 -0.705597
    outer loop
      vertex 0.0257097 -82.1618 -128.809
      vertex 1.69684 -70.9454 -117.747
      vertex 1.69684 -82.0843 -128.886
    endloop
  endfacet
  facet normal -0.83169 0.3926 -0.392629
    outer loop
      vertex 11.244 -77.5819 -133.389
      vertex 10.3136 -66.6149 -120.452
      vertex 10.7469 -65.829 -120.584
    endloop
  endfacet
  facet normal -0.83152 0.3928 -0.392787
    outer loop
      vertex 10.3136 -66.6149 -120.452
      vertex 11.244 -77.5819 -133.389
      vertex 10.3136 -78.5665 -132.404
    endloop
  endfacet
  facet normal -0.751915 0.466174 -0.46616
    outer loop
      vertex 9.20938 -79.4569 -131.514
      vertex 9.36291 -67.9086 -120.213
      vertex 9.76881 -67.3629 -120.322
    endloop
  endfacet
  facet normal -0.751865 0.466214 -0.466201
    outer loop
      vertex 9.20938 -79.4569 -131.514
      vertex 9.19239 -68.1206 -120.15
      vertex 9.36291 -67.9086 -120.213
    endloop
  endfacet
  facet normal -0.755408 0.463335 -0.463335
    outer loop
      vertex 9.19239 -68.1206 -120.15
      vertex 9.20938 -79.4569 -131.514
      vertex 9.19239 -79.4706 -131.5
    endloop
  endfacet
  facet normal -0.442408 0.63414 -0.634146
    outer loop
      vertex 5.70978 -70.3164 -118.873
      vertex 4.97488 -81.4632 -129.507
      vertex 4.97488 -70.5001 -118.544
    endloop
  endfacet
  facet normal -0.439696 0.634969 -0.635202
    outer loop
      vertex 4.97488 -81.4632 -129.507
      vertex 5.70978 -70.3164 -118.873
      vertex 4.99799 -81.4552 -129.515
    endloop
  endfacet
  facet normal 0.997859 0.0462421 -0.0462396
    outer loop
      vertex -12.8888 -58.5385 -121.168
      vertex -12.9983 -72.9887 -137.982
      vertex -12.9223 -57.8536 -121.206
    endloop
  endfacet
  facet normal 0.997861 0.0462267 -0.0462264
    outer loop
      vertex -12.9983 -72.9887 -137.982
      vertex -12.8888 -58.5385 -121.168
      vertex -12.8888 -74.1704 -136.8
    endloop
  endfacet
  facet normal 0.896853 0.312778 -0.312771
    outer loop
      vertex -11.6952 -63.7404 -120.83
      vertex -12.0104 -76.4883 -134.482
      vertex -12.0104 -62.9116 -120.905
    endloop
  endfacet
  facet normal 0.89687 0.312752 -0.312747
    outer loop
      vertex -12.0104 -76.4883 -134.482
      vertex -11.6952 -63.7404 -120.83
      vertex -11.2697 -77.5504 -133.42
    endloop
  endfacet
  facet normal 0.751252 0.466709 -0.466693
    outer loop
      vertex -10.1381 -66.8664 -120.421
      vertex -10.3136 -78.5665 -132.404
      vertex -10.3136 -66.6149 -120.452
    endloop
  endfacet
  facet normal 0.751829 0.466234 -0.466238
    outer loop
      vertex -9.76881 -67.3629 -120.322
      vertex -10.3136 -78.5665 -132.404
      vertex -10.1381 -66.8664 -120.421
    endloop
  endfacet
  facet normal 0.751791 0.466267 -0.466267
    outer loop
      vertex -10.3136 -78.5665 -132.404
      vertex -9.76881 -67.3629 -120.322
      vertex -9.20938 -79.4569 -131.514
    endloop
  endfacet
  facet normal 0.44198 0.634268 -0.634316
    outer loop
      vertex -4.99799 -81.4552 -129.515
      vertex -6.39448 -70.1453 -119.179
      vertex -5.70978 -70.3164 -118.873
    endloop
  endfacet
  facet normal 0.443297 0.633915 -0.633751
    outer loop
      vertex -4.99799 -81.4552 -129.515
      vertex -6.5 -70.1095 -119.217
      vertex -6.39448 -70.1453 -119.179
    endloop
  endfacet
  facet normal 0.442383 0.634155 -0.634149
    outer loop
      vertex -6.5 -70.1095 -119.217
      vertex -4.99799 -81.4552 -129.515
      vertex -6.5 -80.9314 -130.039
    endloop
  endfacet
  facet normal -0.997855 -0.0462835 0.0462879
    outer loop
      vertex 12.9983 -72.9524 -138.018
      vertex 12.9684 -55.5172 -121.229
      vertex 12.9139 -54.3342 -121.221
    endloop
  endfacet
  facet normal -0.997861 -0.0462234 0.0462254
    outer loop
      vertex 12.9983 -72.9524 -138.018
      vertex 12.9946 -56.0828 -121.229
      vertex 12.9684 -55.5172 -121.229
    endloop
  endfacet
  facet normal -0.997851 -0.0463318 0.0463343
    outer loop
      vertex 12.9983 -72.9524 -138.018
      vertex 13 -56.1951 -121.225
      vertex 12.9946 -56.0828 -121.229
    endloop
  endfacet
  facet normal -0.997802 -0.0468574 0.0468588
    outer loop
      vertex 13 -56.1951 -121.225
      vertex 12.9983 -72.9524 -138.018
      vertex 13 -72.9706 -138
    endloop
  endfacet
  facet normal 0.00029104 -0.707551 -0.706662
    outer loop
      vertex -1.69684 -40.8758 -124.133
      vertex 0 -40.7972 -124.211
      vertex -9.19239 -43.4896 -121.519
    endloop
  endfacet
  facet normal -0.946976 -0.227199 0.227193
    outer loop
      vertex 12.0104 -69.4528 -141.518
      vertex 12.0711 -49.1893 -121.001
      vertex 12.0104 -48.9193 -120.984
    endloop
  endfacet
  facet normal -0.946941 -0.227273 0.227266
    outer loop
      vertex 12.0711 -49.1893 -121.001
      vertex 12.0104 -69.4528 -141.518
      vertex 12.5488 -70.5741 -140.396
    endloop
  endfacet
  facet normal -0.897208 -0.312237 0.312292
    outer loop
      vertex 11.2697 -68.3907 -142.58
      vertex 12.0104 -48.9193 -120.984
      vertex 11.9353 -48.6955 -120.976
    endloop
  endfacet
  facet normal -0.89687 -0.312753 0.312746
    outer loop
      vertex 12.0104 -48.9193 -120.984
      vertex 11.2697 -68.3907 -142.58
      vertex 12.0104 -69.4528 -141.518
    endloop
  endfacet
  facet normal -0.98076 -0.138039 0.138038
    outer loop
      vertex 12.557 -70.5914 -140.379
      vertex 12.7047 -52.433 -121.171
      vertex 12.557 -51.3216 -121.109
    endloop
  endfacet
  facet normal -0.98081 -0.137857 0.137865
    outer loop
      vertex 12.557 -70.5914 -140.379
      vertex 12.8215 -53.28 -121.187
      vertex 12.7047 -52.433 -121.171
    endloop
  endfacet
  facet normal -0.98041 -0.13935 0.139207
    outer loop
      vertex 12.8215 -53.28 -121.187
      vertex 12.557 -70.5914 -140.379
      vertex 12.5621 -70.6093 -140.361
    endloop
  endfacet
  facet normal 0.00105146 -0.706415 -0.707797
    outer loop
      vertex 10.3088 -44.3897 -120.619
      vertex 10.1455 -44.3679 -120.641
      vertex 9.19239 -43.4896 -121.519
    endloop
  endfacet
  facet normal -0.442376 -0.634156 0.634153
    outer loop
      vertex 4.97488 -41.4969 -123.512
      vertex 6.5 -65.0097 -145.961
      vertex 6.5 -42.0288 -122.98
    endloop
  endfacet
  facet normal -0.442343 -0.634166 0.634166
    outer loop
      vertex 6.5 -65.0097 -145.961
      vertex 4.97488 -41.4969 -123.512
      vertex 4.97488 -64.4779 -146.493
    endloop
  endfacet
  facet normal -0.000271632 -0.706744 -0.707469
    outer loop
      vertex -3.36465 -41.1104 -123.898
      vertex -1.69684 -40.8758 -124.133
      vertex -9.19239 -43.4896 -121.519
    endloop
  endfacet
  facet normal 0.0651198 -0.705606 0.705606
    outer loop
      vertex -1.69684 -40.8758 -124.133
      vertex 0 -63.7782 -147.192
      vertex 0 -40.7972 -124.211
    endloop
  endfacet
  facet normal 0.0603986 -0.705991 0.705641
    outer loop
      vertex 0 -63.7782 -147.192
      vertex -1.69684 -40.8758 -124.133
      vertex -0.0257097 -63.7794 -147.191
    endloop
  endfacet
  facet normal 0.442376 -0.634156 0.634153
    outer loop
      vertex -6.5 -65.0097 -145.961
      vertex -4.97488 -41.4969 -123.512
      vertex -6.5 -42.0288 -122.98
    endloop
  endfacet
  facet normal 0.442343 -0.634166 0.634166
    outer loop
      vertex -4.97488 -41.4969 -123.512
      vertex -6.5 -65.0097 -145.961
      vertex -4.97488 -64.4779 -146.493
    endloop
  endfacet
  facet normal 0.659393 -0.531602 0.531602
    outer loop
      vertex -7.93327 -65.6898 -145.281
      vertex -9.19239 -43.4896 -121.519
      vertex -9.19239 -66.4706 -144.5
    endloop
  endfacet
  facet normal 0.659387 -0.531606 0.531605
    outer loop
      vertex -7.93327 -65.6898 -145.281
      vertex -7.9139 -42.6968 -122.312
      vertex -9.19239 -43.4896 -121.519
    endloop
  endfacet
  facet normal 0.660533 -0.530895 0.530892
    outer loop
      vertex -7.9139 -42.6968 -122.312
      vertex -7.93327 -65.6898 -145.281
      vertex -7.9139 -65.6777 -145.293
    endloop
  endfacet
  facet normal -0.946881 0.227398 -0.227391
    outer loop
      vertex 12.557 -75.3497 -135.621
      vertex 12.4698 -61.1422 -121.05
      vertex 12.557 -60.7901 -121.061
    endloop
  endfacet
  facet normal -0.946995 0.227157 -0.227157
    outer loop
      vertex 12.557 -75.3497 -135.621
      vertex 12.3508 -61.6023 -121.014
      vertex 12.4698 -61.1422 -121.05
    endloop
  endfacet
  facet normal -0.946964 0.227224 -0.22722
    outer loop
      vertex 12.3508 -61.6023 -121.014
      vertex 12.557 -75.3497 -135.621
      vertex 12.0187 -76.4711 -134.499
    endloop
  endfacet
  facet normal -0.946923 0.227304 -0.227309
    outer loop
      vertex 12.0187 -76.4711 -134.499
      vertex 12.0506 -62.7629 -120.924
      vertex 12.3508 -61.6023 -121.014
    endloop
  endfacet
  facet normal -0.947059 0.227023 -0.227025
    outer loop
      vertex 12.0187 -76.4711 -134.499
      vertex 12.0104 -62.9116 -120.905
      vertex 12.0506 -62.7629 -120.924
    endloop
  endfacet
  facet normal -0.945842 0.229549 -0.229544
    outer loop
      vertex 12.0104 -62.9116 -120.905
      vertex 12.0187 -76.4711 -134.499
      vertex 12.0104 -76.4883 -134.482
    endloop
  endfacet
  facet normal -0.831678 0.392622 -0.392631
    outer loop
      vertex 11.2583 -77.5668 -133.404
      vertex 10.8482 -65.6452 -120.614
      vertex 11.2583 -64.8605 -120.698
    endloop
  endfacet
  facet normal -0.830766 0.393635 -0.393547
    outer loop
      vertex 11.2583 -77.5668 -133.404
      vertex 10.7469 -65.829 -120.584
      vertex 10.8482 -65.6452 -120.614
    endloop
  endfacet
  facet normal -0.830052 0.394436 -0.394251
    outer loop
      vertex 10.7469 -65.829 -120.584
      vertex 11.2583 -77.5668 -133.404
      vertex 11.244 -77.5819 -133.389
    endloop
  endfacet
  facet normal -0.896882 0.312736 -0.312729
    outer loop
      vertex 11.2697 -77.5504 -133.42
      vertex 11.4939 -64.2697 -120.782
      vertex 11.6952 -63.7404 -120.83
    endloop
  endfacet
  facet normal -0.896651 0.313056 -0.313069
    outer loop
      vertex 11.2697 -77.5504 -133.42
      vertex 11.2583 -64.8605 -120.698
      vertex 11.4939 -64.2697 -120.782
    endloop
  endfacet
  facet normal -0.895287 0.315005 -0.315012
    outer loop
      vertex 11.2583 -64.8605 -120.698
      vertex 11.2697 -77.5504 -133.42
      vertex 11.2583 -77.5668 -133.404
    endloop
  endfacet
  facet normal 0.897323 -0.312094 0.312105
    outer loop
      vertex -11.3304 -46.829 -120.844
      vertex -11.2583 -68.3744 -142.596
      vertex -11.2583 -46.5987 -120.821
    endloop
  endfacet
  facet normal 0.896895 -0.312713 0.312715
    outer loop
      vertex -11.9203 -48.6509 -120.974
      vertex -11.2583 -68.3744 -142.596
      vertex -11.3304 -46.829 -120.844
    endloop
  endfacet
  facet normal 0.895238 -0.315212 0.314945
    outer loop
      vertex -11.9353 -48.6955 -120.976
      vertex -11.2583 -68.3744 -142.596
      vertex -11.9203 -48.6509 -120.974
    endloop
  endfacet
  facet normal 0.894738 -0.315963 0.315613
    outer loop
      vertex -11.2583 -68.3744 -142.596
      vertex -11.9353 -48.6955 -120.976
      vertex -11.2697 -68.3907 -142.58
    endloop
  endfacet
  facet normal 0.816495 -0.408247 0.408253
    outer loop
      vertex -10.3138 -44.3987 -120.62
      vertex -10.3136 -67.3746 -143.596
      vertex -10.3136 -44.3983 -120.62
    endloop
  endfacet
  facet normal 0.83152 -0.392791 0.392797
    outer loop
      vertex -10.3136 -67.3746 -143.596
      vertex -10.3138 -44.3987 -120.62
      vertex -11.244 -68.3592 -142.611
    endloop
  endfacet
  facet normal 0.814043 -0.407021 0.414328
    outer loop
      vertex -10.3136 -44.3983 -120.62
      vertex -9.20938 -66.4843 -144.486
      vertex -10.3134 -44.3979 -120.62
    endloop
  endfacet
  facet normal 0.751772 -0.466279 0.466285
    outer loop
      vertex -9.20938 -66.4843 -144.486
      vertex -10.3136 -44.3983 -120.62
      vertex -10.3136 -67.3746 -143.596
    endloop
  endfacet
  facet normal -0.195105 0.693521 -0.693515
    outer loop
      vertex 3.36465 -70.7772 -118.048
      vertex 1.69684 -82.0843 -128.886
      vertex 1.69684 -70.9454 -117.747
    endloop
  endfacet
  facet normal -0.195265 0.693511 -0.69348
    outer loop
      vertex 1.69684 -82.0843 -128.886
      vertex 3.36465 -70.7772 -118.048
      vertex 3.36465 -81.8497 -129.121
    endloop
  endfacet
  facet normal -0.659328 0.531642 -0.531642
    outer loop
      vertex 9.19239 -79.4706 -131.5
      vertex 8.56401 -68.7449 -119.995
      vertex 9.19239 -68.1206 -120.15
    endloop
  endfacet
  facet normal -0.658984 0.531872 -0.531838
    outer loop
      vertex 8.56401 -68.7449 -119.995
      vertex 9.19239 -79.4706 -131.5
      vertex 9.17302 -79.4826 -131.488
    endloop
  endfacet
  facet normal -0.751252 0.466709 -0.466693
    outer loop
      vertex 10.3136 -78.5665 -132.404
      vertex 10.1381 -66.8664 -120.421
      vertex 10.3136 -66.6149 -120.452
    endloop
  endfacet
  facet normal -0.751829 0.466234 -0.466238
    outer loop
      vertex 10.3136 -78.5665 -132.404
      vertex 9.76881 -67.3629 -120.322
      vertex 10.1381 -66.8664 -120.421
    endloop
  endfacet
  facet normal -0.751791 0.466267 -0.466267
    outer loop
      vertex 9.76881 -67.3629 -120.322
      vertex 10.3136 -78.5665 -132.404
      vertex 9.20938 -79.4569 -131.514
    endloop
  endfacet
  facet normal -0.321981 0.669466 -0.669436
    outer loop
      vertex 4.19028 -70.6351 -118.303
      vertex 3.36465 -81.8497 -129.121
      vertex 3.36465 -70.7772 -118.048
    endloop
  endfacet
  facet normal -0.321175 0.669626 -0.669663
    outer loop
      vertex 3.36465 -81.8497 -129.121
      vertex 4.19028 -70.6351 -118.303
      vertex 4.95049 -81.4691 -129.501
    endloop
  endfacet
  facet normal -0.0655367 0.705612 -0.705561
    outer loop
      vertex 0.836532 -70.974 -117.696
      vertex 0 -82.1629 -128.808
      vertex 0 -71.0017 -117.646
    endloop
  endfacet
  facet normal -0.0576602 0.705659 -0.706202
    outer loop
      vertex 0 -82.1629 -128.808
      vertex 0.836532 -70.974 -117.696
      vertex 0.0257097 -82.1618 -128.809
    endloop
  endfacet
  facet normal 0.997863 -0.0461992 0.0461977
    outer loop
      vertex -12.911 -54.2718 -121.221
      vertex -12.8888 -71.7707 -139.2
      vertex -12.8888 -53.7673 -121.196
    endloop
  endfacet
  facet normal 0.997847 -0.0463743 0.0463681
    outer loop
      vertex -12.9139 -54.3342 -121.221
      vertex -12.8888 -71.7707 -139.2
      vertex -12.911 -54.2718 -121.221
    endloop
  endfacet
  facet normal 0.997861 -0.0462275 0.0462257
    outer loop
      vertex -12.8888 -71.7707 -139.2
      vertex -12.9139 -54.3342 -121.221
      vertex -12.9983 -72.9524 -138.018
    endloop
  endfacet
  facet normal 0.195105 0.693521 -0.693515
    outer loop
      vertex -1.69684 -82.0843 -128.886
      vertex -3.36465 -70.7772 -118.048
      vertex -1.69684 -70.9454 -117.747
    endloop
  endfacet
  facet normal 0.195265 0.693511 -0.69348
    outer loop
      vertex -3.36465 -70.7772 -118.048
      vertex -1.69684 -82.0843 -128.886
      vertex -3.36465 -81.8497 -129.121
    endloop
  endfacet
  facet normal 0.980758 0.138047 -0.138046
    outer loop
      vertex -12.7587 -59.4448 -121.15
      vertex -12.8888 -74.1704 -136.8
      vertex -12.8888 -58.5385 -121.168
    endloop
  endfacet
  facet normal 0.980791 0.137924 -0.137931
    outer loop
      vertex -12.557 -60.7901 -121.061
      vertex -12.8888 -74.1704 -136.8
      vertex -12.7587 -59.4448 -121.15
    endloop
  endfacet
  facet normal 0.980774 0.137991 -0.137988
    outer loop
      vertex -12.8888 -74.1704 -136.8
      vertex -12.557 -60.7901 -121.061
      vertex -12.557 -75.3497 -135.621
    endloop
  endfacet
  facet normal 0.669018 0.525082 -0.526026
    outer loop
      vertex -8.54972 -68.7591 -119.991
      vertex -9.17302 -79.4826 -131.488
      vertex -8.56401 -68.7449 -119.995
    endloop
  endfacet
  facet normal 0.659086 0.531816 -0.531768
    outer loop
      vertex -7.9139 -69.3261 -119.77
      vertex -9.17302 -79.4826 -131.488
      vertex -8.54972 -68.7591 -119.991
    endloop
  endfacet
  facet normal 0.659393 0.531594 -0.531609
    outer loop
      vertex -9.17302 -79.4826 -131.488
      vertex -7.9139 -69.3261 -119.77
      vertex -7.9139 -80.2634 -130.707
    endloop
  endfacet
  facet normal -0.000353752 -0.707481 -0.706732
    outer loop
      vertex 7.9139 -42.6968 -122.312
      vertex 9.19239 -43.4896 -121.519
      vertex 6.5 -42.0288 -122.98
    endloop
  endfacet
  facet normal 0.000271632 -0.706744 -0.707469
    outer loop
      vertex 3.36465 -41.1104 -123.898
      vertex 9.19239 -43.4896 -121.519
      vertex 1.69684 -40.8758 -124.133
    endloop
  endfacet
  facet normal -0.816495 -0.408247 0.408253
    outer loop
      vertex 10.3136 -67.3746 -143.596
      vertex 10.3138 -44.3987 -120.62
      vertex 10.3136 -44.3983 -120.62
    endloop
  endfacet
  facet normal -0.83152 -0.392791 0.392797
    outer loop
      vertex 10.3138 -44.3987 -120.62
      vertex 10.3136 -67.3746 -143.596
      vertex 11.244 -68.3592 -142.611
    endloop
  endfacet
  facet normal -0.980772 -0.138001 0.137993
    outer loop
      vertex 12.5621 -70.6093 -140.361
      vertex 12.8888 -53.7673 -121.196
      vertex 12.8215 -53.28 -121.187
    endloop
  endfacet
  facet normal -0.98078 -0.137972 0.137967
    outer loop
      vertex 12.8888 -53.7673 -121.196
      vertex 12.5621 -70.6093 -140.361
      vertex 12.8888 -71.7707 -139.2
    endloop
  endfacet
  facet normal -0.997863 -0.0461992 0.0461977
    outer loop
      vertex 12.8888 -71.7707 -139.2
      vertex 12.911 -54.2718 -121.221
      vertex 12.8888 -53.7673 -121.196
    endloop
  endfacet
  facet normal -0.997847 -0.0463743 0.0463681
    outer loop
      vertex 12.8888 -71.7707 -139.2
      vertex 12.9139 -54.3342 -121.221
      vertex 12.911 -54.2718 -121.221
    endloop
  endfacet
  facet normal -0.997861 -0.0462275 0.0462257
    outer loop
      vertex 12.9139 -54.3342 -121.221
      vertex 12.8888 -71.7707 -139.2
      vertex 12.9983 -72.9524 -138.018
    endloop
  endfacet
  facet normal 0 -0.707054 -0.707159
    outer loop
      vertex 0 -40.7972 -124.211
      vertex 9.19239 -43.4896 -121.519
      vertex -9.19239 -43.4896 -121.519
    endloop
  endfacet
  facet normal -0.00029104 -0.707551 -0.706662
    outer loop
      vertex 1.69684 -40.8758 -124.133
      vertex 9.19239 -43.4896 -121.519
      vertex 0 -40.7972 -124.211
    endloop
  endfacet
  facet normal -3.5274e-05 -0.707123 -0.707091
    outer loop
      vertex -6.5 -42.0288 -122.98
      vertex -4.97488 -41.4969 -123.512
      vertex -9.19239 -43.4896 -121.519
    endloop
  endfacet
  facet normal 0.000497815 -0.707686 -0.706526
    outer loop
      vertex -4.97488 -41.4969 -123.512
      vertex -3.36465 -41.1104 -123.898
      vertex -9.19239 -43.4896 -121.519
    endloop
  endfacet
  facet normal 0.195068 -0.693523 0.693523
    outer loop
      vertex -1.69684 -63.8568 -147.114
      vertex -1.69684 -40.8758 -124.133
      vertex -3.33938 -64.0878 -146.883
    endloop
  endfacet
  facet normal 0.0651924 -0.705603 0.705603
    outer loop
      vertex -0.0257097 -63.7794 -147.191
      vertex -1.69684 -40.8758 -124.133
      vertex -1.69684 -63.8568 -147.114
    endloop
  endfacet
  facet normal 0.897208 -0.312237 0.312292
    outer loop
      vertex -12.0104 -48.9193 -120.984
      vertex -11.2697 -68.3907 -142.58
      vertex -11.9353 -48.6955 -120.976
    endloop
  endfacet
  facet normal 0.89687 -0.312753 0.312746
    outer loop
      vertex -11.2697 -68.3907 -142.58
      vertex -12.0104 -48.9193 -120.984
      vertex -12.0104 -69.4528 -141.518
    endloop
  endfacet
  facet normal 0.946976 -0.227199 0.227193
    outer loop
      vertex -12.0711 -49.1893 -121.001
      vertex -12.0104 -69.4528 -141.518
      vertex -12.0104 -48.9193 -120.984
    endloop
  endfacet
  facet normal 0.946941 -0.227273 0.227266
    outer loop
      vertex -12.0104 -69.4528 -141.518
      vertex -12.0711 -49.1893 -121.001
      vertex -12.5488 -70.5741 -140.396
    endloop
  endfacet
  facet normal -0.669018 0.525082 -0.526026
    outer loop
      vertex 9.17302 -79.4826 -131.488
      vertex 8.54972 -68.7591 -119.991
      vertex 8.56401 -68.7449 -119.995
    endloop
  endfacet
  facet normal -0.659086 0.531816 -0.531768
    outer loop
      vertex 9.17302 -79.4826 -131.488
      vertex 7.9139 -69.3261 -119.77
      vertex 8.54972 -68.7591 -119.991
    endloop
  endfacet
  facet normal -0.659393 0.531594 -0.531609
    outer loop
      vertex 7.9139 -69.3261 -119.77
      vertex 9.17302 -79.4826 -131.488
      vertex 7.9139 -80.2634 -130.707
    endloop
  endfacet
  facet normal -0.320939 0.669691 -0.66971
    outer loop
      vertex 4.97488 -70.5001 -118.544
      vertex 4.95049 -81.4691 -129.501
      vertex 4.19028 -70.6351 -118.303
    endloop
  endfacet
  facet normal -0.326137 0.668441 -0.668447
    outer loop
      vertex 4.95049 -81.4691 -129.501
      vertex 4.97488 -70.5001 -118.544
      vertex 4.97488 -81.4632 -129.507
    endloop
  endfacet
  facet normal 0.997863 0.0462076 -0.046209
    outer loop
      vertex -12.9291 -57.7142 -121.213
      vertex -13 -72.9706 -138
      vertex -13 -56.1951 -121.225
    endloop
  endfacet
  facet normal 0.99785 0.0463488 -0.0463372
    outer loop
      vertex -12.9223 -57.8536 -121.206
      vertex -13 -72.9706 -138
      vertex -12.9291 -57.7142 -121.213
    endloop
  endfacet
  facet normal 0.99779 0.047027 -0.0469474
    outer loop
      vertex -13 -72.9706 -138
      vertex -12.9223 -57.8536 -121.206
      vertex -12.9983 -72.9887 -137.982
    endloop
  endfacet
  facet normal 0.555553 0.587949 -0.587943
    outer loop
      vertex -7.9139 -80.2634 -130.707
      vertex -6.5 -70.1095 -119.217
      vertex -6.5 -80.9314 -130.039
    endloop
  endfacet
  facet normal 0.555902 0.58775 -0.587811
    outer loop
      vertex -6.5 -70.1095 -119.217
      vertex -7.9139 -80.2634 -130.707
      vertex -7.02233 -69.8765 -119.478
    endloop
  endfacet
  facet normal 0.555592 0.587916 -0.587939
    outer loop
      vertex -7.02233 -69.8765 -119.478
      vertex -7.9139 -80.2634 -130.707
      vertex -7.78095 -69.4206 -119.739
    endloop
  endfacet
  facet normal 0.555168 0.58812 -0.588136
    outer loop
      vertex -7.78095 -69.4206 -119.739
      vertex -7.9139 -80.2634 -130.707
      vertex -7.9139 -69.3261 -119.77
    endloop
  endfacet
  facet normal 0.946923 0.227304 -0.227309
    outer loop
      vertex -12.0506 -62.7629 -120.924
      vertex -12.0187 -76.4711 -134.499
      vertex -12.3508 -61.6023 -121.014
    endloop
  endfacet
  facet normal 0.947059 0.227023 -0.227025
    outer loop
      vertex -12.0104 -62.9116 -120.905
      vertex -12.0187 -76.4711 -134.499
      vertex -12.0506 -62.7629 -120.924
    endloop
  endfacet
  facet normal 0.945842 0.229549 -0.229544
    outer loop
      vertex -12.0187 -76.4711 -134.499
      vertex -12.0104 -62.9116 -120.905
      vertex -12.0104 -76.4883 -134.482
    endloop
  endfacet
  facet normal 0.946881 0.227398 -0.227391
    outer loop
      vertex -12.4698 -61.1422 -121.05
      vertex -12.557 -75.3497 -135.621
      vertex -12.557 -60.7901 -121.061
    endloop
  endfacet
  facet normal 0.946995 0.227157 -0.227157
    outer loop
      vertex -12.3508 -61.6023 -121.014
      vertex -12.557 -75.3497 -135.621
      vertex -12.4698 -61.1422 -121.05
    endloop
  endfacet
  facet normal 0.946964 0.227224 -0.22722
    outer loop
      vertex -12.557 -75.3497 -135.621
      vertex -12.3508 -61.6023 -121.014
      vertex -12.0187 -76.4711 -134.499
    endloop
  endfacet
  facet normal 0.896882 0.312736 -0.312729
    outer loop
      vertex -11.4939 -64.2697 -120.782
      vertex -11.2697 -77.5504 -133.42
      vertex -11.6952 -63.7404 -120.83
    endloop
  endfacet
  facet normal 0.896651 0.313056 -0.313069
    outer loop
      vertex -11.2583 -64.8605 -120.698
      vertex -11.2697 -77.5504 -133.42
      vertex -11.4939 -64.2697 -120.782
    endloop
  endfacet
  facet normal 0.895287 0.315005 -0.315012
    outer loop
      vertex -11.2697 -77.5504 -133.42
      vertex -11.2583 -64.8605 -120.698
      vertex -11.2583 -77.5668 -133.404
    endloop
  endfacet
  facet normal 0.831678 0.392622 -0.392631
    outer loop
      vertex -10.8482 -65.6452 -120.614
      vertex -11.2583 -77.5668 -133.404
      vertex -11.2583 -64.8605 -120.698
    endloop
  endfacet
  facet normal 0.830766 0.393635 -0.393547
    outer loop
      vertex -10.7469 -65.829 -120.584
      vertex -11.2583 -77.5668 -133.404
      vertex -10.8482 -65.6452 -120.614
    endloop
  endfacet
  facet normal 0.830052 0.394436 -0.394251
    outer loop
      vertex -11.2583 -77.5668 -133.404
      vertex -10.7469 -65.829 -120.584
      vertex -11.244 -77.5819 -133.389
    endloop
  endfacet
  facet normal -0.897323 -0.312094 0.312105
    outer loop
      vertex 11.2583 -68.3744 -142.596
      vertex 11.3304 -46.829 -120.844
      vertex 11.2583 -46.5987 -120.821
    endloop
  endfacet
  facet normal -0.896895 -0.312713 0.312715
    outer loop
      vertex 11.2583 -68.3744 -142.596
      vertex 11.9203 -48.6509 -120.974
      vertex 11.3304 -46.829 -120.844
    endloop
  endfacet
  facet normal -0.895238 -0.315212 0.314945
    outer loop
      vertex 11.2583 -68.3744 -142.596
      vertex 11.9353 -48.6955 -120.976
      vertex 11.9203 -48.6509 -120.974
    endloop
  endfacet
  facet normal -0.894738 -0.315963 0.315613
    outer loop
      vertex 11.9353 -48.6955 -120.976
      vertex 11.2583 -68.3744 -142.596
      vertex 11.2697 -68.3907 -142.58
    endloop
  endfacet
  facet normal -0.831777 -0.392536 0.392508
    outer loop
      vertex 11.244 -68.3592 -142.611
      vertex 10.6139 -45.1156 -120.701
      vertex 10.3138 -44.3987 -120.62
    endloop
  endfacet
  facet normal -0.831317 -0.393003 0.393016
    outer loop
      vertex 11.244 -68.3592 -142.611
      vertex 11.2583 -46.5987 -120.821
      vertex 10.6139 -45.1156 -120.701
    endloop
  endfacet
  facet normal -0.830907 -0.393436 0.393449
    outer loop
      vertex 11.2583 -46.5987 -120.821
      vertex 11.244 -68.3592 -142.611
      vertex 11.2583 -68.3744 -142.596
    endloop
  endfacet
  facet normal -0.660533 -0.530895 0.530892
    outer loop
      vertex 7.93327 -65.6898 -145.281
      vertex 7.9139 -42.6968 -122.312
      vertex 7.9139 -65.6777 -145.293
    endloop
  endfacet
  facet normal -0.659387 -0.531606 0.531605
    outer loop
      vertex 7.9139 -42.6968 -122.312
      vertex 7.93327 -65.6898 -145.281
      vertex 9.19239 -43.4896 -121.519
    endloop
  endfacet
  facet normal -0.751709 -0.477203 0.455205
    outer loop
      vertex 9.19239 -43.4896 -121.519
      vertex 10.3134 -44.3979 -120.62
      vertex 10.3088 -44.3897 -120.619
    endloop
  endfacet
  facet normal -0.755408 -0.463335 0.463335
    outer loop
      vertex 9.20938 -66.4843 -144.486
      vertex 9.19239 -43.4896 -121.519
      vertex 9.19239 -66.4706 -144.5
    endloop
  endfacet
  facet normal -0.75176 -0.466289 0.466296
    outer loop
      vertex 9.19239 -43.4896 -121.519
      vertex 9.20938 -66.4843 -144.486
      vertex 10.3134 -44.3979 -120.62
    endloop
  endfacet
  facet normal -0.32125 -0.669626 0.669626
    outer loop
      vertex 3.36465 -41.1104 -123.898
      vertex 4.97488 -64.4779 -146.493
      vertex 4.97488 -41.4969 -123.512
    endloop
  endfacet
  facet normal -0.32125 -0.669626 0.669626
    outer loop
      vertex 4.97488 -64.4779 -146.493
      vertex 3.36465 -41.1104 -123.898
      vertex 3.36465 -64.0914 -146.879
    endloop
  endfacet
  facet normal -0.208012 -0.69164 0.69164
    outer loop
      vertex 3.36465 -41.1104 -123.898
      vertex 3.33938 -64.0878 -146.883
      vertex 3.36465 -64.0914 -146.879
    endloop
  endfacet
  facet normal -0.195265 -0.693503 0.693488
    outer loop
      vertex 3.33938 -64.0878 -146.883
      vertex 3.36465 -41.1104 -123.898
      vertex 1.69684 -40.8758 -124.133
    endloop
  endfacet
  facet normal 0.32125 -0.669626 0.669626
    outer loop
      vertex -4.97488 -64.4779 -146.493
      vertex -3.36465 -41.1104 -123.898
      vertex -4.97488 -41.4969 -123.512
    endloop
  endfacet
  facet normal 0.32125 -0.669626 0.669626
    outer loop
      vertex -3.36465 -41.1104 -123.898
      vertex -4.97488 -64.4779 -146.493
      vertex -3.36465 -64.0914 -146.879
    endloop
  endfacet
  facet normal -0.555168 0.58812 -0.588136
    outer loop
      vertex 7.9139 -80.2634 -130.707
      vertex 7.78095 -69.4206 -119.739
      vertex 7.9139 -69.3261 -119.77
    endloop
  endfacet
  facet normal -0.555592 0.587916 -0.587939
    outer loop
      vertex 7.9139 -80.2634 -130.707
      vertex 7.02233 -69.8765 -119.478
      vertex 7.78095 -69.4206 -119.739
    endloop
  endfacet
  facet normal -0.555553 0.587949 -0.587943
    outer loop
      vertex 6.5 -70.1095 -119.217
      vertex 7.9139 -80.2634 -130.707
      vertex 6.5 -80.9314 -130.039
    endloop
  endfacet
  facet normal -0.555902 0.58775 -0.587811
    outer loop
      vertex 7.9139 -80.2634 -130.707
      vertex 6.5 -70.1095 -119.217
      vertex 7.02233 -69.8765 -119.478
    endloop
  endfacet
  facet normal -0.44198 0.634268 -0.634316
    outer loop
      vertex 6.39448 -70.1453 -119.179
      vertex 4.99799 -81.4552 -129.515
      vertex 5.70978 -70.3164 -118.873
    endloop
  endfacet
  facet normal -0.443297 0.633915 -0.633751
    outer loop
      vertex 6.5 -70.1095 -119.217
      vertex 4.99799 -81.4552 -129.515
      vertex 6.39448 -70.1453 -119.179
    endloop
  endfacet
  facet normal -0.442383 0.634155 -0.634149
    outer loop
      vertex 4.99799 -81.4552 -129.515
      vertex 6.5 -70.1095 -119.217
      vertex 6.5 -80.9314 -130.039
    endloop
  endfacet
  facet normal 0.659328 0.531642 -0.531642
    outer loop
      vertex -8.56401 -68.7449 -119.995
      vertex -9.19239 -79.4706 -131.5
      vertex -9.19239 -68.1206 -120.15
    endloop
  endfacet
  facet normal 0.658984 0.531872 -0.531838
    outer loop
      vertex -9.19239 -79.4706 -131.5
      vertex -8.56401 -68.7449 -119.995
      vertex -9.17302 -79.4826 -131.488
    endloop
  endfacet
  facet normal 0.321981 0.669466 -0.669436
    outer loop
      vertex -3.36465 -81.8497 -129.121
      vertex -4.19028 -70.6351 -118.303
      vertex -3.36465 -70.7772 -118.048
    endloop
  endfacet
  facet normal 0.321175 0.669626 -0.669663
    outer loop
      vertex -4.19028 -70.6351 -118.303
      vertex -3.36465 -81.8497 -129.121
      vertex -4.95049 -81.4691 -129.501
    endloop
  endfacet
  facet normal -0.659393 -0.531602 0.531602
    outer loop
      vertex 9.19239 -66.4706 -144.5
      vertex 9.19239 -43.4896 -121.519
      vertex 7.93327 -65.6898 -145.281
    endloop
  endfacet
  facet normal -0.000497815 -0.707686 -0.706526
    outer loop
      vertex 4.97488 -41.4969 -123.512
      vertex 9.19239 -43.4896 -121.519
      vertex 3.36465 -41.1104 -123.898
    endloop
  endfacet
  facet normal 3.5274e-05 -0.707123 -0.707091
    outer loop
      vertex 6.5 -42.0288 -122.98
      vertex 9.19239 -43.4896 -121.519
      vertex 4.97488 -41.4969 -123.512
    endloop
  endfacet
  facet normal 0.442408 0.63414 -0.634146
    outer loop
      vertex -4.97488 -81.4632 -129.507
      vertex -5.70978 -70.3164 -118.873
      vertex -4.97488 -70.5001 -118.544
    endloop
  endfacet
  facet normal 0.439696 0.634969 -0.635202
    outer loop
      vertex -5.70978 -70.3164 -118.873
      vertex -4.97488 -81.4632 -129.507
      vertex -4.99799 -81.4552 -129.515
    endloop
  endfacet
  facet normal 0.320939 0.669691 -0.66971
    outer loop
      vertex -4.95049 -81.4691 -129.501
      vertex -4.97488 -70.5001 -118.544
      vertex -4.19028 -70.6351 -118.303
    endloop
  endfacet
  facet normal 0.326137 0.668441 -0.668447
    outer loop
      vertex -4.97488 -70.5001 -118.544
      vertex -4.95049 -81.4691 -129.501
      vertex -4.97488 -81.4632 -129.507
    endloop
  endfacet
  facet normal 1 0 0
    outer loop
      vertex -69 29 -105.25
      vertex -69 27 -180
      vertex -69 29 -188
    endloop
  endfacet
  facet normal 1 -0 0
    outer loop
      vertex -69 21 -105.25
      vertex -69 27 -180
      vertex -69 29 -105.25
    endloop
  endfacet
  facet normal 1 0 0
    outer loop
      vertex -69 27 -180
      vertex -69 21 -105.25
      vertex -69 21 -180
    endloop
  endfacet
  facet normal 1 0 0
    outer loop
      vertex -69 29 -188
      vertex -69 27 -180
      vertex -69 27 -188
    endloop
  endfacet
  facet normal 1 0 0
    outer loop
      vertex -69 -76 -105.25
      vertex -69 -84 -105.25
      vertex -69 -76 -180
    endloop
  endfacet
  facet normal 1 -0 0
    outer loop
      vertex -69 -76 -180
      vertex -69 21 -188
      vertex -69 21 -180
    endloop
  endfacet
  facet normal 1 0 0
    outer loop
      vertex -69 -76 -180
      vertex -69 -84 -188
      vertex -69 21 -188
    endloop
  endfacet
  facet normal 1 0 0
    outer loop
      vertex -69 -84 -188
      vertex -69 -76 -180
      vertex -69 -84 -105.25
    endloop
  endfacet
  facet normal 0 1 0
    outer loop
      vertex -69 -76 -105.25
      vertex -71.85 -76 -107.25
      vertex -71.85 -76 -105.25
    endloop
  endfacet
  facet normal 0 1 0
    outer loop
      vertex -71.85 -76 -107.25
      vertex -69 -76 -180
      vertex -74.15 -76 -107.25
    endloop
  endfacet
  facet normal 0 1 -0
    outer loop
      vertex -69 -76 -180
      vertex -71.85 -76 -107.25
      vertex -69 -76 -105.25
    endloop
  endfacet
  facet normal 0 1 -0
    outer loop
      vertex -74.15 -76 -107.25
      vertex -77 -76 -105.25
      vertex -74.15 -76 -105.25
    endloop
  endfacet
  facet normal 0 1 0
    outer loop
      vertex -77 -76 -180
      vertex -74.15 -76 -107.25
      vertex -69 -76 -180
    endloop
  endfacet
  facet normal 0 1 0
    outer loop
      vertex -74.15 -76 -107.25
      vertex -77 -76 -180
      vertex -77 -76 -105.25
    endloop
  endfacet
  facet normal 0 0 -1
    outer loop
      vertex -77 -84 -188
      vertex -69 21 -188
      vertex -69 -84 -188
    endloop
  endfacet
  facet normal 0 0 -1
    outer loop
      vertex -77 29 -188
      vertex -69 21 -188
      vertex -77 -84 -188
    endloop
  endfacet
  facet normal 0 0 -1
    outer loop
      vertex -69 21 -188
      vertex -77 29 -188
      vertex -69 27 -188
    endloop
  endfacet
  facet normal 0 0 -1
    outer loop
      vertex -69 27 -188
      vertex -77 29 -188
      vertex -69 29 -188
    endloop
  endfacet
  facet normal 0 0 -1
    outer loop
      vertex -69 21 -188
      vertex 69 27 -188
      vertex 69 21 -188
    endloop
  endfacet
  facet normal -0 0 -1
    outer loop
      vertex 69 27 -188
      vertex -69 21 -188
      vertex -69 27 -188
    endloop
  endfacet
  facet normal 0 0 -1
    outer loop
      vertex 69 21 -188
      vertex 77 -84 -188
      vertex 69 -84 -188
    endloop
  endfacet
  facet normal 0 0 -1
    outer loop
      vertex 77 -84 -188
      vertex 69 21 -188
      vertex 77 29 -188
    endloop
  endfacet
  facet normal 0 0 -1
    outer loop
      vertex 69 27 -188
      vertex 77 29 -188
      vertex 69 21 -188
    endloop
  endfacet
  facet normal -0 0 -1
    outer loop
      vertex 77 29 -188
      vertex 69 27 -188
      vertex 69 29 -188
    endloop
  endfacet
  facet normal 0 -1 0
    outer loop
      vertex -77 21 -105.25
      vertex -74.15 21 -107.25
      vertex -74.15 21 -105.25
    endloop
  endfacet
  facet normal 0 -1 -0
    outer loop
      vertex -74.15 21 -107.25
      vertex -77 21 -180
      vertex -71.85 21 -107.25
    endloop
  endfacet
  facet normal 0 -1 0
    outer loop
      vertex -77 21 -180
      vertex -74.15 21 -107.25
      vertex -77 21 -105.25
    endloop
  endfacet
  facet normal 0 -1 0
    outer loop
      vertex -71.85 21 -107.25
      vertex -69 21 -105.25
      vertex -71.85 21 -105.25
    endloop
  endfacet
  facet normal 0 -1 0
    outer loop
      vertex -69 21 -180
      vertex -71.85 21 -107.25
      vertex -77 21 -180
    endloop
  endfacet
  facet normal 0 -1 0
    outer loop
      vertex -71.85 21 -107.25
      vertex -69 21 -180
      vertex -69 21 -105.25
    endloop
  endfacet
  facet normal -1 0 0
    outer loop
      vertex 69 21 -188
      vertex 69 -76 -180
      vertex 69 21 -180
    endloop
  endfacet
  facet normal -1 0 0
    outer loop
      vertex 69 -84 -188
      vertex 69 -76 -180
      vertex 69 21 -188
    endloop
  endfacet
  facet normal -1 0 0
    outer loop
      vertex 69 -84 -105.25
      vertex 69 -76 -180
      vertex 69 -84 -188
    endloop
  endfacet
  facet normal -1 0 0
    outer loop
      vertex 69 -76 -180
      vertex 69 -84 -105.25
      vertex 69 -76 -105.25
    endloop
  endfacet
  facet normal -1 0 0
    outer loop
      vertex 69 27 -180
      vertex 69 29 -188
      vertex 69 27 -188
    endloop
  endfacet
  facet normal -1 0 0
    outer loop
      vertex 69 29 -188
      vertex 69 27 -180
      vertex 69 29 -105.25
    endloop
  endfacet
  facet normal -1 0 0
    outer loop
      vertex 69 21 -105.25
      vertex 69 27 -180
      vertex 69 21 -180
    endloop
  endfacet
  facet normal -1 0 0
    outer loop
      vertex 69 27 -180
      vertex 69 21 -105.25
      vertex 69 29 -105.25
    endloop
  endfacet
  facet normal 0 1 0
    outer loop
      vertex 77 -76 -105.25
      vertex 74.15 -76 -107.25
      vertex 74.15 -76 -105.25
    endloop
  endfacet
  facet normal 0 1 0
    outer loop
      vertex 74.15 -76 -107.25
      vertex 77 -76 -180
      vertex 71.85 -76 -107.25
    endloop
  endfacet
  facet normal 0 1 -0
    outer loop
      vertex 77 -76 -180
      vertex 74.15 -76 -107.25
      vertex 77 -76 -105.25
    endloop
  endfacet
  facet normal 0 1 -0
    outer loop
      vertex 71.85 -76 -107.25
      vertex 69 -76 -105.25
      vertex 71.85 -76 -105.25
    endloop
  endfacet
  facet normal 0 1 0
    outer loop
      vertex 69 -76 -180
      vertex 71.85 -76 -107.25
      vertex 77 -76 -180
    endloop
  endfacet
  facet normal 0 1 0
    outer loop
      vertex 71.85 -76 -107.25
      vertex 69 -76 -180
      vertex 69 -76 -105.25
    endloop
  endfacet
  facet normal 0 -1 0
    outer loop
      vertex 69 21 -105.25
      vertex 71.85 21 -107.25
      vertex 71.85 21 -105.25
    endloop
  endfacet
  facet normal 0 -1 -0
    outer loop
      vertex 71.85 21 -107.25
      vertex 69 21 -180
      vertex 74.15 21 -107.25
    endloop
  endfacet
  facet normal 0 -1 0
    outer loop
      vertex 69 21 -180
      vertex 71.85 21 -107.25
      vertex 69 21 -105.25
    endloop
  endfacet
  facet normal 0 -1 0
    outer loop
      vertex 74.15 21 -107.25
      vertex 77 21 -105.25
      vertex 74.15 21 -105.25
    endloop
  endfacet
  facet normal 0 -1 0
    outer loop
      vertex 77 21 -180
      vertex 74.15 21 -107.25
      vertex 69 21 -180
    endloop
  endfacet
  facet normal 0 -1 0
    outer loop
      vertex 74.15 21 -107.25
      vertex 77 21 -180
      vertex 77 21 -105.25
    endloop
  endfacet
  facet normal -0 0 1
    outer loop
      vertex -77 21 -180
      vertex -69 -76 -180
      vertex -69 21 -180
    endloop
  endfacet
  facet normal 0 0 1
    outer loop
      vertex -69 -76 -180
      vertex -77 21 -180
      vertex -77 -76 -180
    endloop
  endfacet
  facet normal -0 0 1
    outer loop
      vertex -69 27 -180
      vertex 69 21 -180
      vertex 69 27 -180
    endloop
  endfacet
  facet normal 0 0 1
    outer loop
      vertex 69 21 -180
      vertex -69 27 -180
      vertex -69 21 -180
    endloop
  endfacet
  facet normal -0 0 1
    outer loop
      vertex 69 21 -180
      vertex 77 -76 -180
      vertex 77 21 -180
    endloop
  endfacet
  facet normal 0 0 1
    outer loop
      vertex 77 -76 -180
      vertex 69 21 -180
      vertex 69 -76 -180
    endloop
  endfacet
  facet normal 0 -1 0
    outer loop
      vertex -69 21 -188
      vertex 69 21 -180
      vertex -69 21 -180
    endloop
  endfacet
  facet normal 0 -1 -0
    outer loop
      vertex 69 21 -180
      vertex -69 21 -188
      vertex 69 21 -188
    endloop
  endfacet
  facet normal 0 1 -0
    outer loop
      vertex 69 27 -188
      vertex -69 27 -180
      vertex 69 27 -180
    endloop
  endfacet
  facet normal 0 1 0
    outer loop
      vertex -69 27 -180
      vertex 69 27 -188
      vertex -69 27 -188
    endloop
  endfacet
  facet normal 1 0 0
    outer loop
      vertex -74.15 29 -100.25
      vertex -74.15 21 -105.25
      vertex -74.15 29 -107.25
    endloop
  endfacet
  facet normal 1 0 0
    outer loop
      vertex -74.15 29 -100.25
      vertex -74.15 -76 -105.25
      vertex -74.15 21 -105.25
    endloop
  endfacet
  facet normal 1 -0 0
    outer loop
      vertex -74.15 -84 -100.25
      vertex -74.15 -76 -105.25
      vertex -74.15 29 -100.25
    endloop
  endfacet
  facet normal 1 0 0
    outer loop
      vertex -74.15 -84 -107.25
      vertex -74.15 -76 -105.25
      vertex -74.15 -84 -100.25
    endloop
  endfacet
  facet normal 1 0 0
    outer loop
      vertex -74.15 -76 -105.25
      vertex -74.15 -84 -107.25
      vertex -74.15 -76 -107.25
    endloop
  endfacet
  facet normal 1 0 0
    outer loop
      vertex -74.15 29 -107.25
      vertex -74.15 21 -105.25
      vertex -74.15 21 -107.25
    endloop
  endfacet
  facet normal 0 0 -1
    outer loop
      vertex -72 -84.15 -99.25
      vertex -71.85 -80 -99.25
      vertex -71.85 -84.15 -99.25
    endloop
  endfacet
  facet normal -0 0 -1
    outer loop
      vertex -71.85 -80 -99.25
      vertex -72 -84.15 -99.25
      vertex -72 -80 -99.25
    endloop
  endfacet
  facet normal 0 0 -1
    outer loop
      vertex -72 25 -99.25
      vertex -71.85 29.15 -99.25
      vertex -71.85 25 -99.25
    endloop
  endfacet
  facet normal -0 0 -1
    outer loop
      vertex -71.85 29.15 -99.25
      vertex -72 25 -99.25
      vertex -72 29.15 -99.25
    endloop
  endfacet
  facet normal -1 0 0
    outer loop
      vertex -71.85 -84 -107.25
      vertex -71.85 -76 -105.25
      vertex -71.85 -76 -107.25
    endloop
  endfacet
  facet normal -1 -0 0
    outer loop
      vertex -71.85 -76 -105.25
      vertex -71.85 -84 -107.25
      vertex -71.85 -80 -100.25
    endloop
  endfacet
  facet normal -1 0 0
    outer loop
      vertex -71.85 -84 -101.25
      vertex -71.85 -80 -100.25
      vertex -71.85 -84 -107.25
    endloop
  endfacet
  facet normal -1 0 0
    outer loop
      vertex -71.85 -84.15 -99.25
      vertex -71.85 -80 -100.25
      vertex -71.85 -84 -101.25
    endloop
  endfacet
  facet normal -1 0 0
    outer loop
      vertex -71.85 -84.15 -99.25
      vertex -71.85 -84 -101.25
      vertex -71.85 -84.15 -101.25
    endloop
  endfacet
  facet normal -1 0 0
    outer loop
      vertex -71.85 -80 -100.25
      vertex -71.85 -84.15 -99.25
      vertex -71.85 -80 -99.25
    endloop
  endfacet
  facet normal -1 0 0
    outer loop
      vertex -71.85 29 -107.25
      vertex -71.85 25 -100.25
      vertex -71.85 29 -101.25
    endloop
  endfacet
  facet normal -1 0 0
    outer loop
      vertex -71.85 21 -105.25
      vertex -71.85 29 -107.25
      vertex -71.85 21 -107.25
    endloop
  endfacet
  facet normal -1 0 0
    outer loop
      vertex -71.85 29 -107.25
      vertex -71.85 21 -105.25
      vertex -71.85 25 -100.25
    endloop
  endfacet
  facet normal -1 0 0
    outer loop
      vertex -71.85 -76 -105.25
      vertex -71.85 25 -100.25
      vertex -71.85 21 -105.25
    endloop
  endfacet
  facet normal -1 -0 0
    outer loop
      vertex -71.85 25 -100.25
      vertex -71.85 -76 -105.25
      vertex -71.85 -80 -100.25
    endloop
  endfacet
  facet normal -1 0 0
    outer loop
      vertex -71.85 29 -101.25
      vertex -71.85 29.15 -99.25
      vertex -71.85 29.15 -101.25
    endloop
  endfacet
  facet normal -1 0 0
    outer loop
      vertex -71.85 25 -100.25
      vertex -71.85 29.15 -99.25
      vertex -71.85 29 -101.25
    endloop
  endfacet
  facet normal -1 -0 0
    outer loop
      vertex -71.85 29.15 -99.25
      vertex -71.85 25 -100.25
      vertex -71.85 25 -99.25
    endloop
  endfacet
  facet normal -0 0 1
    outer loop
      vertex -74.15 -76 -107.25
      vertex -71.85 -84 -107.25
      vertex -71.85 -76 -107.25
    endloop
  endfacet
  facet normal 0 0 1
    outer loop
      vertex -71.85 -84 -107.25
      vertex -74.15 -76 -107.25
      vertex -74.15 -84 -107.25
    endloop
  endfacet
  facet normal -0 0 1
    outer loop
      vertex -74.15 29 -107.25
      vertex -71.85 21 -107.25
      vertex -71.85 29 -107.25
    endloop
  endfacet
  facet normal 0 0 1
    outer loop
      vertex -71.85 21 -107.25
      vertex -74.15 29 -107.25
      vertex -74.15 21 -107.25
    endloop
  endfacet
  facet normal 0 1 -0
    outer loop
      vertex -71.85 -84.15 -101.25
      vertex -72 -84.15 -99.25
      vertex -71.85 -84.15 -99.25
    endloop
  endfacet
  facet normal 0 1 0
    outer loop
      vertex -72 -84.15 -99.25
      vertex -71.85 -84.15 -101.25
      vertex -72 -84.15 -101.25
    endloop
  endfacet
  facet normal 0 -1 0
    outer loop
      vertex -72 29.15 -101.25
      vertex -71.85 29.15 -99.25
      vertex -72 29.15 -99.25
    endloop
  endfacet
  facet normal 0 -1 -0
    outer loop
      vertex -71.85 29.15 -99.25
      vertex -72 29.15 -101.25
      vertex -71.85 29.15 -101.25
    endloop
  endfacet
  facet normal 1 -0 0
    outer loop
      vertex 71.85 -84.15 -99.25
      vertex 71.85 -80 -100.25
      vertex 71.85 -80 -99.25
    endloop
  endfacet
  facet normal 1 0 0
    outer loop
      vertex 71.85 -80 -100.25
      vertex 71.85 -84.15 -99.25
      vertex 71.85 -84 -101.25
    endloop
  endfacet
  facet normal 1 0 0
    outer loop
      vertex 71.85 -84 -101.25
      vertex 71.85 -84.15 -99.25
      vertex 71.85 -84.15 -101.25
    endloop
  endfacet
  facet normal 1 0 0
    outer loop
      vertex 71.85 25 -100.25
      vertex 71.85 -76 -105.25
      vertex 71.85 21 -105.25
    endloop
  endfacet
  facet normal 1 -0 0
    outer loop
      vertex 71.85 -80 -100.25
      vertex 71.85 -76 -105.25
      vertex 71.85 25 -100.25
    endloop
  endfacet
  facet normal 1 0 0
    outer loop
      vertex 71.85 -84 -107.25
      vertex 71.85 -76 -105.25
      vertex 71.85 -80 -100.25
    endloop
  endfacet
  facet normal 1 0 0
    outer loop
      vertex 71.85 -84 -107.25
      vertex 71.85 -80 -100.25
      vertex 71.85 -84 -101.25
    endloop
  endfacet
  facet normal 1 0 0
    outer loop
      vertex 71.85 -76 -105.25
      vertex 71.85 -84 -107.25
      vertex 71.85 -76 -107.25
    endloop
  endfacet
  facet normal 1 0 0
    outer loop
      vertex 71.85 29.15 -99.25
      vertex 71.85 29 -101.25
      vertex 71.85 29.15 -101.25
    endloop
  endfacet
  facet normal 1 0 0
    outer loop
      vertex 71.85 25 -100.25
      vertex 71.85 29.15 -99.25
      vertex 71.85 25 -99.25
    endloop
  endfacet
  facet normal 1 0 0
    outer loop
      vertex 71.85 29.15 -99.25
      vertex 71.85 25 -100.25
      vertex 71.85 29 -101.25
    endloop
  endfacet
  facet normal 1 0 0
    outer loop
      vertex 71.85 29 -101.25
      vertex 71.85 25 -100.25
      vertex 71.85 29 -107.25
    endloop
  endfacet
  facet normal 1 -0 0
    outer loop
      vertex 71.85 21 -105.25
      vertex 71.85 29 -107.25
      vertex 71.85 25 -100.25
    endloop
  endfacet
  facet normal 1 0 0
    outer loop
      vertex 71.85 29 -107.25
      vertex 71.85 21 -105.25
      vertex 71.85 21 -107.25
    endloop
  endfacet
  facet normal 0 0 -1
    outer loop
      vertex 71.85 -84.15 -99.25
      vertex 72 -80 -99.25
      vertex 72 -84.15 -99.25
    endloop
  endfacet
  facet normal -0 0 -1
    outer loop
      vertex 72 -80 -99.25
      vertex 71.85 -84.15 -99.25
      vertex 71.85 -80 -99.25
    endloop
  endfacet
  facet normal 0 0 -1
    outer loop
      vertex 71.85 25 -99.25
      vertex 72 29.15 -99.25
      vertex 72 25 -99.25
    endloop
  endfacet
  facet normal -0 0 -1
    outer loop
      vertex 72 29.15 -99.25
      vertex 71.85 25 -99.25
      vertex 71.85 29.15 -99.25
    endloop
  endfacet
  facet normal -1 0 0
    outer loop
      vertex 74.15 -76 -107.25
      vertex 74.15 -84 -107.25
      vertex 74.15 -76 -105.25
    endloop
  endfacet
  facet normal -1 0 0
    outer loop
      vertex 74.15 21 -105.25
      vertex 74.15 29 -107.25
      vertex 74.15 21 -107.25
    endloop
  endfacet
  facet normal -1 0 0
    outer loop
      vertex 74.15 29 -107.25
      vertex 74.15 21 -105.25
      vertex 74.15 29 -100.25
    endloop
  endfacet
  facet normal -1 0 0
    outer loop
      vertex 74.15 -76 -105.25
      vertex 74.15 29 -100.25
      vertex 74.15 21 -105.25
    endloop
  endfacet
  facet normal -1 0 0
    outer loop
      vertex 74.15 -76 -105.25
      vertex 74.15 -84 -100.25
      vertex 74.15 29 -100.25
    endloop
  endfacet
  facet normal -1 0 0
    outer loop
      vertex 74.15 -84 -100.25
      vertex 74.15 -76 -105.25
      vertex 74.15 -84 -107.25
    endloop
  endfacet
  facet normal 0 -1 0
    outer loop
      vertex 71.85 29.15 -101.25
      vertex 72 29.15 -99.25
      vertex 71.85 29.15 -99.25
    endloop
  endfacet
  facet normal 0 -1 -0
    outer loop
      vertex 72 29.15 -99.25
      vertex 71.85 29.15 -101.25
      vertex 72 29.15 -101.25
    endloop
  endfacet
  facet normal -0 0 1
    outer loop
      vertex 71.85 -76 -107.25
      vertex 74.15 -84 -107.25
      vertex 74.15 -76 -107.25
    endloop
  endfacet
  facet normal 0 0 1
    outer loop
      vertex 74.15 -84 -107.25
      vertex 71.85 -76 -107.25
      vertex 71.85 -84 -107.25
    endloop
  endfacet
  facet normal -0 0 1
    outer loop
      vertex 71.85 29 -107.25
      vertex 74.15 21 -107.25
      vertex 74.15 29 -107.25
    endloop
  endfacet
  facet normal 0 0 1
    outer loop
      vertex 74.15 21 -107.25
      vertex 71.85 29 -107.25
      vertex 71.85 21 -107.25
    endloop
  endfacet
  facet normal 0 1 -0
    outer loop
      vertex 72 -84.15 -101.25
      vertex 71.85 -84.15 -99.25
      vertex 72 -84.15 -99.25
    endloop
  endfacet
  facet normal 0 1 0
    outer loop
      vertex 71.85 -84.15 -99.25
      vertex 72 -84.15 -101.25
      vertex 71.85 -84.15 -101.25
    endloop
  endfacet
  facet normal 1 0 0
    outer loop
      vertex -64.15 -81.85 -95.25
      vertex -64.15 -84 -101.25
      vertex -64.15 -81.85 -101.4
    endloop
  endfacet
  facet normal 1 -0 0
    outer loop
      vertex -64.15 -84.15 -95.25
      vertex -64.15 -84 -101.25
      vertex -64.15 -81.85 -95.25
    endloop
  endfacet
  facet normal 1 0 0
    outer loop
      vertex -64.15 -84 -101.25
      vertex -64.15 -84.15 -95.25
      vertex -64.15 -84.15 -101.25
    endloop
  endfacet
  facet normal 1 0 0
    outer loop
      vertex -64.15 -81.85 -101.4
      vertex -64.15 -84 -101.25
      vertex -64.15 -84 -101.4
    endloop
  endfacet
  facet normal -1 0 0
    outer loop
      vertex 64.15 -84 -101.25
      vertex 64.15 -81.85 -101.4
      vertex 64.15 -84 -101.4
    endloop
  endfacet
  facet normal -1 0 0
    outer loop
      vertex 64.15 -81.85 -101.4
      vertex 64.15 -84 -101.25
      vertex 64.15 -81.85 -95.25
    endloop
  endfacet
  facet normal -1 0 0
    outer loop
      vertex 64.15 -84.15 -95.25
      vertex 64.15 -84 -101.25
      vertex 64.15 -84.15 -101.25
    endloop
  endfacet
  facet normal -1 0 0
    outer loop
      vertex 64.15 -84 -101.25
      vertex 64.15 -84.15 -95.25
      vertex 64.15 -81.85 -95.25
    endloop
  endfacet
  facet normal 0 -1 0
    outer loop
      vertex -64.15 -81.85 -101.4
      vertex 64.15 -81.85 -95.25
      vertex -64.15 -81.85 -95.25
    endloop
  endfacet
  facet normal 0 -1 -0
    outer loop
      vertex 64.15 -81.85 -95.25
      vertex -64.15 -81.85 -101.4
      vertex 64.15 -81.85 -101.4
    endloop
  endfacet
  facet normal -0 0 1
    outer loop
      vertex -64.15 -81.85 -101.4
      vertex 64.15 -84 -101.4
      vertex 64.15 -81.85 -101.4
    endloop
  endfacet
  facet normal 0 0 1
    outer loop
      vertex 64.15 -84 -101.4
      vertex -64.15 -81.85 -101.4
      vertex -64.15 -84 -101.4
    endloop
  endfacet
  facet normal 0 1 -0
    outer loop
      vertex 64.15 -84.15 -101.25
      vertex -64.15 -84.15 -95.25
      vertex 64.15 -84.15 -95.25
    endloop
  endfacet
  facet normal 0 1 0
    outer loop
      vertex -64.15 -84.15 -95.25
      vertex 64.15 -84.15 -101.25
      vertex -64.15 -84.15 -101.25
    endloop
  endfacet
  facet normal 1 0 0
    outer loop
      vertex -64.15 29.15 -95.25
      vertex -64.15 29 -101.25
      vertex -64.15 29.15 -101.25
    endloop
  endfacet
  facet normal 1 -0 0
    outer loop
      vertex -64.15 26.85 -95.25
      vertex -64.15 29 -101.25
      vertex -64.15 29.15 -95.25
    endloop
  endfacet
  facet normal 1 0 0
    outer loop
      vertex -64.15 26.85 -101.4
      vertex -64.15 29 -101.25
      vertex -64.15 26.85 -95.25
    endloop
  endfacet
  facet normal 1 0 0
    outer loop
      vertex -64.15 29 -101.25
      vertex -64.15 26.85 -101.4
      vertex -64.15 29 -101.4
    endloop
  endfacet
  facet normal -1 0 0
    outer loop
      vertex 64.15 29 -101.4
      vertex 64.15 26.85 -101.4
      vertex 64.15 29 -101.25
    endloop
  endfacet
  facet normal -1 0 0
    outer loop
      vertex 64.15 29 -101.25
      vertex 64.15 29.15 -95.25
      vertex 64.15 29.15 -101.25
    endloop
  endfacet
  facet normal -1 0 0
    outer loop
      vertex 64.15 26.85 -95.25
      vertex 64.15 29 -101.25
      vertex 64.15 26.85 -101.4
    endloop
  endfacet
  facet normal -1 0 0
    outer loop
      vertex 64.15 29 -101.25
      vertex 64.15 26.85 -95.25
      vertex 64.15 29.15 -95.25
    endloop
  endfacet
  facet normal 0 -1 0
    outer loop
      vertex -64.15 29.15 -101.25
      vertex 64.15 29.15 -95.25
      vertex -64.15 29.15 -95.25
    endloop
  endfacet
  facet normal 0 -1 -0
    outer loop
      vertex 64.15 29.15 -95.25
      vertex -64.15 29.15 -101.25
      vertex 64.15 29.15 -101.25
    endloop
  endfacet
  facet normal -0 0 1
    outer loop
      vertex -64.15 29 -101.4
      vertex 64.15 26.85 -101.4
      vertex 64.15 29 -101.4
    endloop
  endfacet
  facet normal 0 0 1
    outer loop
      vertex 64.15 26.85 -101.4
      vertex -64.15 29 -101.4
      vertex -64.15 26.85 -101.4
    endloop
  endfacet
  facet normal 0 1 -0
    outer loop
      vertex 64.15 26.85 -101.4
      vertex -64.15 26.85 -95.25
      vertex 64.15 26.85 -95.25
    endloop
  endfacet
  facet normal 0 1 0
    outer loop
      vertex -64.15 26.85 -95.25
      vertex 64.15 26.85 -101.4
      vertex -64.15 26.85 -101.4
    endloop
  endfacet
endsolid OpenSCAD_Model
