solid OpenSCAD_Model
  facet normal 0.998795 0 -0.0490741
    outer loop
      vertex 15.75 10.86 36.4
      vertex 15.75 9.36 36.4
      vertex 15.6763 10.86 34.9
    endloop
  endfacet
  facet normal 0.998797 0 -0.0490405
    outer loop
      vertex 15.75 14.06 36.4
      vertex 15.6742 35.36 34.8562
      vertex 15.75 35.36 36.4
    endloop
  endfacet
  facet normal 0.998795 -2.44025e-06 -0.0490741
    outer loop
      vertex 15.6763 14.06 34.9
      vertex 15.6742 35.36 34.8562
      vertex 15.75 14.06 36.4
    endloop
  endfacet
  facet normal 0.998853 0 -0.0478902
    outer loop
      vertex 15.6742 9.36 34.8562
      vertex 15.6763 14.06 34.9
      vertex 15.6763 10.86 34.9
    endloop
  endfacet
  facet normal 0.998853 0 -0.0478902
    outer loop
      vertex 15.6763 14.06 34.9
      vertex 15.6742 9.36 34.8562
      vertex 15.6742 35.36 34.8562
    endloop
  endfacet
  facet normal 0.998797 3.36685e-05 -0.0490405
    outer loop
      vertex 15.6742 9.36 34.8562
      vertex 15.6763 10.86 34.9
      vertex 15.75 9.36 36.4
    endloop
  endfacet
  facet normal -0.998797 -2.37102e-06 -0.0490405
    outer loop
      vertex -15.6742 35.36 34.8562
      vertex -15.6763 14.06 34.9
      vertex -15.75 35.36 36.4
    endloop
  endfacet
  facet normal -0.998853 0 -0.0478902
    outer loop
      vertex -15.6742 9.36 34.8562
      vertex -15.6763 14.06 34.9
      vertex -15.6742 35.36 34.8562
    endloop
  endfacet
  facet normal -0.998853 -0 -0.0478902
    outer loop
      vertex -15.6763 14.06 34.9
      vertex -15.6742 9.36 34.8562
      vertex -15.6763 10.86 34.9
    endloop
  endfacet
  facet normal -0.998797 3.36685e-05 -0.0490405
    outer loop
      vertex -15.75 9.36 36.4
      vertex -15.6763 10.86 34.9
      vertex -15.6742 9.36 34.8562
    endloop
  endfacet
  facet normal -0.998795 0 -0.0490741
    outer loop
      vertex -15.6763 10.86 34.9
      vertex -15.75 9.36 36.4
      vertex -15.75 10.86 36.4
    endloop
  endfacet
  facet normal -0.998795 -0 -0.0490741
    outer loop
      vertex -15.75 35.36 36.4
      vertex -15.6763 14.06 34.9
      vertex -15.75 14.06 36.4
    endloop
  endfacet
  facet normal 0.0479229 0 -0.998851
    outer loop
      vertex 1.5 14.06 20.7237
      vertex 1.54377 9.36 20.7258
      vertex 1.5 10.86 20.7237
    endloop
  endfacet
  facet normal 0.0490415 3.27155e-05 -0.998797
    outer loop
      vertex 0 9.36 20.65
      vertex 1.5 10.86 20.7237
      vertex 1.54377 9.36 20.7258
    endloop
  endfacet
  facet normal 0.0490741 0 -0.998795
    outer loop
      vertex 1.5 10.86 20.7237
      vertex 0 9.36 20.65
      vertex 0 10.86 20.65
    endloop
  endfacet
  facet normal 0.0479229 0 -0.998851
    outer loop
      vertex 1.54377 9.36 20.7258
      vertex 1.5 14.06 20.7237
      vertex 1.54377 35.36 20.7258
    endloop
  endfacet
  facet normal 0.0490741 -2.37113e-06 -0.998795
    outer loop
      vertex 0 14.06 20.65
      vertex 1.54377 35.36 20.7258
      vertex 1.5 14.06 20.7237
    endloop
  endfacet
  facet normal 0.0490415 0 -0.998797
    outer loop
      vertex 1.54377 35.36 20.7258
      vertex 0 14.06 20.65
      vertex 0 35.36 20.65
    endloop
  endfacet
  facet normal 0.740935 3.85089e-06 -0.671577
    outer loop
      vertex 12.1749 35.36 26.4083
      vertex 11.5404 22.86 25.7082
      vertex 11.1369 35.36 25.2631
    endloop
  endfacet
  facet normal 0.740969 0 -0.671539
    outer loop
      vertex 12.1749 9.36 26.4083
      vertex 11.5404 22.86 25.7082
      vertex 12.1749 35.36 26.4083
    endloop
  endfacet
  facet normal 0.740969 0 -0.671539
    outer loop
      vertex 11.5404 22.86 25.7082
      vertex 12.1749 9.36 26.4083
      vertex 11.5404 9.36 25.7082
    endloop
  endfacet
  facet normal 0.740881 0 -0.671637
    outer loop
      vertex 11.1369 35.36 25.2631
      vertex 11.5404 22.86 25.7082
      vertex 11.1369 22.86 25.2631
    endloop
  endfacet
  facet normal -0.671534 -0 -0.740974
    outer loop
      vertex -10.6918 22.86 24.8596
      vertex -9.99169 9.36 24.2251
      vertex -10.6918 9.36 24.8596
    endloop
  endfacet
  facet normal -0.671534 0 -0.740974
    outer loop
      vertex -9.99169 9.36 24.2251
      vertex -10.6918 22.86 24.8596
      vertex -9.99169 35.36 24.2251
    endloop
  endfacet
  facet normal -0.671637 -0 -0.740881
    outer loop
      vertex -11.1369 35.36 25.2631
      vertex -10.6918 22.86 24.8596
      vertex -11.1369 22.86 25.2631
    endloop
  endfacet
  facet normal -0.671574 4.05972e-06 -0.740938
    outer loop
      vertex -10.6918 22.86 24.8596
      vertex -11.1369 35.36 25.2631
      vertex -9.99169 35.36 24.2251
    endloop
  endfacet
  facet normal -0.336886 0 -0.941546
    outer loop
      vertex -6.02726 9.36 21.8489
      vertex -4.57198 35.36 21.3282
      vertex -4.57198 9.36 21.3282
    endloop
  endfacet
  facet normal -0.336886 0 -0.941546
    outer loop
      vertex -4.57198 35.36 21.3282
      vertex -6.02726 9.36 21.8489
      vertex -6.02726 35.36 21.8489
    endloop
  endfacet
  facet normal -0.970016 0 0.243043
    outer loop
      vertex -15.4474 9.36 39.4727
      vertex -15.222 35.36 40.3723
      vertex -15.4474 35.36 39.4727
    endloop
  endfacet
  facet normal -0.970024 1.30542e-06 0.243008
    outer loop
      vertex -15.0718 9.36 40.972
      vertex -15.222 35.36 40.3723
      vertex -15.4474 9.36 39.4727
    endloop
  endfacet
  facet normal -0.970038 0 0.242954
    outer loop
      vertex -15.222 35.36 40.3723
      vertex -15.0718 9.36 40.972
      vertex -15.0718 35.36 40.972
    endloop
  endfacet
  facet normal 0.903996 0 -0.427541
    outer loop
      vertex 14.5511 9.36 30.3727
      vertex 13.8903 35.36 28.9755
      vertex 14.5511 35.36 30.3727
    endloop
  endfacet
  facet normal 0.903996 0 -0.427541
    outer loop
      vertex 13.8903 35.36 28.9755
      vertex 14.5511 9.36 30.3727
      vertex 13.8903 9.36 28.9755
    endloop
  endfacet
  facet normal 0.427531 0 -0.904001
    outer loop
      vertex 6.02726 9.36 21.8489
      vertex 7.4245 35.36 22.5097
      vertex 7.4245 9.36 22.5097
    endloop
  endfacet
  facet normal 0.427531 0 -0.904001
    outer loop
      vertex 7.4245 35.36 22.5097
      vertex 6.02726 9.36 21.8489
      vertex 6.02726 35.36 21.8489
    endloop
  endfacet
  facet normal -0.857698 0 -0.514153
    outer loop
      vertex -13.0956 9.36 27.6498
      vertex -13.8903 35.36 28.9755
      vertex -13.0956 35.36 27.6498
    endloop
  endfacet
  facet normal -0.857698 -0 -0.514153
    outer loop
      vertex -13.8903 35.36 28.9755
      vertex -13.0956 9.36 27.6498
      vertex -13.8903 9.36 28.9755
    endloop
  endfacet
  facet normal -0.803226 0 -0.595675
    outer loop
      vertex -12.1749 9.36 26.4083
      vertex -13.0956 35.36 27.6498
      vertex -12.1749 35.36 26.4083
    endloop
  endfacet
  facet normal -0.803226 -0 -0.595675
    outer loop
      vertex -13.0956 35.36 27.6498
      vertex -12.1749 9.36 26.4083
      vertex -13.0956 9.36 27.6498
    endloop
  endfacet
  facet normal -0.146736 0 -0.989176
    outer loop
      vertex -3.07267 9.36 20.9526
      vertex -1.54377 35.36 20.7258
      vertex -1.54377 9.36 20.7258
    endloop
  endfacet
  facet normal -0.146736 0 -0.989176
    outer loop
      vertex -1.54377 35.36 20.7258
      vertex -3.07267 9.36 20.9526
      vertex -3.07267 35.36 20.9526
    endloop
  endfacet
  facet normal 0.243006 0 0.970025
    outer loop
      vertex 3.07267 35.36 51.8474
      vertex 4.57198 9.36 51.4718
      vertex 4.57198 35.36 51.4718
    endloop
  endfacet
  facet normal 0.243006 0 0.970025
    outer loop
      vertex 4.57198 9.36 51.4718
      vertex 3.07267 35.36 51.8474
      vertex 3.07267 9.36 51.8474
    endloop
  endfacet
  facet normal 0.671637 0 0.740881
    outer loop
      vertex 11.1369 35.36 47.5369
      vertex 10.6918 22.86 47.9404
      vertex 11.1369 22.86 47.5369
    endloop
  endfacet
  facet normal 0.671574 4.05972e-06 0.740938
    outer loop
      vertex 9.99169 35.36 48.5749
      vertex 10.6918 22.86 47.9404
      vertex 11.1369 35.36 47.5369
    endloop
  endfacet
  facet normal 0.671534 -0 0.740974
    outer loop
      vertex 9.99169 9.36 48.5749
      vertex 10.6918 22.86 47.9404
      vertex 9.99169 35.36 48.5749
    endloop
  endfacet
  facet normal 0.671534 0 0.740974
    outer loop
      vertex 10.6918 22.86 47.9404
      vertex 9.99169 9.36 48.5749
      vertex 10.6918 9.36 47.9404
    endloop
  endfacet
  facet normal -0.33691 0 0.941537
    outer loop
      vertex -5.1541 35.36 51.2635
      vertex -4.57198 9.36 51.4718
      vertex -4.57198 35.36 51.4718
    endloop
  endfacet
  facet normal -0.336869 0 0.941551
    outer loop
      vertex -6.02726 9.36 50.9511
      vertex -5.1541 35.36 51.2635
      vertex -6.02726 35.36 50.9511
    endloop
  endfacet
  facet normal -0.336886 6.20609e-07 0.941546
    outer loop
      vertex -5.1541 35.36 51.2635
      vertex -6.02726 9.36 50.9511
      vertex -4.57198 9.36 51.4718
    endloop
  endfacet
  facet normal -0.740925 4.94568e-06 0.671588
    outer loop
      vertex -11.5404 22.86 47.0918
      vertex -11.5521 35.36 47.0788
      vertex -12.1749 35.36 46.3917
    endloop
  endfacet
  facet normal -0.741133 4.5121e-06 0.671358
    outer loop
      vertex -11.5521 35.36 47.0788
      vertex -11.5404 22.86 47.0918
      vertex -11.402 35.36 47.2445
    endloop
  endfacet
  facet normal -0.740881 -1.67917e-06 0.671637
    outer loop
      vertex -11.1369 22.86 47.5369
      vertex -11.402 35.36 47.2445
      vertex -11.5404 22.86 47.0918
    endloop
  endfacet
  facet normal -0.740969 0 0.671539
    outer loop
      vertex -12.1749 9.36 46.3917
      vertex -11.5404 22.86 47.0918
      vertex -12.1749 35.36 46.3917
    endloop
  endfacet
  facet normal -0.740969 0 0.671539
    outer loop
      vertex -11.5404 22.86 47.0918
      vertex -12.1749 9.36 46.3917
      vertex -11.5404 9.36 47.0918
    endloop
  endfacet
  facet normal -0.740845 0 0.671676
    outer loop
      vertex -11.402 35.36 47.2445
      vertex -11.1369 22.86 47.5369
      vertex -11.1369 35.36 47.5369
    endloop
  endfacet
  facet normal -0.803259 0 0.59563
    outer loop
      vertex -13.0956 9.36 45.1502
      vertex -12.9186 35.36 45.3889
      vertex -13.0956 35.36 45.1502
    endloop
  endfacet
  facet normal -0.803314 1.06144e-06 0.595555
    outer loop
      vertex -12.9186 35.36 45.3889
      vertex -13.0956 9.36 45.1502
      vertex -12.7274 35.36 45.6468
    endloop
  endfacet
  facet normal -0.803226 -2.47146e-06 0.595675
    outer loop
      vertex -12.1749 9.36 46.3917
      vertex -12.7274 35.36 45.6468
      vertex -13.0956 9.36 45.1502
    endloop
  endfacet
  facet normal -0.803185 0 0.59573
    outer loop
      vertex -12.7274 35.36 45.6468
      vertex -12.1749 9.36 46.3917
      vertex -12.1749 35.36 46.3917
    endloop
  endfacet
  facet normal 0 -1 0
    outer loop
      vertex 10.2676 9.36 45.819
      vertex 12.1749 9.36 46.3917
      vertex 11.5404 9.36 47.0918
    endloop
  endfacet
  facet normal 0 -1 0
    outer loop
      vertex 10.7835 9.36 45.2498
      vertex 12.1749 9.36 46.3917
      vertex 10.2676 9.36 45.819
    endloop
  endfacet
  facet normal 0 -1 0
    outer loop
      vertex 11.1097 9.36 44.81
      vertex 12.1749 9.36 46.3917
      vertex 10.7835 9.36 45.2498
    endloop
  endfacet
  facet normal 0 -1 -0
    outer loop
      vertex 12.1749 9.36 46.3917
      vertex 11.1097 9.36 44.81
      vertex 13.0956 9.36 45.1502
    endloop
  endfacet
  facet normal 0 -1 0
    outer loop
      vertex 11.599 9.36 44.1502
      vertex 13.0956 9.36 45.1502
      vertex 11.1097 9.36 44.81
    endloop
  endfacet
  facet normal 0 -1 0
    outer loop
      vertex 12.0213 9.36 43.4457
      vertex 13.0956 9.36 45.1502
      vertex 11.599 9.36 44.1502
    endloop
  endfacet
  facet normal 0 -1 -0
    outer loop
      vertex 13.0956 9.36 45.1502
      vertex 12.0213 9.36 43.4457
      vertex 13.8903 9.36 43.8245
    endloop
  endfacet
  facet normal 0 -1 0
    outer loop
      vertex 12.3028 9.36 42.976
      vertex 13.8903 9.36 43.8245
      vertex 12.0213 9.36 43.4457
    endloop
  endfacet
  facet normal 0 -1 0
    outer loop
      vertex 12.5369 9.36 42.481
      vertex 13.8903 9.36 43.8245
      vertex 12.3028 9.36 42.976
    endloop
  endfacet
  facet normal 0 -1 0
    outer loop
      vertex 12.5369 9.36 42.481
      vertex 14.5511 9.36 42.4273
      vertex 13.8903 9.36 43.8245
    endloop
  endfacet
  facet normal 0 -1 0
    outer loop
      vertex 12.8881 9.36 41.7384
      vertex 14.5511 9.36 42.4273
      vertex 12.5369 9.36 42.481
    endloop
  endfacet
  facet normal 0 -1 0
    outer loop
      vertex 13.1648 9.36 40.9651
      vertex 14.5511 9.36 42.4273
      vertex 12.8881 9.36 41.7384
    endloop
  endfacet
  facet normal 0 -1 -0
    outer loop
      vertex 14.5511 9.36 42.4273
      vertex 13.1648 9.36 40.9651
      vertex 15.0718 9.36 40.972
    endloop
  endfacet
  facet normal 0 -1 0
    outer loop
      vertex 13.3493 9.36 40.4495
      vertex 15.0718 9.36 40.972
      vertex 13.1648 9.36 40.9651
    endloop
  endfacet
  facet normal 0 -1 0
    outer loop
      vertex 13.3493 9.36 40.4495
      vertex 15.4474 9.36 39.4727
      vertex 15.0718 9.36 40.972
    endloop
  endfacet
  facet normal 0 -1 0
    outer loop
      vertex 13.682 9.36 39.1215
      vertex 15.4474 9.36 39.4727
      vertex 13.3493 9.36 40.4495
    endloop
  endfacet
  facet normal 0 -1 0
    outer loop
      vertex 13.7623 9.36 38.5798
      vertex 15.4474 9.36 39.4727
      vertex 13.682 9.36 39.1215
    endloop
  endfacet
  facet normal 0 -1 0
    outer loop
      vertex 13.7623 9.36 38.5798
      vertex 15.6742 9.36 37.9438
      vertex 15.4474 9.36 39.4727
    endloop
  endfacet
  facet normal 0 -1 0
    outer loop
      vertex 13.8828 9.36 37.7673
      vertex 15.6742 9.36 37.9438
      vertex 13.7623 9.36 38.5798
    endloop
  endfacet
  facet normal 0 -1 0
    outer loop
      vertex 13.9231 9.36 36.9469
      vertex 15.6742 9.36 37.9438
      vertex 13.8828 9.36 37.7673
    endloop
  endfacet
  facet normal 0 -1 0
    outer loop
      vertex 15.75 9.36 36.4
      vertex 13.9231 9.36 36.9469
      vertex 13.95 9.36 36.4
    endloop
  endfacet
  facet normal 0 -1 0
    outer loop
      vertex 13.9231 9.36 36.9469
      vertex 15.75 9.36 36.4
      vertex 15.6742 9.36 37.9438
    endloop
  endfacet
  facet normal 0 -1 0
    outer loop
      vertex 13.8828 9.36 35.0327
      vertex 15.75 9.36 36.4
      vertex 13.95 9.36 36.4
    endloop
  endfacet
  facet normal 0 -1 0
    outer loop
      vertex 13.8828 9.36 35.0327
      vertex 15.6742 9.36 34.8562
      vertex 15.75 9.36 36.4
    endloop
  endfacet
  facet normal 0 -1 0
    outer loop
      vertex 13.682 9.36 33.6785
      vertex 15.6742 9.36 34.8562
      vertex 13.8828 9.36 35.0327
    endloop
  endfacet
  facet normal 0 -1 0
    outer loop
      vertex 13.682 9.36 33.6785
      vertex 15.4474 9.36 33.3273
      vertex 15.6742 9.36 34.8562
    endloop
  endfacet
  facet normal 0 -1 0
    outer loop
      vertex 13.3493 9.36 32.3505
      vertex 15.4474 9.36 33.3273
      vertex 13.682 9.36 33.6785
    endloop
  endfacet
  facet normal 0 -1 0
    outer loop
      vertex 13.3493 9.36 32.3505
      vertex 15.0718 9.36 31.828
      vertex 15.4474 9.36 33.3273
    endloop
  endfacet
  facet normal 0 -1 0
    outer loop
      vertex 12.8881 9.36 31.0616
      vertex 15.0718 9.36 31.828
      vertex 13.3493 9.36 32.3505
    endloop
  endfacet
  facet normal 0 -1 0
    outer loop
      vertex 12.8881 9.36 31.0616
      vertex 14.5511 9.36 30.3727
      vertex 15.0718 9.36 31.828
    endloop
  endfacet
  facet normal 0 -1 0
    outer loop
      vertex 12.3028 9.36 29.824
      vertex 14.5511 9.36 30.3727
      vertex 12.8881 9.36 31.0616
    endloop
  endfacet
  facet normal 0 -1 0
    outer loop
      vertex 12.3028 9.36 29.824
      vertex 13.8903 9.36 28.9755
      vertex 14.5511 9.36 30.3727
    endloop
  endfacet
  facet normal 0 -1 0
    outer loop
      vertex 11.599 9.36 28.6498
      vertex 13.8903 9.36 28.9755
      vertex 12.3028 9.36 29.824
    endloop
  endfacet
  facet normal 0 -1 0
    outer loop
      vertex 11.599 9.36 28.6498
      vertex 13.0956 9.36 27.6498
      vertex 13.8903 9.36 28.9755
    endloop
  endfacet
  facet normal 0 -1 0
    outer loop
      vertex 10.7835 9.36 27.5502
      vertex 13.0956 9.36 27.6498
      vertex 11.599 9.36 28.6498
    endloop
  endfacet
  facet normal 0 -1 0
    outer loop
      vertex 12.1749 9.36 26.4083
      vertex 10.7835 9.36 27.5502
      vertex 10.2676 9.36 26.981
    endloop
  endfacet
  facet normal 0 -1 0
    outer loop
      vertex 10.7835 9.36 27.5502
      vertex 12.1749 9.36 26.4083
      vertex 13.0956 9.36 27.6498
    endloop
  endfacet
  facet normal -0 -1 0
    outer loop
      vertex 12.1749 9.36 26.4083
      vertex 10.2676 9.36 26.981
      vertex 11.5404 9.36 25.7082
    endloop
  endfacet
  facet normal 0 -1 0
    outer loop
      vertex -12.1749 9.36 46.3917
      vertex -10.2676 9.36 45.819
      vertex -11.5404 9.36 47.0918
    endloop
  endfacet
  facet normal 0 -1 0
    outer loop
      vertex -12.1749 9.36 46.3917
      vertex -10.7835 9.36 45.2498
      vertex -10.2676 9.36 45.819
    endloop
  endfacet
  facet normal 0 -1 0
    outer loop
      vertex -11.1097 9.36 44.81
      vertex -12.1749 9.36 46.3917
      vertex -13.0956 9.36 45.1502
    endloop
  endfacet
  facet normal 0 -1 0
    outer loop
      vertex -12.1749 9.36 46.3917
      vertex -11.1097 9.36 44.81
      vertex -10.7835 9.36 45.2498
    endloop
  endfacet
  facet normal 0 -1 0
    outer loop
      vertex -13.0956 9.36 45.1502
      vertex -11.599 9.36 44.1502
      vertex -11.1097 9.36 44.81
    endloop
  endfacet
  facet normal 0 -1 0
    outer loop
      vertex -12.0213 9.36 43.4457
      vertex -13.0956 9.36 45.1502
      vertex -13.8903 9.36 43.8245
    endloop
  endfacet
  facet normal 0 -1 0
    outer loop
      vertex -13.0956 9.36 45.1502
      vertex -12.0213 9.36 43.4457
      vertex -11.599 9.36 44.1502
    endloop
  endfacet
  facet normal 0 -1 0
    outer loop
      vertex -13.8903 9.36 43.8245
      vertex -12.3028 9.36 42.976
      vertex -12.0213 9.36 43.4457
    endloop
  endfacet
  facet normal 0 -1 0
    outer loop
      vertex -13.8903 9.36 43.8245
      vertex -12.5369 9.36 42.481
      vertex -12.3028 9.36 42.976
    endloop
  endfacet
  facet normal 0 -1 0
    outer loop
      vertex -14.5511 9.36 42.4273
      vertex -12.5369 9.36 42.481
      vertex -13.8903 9.36 43.8245
    endloop
  endfacet
  facet normal 0 -1 0
    outer loop
      vertex -14.5511 9.36 42.4273
      vertex -12.8881 9.36 41.7384
      vertex -12.5369 9.36 42.481
    endloop
  endfacet
  facet normal 0 -1 0
    outer loop
      vertex -13.1648 9.36 40.9651
      vertex -14.5511 9.36 42.4273
      vertex -15.0718 9.36 40.972
    endloop
  endfacet
  facet normal 0 -1 0
    outer loop
      vertex -14.5511 9.36 42.4273
      vertex -13.1648 9.36 40.9651
      vertex -12.8881 9.36 41.7384
    endloop
  endfacet
  facet normal 0 -1 0
    outer loop
      vertex -15.0718 9.36 40.972
      vertex -13.3493 9.36 40.4495
      vertex -13.1648 9.36 40.9651
    endloop
  endfacet
  facet normal 0 -1 0
    outer loop
      vertex -15.4474 9.36 39.4727
      vertex -13.3493 9.36 40.4495
      vertex -15.0718 9.36 40.972
    endloop
  endfacet
  facet normal 0 -1 0
    outer loop
      vertex -15.4474 9.36 39.4727
      vertex -13.682 9.36 39.1215
      vertex -13.3493 9.36 40.4495
    endloop
  endfacet
  facet normal 0 -1 0
    outer loop
      vertex -15.4474 9.36 39.4727
      vertex -13.7623 9.36 38.5798
      vertex -13.682 9.36 39.1215
    endloop
  endfacet
  facet normal 0 -1 0
    outer loop
      vertex -15.6742 9.36 37.9438
      vertex -13.7623 9.36 38.5798
      vertex -15.4474 9.36 39.4727
    endloop
  endfacet
  facet normal 0 -1 0
    outer loop
      vertex -15.6742 9.36 37.9438
      vertex -13.8828 9.36 37.7673
      vertex -13.7623 9.36 38.5798
    endloop
  endfacet
  facet normal 0 -1 0
    outer loop
      vertex -15.6742 9.36 37.9438
      vertex -13.9231 9.36 36.9469
      vertex -13.8828 9.36 37.7673
    endloop
  endfacet
  facet normal 0 -1 0
    outer loop
      vertex -15.75 9.36 36.4
      vertex -13.9231 9.36 36.9469
      vertex -15.6742 9.36 37.9438
    endloop
  endfacet
  facet normal 0 -1 0
    outer loop
      vertex -15.75 9.36 36.4
      vertex -13.95 9.36 36.4
      vertex -13.9231 9.36 36.9469
    endloop
  endfacet
  facet normal 0 -1 0
    outer loop
      vertex -15.75 9.36 36.4
      vertex -13.8828 9.36 35.0327
      vertex -13.95 9.36 36.4
    endloop
  endfacet
  facet normal 0 -1 0
    outer loop
      vertex -15.6742 9.36 34.8562
      vertex -13.8828 9.36 35.0327
      vertex -15.75 9.36 36.4
    endloop
  endfacet
  facet normal 0 -1 0
    outer loop
      vertex -15.6742 9.36 34.8562
      vertex -13.682 9.36 33.6785
      vertex -13.8828 9.36 35.0327
    endloop
  endfacet
  facet normal 0 -1 0
    outer loop
      vertex -15.4474 9.36 33.3273
      vertex -13.682 9.36 33.6785
      vertex -15.6742 9.36 34.8562
    endloop
  endfacet
  facet normal 0 -1 0
    outer loop
      vertex -15.4474 9.36 33.3273
      vertex -13.3493 9.36 32.3505
      vertex -13.682 9.36 33.6785
    endloop
  endfacet
  facet normal 0 -1 0
    outer loop
      vertex -15.0718 9.36 31.828
      vertex -13.3493 9.36 32.3505
      vertex -15.4474 9.36 33.3273
    endloop
  endfacet
  facet normal 0 -1 0
    outer loop
      vertex -15.0718 9.36 31.828
      vertex -12.8881 9.36 31.0616
      vertex -13.3493 9.36 32.3505
    endloop
  endfacet
  facet normal 0 -1 0
    outer loop
      vertex -14.5511 9.36 30.3727
      vertex -12.8881 9.36 31.0616
      vertex -15.0718 9.36 31.828
    endloop
  endfacet
  facet normal 0 -1 0
    outer loop
      vertex -14.5511 9.36 30.3727
      vertex -12.3028 9.36 29.824
      vertex -12.8881 9.36 31.0616
    endloop
  endfacet
  facet normal 0 -1 0
    outer loop
      vertex -13.8903 9.36 28.9755
      vertex -12.3028 9.36 29.824
      vertex -14.5511 9.36 30.3727
    endloop
  endfacet
  facet normal 0 -1 0
    outer loop
      vertex -13.8903 9.36 28.9755
      vertex -11.599 9.36 28.6498
      vertex -12.3028 9.36 29.824
    endloop
  endfacet
  facet normal 0 -1 0
    outer loop
      vertex -13.0956 9.36 27.6498
      vertex -11.599 9.36 28.6498
      vertex -13.8903 9.36 28.9755
    endloop
  endfacet
  facet normal 0 -1 0
    outer loop
      vertex -13.0956 9.36 27.6498
      vertex -10.7835 9.36 27.5502
      vertex -11.599 9.36 28.6498
    endloop
  endfacet
  facet normal 0 -1 0
    outer loop
      vertex -12.1749 9.36 26.4083
      vertex -10.7835 9.36 27.5502
      vertex -13.0956 9.36 27.6498
    endloop
  endfacet
  facet normal 0 -1 -0
    outer loop
      vertex -10.7835 9.36 27.5502
      vertex -12.1749 9.36 26.4083
      vertex -10.2676 9.36 26.981
    endloop
  endfacet
  facet normal 0 -1 0
    outer loop
      vertex -10.2676 9.36 26.981
      vertex -12.1749 9.36 26.4083
      vertex -11.5404 9.36 25.7082
    endloop
  endfacet
  facet normal 0 -1 0
    outer loop
      vertex -10.6918 9.36 24.8596
      vertex -8.84979 9.36 25.6165
      vertex -9.41903 9.36 26.1324
    endloop
  endfacet
  facet normal 0 -1 0
    outer loop
      vertex -9.99169 9.36 24.2251
      vertex -8.84979 9.36 25.6165
      vertex -10.6918 9.36 24.8596
    endloop
  endfacet
  facet normal 0 -1 -0
    outer loop
      vertex -8.84979 9.36 25.6165
      vertex -9.99169 9.36 24.2251
      vertex -7.7502 9.36 24.801
    endloop
  endfacet
  facet normal 0 -1 0
    outer loop
      vertex -8.75023 9.36 23.3044
      vertex -7.7502 9.36 24.801
      vertex -9.99169 9.36 24.2251
    endloop
  endfacet
  facet normal 0 -1 -0
    outer loop
      vertex -7.7502 9.36 24.801
      vertex -8.75023 9.36 23.3044
      vertex -6.57598 9.36 24.0972
    endloop
  endfacet
  facet normal 0 -1 0
    outer loop
      vertex -7.4245 9.36 22.5097
      vertex -6.57598 9.36 24.0972
      vertex -8.75023 9.36 23.3044
    endloop
  endfacet
  facet normal 0 -1 -0
    outer loop
      vertex -6.57598 9.36 24.0972
      vertex -7.4245 9.36 22.5097
      vertex -5.33843 9.36 23.5119
    endloop
  endfacet
  facet normal 0 -1 0
    outer loop
      vertex -6.02726 9.36 21.8489
      vertex -5.33843 9.36 23.5119
      vertex -7.4245 9.36 22.5097
    endloop
  endfacet
  facet normal 0 -1 -0
    outer loop
      vertex -5.33843 9.36 23.5119
      vertex -6.02726 9.36 21.8489
      vertex -4.04947 9.36 23.0507
    endloop
  endfacet
  facet normal 0 -1 0
    outer loop
      vertex -4.57198 9.36 21.3282
      vertex -4.04947 9.36 23.0507
      vertex -6.02726 9.36 21.8489
    endloop
  endfacet
  facet normal 0 -1 -0
    outer loop
      vertex -4.04947 9.36 23.0507
      vertex -4.57198 9.36 21.3282
      vertex -2.72151 9.36 22.718
    endloop
  endfacet
  facet normal 0 -1 0
    outer loop
      vertex -3.07267 9.36 20.9526
      vertex -2.72151 9.36 22.718
      vertex -4.57198 9.36 21.3282
    endloop
  endfacet
  facet normal 0 -1 0
    outer loop
      vertex 8.84979 9.36 25.6165
      vertex 10.6918 9.36 24.8596
      vertex 9.41903 9.36 26.1324
    endloop
  endfacet
  facet normal 0 -1 0
    outer loop
      vertex 9.99169 9.36 24.2251
      vertex 8.84979 9.36 25.6165
      vertex 7.7502 9.36 24.801
    endloop
  endfacet
  facet normal 0 -1 0
    outer loop
      vertex 8.84979 9.36 25.6165
      vertex 9.99169 9.36 24.2251
      vertex 10.6918 9.36 24.8596
    endloop
  endfacet
  facet normal 0 -1 0
    outer loop
      vertex 8.75023 9.36 23.3044
      vertex 7.7502 9.36 24.801
      vertex 6.57598 9.36 24.0972
    endloop
  endfacet
  facet normal 0 -1 0
    outer loop
      vertex 7.4245 9.36 22.5097
      vertex 6.57598 9.36 24.0972
      vertex 5.33843 9.36 23.5119
    endloop
  endfacet
  facet normal 0 -1 0
    outer loop
      vertex 7.7502 9.36 24.801
      vertex 8.75023 9.36 23.3044
      vertex 9.99169 9.36 24.2251
    endloop
  endfacet
  facet normal 0 -1 0
    outer loop
      vertex 6.02726 9.36 21.8489
      vertex 5.33843 9.36 23.5119
      vertex 4.04947 9.36 23.0507
    endloop
  endfacet
  facet normal 0 -1 0
    outer loop
      vertex 4.57198 9.36 21.3282
      vertex 4.04947 9.36 23.0507
      vertex 2.72151 9.36 22.718
    endloop
  endfacet
  facet normal 0 -1 0
    outer loop
      vertex 3.07267 9.36 20.9526
      vertex 2.72151 9.36 22.718
      vertex 1.36734 9.36 22.5172
    endloop
  endfacet
  facet normal 0 -1 0
    outer loop
      vertex 6.57598 9.36 24.0972
      vertex 7.4245 9.36 22.5097
      vertex 8.75023 9.36 23.3044
    endloop
  endfacet
  facet normal 0 -1 0
    outer loop
      vertex 1.54377 9.36 20.7258
      vertex 1.36734 9.36 22.5172
      vertex 0 9.36 22.45
    endloop
  endfacet
  facet normal 0 -1 -0
    outer loop
      vertex -2.72151 9.36 22.718
      vertex -3.07267 9.36 20.9526
      vertex -1.36734 9.36 22.5172
    endloop
  endfacet
  facet normal 0 -1 0
    outer loop
      vertex 5.33843 9.36 23.5119
      vertex 6.02726 9.36 21.8489
      vertex 7.4245 9.36 22.5097
    endloop
  endfacet
  facet normal 0 -1 0
    outer loop
      vertex -1.54377 9.36 20.7258
      vertex -1.36734 9.36 22.5172
      vertex -3.07267 9.36 20.9526
    endloop
  endfacet
  facet normal 0 -1 0
    outer loop
      vertex 4.04947 9.36 23.0507
      vertex 4.57198 9.36 21.3282
      vertex 6.02726 9.36 21.8489
    endloop
  endfacet
  facet normal 0 -1 -0
    outer loop
      vertex -1.36734 9.36 22.5172
      vertex -1.54377 9.36 20.7258
      vertex 0 9.36 22.45
    endloop
  endfacet
  facet normal 0 -1 0
    outer loop
      vertex 2.72151 9.36 22.718
      vertex 3.07267 9.36 20.9526
      vertex 4.57198 9.36 21.3282
    endloop
  endfacet
  facet normal 0 -1 0
    outer loop
      vertex 0 9.36 20.65
      vertex 0 9.36 22.45
      vertex -1.54377 9.36 20.7258
    endloop
  endfacet
  facet normal 0 -1 0
    outer loop
      vertex 1.36734 9.36 22.5172
      vertex 1.54377 9.36 20.7258
      vertex 3.07267 9.36 20.9526
    endloop
  endfacet
  facet normal 0 -1 0
    outer loop
      vertex 0 9.36 22.45
      vertex 0 9.36 20.65
      vertex 1.54377 9.36 20.7258
    endloop
  endfacet
  facet normal 0 -1 0
    outer loop
      vertex 0 9.36 50.35
      vertex 0 9.36 52.15
      vertex -1.54377 9.36 52.0742
    endloop
  endfacet
  facet normal 0 -1 0
    outer loop
      vertex -1.36734 9.36 50.2828
      vertex -1.54377 9.36 52.0742
      vertex -3.07267 9.36 51.8474
    endloop
  endfacet
  facet normal 0 -1 0
    outer loop
      vertex 0 9.36 52.15
      vertex 0 9.36 50.35
      vertex 1.54377 9.36 52.0742
    endloop
  endfacet
  facet normal 0 -1 0
    outer loop
      vertex -2.72151 9.36 50.082
      vertex -3.07267 9.36 51.8474
      vertex -4.57198 9.36 51.4718
    endloop
  endfacet
  facet normal 0 -1 0
    outer loop
      vertex 1.36734 9.36 50.2828
      vertex 1.54377 9.36 52.0742
      vertex 0 9.36 50.35
    endloop
  endfacet
  facet normal 0 -1 0
    outer loop
      vertex -4.56506 9.36 49.5648
      vertex -4.57198 9.36 51.4718
      vertex -6.02726 9.36 50.9511
    endloop
  endfacet
  facet normal 0 -1 -0
    outer loop
      vertex 1.54377 9.36 52.0742
      vertex 1.36734 9.36 50.2828
      vertex 3.07267 9.36 51.8474
    endloop
  endfacet
  facet normal 0 -1 0
    outer loop
      vertex 2.72151 9.36 50.082
      vertex 3.07267 9.36 51.8474
      vertex 1.36734 9.36 50.2828
    endloop
  endfacet
  facet normal 0 -1 0
    outer loop
      vertex -6.08096 9.36 48.9369
      vertex -6.02726 9.36 50.9511
      vertex -7.4245 9.36 50.2903
    endloop
  endfacet
  facet normal 0 -1 0
    outer loop
      vertex -1.54377 9.36 52.0742
      vertex -1.36734 9.36 50.2828
      vertex 0 9.36 50.35
    endloop
  endfacet
  facet normal 0 -1 0
    outer loop
      vertex -3.07267 9.36 51.8474
      vertex -2.72151 9.36 50.082
      vertex -1.36734 9.36 50.2828
    endloop
  endfacet
  facet normal 0 -1 0
    outer loop
      vertex -4.57198 9.36 51.4718
      vertex -4.04947 9.36 49.7493
      vertex -2.72151 9.36 50.082
    endloop
  endfacet
  facet normal 0 -1 0
    outer loop
      vertex -4.57198 9.36 51.4718
      vertex -4.56506 9.36 49.5648
      vertex -4.04947 9.36 49.7493
    endloop
  endfacet
  facet normal 0 -1 0
    outer loop
      vertex -6.57598 9.36 48.7028
      vertex -7.4245 9.36 50.2903
      vertex -8.75023 9.36 49.4956
    endloop
  endfacet
  facet normal 0 -1 0
    outer loop
      vertex -6.02726 9.36 50.9511
      vertex -5.33843 9.36 49.2881
      vertex -4.56506 9.36 49.5648
    endloop
  endfacet
  facet normal 0 -1 -0
    outer loop
      vertex -6.02726 9.36 50.9511
      vertex -6.08096 9.36 48.9369
      vertex -5.33843 9.36 49.2881
    endloop
  endfacet
  facet normal 0 -1 0
    outer loop
      vertex -7.4245 9.36 50.2903
      vertex -6.57598 9.36 48.7028
      vertex -6.08096 9.36 48.9369
    endloop
  endfacet
  facet normal 0 -1 0
    outer loop
      vertex -8.19004 9.36 47.6728
      vertex -8.75023 9.36 49.4956
      vertex -9.99169 9.36 48.5749
    endloop
  endfacet
  facet normal 0 -1 0
    outer loop
      vertex -8.75023 9.36 49.4956
      vertex -7.7502 9.36 47.999
      vertex -6.57598 9.36 48.7028
    endloop
  endfacet
  facet normal 0 -1 0
    outer loop
      vertex -8.84979 9.36 47.1835
      vertex -9.99169 9.36 48.5749
      vertex -10.6918 9.36 47.9404
    endloop
  endfacet
  facet normal 0 -1 0
    outer loop
      vertex -8.75023 9.36 49.4956
      vertex -8.19004 9.36 47.6728
      vertex -7.7502 9.36 47.999
    endloop
  endfacet
  facet normal 0 -1 0
    outer loop
      vertex -9.99169 9.36 48.5749
      vertex -8.84979 9.36 47.1835
      vertex -8.19004 9.36 47.6728
    endloop
  endfacet
  facet normal -0 -1 0
    outer loop
      vertex -8.84979 9.36 47.1835
      vertex -10.6918 9.36 47.9404
      vertex -9.41903 9.36 46.6676
    endloop
  endfacet
  facet normal 0 -1 -0
    outer loop
      vertex 3.07267 9.36 51.8474
      vertex 2.72151 9.36 50.082
      vertex 4.57198 9.36 51.4718
    endloop
  endfacet
  facet normal 0 -1 0
    outer loop
      vertex 4.04947 9.36 49.7493
      vertex 4.57198 9.36 51.4718
      vertex 2.72151 9.36 50.082
    endloop
  endfacet
  facet normal 0 -1 0
    outer loop
      vertex 4.56506 9.36 49.5648
      vertex 4.57198 9.36 51.4718
      vertex 4.04947 9.36 49.7493
    endloop
  endfacet
  facet normal 0 -1 -0
    outer loop
      vertex 4.57198 9.36 51.4718
      vertex 4.56506 9.36 49.5648
      vertex 6.02726 9.36 50.9511
    endloop
  endfacet
  facet normal 0 -1 0
    outer loop
      vertex 5.33843 9.36 49.2881
      vertex 6.02726 9.36 50.9511
      vertex 4.56506 9.36 49.5648
    endloop
  endfacet
  facet normal 0 -1 0
    outer loop
      vertex 6.08096 9.36 48.9369
      vertex 6.02726 9.36 50.9511
      vertex 5.33843 9.36 49.2881
    endloop
  endfacet
  facet normal 0 -1 0
    outer loop
      vertex 6.02726 9.36 50.9511
      vertex 6.08096 9.36 48.9369
      vertex 7.4245 9.36 50.2903
    endloop
  endfacet
  facet normal 0 -1 0
    outer loop
      vertex 6.57598 9.36 48.7028
      vertex 7.4245 9.36 50.2903
      vertex 6.08096 9.36 48.9369
    endloop
  endfacet
  facet normal 0 -1 -0
    outer loop
      vertex 7.4245 9.36 50.2903
      vertex 6.57598 9.36 48.7028
      vertex 8.75023 9.36 49.4956
    endloop
  endfacet
  facet normal 0 -1 0
    outer loop
      vertex 7.7502 9.36 47.999
      vertex 8.75023 9.36 49.4956
      vertex 6.57598 9.36 48.7028
    endloop
  endfacet
  facet normal 0 -1 0
    outer loop
      vertex 8.19004 9.36 47.6728
      vertex 8.75023 9.36 49.4956
      vertex 7.7502 9.36 47.999
    endloop
  endfacet
  facet normal 0 -1 -0
    outer loop
      vertex 8.75023 9.36 49.4956
      vertex 8.19004 9.36 47.6728
      vertex 9.99169 9.36 48.5749
    endloop
  endfacet
  facet normal 0 -1 0
    outer loop
      vertex 8.84979 9.36 47.1835
      vertex 9.99169 9.36 48.5749
      vertex 8.19004 9.36 47.6728
    endloop
  endfacet
  facet normal 0 -1 -0
    outer loop
      vertex 9.99169 9.36 48.5749
      vertex 8.84979 9.36 47.1835
      vertex 10.6918 9.36 47.9404
    endloop
  endfacet
  facet normal 0 -1 0
    outer loop
      vertex 10.6918 9.36 47.9404
      vertex 8.84979 9.36 47.1835
      vertex 9.41903 9.36 46.6676
    endloop
  endfacet
  facet normal 0.970024 0 -0.243008
    outer loop
      vertex 15.4474 9.36 33.3273
      vertex 15.0718 35.36 31.828
      vertex 15.4474 35.36 33.3273
    endloop
  endfacet
  facet normal 0.970024 0 -0.243008
    outer loop
      vertex 15.0718 35.36 31.828
      vertex 15.4474 9.36 33.3273
      vertex 15.0718 9.36 31.828
    endloop
  endfacet
  facet normal 0.989176 0 -0.146736
    outer loop
      vertex 15.6742 9.36 34.8562
      vertex 15.4474 35.36 33.3273
      vertex 15.6742 35.36 34.8562
    endloop
  endfacet
  facet normal 0.989176 0 -0.146736
    outer loop
      vertex 15.4474 35.36 33.3273
      vertex 15.6742 9.36 34.8562
      vertex 15.4474 9.36 33.3273
    endloop
  endfacet
  facet normal 0.941547 0 -0.336881
    outer loop
      vertex 15.0718 9.36 31.828
      vertex 14.5511 35.36 30.3727
      vertex 15.0718 35.36 31.828
    endloop
  endfacet
  facet normal 0.941547 0 -0.336881
    outer loop
      vertex 14.5511 35.36 30.3727
      vertex 15.0718 9.36 31.828
      vertex 14.5511 9.36 30.3727
    endloop
  endfacet
  facet normal 0.803226 0 -0.595675
    outer loop
      vertex 13.0956 9.36 27.6498
      vertex 12.1749 35.36 26.4083
      vertex 13.0956 35.36 27.6498
    endloop
  endfacet
  facet normal 0.803226 0 -0.595675
    outer loop
      vertex 12.1749 35.36 26.4083
      vertex 13.0956 9.36 27.6498
      vertex 12.1749 9.36 26.4083
    endloop
  endfacet
  facet normal 0.857698 0 -0.514153
    outer loop
      vertex 13.8903 9.36 28.9755
      vertex 13.0956 35.36 27.6498
      vertex 13.8903 35.36 28.9755
    endloop
  endfacet
  facet normal 0.857698 0 -0.514153
    outer loop
      vertex 13.0956 35.36 27.6498
      vertex 13.8903 9.36 28.9755
      vertex 13.0956 9.36 27.6498
    endloop
  endfacet
  facet normal 0.243006 0 -0.970025
    outer loop
      vertex 3.07267 9.36 20.9526
      vertex 4.57198 35.36 21.3282
      vertex 4.57198 9.36 21.3282
    endloop
  endfacet
  facet normal 0.243006 0 -0.970025
    outer loop
      vertex 4.57198 35.36 21.3282
      vertex 3.07267 9.36 20.9526
      vertex 3.07267 35.36 20.9526
    endloop
  endfacet
  facet normal 0.146736 0 -0.989176
    outer loop
      vertex 1.54377 9.36 20.7258
      vertex 3.07267 35.36 20.9526
      vertex 3.07267 9.36 20.9526
    endloop
  endfacet
  facet normal 0.146736 0 -0.989176
    outer loop
      vertex 3.07267 35.36 20.9526
      vertex 1.54377 9.36 20.7258
      vertex 1.54377 35.36 20.7258
    endloop
  endfacet
  facet normal 0.595687 0 -0.803217
    outer loop
      vertex 8.75023 9.36 23.3044
      vertex 9.99169 35.36 24.2251
      vertex 9.99169 9.36 24.2251
    endloop
  endfacet
  facet normal 0.595687 0 -0.803217
    outer loop
      vertex 9.99169 35.36 24.2251
      vertex 8.75023 9.36 23.3044
      vertex 8.75023 35.36 23.3044
    endloop
  endfacet
  facet normal 0.671534 0 -0.740974
    outer loop
      vertex 10.6918 9.36 24.8596
      vertex 9.99169 9.36 24.2251
      vertex 10.6918 22.86 24.8596
    endloop
  endfacet
  facet normal 0.671637 0 -0.740881
    outer loop
      vertex 10.6918 22.86 24.8596
      vertex 11.1369 35.36 25.2631
      vertex 11.1369 22.86 25.2631
    endloop
  endfacet
  facet normal 0.671534 0 -0.740974
    outer loop
      vertex 9.99169 35.36 24.2251
      vertex 10.6918 22.86 24.8596
      vertex 9.99169 9.36 24.2251
    endloop
  endfacet
  facet normal 0.671574 4.05972e-06 -0.740938
    outer loop
      vertex 10.6918 22.86 24.8596
      vertex 9.99169 35.36 24.2251
      vertex 11.1369 35.36 25.2631
    endloop
  endfacet
  facet normal -0.970024 0 -0.243008
    outer loop
      vertex -15.0718 9.36 31.828
      vertex -15.4474 35.36 33.3273
      vertex -15.0718 35.36 31.828
    endloop
  endfacet
  facet normal -0.970024 -0 -0.243008
    outer loop
      vertex -15.4474 35.36 33.3273
      vertex -15.0718 9.36 31.828
      vertex -15.4474 9.36 33.3273
    endloop
  endfacet
  facet normal -0.903996 0 -0.427541
    outer loop
      vertex -13.8903 9.36 28.9755
      vertex -14.5511 35.36 30.3727
      vertex -13.8903 35.36 28.9755
    endloop
  endfacet
  facet normal -0.903996 -0 -0.427541
    outer loop
      vertex -14.5511 35.36 30.3727
      vertex -13.8903 9.36 28.9755
      vertex -14.5511 9.36 30.3727
    endloop
  endfacet
  facet normal -0.941547 0 -0.336881
    outer loop
      vertex -14.5511 9.36 30.3727
      vertex -15.0718 35.36 31.828
      vertex -14.5511 35.36 30.3727
    endloop
  endfacet
  facet normal -0.941547 -0 -0.336881
    outer loop
      vertex -15.0718 35.36 31.828
      vertex -14.5511 9.36 30.3727
      vertex -15.0718 9.36 31.828
    endloop
  endfacet
  facet normal -0.989176 0 -0.146736
    outer loop
      vertex -15.4474 9.36 33.3273
      vertex -15.6742 35.36 34.8562
      vertex -15.4474 35.36 33.3273
    endloop
  endfacet
  facet normal -0.989176 -0 -0.146736
    outer loop
      vertex -15.6742 35.36 34.8562
      vertex -15.4474 9.36 33.3273
      vertex -15.6742 9.36 34.8562
    endloop
  endfacet
  facet normal -0.514145 0 -0.857703
    outer loop
      vertex -8.75023 9.36 23.3044
      vertex -7.4245 35.36 22.5097
      vertex -7.4245 9.36 22.5097
    endloop
  endfacet
  facet normal -0.514145 0 -0.857703
    outer loop
      vertex -7.4245 35.36 22.5097
      vertex -8.75023 9.36 23.3044
      vertex -8.75023 35.36 23.3044
    endloop
  endfacet
  facet normal -0.0490741 0 -0.998795
    outer loop
      vertex 0 9.36 20.65
      vertex -1.5 10.86 20.7237
      vertex 0 10.86 20.65
    endloop
  endfacet
  facet normal -0.0479229 0 -0.998851
    outer loop
      vertex -1.5 10.86 20.7237
      vertex -1.54377 9.36 20.7258
      vertex -1.5 14.06 20.7237
    endloop
  endfacet
  facet normal -0.0490415 3.27155e-05 -0.998797
    outer loop
      vertex -1.54377 9.36 20.7258
      vertex -1.5 10.86 20.7237
      vertex 0 9.36 20.65
    endloop
  endfacet
  facet normal -0.0490741 0 -0.998795
    outer loop
      vertex -1.5 14.06 20.7237
      vertex 0 35.36 20.65
      vertex 0 14.06 20.65
    endloop
  endfacet
  facet normal -0.0490415 -2.30391e-06 -0.998797
    outer loop
      vertex -1.5 14.06 20.7237
      vertex -1.54377 35.36 20.7258
      vertex 0 35.36 20.65
    endloop
  endfacet
  facet normal -0.0479229 -0 -0.998851
    outer loop
      vertex -1.54377 35.36 20.7258
      vertex -1.5 14.06 20.7237
      vertex -1.54377 9.36 20.7258
    endloop
  endfacet
  facet normal 0.998797 -2.37102e-06 0.0490405
    outer loop
      vertex 15.6742 35.36 37.9438
      vertex 15.6763 14.06 37.9
      vertex 15.75 35.36 36.4
    endloop
  endfacet
  facet normal 0.998853 -0 0.0478902
    outer loop
      vertex 15.6742 9.36 37.9438
      vertex 15.6763 14.06 37.9
      vertex 15.6742 35.36 37.9438
    endloop
  endfacet
  facet normal 0.998853 0 0.0478902
    outer loop
      vertex 15.6763 14.06 37.9
      vertex 15.6742 9.36 37.9438
      vertex 15.6763 10.86 37.9
    endloop
  endfacet
  facet normal 0.998797 3.36685e-05 0.0490405
    outer loop
      vertex 15.75 9.36 36.4
      vertex 15.6763 10.86 37.9
      vertex 15.6742 9.36 37.9438
    endloop
  endfacet
  facet normal 0.998795 0 0.0490741
    outer loop
      vertex 15.6763 10.86 37.9
      vertex 15.75 9.36 36.4
      vertex 15.75 10.86 36.4
    endloop
  endfacet
  facet normal 0.998795 0 0.0490741
    outer loop
      vertex 15.75 35.36 36.4
      vertex 15.6763 14.06 37.9
      vertex 15.75 14.06 36.4
    endloop
  endfacet
  facet normal 0.0479229 0 0.998851
    outer loop
      vertex 1.54377 35.36 52.0742
      vertex 1.5 14.06 52.0763
      vertex 1.54377 9.36 52.0742
    endloop
  endfacet
  facet normal 0.0490415 -2.30391e-06 0.998797
    outer loop
      vertex 0 35.36 52.15
      vertex 1.5 14.06 52.0763
      vertex 1.54377 35.36 52.0742
    endloop
  endfacet
  facet normal 0.0490741 0 0.998795
    outer loop
      vertex 1.5 14.06 52.0763
      vertex 0 35.36 52.15
      vertex 0 14.06 52.15
    endloop
  endfacet
  facet normal 0.0479229 -0 0.998851
    outer loop
      vertex 1.5 10.86 52.0763
      vertex 1.54377 9.36 52.0742
      vertex 1.5 14.06 52.0763
    endloop
  endfacet
  facet normal 0.0490741 -0 0.998795
    outer loop
      vertex 0 9.36 52.15
      vertex 1.5 10.86 52.0763
      vertex 0 10.86 52.15
    endloop
  endfacet
  facet normal 0.0490415 3.27155e-05 0.998797
    outer loop
      vertex 1.5 10.86 52.0763
      vertex 0 9.36 52.15
      vertex 1.54377 9.36 52.0742
    endloop
  endfacet
  facet normal 0.427502 0 0.904014
    outer loop
      vertex 6.8656 35.36 50.5546
      vertex 7.4245 9.36 50.2903
      vertex 7.4245 35.36 50.2903
    endloop
  endfacet
  facet normal 0.42755 -0 0.903991
    outer loop
      vertex 6.02726 9.36 50.9511
      vertex 6.8656 35.36 50.5546
      vertex 6.02726 35.36 50.9511
    endloop
  endfacet
  facet normal 0.427531 7.61159e-07 0.904001
    outer loop
      vertex 6.8656 35.36 50.5546
      vertex 6.02726 9.36 50.9511
      vertex 7.4245 9.36 50.2903
    endloop
  endfacet
  facet normal 0.595687 0 0.803217
    outer loop
      vertex 8.75023 35.36 49.4956
      vertex 9.99169 9.36 48.5749
      vertex 9.99169 35.36 48.5749
    endloop
  endfacet
  facet normal 0.595687 0 0.803217
    outer loop
      vertex 9.99169 9.36 48.5749
      vertex 8.75023 35.36 49.4956
      vertex 8.75023 9.36 49.4956
    endloop
  endfacet
  facet normal 0.514145 0 0.857703
    outer loop
      vertex 7.4245 35.36 50.2903
      vertex 8.75023 9.36 49.4956
      vertex 8.75023 35.36 49.4956
    endloop
  endfacet
  facet normal 0.514145 0 0.857703
    outer loop
      vertex 8.75023 9.36 49.4956
      vertex 7.4245 35.36 50.2903
      vertex 7.4245 9.36 50.2903
    endloop
  endfacet
  facet normal 0.740833 -0 0.671689
    outer loop
      vertex 11.1369 22.86 47.5369
      vertex 11.4021 35.36 47.2444
      vertex 11.1369 35.36 47.5369
    endloop
  endfacet
  facet normal 0.741154 4.46841e-06 0.671335
    outer loop
      vertex 11.4021 35.36 47.2444
      vertex 11.5404 22.86 47.0918
      vertex 11.5521 35.36 47.0788
    endloop
  endfacet
  facet normal 0.740881 -2.23313e-06 0.671637
    outer loop
      vertex 11.4021 35.36 47.2444
      vertex 11.1369 22.86 47.5369
      vertex 11.5404 22.86 47.0918
    endloop
  endfacet
  facet normal 0.740925 4.94568e-06 0.671588
    outer loop
      vertex 11.5521 35.36 47.0788
      vertex 11.5404 22.86 47.0918
      vertex 12.1749 35.36 46.3917
    endloop
  endfacet
  facet normal 0.740969 0 0.671539
    outer loop
      vertex 12.1749 9.36 46.3917
      vertex 11.5404 22.86 47.0918
      vertex 11.5404 9.36 47.0918
    endloop
  endfacet
  facet normal 0.740969 0 0.671539
    outer loop
      vertex 11.5404 22.86 47.0918
      vertex 12.1749 9.36 46.3917
      vertex 12.1749 35.36 46.3917
    endloop
  endfacet
  facet normal -0.595687 0 0.803217
    outer loop
      vertex -9.99169 35.36 48.5749
      vertex -8.75023 9.36 49.4956
      vertex -8.75023 35.36 49.4956
    endloop
  endfacet
  facet normal -0.595687 0 0.803217
    outer loop
      vertex -8.75023 9.36 49.4956
      vertex -9.99169 35.36 48.5749
      vertex -9.99169 9.36 48.5749
    endloop
  endfacet
  facet normal -0.671534 0 0.740974
    outer loop
      vertex -9.99169 35.36 48.5749
      vertex -10.6918 22.86 47.9404
      vertex -9.99169 9.36 48.5749
    endloop
  endfacet
  facet normal -0.671574 4.05972e-06 0.740938
    outer loop
      vertex -11.1369 35.36 47.5369
      vertex -10.6918 22.86 47.9404
      vertex -9.99169 35.36 48.5749
    endloop
  endfacet
  facet normal -0.671637 0 0.740881
    outer loop
      vertex -10.6918 22.86 47.9404
      vertex -11.1369 35.36 47.5369
      vertex -11.1369 22.86 47.5369
    endloop
  endfacet
  facet normal -0.671534 0 0.740974
    outer loop
      vertex -9.99169 9.36 48.5749
      vertex -10.6918 22.86 47.9404
      vertex -10.6918 9.36 47.9404
    endloop
  endfacet
  facet normal -0.514145 0 0.857703
    outer loop
      vertex -8.75023 35.36 49.4956
      vertex -7.4245 9.36 50.2903
      vertex -7.4245 35.36 50.2903
    endloop
  endfacet
  facet normal -0.514145 0 0.857703
    outer loop
      vertex -7.4245 9.36 50.2903
      vertex -8.75023 35.36 49.4956
      vertex -8.75023 9.36 49.4956
    endloop
  endfacet
  facet normal -0.146736 0 0.989176
    outer loop
      vertex -3.07267 35.36 51.8474
      vertex -1.54377 9.36 52.0742
      vertex -1.54377 35.36 52.0742
    endloop
  endfacet
  facet normal -0.146736 0 0.989176
    outer loop
      vertex -1.54377 9.36 52.0742
      vertex -3.07267 35.36 51.8474
      vertex -3.07267 9.36 51.8474
    endloop
  endfacet
  facet normal -0.903996 0 0.427541
    outer loop
      vertex -14.5511 9.36 42.4273
      vertex -13.8903 35.36 43.8245
      vertex -14.5511 35.36 42.4273
    endloop
  endfacet
  facet normal -0.903996 0 0.427541
    outer loop
      vertex -13.8903 35.36 43.8245
      vertex -14.5511 9.36 42.4273
      vertex -13.8903 9.36 43.8245
    endloop
  endfacet
  facet normal -0.941547 0 0.336881
    outer loop
      vertex -15.0718 9.36 40.972
      vertex -14.5511 35.36 42.4273
      vertex -15.0718 35.36 40.972
    endloop
  endfacet
  facet normal -0.941547 0 0.336881
    outer loop
      vertex -14.5511 9.36 42.4273
      vertex -14.5511 35.36 42.4273
      vertex -15.0718 9.36 40.972
    endloop
  endfacet
  facet normal -0.998795 0 0.0490741
    outer loop
      vertex -15.75 10.86 36.4
      vertex -15.75 9.36 36.4
      vertex -15.6763 10.86 37.9
    endloop
  endfacet
  facet normal -0.998797 0 0.0490405
    outer loop
      vertex -15.75 14.06 36.4
      vertex -15.6742 35.36 37.9438
      vertex -15.75 35.36 36.4
    endloop
  endfacet
  facet normal -0.998795 -2.44025e-06 0.0490741
    outer loop
      vertex -15.6763 14.06 37.9
      vertex -15.6742 35.36 37.9438
      vertex -15.75 14.06 36.4
    endloop
  endfacet
  facet normal -0.998853 0 0.0478902
    outer loop
      vertex -15.6742 9.36 37.9438
      vertex -15.6763 14.06 37.9
      vertex -15.6763 10.86 37.9
    endloop
  endfacet
  facet normal -0.998853 0 0.0478902
    outer loop
      vertex -15.6763 14.06 37.9
      vertex -15.6742 9.36 37.9438
      vertex -15.6742 35.36 37.9438
    endloop
  endfacet
  facet normal -0.998797 3.36685e-05 0.0490405
    outer loop
      vertex -15.6742 9.36 37.9438
      vertex -15.6763 10.86 37.9
      vertex -15.75 9.36 36.4
    endloop
  endfacet
  facet normal 0.336886 0 -0.941546
    outer loop
      vertex 4.57198 9.36 21.3282
      vertex 6.02726 35.36 21.8489
      vertex 6.02726 9.36 21.8489
    endloop
  endfacet
  facet normal 0.336886 0 -0.941546
    outer loop
      vertex 6.02726 35.36 21.8489
      vertex 4.57198 9.36 21.3282
      vertex 4.57198 35.36 21.3282
    endloop
  endfacet
  facet normal 0.514145 0 -0.857703
    outer loop
      vertex 7.4245 9.36 22.5097
      vertex 8.75023 35.36 23.3044
      vertex 8.75023 9.36 23.3044
    endloop
  endfacet
  facet normal 0.514145 0 -0.857703
    outer loop
      vertex 8.75023 35.36 23.3044
      vertex 7.4245 9.36 22.5097
      vertex 7.4245 35.36 22.5097
    endloop
  endfacet
  facet normal -0.740881 0 -0.671637
    outer loop
      vertex -11.5404 22.86 25.7082
      vertex -11.1369 35.36 25.2631
      vertex -11.1369 22.86 25.2631
    endloop
  endfacet
  facet normal -0.740935 3.85089e-06 -0.671577
    outer loop
      vertex -11.1369 35.36 25.2631
      vertex -11.5404 22.86 25.7082
      vertex -12.1749 35.36 26.4083
    endloop
  endfacet
  facet normal -0.740969 0 -0.671539
    outer loop
      vertex -12.1749 9.36 26.4083
      vertex -11.5404 22.86 25.7082
      vertex -11.5404 9.36 25.7082
    endloop
  endfacet
  facet normal -0.740969 0 -0.671539
    outer loop
      vertex -11.5404 22.86 25.7082
      vertex -12.1749 9.36 26.4083
      vertex -12.1749 35.36 26.4083
    endloop
  endfacet
  facet normal -0.595687 0 -0.803217
    outer loop
      vertex -9.99169 9.36 24.2251
      vertex -8.75023 35.36 23.3044
      vertex -8.75023 9.36 23.3044
    endloop
  endfacet
  facet normal -0.595687 0 -0.803217
    outer loop
      vertex -8.75023 35.36 23.3044
      vertex -9.99169 9.36 24.2251
      vertex -9.99169 35.36 24.2251
    endloop
  endfacet
  facet normal -0.427531 0 -0.904001
    outer loop
      vertex -7.4245 9.36 22.5097
      vertex -6.02726 35.36 21.8489
      vertex -6.02726 9.36 21.8489
    endloop
  endfacet
  facet normal -0.427531 0 -0.904001
    outer loop
      vertex -6.02726 35.36 21.8489
      vertex -7.4245 9.36 22.5097
      vertex -7.4245 35.36 22.5097
    endloop
  endfacet
  facet normal -0.243006 0 -0.970025
    outer loop
      vertex -4.57198 9.36 21.3282
      vertex -3.07267 35.36 20.9526
      vertex -3.07267 9.36 20.9526
    endloop
  endfacet
  facet normal -0.243006 0 -0.970025
    outer loop
      vertex -3.07267 35.36 20.9526
      vertex -4.57198 9.36 21.3282
      vertex -4.57198 35.36 21.3282
    endloop
  endfacet
  facet normal 0.903996 -0 0.427541
    outer loop
      vertex 13.8903 9.36 43.8245
      vertex 14.5511 35.36 42.4273
      vertex 13.8903 35.36 43.8245
    endloop
  endfacet
  facet normal 0.903996 0 0.427541
    outer loop
      vertex 14.5511 35.36 42.4273
      vertex 13.8903 9.36 43.8245
      vertex 14.5511 9.36 42.4273
    endloop
  endfacet
  facet normal 0.146736 0 0.989176
    outer loop
      vertex 1.54377 35.36 52.0742
      vertex 3.07267 9.36 51.8474
      vertex 3.07267 35.36 51.8474
    endloop
  endfacet
  facet normal 0.146736 0 0.989176
    outer loop
      vertex 3.07267 9.36 51.8474
      vertex 1.54377 35.36 52.0742
      vertex 1.54377 9.36 52.0742
    endloop
  endfacet
  facet normal 0.336869 0 0.941551
    outer loop
      vertex 5.1541 35.36 51.2635
      vertex 6.02726 9.36 50.9511
      vertex 6.02726 35.36 50.9511
    endloop
  endfacet
  facet normal 0.33691 -0 0.941537
    outer loop
      vertex 4.57198 9.36 51.4718
      vertex 5.1541 35.36 51.2635
      vertex 4.57198 35.36 51.4718
    endloop
  endfacet
  facet normal 0.336886 6.20609e-07 0.941546
    outer loop
      vertex 5.1541 35.36 51.2635
      vertex 4.57198 9.36 51.4718
      vertex 6.02726 9.36 50.9511
    endloop
  endfacet
  facet normal -0.42755 0 0.903991
    outer loop
      vertex -6.8656 35.36 50.5546
      vertex -6.02726 9.36 50.9511
      vertex -6.02726 35.36 50.9511
    endloop
  endfacet
  facet normal -0.427502 0 0.904014
    outer loop
      vertex -7.4245 9.36 50.2903
      vertex -6.8656 35.36 50.5546
      vertex -7.4245 35.36 50.2903
    endloop
  endfacet
  facet normal -0.427531 7.61159e-07 0.904001
    outer loop
      vertex -6.8656 35.36 50.5546
      vertex -7.4245 9.36 50.2903
      vertex -6.02726 9.36 50.9511
    endloop
  endfacet
  facet normal -0.243006 0 0.970025
    outer loop
      vertex -4.57198 35.36 51.4718
      vertex -3.07267 9.36 51.8474
      vertex -3.07267 35.36 51.8474
    endloop
  endfacet
  facet normal -0.243006 0 0.970025
    outer loop
      vertex -3.07267 9.36 51.8474
      vertex -4.57198 35.36 51.4718
      vertex -4.57198 9.36 51.4718
    endloop
  endfacet
  facet normal -0.0490741 0 0.998795
    outer loop
      vertex 0 35.36 52.15
      vertex -1.5 14.06 52.0763
      vertex 0 14.06 52.15
    endloop
  endfacet
  facet normal -0.0479229 0 0.998851
    outer loop
      vertex -1.54377 9.36 52.0742
      vertex -1.5 14.06 52.0763
      vertex -1.54377 35.36 52.0742
    endloop
  endfacet
  facet normal -0.0490415 -2.30391e-06 0.998797
    outer loop
      vertex -1.54377 35.36 52.0742
      vertex -1.5 14.06 52.0763
      vertex 0 35.36 52.15
    endloop
  endfacet
  facet normal -0.0490741 0 0.998795
    outer loop
      vertex -1.5 10.86 52.0763
      vertex 0 9.36 52.15
      vertex 0 10.86 52.15
    endloop
  endfacet
  facet normal -0.0490415 3.27155e-05 0.998797
    outer loop
      vertex -1.5 10.86 52.0763
      vertex -1.54377 9.36 52.0742
      vertex 0 9.36 52.15
    endloop
  endfacet
  facet normal -0.0479229 0 0.998851
    outer loop
      vertex -1.5 14.06 52.0763
      vertex -1.54377 9.36 52.0742
      vertex -1.5 10.86 52.0763
    endloop
  endfacet
  facet normal -0.857698 0 0.514153
    outer loop
      vertex -13.8903 9.36 43.8245
      vertex -13.0956 35.36 45.1502
      vertex -13.8903 35.36 43.8245
    endloop
  endfacet
  facet normal -0.857698 0 0.514153
    outer loop
      vertex -13.0956 35.36 45.1502
      vertex -13.8903 9.36 43.8245
      vertex -13.0956 9.36 45.1502
    endloop
  endfacet
  facet normal -0.989155 0 0.146877
    outer loop
      vertex -15.6742 9.36 37.9438
      vertex -15.5834 35.36 38.5553
      vertex -15.6742 35.36 37.9438
    endloop
  endfacet
  facet normal -0.989176 3.38224e-06 0.146736
    outer loop
      vertex -15.4474 9.36 39.4727
      vertex -15.5834 35.36 38.5553
      vertex -15.6742 9.36 37.9438
    endloop
  endfacet
  facet normal -0.98919 0 0.146642
    outer loop
      vertex -15.5834 35.36 38.5553
      vertex -15.4474 9.36 39.4727
      vertex -15.4474 35.36 39.4727
    endloop
  endfacet
  facet normal 0.803185 -0 0.59573
    outer loop
      vertex 12.1749 9.36 46.3917
      vertex 12.7274 35.36 45.6468
      vertex 12.1749 35.36 46.3917
    endloop
  endfacet
  facet normal 0.803226 -2.47146e-06 0.595675
    outer loop
      vertex 13.0956 9.36 45.1502
      vertex 12.7274 35.36 45.6468
      vertex 12.1749 9.36 46.3917
    endloop
  endfacet
  facet normal 0.803204 -3.35048e-06 0.595704
    outer loop
      vertex 12.7274 35.36 45.6468
      vertex 13.0956 9.36 45.1502
      vertex 12.9186 35.36 45.389
    endloop
  endfacet
  facet normal 0.803378 0 0.595469
    outer loop
      vertex 12.9186 35.36 45.389
      vertex 13.0956 9.36 45.1502
      vertex 13.0956 35.36 45.1502
    endloop
  endfacet
  facet normal 0.941547 0 0.336881
    outer loop
      vertex 14.5511 35.36 42.4273
      vertex 14.5511 9.36 42.4273
      vertex 15.0718 35.36 40.972
    endloop
  endfacet
  facet normal 0.941547 0 0.336881
    outer loop
      vertex 15.0718 35.36 40.972
      vertex 14.5511 9.36 42.4273
      vertex 15.0718 9.36 40.972
    endloop
  endfacet
  facet normal 0.857698 -0 0.514153
    outer loop
      vertex 13.0956 9.36 45.1502
      vertex 13.8903 35.36 43.8245
      vertex 13.0956 35.36 45.1502
    endloop
  endfacet
  facet normal 0.857698 0 0.514153
    outer loop
      vertex 13.8903 35.36 43.8245
      vertex 13.0956 9.36 45.1502
      vertex 13.8903 9.36 43.8245
    endloop
  endfacet
  facet normal 0.970038 0 0.242954
    outer loop
      vertex 15.0718 35.36 40.972
      vertex 15.0718 9.36 40.972
      vertex 15.222 35.36 40.3723
    endloop
  endfacet
  facet normal 0.970024 1.30542e-06 0.243008
    outer loop
      vertex 15.4474 9.36 39.4727
      vertex 15.222 35.36 40.3723
      vertex 15.0718 9.36 40.972
    endloop
  endfacet
  facet normal 0.970016 0 0.243043
    outer loop
      vertex 15.222 35.36 40.3723
      vertex 15.4474 9.36 39.4727
      vertex 15.4474 35.36 39.4727
    endloop
  endfacet
  facet normal 0.98919 -0 0.146642
    outer loop
      vertex 15.4474 9.36 39.4727
      vertex 15.5834 35.36 38.5553
      vertex 15.4474 35.36 39.4727
    endloop
  endfacet
  facet normal 0.989176 3.38224e-06 0.146736
    outer loop
      vertex 15.6742 9.36 37.9438
      vertex 15.5834 35.36 38.5553
      vertex 15.4474 9.36 39.4727
    endloop
  endfacet
  facet normal 0.989155 0 0.146877
    outer loop
      vertex 15.5834 35.36 38.5553
      vertex 15.6742 9.36 37.9438
      vertex 15.6742 35.36 37.9438
    endloop
  endfacet
  facet normal 0.0490873 0 -0.998794
    outer loop
      vertex -1.36734 9.36 50.2828
      vertex 0 35.36 50.35
      vertex 0 9.36 50.35
    endloop
  endfacet
  facet normal 0.0490873 0 -0.998794
    outer loop
      vertex 0 35.36 50.35
      vertex -1.36734 9.36 50.2828
      vertex -1.36734 35.36 50.2828
    endloop
  endfacet
  facet normal 0.970022 0 -0.243017
    outer loop
      vertex -13.3493 9.36 40.4495
      vertex -13.682 34.86 39.1215
      vertex -13.3493 34.86 40.4495
    endloop
  endfacet
  facet normal 0.970022 0 -0.243017
    outer loop
      vertex -13.682 34.86 39.1215
      vertex -13.3493 9.36 40.4495
      vertex -13.682 9.36 39.1215
    endloop
  endfacet
  facet normal -0.857751 0 -0.514066
    outer loop
      vertex 12.3028 9.36 42.976
      vertex 12.0213 34.86 43.4457
      vertex 12.3028 34.86 42.976
    endloop
  endfacet
  facet normal -0.857751 -0 -0.514066
    outer loop
      vertex 12.0213 34.86 43.4457
      vertex 12.3028 9.36 42.976
      vertex 12.0213 9.36 43.4457
    endloop
  endfacet
  facet normal -0.243024 0 -0.97002
    outer loop
      vertex 2.72151 9.36 50.082
      vertex 4.04947 35.36 49.7493
      vertex 4.04947 9.36 49.7493
    endloop
  endfacet
  facet normal -0.243024 0 -0.97002
    outer loop
      vertex 4.04947 35.36 49.7493
      vertex 2.72151 9.36 50.082
      vertex 2.72151 35.36 50.082
    endloop
  endfacet
  facet normal -0.671618 0 -0.740898
    outer loop
      vertex 9.4584 22.86 46.6319
      vertex 9.86414 34.86 46.2641
      vertex 9.86414 22.86 46.2641
    endloop
  endfacet
  facet normal -0.671618 0 -0.740898
    outer loop
      vertex 9.86414 34.86 46.2641
      vertex 9.4584 22.86 46.6319
      vertex 9.4584 34.86 46.6319
    endloop
  endfacet
  facet normal -0.970022 0 -0.243017
    outer loop
      vertex 13.682 9.36 39.1215
      vertex 13.3493 34.86 40.4495
      vertex 13.682 34.86 39.1215
    endloop
  endfacet
  facet normal -0.970022 -0 -0.243017
    outer loop
      vertex 13.3493 34.86 40.4495
      vertex 13.682 9.36 39.1215
      vertex 13.3493 9.36 40.4495
    endloop
  endfacet
  facet normal 0.336921 0 -0.941533
    outer loop
      vertex -4.56506 9.36 49.5648
      vertex -4.04947 35.36 49.7493
      vertex -4.04947 9.36 49.7493
    endloop
  endfacet
  facet normal 0.336921 0 -0.941533
    outer loop
      vertex -4.04947 35.36 49.7493
      vertex -4.56506 9.36 49.5648
      vertex -4.56506 35.36 49.5648
    endloop
  endfacet
  facet normal 0.740914 0 -0.6716
    outer loop
      vertex -9.86414 34.86 46.2641
      vertex -9.86414 22.86 46.2641
      vertex -10.2676 22.86 45.819
    endloop
  endfacet
  facet normal 0.740932 -1.36004e-06 -0.67158
    outer loop
      vertex -9.86414 34.86 46.2641
      vertex -10.2676 22.86 45.819
      vertex -10.7835 34.86 45.2498
    endloop
  endfacet
  facet normal 0.740946 0 -0.671564
    outer loop
      vertex -10.7835 9.36 45.2498
      vertex -10.2676 22.86 45.819
      vertex -10.2676 9.36 45.819
    endloop
  endfacet
  facet normal 0.740946 0 -0.671564
    outer loop
      vertex -10.2676 22.86 45.819
      vertex -10.7835 9.36 45.2498
      vertex -10.7835 34.86 45.2498
    endloop
  endfacet
  facet normal 0.803188 0 -0.595725
    outer loop
      vertex -10.7835 9.36 45.2498
      vertex -11.1097 34.86 44.81
      vertex -10.7835 34.86 45.2498
    endloop
  endfacet
  facet normal 0.803188 0 -0.595725
    outer loop
      vertex -11.1097 34.86 44.81
      vertex -10.7835 9.36 45.2498
      vertex -11.1097 9.36 44.81
    endloop
  endfacet
  facet normal -0.998793 0 -0.0491269
    outer loop
      vertex 13.95 9.36 36.4
      vertex 13.9231 34.86 36.9469
      vertex 13.95 34.86 36.4
    endloop
  endfacet
  facet normal -0.998793 -0 -0.0491269
    outer loop
      vertex 13.9231 34.86 36.9469
      vertex 13.95 9.36 36.4
      vertex 13.9231 9.36 36.9469
    endloop
  endfacet
  facet normal -0.0490873 0 -0.998794
    outer loop
      vertex 0 9.36 50.35
      vertex 1.36734 35.36 50.2828
      vertex 1.36734 9.36 50.2828
    endloop
  endfacet
  facet normal -0.0490873 0 -0.998794
    outer loop
      vertex 1.36734 35.36 50.2828
      vertex 0 9.36 50.35
      vertex 0 35.36 50.35
    endloop
  endfacet
  facet normal -0.427515 0 -0.904008
    outer loop
      vertex 6.08096 9.36 48.9369
      vertex 6.57598 35.36 48.7028
      vertex 6.57598 9.36 48.7028
    endloop
  endfacet
  facet normal -0.427515 0 -0.904008
    outer loop
      vertex 6.57598 35.36 48.7028
      vertex 6.08096 9.36 48.9369
      vertex 6.08096 35.36 48.9369
    endloop
  endfacet
  facet normal -0.595699 0 -0.803208
    outer loop
      vertex 8.19004 9.36 47.6728
      vertex 7.75021 34.86 47.999
      vertex 8.19004 34.86 47.6728
    endloop
  endfacet
  facet normal -0 0 -1
    outer loop
      vertex 7.75021 34.86 47.999
      vertex 7.7502 9.36 47.999
      vertex 7.75021 35.06 47.999
    endloop
  endfacet
  facet normal -0.59569 2.33604e-07 -0.803214
    outer loop
      vertex 7.7502 9.36 47.999
      vertex 7.75021 34.86 47.999
      vertex 8.19004 9.36 47.6728
    endloop
  endfacet
  facet normal -0.593567 -1.97856e-05 -0.804784
    outer loop
      vertex 7.75021 35.06 47.999
      vertex 7.7502 35.36 47.999
      vertex 7.76064 35.36 47.9913
    endloop
  endfacet
  facet normal 0 0 -1
    outer loop
      vertex 7.7502 35.36 47.999
      vertex 7.75021 35.06 47.999
      vertex 7.7502 9.36 47.999
    endloop
  endfacet
  facet normal -0.514103 0 -0.857729
    outer loop
      vertex 6.57598 9.36 48.7028
      vertex 7.7502 35.36 47.999
      vertex 7.7502 9.36 47.999
    endloop
  endfacet
  facet normal -0.514103 0 -0.857729
    outer loop
      vertex 7.7502 35.36 47.999
      vertex 6.57598 9.36 48.7028
      vertex 6.57598 35.36 48.7028
    endloop
  endfacet
  facet normal -0.740932 -1.36004e-06 -0.67158
    outer loop
      vertex 10.2676 22.86 45.819
      vertex 9.86414 34.86 46.2641
      vertex 10.7835 34.86 45.2498
    endloop
  endfacet
  facet normal -0.740914 0 -0.6716
    outer loop
      vertex 9.86414 22.86 46.2641
      vertex 9.86414 34.86 46.2641
      vertex 10.2676 22.86 45.819
    endloop
  endfacet
  facet normal -0.740946 0 -0.671564
    outer loop
      vertex 10.7835 9.36 45.2498
      vertex 10.2676 22.86 45.819
      vertex 10.7835 34.86 45.2498
    endloop
  endfacet
  facet normal -0.740946 -0 -0.671564
    outer loop
      vertex 10.2676 22.86 45.819
      vertex 10.7835 9.36 45.2498
      vertex 10.2676 9.36 45.819
    endloop
  endfacet
  facet normal -0.803188 0 -0.595725
    outer loop
      vertex 11.1097 9.36 44.81
      vertex 10.7835 34.86 45.2498
      vertex 11.1097 34.86 44.81
    endloop
  endfacet
  facet normal -0.803188 -0 -0.595725
    outer loop
      vertex 10.7835 34.86 45.2498
      vertex 11.1097 9.36 44.81
      vertex 10.7835 9.36 45.2498
    endloop
  endfacet
  facet normal 0.671618 0 -0.740898
    outer loop
      vertex -9.86414 22.86 46.2641
      vertex -9.4584 34.86 46.6319
      vertex -9.4584 22.86 46.6319
    endloop
  endfacet
  facet normal 0.671618 0 -0.740898
    outer loop
      vertex -9.4584 34.86 46.6319
      vertex -9.86414 22.86 46.2641
      vertex -9.86414 34.86 46.2641
    endloop
  endfacet
  facet normal 0 0 -1
    outer loop
      vertex -7.7502 9.36 47.999
      vertex -7.75021 34.86 47.999
      vertex -7.7502 35.36 47.999
    endloop
  endfacet
  facet normal 0.59569 2.33604e-07 -0.803214
    outer loop
      vertex -8.19004 9.36 47.6728
      vertex -7.75021 34.86 47.999
      vertex -7.7502 9.36 47.999
    endloop
  endfacet
  facet normal 0.595699 0 -0.803208
    outer loop
      vertex -7.75021 34.86 47.999
      vertex -8.19004 9.36 47.6728
      vertex -8.19004 34.86 47.6728
    endloop
  endfacet
  facet normal 0 0 -1
    outer loop
      vertex -7.75021 35.06 47.999
      vertex -7.7502 35.36 47.999
      vertex -7.75021 34.86 47.999
    endloop
  endfacet
  facet normal 0.59669 -1.98897e-05 -0.802472
    outer loop
      vertex -7.7502 35.36 47.999
      vertex -7.75021 35.06 47.999
      vertex -7.76069 35.36 47.9912
    endloop
  endfacet
  facet normal 0.514103 0 -0.857729
    outer loop
      vertex -7.7502 9.36 47.999
      vertex -6.57598 35.36 48.7028
      vertex -6.57598 9.36 48.7028
    endloop
  endfacet
  facet normal 0.514103 0 -0.857729
    outer loop
      vertex -6.57598 35.36 48.7028
      vertex -7.7502 9.36 47.999
      vertex -7.7502 35.36 47.999
    endloop
  endfacet
  facet normal 0.146679 0 -0.989184
    outer loop
      vertex -2.72151 9.36 50.082
      vertex -1.36734 35.36 50.2828
      vertex -1.36734 9.36 50.2828
    endloop
  endfacet
  facet normal 0.146679 0 -0.989184
    outer loop
      vertex -1.36734 35.36 50.2828
      vertex -2.72151 9.36 50.082
      vertex -2.72151 35.36 50.082
    endloop
  endfacet
  facet normal 0.904002 0 -0.427529
    outer loop
      vertex -12.3028 9.36 42.976
      vertex -12.5369 34.86 42.481
      vertex -12.3028 34.86 42.976
    endloop
  endfacet
  facet normal 0.904002 0 -0.427529
    outer loop
      vertex -12.5369 34.86 42.481
      vertex -12.3028 9.36 42.976
      vertex -12.5369 9.36 42.481
    endloop
  endfacet
  facet normal 0.941535 0 -0.336915
    outer loop
      vertex -13.1648 9.36 40.9651
      vertex -13.3493 34.86 40.4495
      vertex -13.1648 34.86 40.9651
    endloop
  endfacet
  facet normal 0.941535 0 -0.336915
    outer loop
      vertex -13.3493 34.86 40.4495
      vertex -13.1648 9.36 40.9651
      vertex -13.3493 9.36 40.4495
    endloop
  endfacet
  facet normal 0.998793 0 -0.0491269
    outer loop
      vertex -13.9231 9.36 36.9469
      vertex -13.95 34.86 36.4
      vertex -13.9231 34.86 36.9469
    endloop
  endfacet
  facet normal 0.998793 0 -0.0491269
    outer loop
      vertex -13.95 34.86 36.4
      vertex -13.9231 9.36 36.9469
      vertex -13.95 9.36 36.4
    endloop
  endfacet
  facet normal -0.146679 0 -0.989184
    outer loop
      vertex 1.36734 9.36 50.2828
      vertex 2.72151 35.36 50.082
      vertex 2.72151 9.36 50.082
    endloop
  endfacet
  facet normal -0.146679 0 -0.989184
    outer loop
      vertex 2.72151 35.36 50.082
      vertex 1.36734 9.36 50.2828
      vertex 1.36734 35.36 50.2828
    endloop
  endfacet
  facet normal -0.336921 0 -0.941533
    outer loop
      vertex 4.04947 9.36 49.7493
      vertex 4.56506 35.36 49.5648
      vertex 4.56506 9.36 49.5648
    endloop
  endfacet
  facet normal -0.336921 0 -0.941533
    outer loop
      vertex 4.56506 35.36 49.5648
      vertex 4.04947 9.36 49.7493
      vertex 4.04947 35.36 49.7493
    endloop
  endfacet
  facet normal -0.941535 0 -0.336915
    outer loop
      vertex 13.3493 9.36 40.4495
      vertex 13.1648 34.86 40.9651
      vertex 13.3493 34.86 40.4495
    endloop
  endfacet
  facet normal -0.941535 -0 -0.336915
    outer loop
      vertex 13.1648 34.86 40.9651
      vertex 13.3493 9.36 40.4495
      vertex 13.1648 9.36 40.9651
    endloop
  endfacet
  facet normal -0.904002 0 -0.427529
    outer loop
      vertex 12.5369 9.36 42.481
      vertex 12.3028 34.86 42.976
      vertex 12.5369 34.86 42.481
    endloop
  endfacet
  facet normal -0.904002 -0 -0.427529
    outer loop
      vertex 12.3028 34.86 42.976
      vertex 12.5369 9.36 42.481
      vertex 12.3028 9.36 42.976
    endloop
  endfacet
  facet normal -0.989191 0 -0.146635
    outer loop
      vertex 13.7623 9.36 38.5798
      vertex 13.682 34.86 39.1215
      vertex 13.7623 34.86 38.5798
    endloop
  endfacet
  facet normal -0.989191 -0 -0.146635
    outer loop
      vertex 13.682 34.86 39.1215
      vertex 13.7623 9.36 38.5798
      vertex 13.682 9.36 39.1215
    endloop
  endfacet
  facet normal 0.427515 0 -0.904008
    outer loop
      vertex -6.57598 9.36 48.7028
      vertex -6.08096 35.36 48.9369
      vertex -6.08096 9.36 48.9369
    endloop
  endfacet
  facet normal 0.427515 0 -0.904008
    outer loop
      vertex -6.08096 35.36 48.9369
      vertex -6.57598 9.36 48.7028
      vertex -6.57598 35.36 48.7028
    endloop
  endfacet
  facet normal 0.243024 0 -0.97002
    outer loop
      vertex -4.04947 9.36 49.7493
      vertex -2.72151 35.36 50.082
      vertex -2.72151 9.36 50.082
    endloop
  endfacet
  facet normal 0.243024 0 -0.97002
    outer loop
      vertex -2.72151 35.36 50.082
      vertex -4.04947 9.36 49.7493
      vertex -4.04947 35.36 49.7493
    endloop
  endfacet
  facet normal 0.857751 0 -0.514066
    outer loop
      vertex -12.0213 9.36 43.4457
      vertex -12.3028 34.86 42.976
      vertex -12.0213 34.86 43.4457
    endloop
  endfacet
  facet normal 0.857751 0 -0.514066
    outer loop
      vertex -12.3028 34.86 42.976
      vertex -12.0213 9.36 43.4457
      vertex -12.3028 9.36 42.976
    endloop
  endfacet
  facet normal 0.989191 0 -0.146635
    outer loop
      vertex -13.682 9.36 39.1215
      vertex -13.7623 34.86 38.5798
      vertex -13.682 34.86 39.1215
    endloop
  endfacet
  facet normal 0.989191 0 -0.146635
    outer loop
      vertex -13.7623 34.86 38.5798
      vertex -13.682 9.36 39.1215
      vertex -13.7623 9.36 38.5798
    endloop
  endfacet
  facet normal 0 0 -1
    outer loop
      vertex -15.8 10.86 34.9
      vertex -15.6763 14.06 34.9
      vertex -15.6763 10.86 34.9
    endloop
  endfacet
  facet normal 0 0 -1
    outer loop
      vertex -16.75 13.86 34.9
      vertex -15.6763 14.06 34.9
      vertex -15.8 10.86 34.9
    endloop
  endfacet
  facet normal -0 0 -1
    outer loop
      vertex -15.6763 14.06 34.9
      vertex -16.75 13.86 34.9
      vertex -16.75 14.06 34.9
    endloop
  endfacet
  facet normal 0 -1 0
    outer loop
      vertex -15.8 10.86 37.9
      vertex -15.75 10.86 36.4
      vertex -15.6763 10.86 37.9
    endloop
  endfacet
  facet normal 0 -1 0
    outer loop
      vertex -15.8 10.86 34.9
      vertex -15.75 10.86 36.4
      vertex -15.8 10.86 37.9
    endloop
  endfacet
  facet normal 0 -1 -0
    outer loop
      vertex -15.75 10.86 36.4
      vertex -15.8 10.86 34.9
      vertex -15.6763 10.86 34.9
    endloop
  endfacet
  facet normal -1 0 0
    outer loop
      vertex -16.75 13.86 34.9
      vertex -16.75 14.06 37.9
      vertex -16.75 14.06 34.9
    endloop
  endfacet
  facet normal -1 -0 0
    outer loop
      vertex -16.75 14.06 37.9
      vertex -16.75 13.86 34.9
      vertex -16.75 13.86 37.9
    endloop
  endfacet
  facet normal 0 0 1
    outer loop
      vertex -15.6763 14.06 37.9
      vertex -15.8 10.86 37.9
      vertex -15.6763 10.86 37.9
    endloop
  endfacet
  facet normal 0 0 1
    outer loop
      vertex -16.75 13.86 37.9
      vertex -15.6763 14.06 37.9
      vertex -16.75 14.06 37.9
    endloop
  endfacet
  facet normal 0 0 1
    outer loop
      vertex -15.6763 14.06 37.9
      vertex -16.75 13.86 37.9
      vertex -15.8 10.86 37.9
    endloop
  endfacet
  facet normal 0 1 -0
    outer loop
      vertex -15.75 14.06 36.4
      vertex -16.75 14.06 37.9
      vertex -15.6763 14.06 37.9
    endloop
  endfacet
  facet normal 0 1 0
    outer loop
      vertex -16.75 14.06 34.9
      vertex -15.75 14.06 36.4
      vertex -15.6763 14.06 34.9
    endloop
  endfacet
  facet normal 0 1 0
    outer loop
      vertex -15.75 14.06 36.4
      vertex -16.75 14.06 34.9
      vertex -16.75 14.06 37.9
    endloop
  endfacet
  facet normal -0.953342 -0.301892 0
    outer loop
      vertex -15.8 10.86 34.9
      vertex -16.75 13.86 37.9
      vertex -16.75 13.86 34.9
    endloop
  endfacet
  facet normal -0.953342 -0.301892 0
    outer loop
      vertex -16.75 13.86 37.9
      vertex -15.8 10.86 34.9
      vertex -15.8 10.86 37.9
    endloop
  endfacet
  facet normal 0 -0.301892 0.953342
    outer loop
      vertex -1.5 13.86 53.15
      vertex 1.5 10.86 52.2
      vertex 1.5 13.86 53.15
    endloop
  endfacet
  facet normal 0 -0.301892 0.953342
    outer loop
      vertex 1.5 10.86 52.2
      vertex -1.5 13.86 53.15
      vertex -1.5 10.86 52.2
    endloop
  endfacet
  facet normal 0 -1 0
    outer loop
      vertex -1.5 10.86 52.2
      vertex 0 10.86 52.15
      vertex 1.5 10.86 52.2
    endloop
  endfacet
  facet normal -0 -1 0
    outer loop
      vertex 0 10.86 52.15
      vertex -1.5 10.86 52.2
      vertex -1.5 10.86 52.0763
    endloop
  endfacet
  facet normal 0 -1 -0
    outer loop
      vertex 1.5 10.86 52.2
      vertex 0 10.86 52.15
      vertex 1.5 10.86 52.0763
    endloop
  endfacet
  facet normal -0 0 1
    outer loop
      vertex -1.5 14.06 53.15
      vertex 1.5 13.86 53.15
      vertex 1.5 14.06 53.15
    endloop
  endfacet
  facet normal 0 0 1
    outer loop
      vertex 1.5 13.86 53.15
      vertex -1.5 14.06 53.15
      vertex -1.5 13.86 53.15
    endloop
  endfacet
  facet normal -1 0 0
    outer loop
      vertex -1.5 14.06 52.0763
      vertex -1.5 13.86 53.15
      vertex -1.5 14.06 53.15
    endloop
  endfacet
  facet normal -1 0 0
    outer loop
      vertex -1.5 10.86 52.2
      vertex -1.5 14.06 52.0763
      vertex -1.5 10.86 52.0763
    endloop
  endfacet
  facet normal -1 0 0
    outer loop
      vertex -1.5 14.06 52.0763
      vertex -1.5 10.86 52.2
      vertex -1.5 13.86 53.15
    endloop
  endfacet
  facet normal 0 1 0
    outer loop
      vertex 1.5 14.06 53.15
      vertex 0 14.06 52.15
      vertex -1.5 14.06 53.15
    endloop
  endfacet
  facet normal -0 1 0
    outer loop
      vertex 0 14.06 52.15
      vertex 1.5 14.06 53.15
      vertex 1.5 14.06 52.0763
    endloop
  endfacet
  facet normal 0 1 0
    outer loop
      vertex -1.5 14.06 53.15
      vertex 0 14.06 52.15
      vertex -1.5 14.06 52.0763
    endloop
  endfacet
  facet normal 1 -0 0
    outer loop
      vertex 1.5 13.86 53.15
      vertex 1.5 14.06 52.0763
      vertex 1.5 14.06 53.15
    endloop
  endfacet
  facet normal 1 -0 0
    outer loop
      vertex 1.5 10.86 52.2
      vertex 1.5 14.06 52.0763
      vertex 1.5 13.86 53.15
    endloop
  endfacet
  facet normal 1 0 0
    outer loop
      vertex 1.5 14.06 52.0763
      vertex 1.5 10.86 52.2
      vertex 1.5 10.86 52.0763
    endloop
  endfacet
  facet normal 0.953342 -0.301892 0
    outer loop
      vertex 15.8 10.86 37.9
      vertex 16.75 13.86 34.9
      vertex 16.75 13.86 37.9
    endloop
  endfacet
  facet normal 0.953342 -0.301892 0
    outer loop
      vertex 16.75 13.86 34.9
      vertex 15.8 10.86 37.9
      vertex 15.8 10.86 34.9
    endloop
  endfacet
  facet normal 0 -1 0
    outer loop
      vertex 15.75 10.86 36.4
      vertex 15.8 10.86 37.9
      vertex 15.6763 10.86 37.9
    endloop
  endfacet
  facet normal 0 -1 0
    outer loop
      vertex 15.75 10.86 36.4
      vertex 15.8 10.86 34.9
      vertex 15.8 10.86 37.9
    endloop
  endfacet
  facet normal 0 -1 0
    outer loop
      vertex 15.8 10.86 34.9
      vertex 15.75 10.86 36.4
      vertex 15.6763 10.86 34.9
    endloop
  endfacet
  facet normal -0 0 1
    outer loop
      vertex 15.6763 14.06 37.9
      vertex 16.75 13.86 37.9
      vertex 16.75 14.06 37.9
    endloop
  endfacet
  facet normal 0 0 1
    outer loop
      vertex 16.75 13.86 37.9
      vertex 15.6763 14.06 37.9
      vertex 15.8 10.86 37.9
    endloop
  endfacet
  facet normal 0 0 1
    outer loop
      vertex 15.8 10.86 37.9
      vertex 15.6763 14.06 37.9
      vertex 15.6763 10.86 37.9
    endloop
  endfacet
  facet normal 0 1 0
    outer loop
      vertex 16.75 14.06 37.9
      vertex 15.75 14.06 36.4
      vertex 15.6763 14.06 37.9
    endloop
  endfacet
  facet normal 0 1 -0
    outer loop
      vertex 16.75 14.06 34.9
      vertex 15.75 14.06 36.4
      vertex 16.75 14.06 37.9
    endloop
  endfacet
  facet normal 0 1 0
    outer loop
      vertex 15.75 14.06 36.4
      vertex 16.75 14.06 34.9
      vertex 15.6763 14.06 34.9
    endloop
  endfacet
  facet normal 1 -0 0
    outer loop
      vertex 16.75 13.86 37.9
      vertex 16.75 14.06 34.9
      vertex 16.75 14.06 37.9
    endloop
  endfacet
  facet normal 1 0 0
    outer loop
      vertex 16.75 14.06 34.9
      vertex 16.75 13.86 37.9
      vertex 16.75 13.86 34.9
    endloop
  endfacet
  facet normal 0 0 -1
    outer loop
      vertex 15.6763 14.06 34.9
      vertex 16.75 13.86 34.9
      vertex 15.8 10.86 34.9
    endloop
  endfacet
  facet normal 0 0 -1
    outer loop
      vertex 15.6763 14.06 34.9
      vertex 15.8 10.86 34.9
      vertex 15.6763 10.86 34.9
    endloop
  endfacet
  facet normal 0 0 -1
    outer loop
      vertex 16.75 13.86 34.9
      vertex 15.6763 14.06 34.9
      vertex 16.75 14.06 34.9
    endloop
  endfacet
  facet normal 0 -0.301892 -0.953342
    outer loop
      vertex -1.5 10.86 20.6
      vertex 1.5 13.86 19.65
      vertex 1.5 10.86 20.6
    endloop
  endfacet
  facet normal -0 -0.301892 -0.953342
    outer loop
      vertex 1.5 13.86 19.65
      vertex -1.5 10.86 20.6
      vertex -1.5 13.86 19.65
    endloop
  endfacet
  facet normal 0 -1 0
    outer loop
      vertex -1.5 10.86 20.7237
      vertex -1.5 10.86 20.6
      vertex 0 10.86 20.65
    endloop
  endfacet
  facet normal 0 -1 0
    outer loop
      vertex 0 10.86 20.65
      vertex 1.5 10.86 20.6
      vertex 1.5 10.86 20.7237
    endloop
  endfacet
  facet normal 0 -1 0
    outer loop
      vertex 1.5 10.86 20.6
      vertex 0 10.86 20.65
      vertex -1.5 10.86 20.6
    endloop
  endfacet
  facet normal -1 0 0
    outer loop
      vertex -1.5 13.86 19.65
      vertex -1.5 14.06 20.7237
      vertex -1.5 14.06 19.65
    endloop
  endfacet
  facet normal -1 0 0
    outer loop
      vertex -1.5 10.86 20.6
      vertex -1.5 14.06 20.7237
      vertex -1.5 13.86 19.65
    endloop
  endfacet
  facet normal -1 -0 0
    outer loop
      vertex -1.5 14.06 20.7237
      vertex -1.5 10.86 20.6
      vertex -1.5 10.86 20.7237
    endloop
  endfacet
  facet normal 1 0 0
    outer loop
      vertex 1.5 14.06 20.7237
      vertex 1.5 13.86 19.65
      vertex 1.5 14.06 19.65
    endloop
  endfacet
  facet normal 1 0 0
    outer loop
      vertex 1.5 10.86 20.6
      vertex 1.5 14.06 20.7237
      vertex 1.5 10.86 20.7237
    endloop
  endfacet
  facet normal 1 0 0
    outer loop
      vertex 1.5 14.06 20.7237
      vertex 1.5 10.86 20.6
      vertex 1.5 13.86 19.65
    endloop
  endfacet
  facet normal 0 1 0
    outer loop
      vertex 1.5 14.06 20.7237
      vertex 1.5 14.06 19.65
      vertex 0 14.06 20.65
    endloop
  endfacet
  facet normal 0 1 0
    outer loop
      vertex -1.5 14.06 19.65
      vertex 0 14.06 20.65
      vertex 1.5 14.06 19.65
    endloop
  endfacet
  facet normal 0 1 0
    outer loop
      vertex 0 14.06 20.65
      vertex -1.5 14.06 19.65
      vertex -1.5 14.06 20.7237
    endloop
  endfacet
  facet normal 0 0 -1
    outer loop
      vertex -1.5 13.86 19.65
      vertex 1.5 14.06 19.65
      vertex 1.5 13.86 19.65
    endloop
  endfacet
  facet normal -0 0 -1
    outer loop
      vertex 1.5 14.06 19.65
      vertex -1.5 13.86 19.65
      vertex -1.5 14.06 19.65
    endloop
  endfacet
  facet normal -0.990617 0 -0.136669
    outer loop
      vertex -27.1282 53.36 28.8549
      vertex -27.1725 100.027 29.176
      vertex -27.1282 100.027 28.8549
    endloop
  endfacet
  facet normal -0.990617 -0 -0.136669
    outer loop
      vertex -27.1725 100.027 29.176
      vertex -27.1282 53.36 28.8549
      vertex -27.1725 53.36 29.176
    endloop
  endfacet
  facet normal 0.243006 0 0.970025
    outer loop
      vertex 3.07267 35.56 51.8474
      vertex 4.57198 35.36 51.4718
      vertex 4.57198 35.56 51.4718
    endloop
  endfacet
  facet normal 0.243006 0 0.970025
    outer loop
      vertex 4.57198 35.36 51.4718
      vertex 3.07267 35.56 51.8474
      vertex 3.07267 35.36 51.8474
    endloop
  endfacet
  facet normal -0.913021 0 0.407913
    outer loop
      vertex -25.5762 53.36 38.5151
      vertex -25.444 100.027 38.811
      vertex -25.5762 100.027 38.5151
    endloop
  endfacet
  facet normal -0.913021 0 0.407913
    outer loop
      vertex -25.444 100.027 38.811
      vertex -25.5762 53.36 38.5151
      vertex -25.444 53.36 38.811
    endloop
  endfacet
  facet normal -0.975056 0 0.221961
    outer loop
      vertex -25.7407 53.36 37.9349
      vertex -25.6786 100.027 38.2077
      vertex -25.7407 100.027 37.9349
    endloop
  endfacet
  facet normal -0.975056 0 0.221961
    outer loop
      vertex -25.6786 100.027 38.2077
      vertex -25.7407 53.36 37.9349
      vertex -25.6786 53.36 38.2077
    endloop
  endfacet
  facet normal -0.863514 -0.480792 0.152258
    outer loop
      vertex -25.7407 53.36 37.9349
      vertex -27.1381 53.36 30.0097
      vertex -15.4474 35.36 39.4727
    endloop
  endfacet
  facet normal 0.0261817 0.26101 -0.964981
    outer loop
      vertex 24.135 53.56 26.1735
      vertex 0 35.56 20.65
      vertex 23.8254 53.56 26.1651
    endloop
  endfacet
  facet normal -0.687366 -0.517379 -0.509753
    outer loop
      vertex -13.0956 35.36 27.6498
      vertex -26.4569 53.36 27.3973
      vertex -12.1749 35.36 26.4083
    endloop
  endfacet
  facet normal -0.74979 -0.55863 -0.35461
    outer loop
      vertex -14.5511 35.36 30.3727
      vertex -26.8111 53.36 27.9393
      vertex -13.8903 35.36 28.9755
    endloop
  endfacet
  facet normal 0.148717 0.265098 0.952684
    outer loop
      vertex 5.59557 53.56 46.4448
      vertex 3.07267 35.56 51.8474
      vertex 8.20923 53.56 46.0368
    endloop
  endfacet
  facet normal -0.514145 0 0.857703
    outer loop
      vertex -8.75023 35.56 49.4956
      vertex -7.4245 35.36 50.2903
      vertex -7.4245 35.56 50.2903
    endloop
  endfacet
  facet normal -0.514145 0 0.857703
    outer loop
      vertex -7.4245 35.36 50.2903
      vertex -8.75023 35.56 49.4956
      vertex -8.75023 35.36 49.4956
    endloop
  endfacet
  facet normal -0.844995 -0.4547 0.281482
    outer loop
      vertex -25.5762 53.36 38.5151
      vertex -25.6786 53.36 38.2077
      vertex -15.0718 35.36 40.972
    endloop
  endfacet
  facet normal 0 -1 0
    outer loop
      vertex 7.76063 35.36 47.9913
      vertex 7.76064 35.36 47.9913
      vertex 7.7502 35.36 47.999
    endloop
  endfacet
  facet normal 0 1 0
    outer loop
      vertex 2.83646 53.56 27.1853
      vertex -2.83646 53.56 27.1853
      vertex 0 53.56 27.2
    endloop
  endfacet
  facet normal 0 1 0
    outer loop
      vertex 5.67451 53.56 27.1411
      vertex -2.83646 53.56 27.1853
      vertex 2.83646 53.56 27.1853
    endloop
  endfacet
  facet normal 0 1 0
    outer loop
      vertex 5.67451 53.56 27.1411
      vertex -5.67451 53.56 27.1411
      vertex -2.83646 53.56 27.1853
    endloop
  endfacet
  facet normal 0 1 0
    outer loop
      vertex 8.51094 53.56 27.0675
      vertex -5.67451 53.56 27.1411
      vertex 5.67451 53.56 27.1411
    endloop
  endfacet
  facet normal 0 1 0
    outer loop
      vertex 8.51094 53.56 27.0675
      vertex -8.51094 53.56 27.0675
      vertex -5.67451 53.56 27.1411
    endloop
  endfacet
  facet normal 0 1 0
    outer loop
      vertex 11.3478 53.56 26.9645
      vertex -8.51094 53.56 27.0675
      vertex 8.51094 53.56 27.0675
    endloop
  endfacet
  facet normal 0 1 0
    outer loop
      vertex 11.3478 53.56 26.9645
      vertex -11.3478 53.56 26.9645
      vertex -8.51094 53.56 27.0675
    endloop
  endfacet
  facet normal 0 1 0
    outer loop
      vertex 14.1846 53.56 26.832
      vertex -11.3478 53.56 26.9645
      vertex 11.3478 53.56 26.9645
    endloop
  endfacet
  facet normal 0 1 0
    outer loop
      vertex 14.1846 53.56 26.832
      vertex -14.1846 53.56 26.832
      vertex -11.3478 53.56 26.9645
    endloop
  endfacet
  facet normal 0 1 0
    outer loop
      vertex 17.0215 53.56 26.6701
      vertex -14.1846 53.56 26.832
      vertex 14.1846 53.56 26.832
    endloop
  endfacet
  facet normal 0 1 0
    outer loop
      vertex 17.0215 53.56 26.6701
      vertex -17.0215 53.56 26.6701
      vertex -14.1846 53.56 26.832
    endloop
  endfacet
  facet normal 0 1 0
    outer loop
      vertex 19.8575 53.56 26.4789
      vertex -17.0215 53.56 26.6701
      vertex 17.0215 53.56 26.6701
    endloop
  endfacet
  facet normal 0 1 0
    outer loop
      vertex 19.8575 53.56 26.4789
      vertex -19.8575 53.56 26.4789
      vertex -17.0215 53.56 26.6701
    endloop
  endfacet
  facet normal 0 1 0
    outer loop
      vertex 22.6953 53.56 26.258
      vertex -19.8575 53.56 26.4789
      vertex 19.8575 53.56 26.4789
    endloop
  endfacet
  facet normal 0 1 0
    outer loop
      vertex 22.6953 53.56 26.258
      vertex -22.6953 53.56 26.258
      vertex -19.8575 53.56 26.4789
    endloop
  endfacet
  facet normal 0 1 0
    outer loop
      vertex 23.6228 53.56 26.1762
      vertex -22.6953 53.56 26.258
      vertex 22.6953 53.56 26.258
    endloop
  endfacet
  facet normal 0 1 0
    outer loop
      vertex 23.6228 53.56 26.1762
      vertex -23.6372 53.56 26.1749
      vertex -22.6953 53.56 26.258
    endloop
  endfacet
  facet normal 0 1 0
    outer loop
      vertex 23.8254 53.56 26.1651
      vertex -23.6372 53.56 26.1749
      vertex 23.6228 53.56 26.1762
    endloop
  endfacet
  facet normal 0 1 0
    outer loop
      vertex -23.6372 53.56 26.1749
      vertex 23.8254 53.56 26.1651
      vertex -23.9168 53.56 26.1641
    endloop
  endfacet
  facet normal -0.0476786 0.234116 -0.971039
    outer loop
      vertex -1.54377 35.56 20.7258
      vertex -23.9168 53.56 26.1641
      vertex 0 35.56 20.65
    endloop
  endfacet
  facet normal -0.691197 -0.52011 -0.50173
    outer loop
      vertex -13.0956 35.36 27.6498
      vertex -26.6473 53.36 27.6596
      vertex -26.4569 53.36 27.3973
    endloop
  endfacet
  facet normal 0.841013 -0.449611 0.300911
    outer loop
      vertex 15.0718 35.36 40.972
      vertex 25.6594 53.36 38.2758
      vertex 14.5511 35.36 42.4273
    endloop
  endfacet
  facet normal -0.236361 0.232254 0.9435
    outer loop
      vertex -3.07267 35.56 51.8474
      vertex -11.1032 53.56 45.4047
      vertex -4.57198 35.56 51.4718
    endloop
  endfacet
  facet normal -0.85845 -0.47421 0.195417
    outer loop
      vertex -25.6786 53.36 38.2077
      vertex -25.7407 53.36 37.9349
      vertex -15.4474 35.36 39.4727
    endloop
  endfacet
  facet normal -0.855561 -0.471236 0.214366
    outer loop
      vertex -15.222 35.36 40.3723
      vertex -25.6786 53.36 38.2077
      vertex -15.4474 35.36 39.4727
    endloop
  endfacet
  facet normal -0.855572 -0.471252 0.214285
    outer loop
      vertex -25.6786 53.36 38.2077
      vertex -15.222 35.36 40.3723
      vertex -15.0718 35.36 40.972
    endloop
  endfacet
  facet normal -0.990018 0 0.140938
    outer loop
      vertex -27.1667 53.36 29.8088
      vertex -27.1381 100.027 30.0097
      vertex -27.1667 100.027 29.8088
    endloop
  endfacet
  facet normal -0.990018 0 0.140938
    outer loop
      vertex -27.1381 100.027 30.0097
      vertex -27.1667 53.36 29.8088
      vertex -27.1381 53.36 30.0097
    endloop
  endfacet
  facet normal -0.837921 -0.544817 -0.0326059
    outer loop
      vertex -15.75 35.36 36.4
      vertex -27.1851 53.36 29.4998
      vertex -27.1725 53.36 29.176
    endloop
  endfacet
  facet normal -0.747682 0 -0.664057
    outer loop
      vertex -26.2417 53.36 27.155
      vertex -26.4569 100.027 27.3973
      vertex -26.2417 100.027 27.155
    endloop
  endfacet
  facet normal -0.747682 -0 -0.664057
    outer loop
      vertex -26.4569 100.027 27.3973
      vertex -26.2417 53.36 27.155
      vertex -26.4569 53.36 27.3973
    endloop
  endfacet
  facet normal 2.0027e-05 0.292928 -0.956135
    outer loop
      vertex 0 35.56 20.65
      vertex -23.9168 53.56 26.1641
      vertex 23.8254 53.56 26.1651
    endloop
  endfacet
  facet normal 0.639663 -0.472917 -0.605954
    outer loop
      vertex 26.3894 53.36 27.316
      vertex 11.1369 35.36 25.2631
      vertex 26.1665 53.36 27.0807
    endloop
  endfacet
  facet normal -0.862916 0 -0.505347
    outer loop
      vertex -26.6473 53.36 27.6596
      vertex -26.8111 100.027 27.9393
      vertex -26.6473 100.027 27.6596
    endloop
  endfacet
  facet normal -0.862916 -0 -0.505347
    outer loop
      vertex -26.8111 100.027 27.9393
      vertex -26.6473 53.36 27.6596
      vertex -26.8111 53.36 27.9393
    endloop
  endfacet
  facet normal -0.6791 0 -0.734046
    outer loop
      vertex -26.2417 53.36 27.155
      vertex -26.0039 100.027 26.935
      vertex -26.0039 53.36 26.935
    endloop
  endfacet
  facet normal -0.6791 0 -0.734046
    outer loop
      vertex -26.0039 100.027 26.935
      vertex -26.2417 53.36 27.155
      vertex -26.2417 100.027 27.155
    endloop
  endfacet
  facet normal 0.0490415 0 0.998797
    outer loop
      vertex 0 35.56 52.15
      vertex 1.54377 35.36 52.0742
      vertex 1.54377 35.56 52.0742
    endloop
  endfacet
  facet normal 0.0490415 0 0.998797
    outer loop
      vertex 1.54377 35.36 52.0742
      vertex 0 35.56 52.15
      vertex 0 35.36 52.15
    endloop
  endfacet
  facet normal -0.826123 -0.425786 0.369089
    outer loop
      vertex -25.444 53.36 38.811
      vertex -25.5762 53.36 38.5151
      vertex -14.5511 35.36 42.4273
    endloop
  endfacet
  facet normal -0.948745 0 0.316043
    outer loop
      vertex -25.6786 53.36 38.2077
      vertex -25.5762 100.027 38.5151
      vertex -25.6786 100.027 38.2077
    endloop
  endfacet
  facet normal -0.948745 0 0.316043
    outer loop
      vertex -25.5762 100.027 38.5151
      vertex -25.6786 53.36 38.2077
      vertex -25.5762 53.36 38.5151
    endloop
  endfacet
  facet normal -0.972404 0 -0.233303
    outer loop
      vertex -27.0526 53.36 28.5398
      vertex -27.1282 100.027 28.8549
      vertex -27.0526 100.027 28.5398
    endloop
  endfacet
  facet normal -0.972404 -0 -0.233303
    outer loop
      vertex -27.1282 100.027 28.8549
      vertex -27.0526 53.36 28.5398
      vertex -27.1282 53.36 28.8549
    endloop
  endfacet
  facet normal -0.820718 -0.560001 -0.113229
    outer loop
      vertex -15.6742 35.36 34.8562
      vertex -27.1725 53.36 29.176
      vertex -27.1282 53.36 28.8549
    endloop
  endfacet
  facet normal -0.984808 0 0.173645
    outer loop
      vertex -27.1381 53.36 30.0097
      vertex -25.7407 100.027 37.9349
      vertex -27.1381 100.027 30.0097
    endloop
  endfacet
  facet normal -0.984808 0 0.173645
    outer loop
      vertex -25.7407 100.027 37.9349
      vertex -27.1381 53.36 30.0097
      vertex -25.7407 53.36 37.9349
    endloop
  endfacet
  facet normal -0.818596 -0.561386 -0.121432
    outer loop
      vertex -15.6742 35.36 34.8562
      vertex -27.1282 53.36 28.8549
      vertex -15.4474 35.36 33.3273
    endloop
  endfacet
  facet normal -0.999244 0 -0.0388835
    outer loop
      vertex -27.1725 53.36 29.176
      vertex -27.1851 100.027 29.4998
      vertex -27.1725 100.027 29.176
    endloop
  endfacet
  facet normal -0.999244 -0 -0.0388835
    outer loop
      vertex -27.1851 100.027 29.4998
      vertex -27.1725 53.36 29.176
      vertex -27.1851 53.36 29.4998
    endloop
  endfacet
  facet normal -0.861115 -0.492069 0.127865
    outer loop
      vertex -15.5834 35.36 38.5553
      vertex -27.1381 53.36 30.0097
      vertex -15.6742 35.36 37.9438
    endloop
  endfacet
  facet normal -0.861096 -0.492157 0.127653
    outer loop
      vertex -27.1381 53.36 30.0097
      vertex -15.5834 35.36 38.5553
      vertex -15.4474 35.36 39.4727
    endloop
  endfacet
  facet normal -0.860696 -0.494155 0.122528
    outer loop
      vertex -27.1381 53.36 30.0097
      vertex -27.1667 53.36 29.8088
      vertex -15.6742 35.36 37.9438
    endloop
  endfacet
  facet normal -0.25265 -0.0168901 -0.96741
    outer loop
      vertex -4.57198 35.36 21.3282
      vertex -24.8739 53.36 26.316
      vertex -24.5603 53.36 26.2341
    endloop
  endfacet
  facet normal -0.343722 -0.129049 -0.930162
    outer loop
      vertex -6.02726 35.36 21.8489
      vertex -25.1778 53.36 26.4283
      vertex -24.8739 53.36 26.316
    endloop
  endfacet
  facet normal -0.238688 0 -0.971096
    outer loop
      vertex -24.5603 53.36 26.2341
      vertex -3.07267 35.56 20.9526
      vertex -3.07267 35.36 20.9526
    endloop
  endfacet
  facet normal -0.238688 0 -0.971096
    outer loop
      vertex -3.07267 35.56 20.9526
      vertex -24.5603 53.36 26.2341
      vertex -24.5603 53.56 26.2341
    endloop
  endfacet
  facet normal -0.496412 -0.314289 -0.809196
    outer loop
      vertex -8.75023 35.36 23.3044
      vertex -25.7456 53.36 26.7393
      vertex -25.4693 53.36 26.5698
    endloop
  endfacet
  facet normal -0.417115 -0.219392 -0.881976
    outer loop
      vertex -7.4245 35.36 22.5097
      vertex -25.1778 53.36 26.4283
      vertex -6.02726 35.36 21.8489
    endloop
  endfacet
  facet normal -0.908401 0 -0.418099
    outer loop
      vertex -26.8111 53.36 27.9393
      vertex -26.9466 100.027 28.2337
      vertex -26.8111 100.027 27.9393
    endloop
  endfacet
  facet normal -0.908401 -0 -0.418099
    outer loop
      vertex -26.9466 100.027 28.2337
      vertex -26.8111 53.36 27.9393
      vertex -26.9466 53.36 28.2337
    endloop
  endfacet
  facet normal -0.334523 -0.118231 -0.934942
    outer loop
      vertex -6.02726 35.36 21.8489
      vertex -24.8739 53.36 26.316
      vertex -4.57198 35.36 21.3282
    endloop
  endfacet
  facet normal 0.474448 -0.287797 -0.831909
    outer loop
      vertex 25.6574 53.36 26.6811
      vertex 7.4245 35.36 22.5097
      vertex 25.3758 53.36 26.5205
    endloop
  endfacet
  facet normal 0.725977 0 -0.687719
    outer loop
      vertex 26.3894 53.36 27.316
      vertex 26.1665 100.027 27.0807
      vertex 26.3894 100.027 27.316
    endloop
  endfacet
  facet normal 0.725977 0 -0.687719
    outer loop
      vertex 26.1665 100.027 27.0807
      vertex 26.3894 53.36 27.316
      vertex 26.1665 53.36 27.0807
    endloop
  endfacet
  facet normal 0.538566 -0.363248 -0.760261
    outer loop
      vertex 25.9218 53.36 26.8684
      vertex 8.75023 35.36 23.3044
      vertex 25.6574 53.36 26.6811
    endloop
  endfacet
  facet normal 0.314763 -0.0930698 -0.944596
    outer loop
      vertex 25.0798 53.36 26.3884
      vertex 4.57198 35.36 21.3282
      vertex 24.7725 53.36 26.286
    endloop
  endfacet
  facet normal -0.720624 -0.542302 -0.431983
    outer loop
      vertex -13.8903 35.36 28.9755
      vertex -26.6473 53.36 27.6596
      vertex -13.0956 35.36 27.6498
    endloop
  endfacet
  facet normal -0.778227 -0.567218 -0.269494
    outer loop
      vertex -15.0718 35.36 31.828
      vertex -27.0526 53.36 28.5398
      vertex -26.9466 53.36 28.2337
    endloop
  endfacet
  facet normal -0.551322 -0.378691 -0.743396
    outer loop
      vertex -9.99169 35.36 24.2251
      vertex -25.7456 53.36 26.7393
      vertex -8.75023 35.36 23.3044
    endloop
  endfacet
  facet normal 0.999623 -0 0.0274588
    outer loop
      vertex 27.1756 53.36 29.718
      vertex 27.1845 100.027 29.394
      vertex 27.1756 100.027 29.718
    endloop
  endfacet
  facet normal 0.999623 0 0.0274588
    outer loop
      vertex 27.1845 100.027 29.394
      vertex 27.1756 53.36 29.718
      vertex 27.1845 53.36 29.394
    endloop
  endfacet
  facet normal 0.82029 -0.417485 0.390935
    outer loop
      vertex 25.4061 53.36 38.8836
      vertex 13.8903 35.36 43.8245
      vertex 25.5455 53.36 38.5911
    endloop
  endfacet
  facet normal 0.984809 -0 0.173642
    outer loop
      vertex 25.7388 53.36 37.9459
      vertex 27.1406 100.027 29.9956
      vertex 25.7388 100.027 37.9459
    endloop
  endfacet
  facet normal 0.984809 0 0.173642
    outer loop
      vertex 27.1406 100.027 29.9956
      vertex 25.7388 53.36 37.9459
      vertex 27.1406 53.36 29.9956
    endloop
  endfacet
  facet normal -0.345873 0.16959 0.922828
    outer loop
      vertex -16.4681 53.56 43.73
      vertex -16.5911 53.56 43.6839
      vertex -6.02726 35.56 50.9511
    endloop
  endfacet
  facet normal -0.0470483 0.282194 0.958203
    outer loop
      vertex 0 35.56 52.15
      vertex -2.68721 53.56 46.717
      vertex -1.54377 35.56 52.0742
    endloop
  endfacet
  facet normal 0.141436 0.266347 0.953444
    outer loop
      vertex 5.59557 53.56 46.4448
      vertex 1.54377 35.56 52.0742
      vertex 3.07267 35.56 51.8474
    endloop
  endfacet
  facet normal -0.517848 0 0.855473
    outer loop
      vertex -24.0943 53.36 40.2073
      vertex -8.75023 35.56 49.4956
      vertex -24.0943 53.56 40.2073
    endloop
  endfacet
  facet normal -0.517848 0 0.855473
    outer loop
      vertex -8.75023 35.56 49.4956
      vertex -24.0943 53.36 40.2073
      vertex -8.75023 35.36 49.4956
    endloop
  endfacet
  facet normal -0.79422 -0.377547 0.476101
    outer loop
      vertex -13.0956 35.36 45.1502
      vertex -25.2835 53.36 39.0926
      vertex -13.8903 35.36 43.8245
    endloop
  endfacet
  facet normal -0.759612 -0.32515 0.563265
    outer loop
      vertex -12.9186 35.36 45.3889
      vertex -25.0962 53.36 39.357
      vertex -13.0956 35.36 45.1502
    endloop
  endfacet
  facet normal -0.75965 -0.325202 0.563184
    outer loop
      vertex -12.7274 35.36 45.6468
      vertex -25.0962 53.36 39.357
      vertex -12.9186 35.36 45.3889
    endloop
  endfacet
  facet normal -0.759562 -0.325075 0.563375
    outer loop
      vertex -25.0962 53.36 39.357
      vertex -12.7274 35.36 45.6468
      vertex -12.1749 35.36 46.3917
    endloop
  endfacet
  facet normal -0.820907 -0.418781 0.388245
    outer loop
      vertex -25.444 53.36 38.811
      vertex -14.5511 35.36 42.4273
      vertex -13.8903 35.36 43.8245
    endloop
  endfacet
  facet normal -0.84097 -0.449701 0.300895
    outer loop
      vertex -25.5762 53.36 38.5151
      vertex -15.0718 35.36 40.972
      vertex -14.5511 35.36 42.4273
    endloop
  endfacet
  facet normal -0.998232 0 0.0594416
    outer loop
      vertex -27.1851 53.36 29.4998
      vertex -27.1667 100.027 29.8088
      vertex -27.1851 100.027 29.4998
    endloop
  endfacet
  facet normal -0.998232 0 0.0594416
    outer loop
      vertex -27.1667 100.027 29.8088
      vertex -27.1851 53.36 29.4998
      vertex -27.1667 53.36 29.8088
    endloop
  endfacet
  facet normal -0.836095 -0.547047 -0.0410519
    outer loop
      vertex -15.75 35.36 36.4
      vertex -27.1725 53.36 29.176
      vertex -15.6742 35.36 34.8562
    endloop
  endfacet
  facet normal -0.146736 0 -0.989176
    outer loop
      vertex -3.07267 35.36 20.9526
      vertex -1.54377 35.56 20.7258
      vertex -1.54377 35.36 20.7258
    endloop
  endfacet
  facet normal -0.146736 0 -0.989176
    outer loop
      vertex -1.54377 35.56 20.7258
      vertex -3.07267 35.36 20.9526
      vertex -3.07267 35.56 20.9526
    endloop
  endfacet
  facet normal -0.0490415 0 -0.998797
    outer loop
      vertex -1.54377 35.36 20.7258
      vertex 0 35.56 20.65
      vertex 0 35.36 20.65
    endloop
  endfacet
  facet normal -0.0490415 0 -0.998797
    outer loop
      vertex 0 35.56 20.65
      vertex -1.54377 35.36 20.7258
      vertex -1.54377 35.56 20.7258
    endloop
  endfacet
  facet normal 0.0476794 0.234049 -0.971055
    outer loop
      vertex 1.54377 35.56 20.7258
      vertex 0 35.56 20.65
      vertex 24.135 53.56 26.1735
    endloop
  endfacet
  facet normal -0.243002 -0.00546863 -0.97001
    outer loop
      vertex -4.57198 35.36 21.3282
      vertex -24.5603 53.36 26.2341
      vertex -3.07267 35.36 20.9526
    endloop
  endfacet
  facet normal -0.723998 -0.54411 -0.423993
    outer loop
      vertex -13.8903 35.36 28.9755
      vertex -26.8111 53.36 27.9393
      vertex -26.6473 53.36 27.6596
    endloop
  endfacet
  facet normal -0.798393 -0.567948 -0.200011
    outer loop
      vertex -15.4474 35.36 33.3273
      vertex -27.0526 53.36 28.5398
      vertex -15.0718 35.36 31.828
    endloop
  endfacet
  facet normal -0.489405 -0.306467 -0.816432
    outer loop
      vertex -8.75023 35.36 23.3044
      vertex -25.4693 53.36 26.5698
      vertex -7.4245 35.36 22.5097
    endloop
  endfacet
  facet normal -0.522909 0 -0.852388
    outer loop
      vertex -25.7456 53.36 26.7393
      vertex -25.4693 100.027 26.5698
      vertex -25.4693 53.36 26.5698
    endloop
  endfacet
  facet normal -0.522909 0 -0.852388
    outer loop
      vertex -25.4693 100.027 26.5698
      vertex -25.7456 53.36 26.7393
      vertex -25.7456 100.027 26.7393
    endloop
  endfacet
  facet normal -0.145777 0.114139 -0.982711
    outer loop
      vertex -3.07267 35.56 20.9526
      vertex -24.2403 53.56 26.1833
      vertex -1.54377 35.56 20.7258
    endloop
  endfacet
  facet normal 0.648877 -0.482756 -0.588137
    outer loop
      vertex 12.1749 35.36 26.4083
      vertex 11.1369 35.36 25.2631
      vertex 26.3894 53.36 27.316
    endloop
  endfacet
  facet normal 0.933988 0 -0.357304
    outer loop
      vertex 27.0214 53.36 28.4388
      vertex 26.9056 100.027 28.1361
      vertex 27.0214 100.027 28.4388
    endloop
  endfacet
  facet normal 0.933988 0 -0.357304
    outer loop
      vertex 26.9056 100.027 28.1361
      vertex 27.0214 53.36 28.4388
      vertex 26.9056 53.36 28.1361
    endloop
  endfacet
  facet normal 0.604035 -0.437062 -0.666423
    outer loop
      vertex 11.1369 35.36 25.2631
      vertex 9.99169 35.36 24.2251
      vertex 26.1665 53.36 27.0807
    endloop
  endfacet
  facet normal 0.495408 0 -0.86866
    outer loop
      vertex 25.3758 53.36 26.5205
      vertex 25.6574 100.027 26.6811
      vertex 25.6574 53.36 26.6811
    endloop
  endfacet
  facet normal 0.495408 0 -0.86866
    outer loop
      vertex 25.6574 100.027 26.6811
      vertex 25.3758 53.36 26.5205
      vertex 25.3758 100.027 26.5205
    endloop
  endfacet
  facet normal 0.33452 -0.118296 -0.934934
    outer loop
      vertex 6.02726 35.36 21.8489
      vertex 4.57198 35.36 21.3282
      vertex 25.0798 53.36 26.3884
    endloop
  endfacet
  facet normal 0.489395 -0.306527 -0.816415
    outer loop
      vertex 8.75023 35.36 23.3044
      vertex 7.4245 35.36 22.5097
      vertex 25.6574 53.36 26.6811
    endloop
  endfacet
  facet normal -0.809269 0 -0.587438
    outer loop
      vertex -26.4569 53.36 27.3973
      vertex -26.6473 100.027 27.6596
      vertex -26.4569 100.027 27.3973
    endloop
  endfacet
  facet normal -0.809269 -0 -0.587438
    outer loop
      vertex -26.6473 100.027 27.6596
      vertex -26.4569 53.36 27.3973
      vertex -26.6473 53.36 27.6596
    endloop
  endfacet
  facet normal -0.800743 -0.567364 -0.192117
    outer loop
      vertex -15.4474 35.36 33.3273
      vertex -27.1282 53.36 28.8549
      vertex -27.0526 53.36 28.5398
    endloop
  endfacet
  facet normal 0.863513 -0.480794 0.152255
    outer loop
      vertex 25.7388 53.36 37.9459
      vertex 15.4474 35.36 39.4727
      vertex 27.1406 53.36 29.9956
    endloop
  endfacet
  facet normal 0.855613 -0.471173 0.214296
    outer loop
      vertex 15.222 35.36 40.3723
      vertex 25.6594 53.36 38.2758
      vertex 15.0718 35.36 40.972
    endloop
  endfacet
  facet normal 0.855602 -0.471157 0.214376
    outer loop
      vertex 25.6594 53.36 38.2758
      vertex 15.222 35.36 40.3723
      vertex 15.4474 35.36 39.4727
    endloop
  endfacet
  facet normal 0.940514 -0 0.339754
    outer loop
      vertex 25.5455 53.36 38.5911
      vertex 25.6594 100.027 38.2758
      vertex 25.5455 100.027 38.5911
    endloop
  endfacet
  facet normal 0.940514 0 0.339754
    outer loop
      vertex 25.6594 100.027 38.2758
      vertex 25.5455 53.36 38.5911
      vertex 25.6594 53.36 38.2758
    endloop
  endfacet
  facet normal 0.336869 0 0.941551
    outer loop
      vertex 6.02726 35.56 50.9511
      vertex 5.1541 35.36 51.2635
      vertex 6.02726 35.36 50.9511
    endloop
  endfacet
  facet normal 0.336886 -8.06791e-05 0.941546
    outer loop
      vertex 4.57198 35.56 51.4718
      vertex 5.1541 35.36 51.2635
      vertex 6.02726 35.56 50.9511
    endloop
  endfacet
  facet normal 0.33691 0 0.941537
    outer loop
      vertex 5.1541 35.36 51.2635
      vertex 4.57198 35.56 51.4718
      vertex 4.57198 35.36 51.4718
    endloop
  endfacet
  facet normal 0.444616 0.0845159 0.891725
    outer loop
      vertex 21.9485 53.56 41.3426
      vertex 7.4245 35.56 50.2903
      vertex 22.0558 53.56 41.2891
    endloop
  endfacet
  facet normal 0.902724 -0 0.430221
    outer loop
      vertex 25.4061 53.36 38.8836
      vertex 25.5455 100.027 38.5911
      vertex 25.4061 100.027 38.8836
    endloop
  endfacet
  facet normal 0.902724 0 0.430221
    outer loop
      vertex 25.5455 100.027 38.5911
      vertex 25.4061 53.36 38.8836
      vertex 25.5455 53.36 38.5911
    endloop
  endfacet
  facet normal 0.759591 -0.32497 0.563397
    outer loop
      vertex 12.7274 35.36 45.6468
      vertex 25.2387 53.36 39.1611
      vertex 12.1749 35.36 46.3917
    endloop
  endfacet
  facet normal 0.759604 -0.324989 0.563368
    outer loop
      vertex 12.9186 35.36 45.389
      vertex 25.2387 53.36 39.1611
      vertex 12.7274 35.36 45.6468
    endloop
  endfacet
  facet normal 0.759722 -0.325159 0.563111
    outer loop
      vertex 25.2387 53.36 39.1611
      vertex 12.9186 35.36 45.389
      vertex 13.0956 35.36 45.1502
    endloop
  endfacet
  facet normal 0.856265 -0 0.516536
    outer loop
      vertex 25.2387 53.36 39.1611
      vertex 25.4061 100.027 38.8836
      vertex 25.2387 100.027 39.1611
    endloop
  endfacet
  facet normal 0.856265 0 0.516536
    outer loop
      vertex 25.4061 100.027 38.8836
      vertex 25.2387 53.36 39.1611
      vertex 25.4061 53.36 38.8836
    endloop
  endfacet
  facet normal 0.856898 -0.472433 0.206237
    outer loop
      vertex 25.6594 53.36 38.2758
      vertex 15.4474 35.36 39.4727
      vertex 25.7388 53.36 37.9459
    endloop
  endfacet
  facet normal 0.992145 -0 0.12509
    outer loop
      vertex 27.1406 53.36 29.9956
      vertex 27.1756 100.027 29.718
      vertex 27.1406 100.027 29.9956
    endloop
  endfacet
  facet normal 0.992145 0 0.12509
    outer loop
      vertex 27.1756 100.027 29.718
      vertex 27.1406 53.36 29.9956
      vertex 27.1756 53.36 29.718
    endloop
  endfacet
  facet normal -0.42522 0.103839 0.899114
    outer loop
      vertex -6.02726 35.56 50.9511
      vertex -21.9485 53.56 41.3426
      vertex -7.4245 35.56 50.2903
    endloop
  endfacet
  facet normal -0.331423 0.179356 0.926278
    outer loop
      vertex -4.57198 35.56 51.4718
      vertex -16.4681 53.56 43.73
      vertex -6.02726 35.56 50.9511
    endloop
  endfacet
  facet normal -0.146736 0 0.989176
    outer loop
      vertex -3.07267 35.56 51.8474
      vertex -1.54377 35.36 52.0742
      vertex -1.54377 35.56 52.0742
    endloop
  endfacet
  facet normal -0.146736 0 0.989176
    outer loop
      vertex -1.54377 35.36 52.0742
      vertex -3.07267 35.56 51.8474
      vertex -3.07267 35.36 51.8474
    endloop
  endfacet
  facet normal -0.0490415 0 0.998797
    outer loop
      vertex -1.54377 35.56 52.0742
      vertex 0 35.36 52.15
      vertex 0 35.56 52.15
    endloop
  endfacet
  facet normal -0.0490415 0 0.998797
    outer loop
      vertex 0 35.36 52.15
      vertex -1.54377 35.56 52.0742
      vertex -1.54377 35.36 52.0742
    endloop
  endfacet
  facet normal 0.0895434 0.278654 0.956208
    outer loop
      vertex 2.83611 53.56 46.7077
      vertex 1.54377 35.56 52.0742
      vertex 5.44919 53.56 46.463
    endloop
  endfacet
  facet normal -0.850506 -0.524304 0.0417595
    outer loop
      vertex -15.6742 35.36 37.9438
      vertex -27.1851 53.36 29.4998
      vertex -15.75 35.36 36.4
    endloop
  endfacet
  facet normal -0.852013 -0.521057 0.0507347
    outer loop
      vertex -27.1667 53.36 29.8088
      vertex -27.1851 53.36 29.4998
      vertex -15.6742 35.36 37.9438
    endloop
  endfacet
  facet normal 0.0490415 0 -0.998797
    outer loop
      vertex 0 35.36 20.65
      vertex 1.54377 35.56 20.7258
      vertex 1.54377 35.36 20.7258
    endloop
  endfacet
  facet normal 0.0490415 0 -0.998797
    outer loop
      vertex 1.54377 35.56 20.7258
      vertex 0 35.36 20.65
      vertex 0 35.56 20.65
    endloop
  endfacet
  facet normal -0.346621 0 -0.938005
    outer loop
      vertex -25.1778 53.36 26.4283
      vertex -24.8739 100.027 26.316
      vertex -24.8739 53.36 26.316
    endloop
  endfacet
  facet normal -0.346621 0 -0.938005
    outer loop
      vertex -24.8739 100.027 26.316
      vertex -25.1778 53.36 26.4283
      vertex -25.1778 100.027 26.4283
    endloop
  endfacet
  facet normal -0.252686 0 -0.967548
    outer loop
      vertex -24.8739 53.36 26.316
      vertex -24.5603 53.56 26.2341
      vertex -24.5603 53.36 26.2341
    endloop
  endfacet
  facet normal -0.252686 -0 -0.967548
    outer loop
      vertex -24.8739 100.027 26.316
      vertex -24.5603 53.56 26.2341
      vertex -24.8739 53.36 26.316
    endloop
  endfacet
  facet normal -0.252686 0 -0.967548
    outer loop
      vertex -24.5603 53.56 26.2341
      vertex -24.8739 100.027 26.316
      vertex -24.5603 100.027 26.2341
    endloop
  endfacet
  facet normal -0.60917 -0.441981 -0.658457
    outer loop
      vertex -11.1369 35.36 25.2631
      vertex -26.2417 53.36 27.155
      vertex -26.0039 53.36 26.935
    endloop
  endfacet
  facet normal -0.604051 -0.437011 -0.666441
    outer loop
      vertex -11.1369 35.36 25.2631
      vertex -26.0039 53.36 26.935
      vertex -9.99169 35.36 24.2251
    endloop
  endfacet
  facet normal -0.0577647 0.222255 -0.973276
    outer loop
      vertex -1.54377 35.56 20.7258
      vertex -24.2403 53.56 26.1833
      vertex -23.9168 53.56 26.1641
    endloop
  endfacet
  facet normal 0.720601 -0.542344 -0.431969
    outer loop
      vertex 13.8903 35.36 28.9755
      vertex 13.0956 35.36 27.6498
      vertex 26.7607 53.36 27.8463
    endloop
  endfacet
  facet normal 0.749765 -0.55867 -0.354598
    outer loop
      vertex 14.5511 35.36 30.3727
      vertex 13.8903 35.36 28.9755
      vertex 26.9056 53.36 28.1361
    endloop
  endfacet
  facet normal 0.846382 0 -0.532576
    outer loop
      vertex 26.7607 53.36 27.8463
      vertex 26.5881 100.027 27.572
      vertex 26.7607 100.027 27.8463
    endloop
  endfacet
  facet normal 0.846382 0 -0.532576
    outer loop
      vertex 26.5881 100.027 27.572
      vertex 26.7607 53.36 27.8463
      vertex 26.5881 53.36 27.572
    endloop
  endfacet
  facet normal 0.997477 0 -0.0709839
    outer loop
      vertex 27.1845 53.36 29.394
      vertex 27.1615 100.027 29.0708
      vertex 27.1845 100.027 29.394
    endloop
  endfacet
  facet normal 0.997477 0 -0.0709839
    outer loop
      vertex 27.1615 100.027 29.0708
      vertex 27.1845 53.36 29.394
      vertex 27.1615 53.36 29.0708
    endloop
  endfacet
  facet normal 0.243002 -0.0055365 -0.97001
    outer loop
      vertex 4.57198 35.36 21.3282
      vertex 3.07267 35.36 20.9526
      vertex 24.7725 53.36 26.286
    endloop
  endfacet
  facet normal 0.22181 0.0214469 -0.974854
    outer loop
      vertex 24.7725 53.56 26.286
      vertex 3.07267 35.56 20.9526
      vertex 24.4565 53.56 26.2141
    endloop
  endfacet
  facet normal 0.407541 0 -0.913187
    outer loop
      vertex 25.0798 53.36 26.3884
      vertex 25.3758 100.027 26.5205
      vertex 25.3758 53.36 26.5205
    endloop
  endfacet
  facet normal 0.407541 0 -0.913187
    outer loop
      vertex 25.3758 100.027 26.5205
      vertex 25.0798 53.36 26.3884
      vertex 25.0798 100.027 26.3884
    endloop
  endfacet
  facet normal 0.578052 0 -0.816
    outer loop
      vertex 25.6574 53.36 26.6811
      vertex 25.9218 100.027 26.8684
      vertex 25.9218 53.36 26.8684
    endloop
  endfacet
  facet normal 0.578052 0 -0.816
    outer loop
      vertex 25.9218 100.027 26.8684
      vertex 25.6574 53.36 26.6811
      vertex 25.6574 100.027 26.6811
    endloop
  endfacet
  facet normal 0.65533 0 -0.755343
    outer loop
      vertex 25.9218 53.36 26.8684
      vertex 26.1665 100.027 27.0807
      vertex 26.1665 53.36 27.0807
    endloop
  endfacet
  facet normal 0.65533 0 -0.755343
    outer loop
      vertex 26.1665 100.027 27.0807
      vertex 25.9218 53.36 26.8684
      vertex 25.9218 100.027 26.8684
    endloop
  endfacet
  facet normal 0.316135 0 -0.948714
    outer loop
      vertex 24.7725 53.56 26.286
      vertex 25.0798 53.36 26.3884
      vertex 24.7725 53.36 26.286
    endloop
  endfacet
  facet normal 0.316135 0 -0.948714
    outer loop
      vertex 25.0798 53.36 26.3884
      vertex 24.7725 53.56 26.286
      vertex 25.0798 100.027 26.3884
    endloop
  endfacet
  facet normal 0.316135 0 -0.948714
    outer loop
      vertex 25.0798 100.027 26.3884
      vertex 24.7725 53.56 26.286
      vertex 24.7725 100.027 26.286
    endloop
  endfacet
  facet normal -0.944946 0 -0.327227
    outer loop
      vertex -26.9466 53.36 28.2337
      vertex -27.0526 100.027 28.5398
      vertex -26.9466 100.027 28.2337
    endloop
  endfacet
  facet normal -0.944946 -0 -0.327227
    outer loop
      vertex -27.0526 100.027 28.5398
      vertex -26.9466 53.36 28.2337
      vertex -27.0526 53.36 28.5398
    endloop
  endfacet
  facet normal 0.850481 -0.524346 0.0417583
    outer loop
      vertex 27.1756 53.36 29.718
      vertex 15.6742 35.36 37.9438
      vertex 15.75 35.36 36.4
    endloop
  endfacet
  facet normal 0.514145 0 0.857703
    outer loop
      vertex 7.4245 35.56 50.2903
      vertex 8.75023 35.36 49.4956
      vertex 8.75023 35.56 49.4956
    endloop
  endfacet
  facet normal 0.514145 0 0.857703
    outer loop
      vertex 8.75023 35.36 49.4956
      vertex 7.4245 35.56 50.2903
      vertex 7.4245 35.36 50.2903
    endloop
  endfacet
  facet normal 0.427502 0 0.904014
    outer loop
      vertex 7.4245 35.56 50.2903
      vertex 6.8656 35.36 50.5546
      vertex 7.4245 35.36 50.2903
    endloop
  endfacet
  facet normal 0.427531 -9.89507e-05 0.904001
    outer loop
      vertex 6.02726 35.56 50.9511
      vertex 6.8656 35.36 50.5546
      vertex 7.4245 35.56 50.2903
    endloop
  endfacet
  facet normal 0.42755 0 0.903991
    outer loop
      vertex 6.8656 35.36 50.5546
      vertex 6.02726 35.56 50.9511
      vertex 6.02726 35.36 50.9511
    endloop
  endfacet
  facet normal 0.658269 -0.180582 0.730803
    outer loop
      vertex 24.5857 53.36 39.8772
      vertex 9.99169 35.36 48.5749
      vertex 24.8265 53.36 39.6603
    endloop
  endfacet
  facet normal 0.669272 0 0.743018
    outer loop
      vertex 24.5857 100.027 39.8772
      vertex 24.8265 53.36 39.6603
      vertex 24.8265 100.027 39.6603
    endloop
  endfacet
  facet normal 0.669272 0 0.743018
    outer loop
      vertex 24.8265 53.36 39.6603
      vertex 24.5857 100.027 39.8772
      vertex 24.5857 53.36 39.8772
    endloop
  endfacet
  facet normal 0.660187 -0.183366 0.728375
    outer loop
      vertex 24.8265 53.36 39.6603
      vertex 9.99169 35.36 48.5749
      vertex 11.1369 35.36 47.5369
    endloop
  endfacet
  facet normal 0.51414 0.00429172 0.857696
    outer loop
      vertex 24.3249 53.56 40.0694
      vertex 7.4245 35.56 50.2903
      vertex 8.75023 35.56 49.4956
    endloop
  endfacet
  facet normal 0.840529 -0.448684 0.303635
    outer loop
      vertex 25.5455 53.36 38.5911
      vertex 14.5511 35.36 42.4273
      vertex 25.6594 53.36 38.2758
    endloop
  endfacet
  facet normal 0.820947 -0.418687 0.388263
    outer loop
      vertex 14.5511 35.36 42.4273
      vertex 25.5455 53.36 38.5911
      vertex 13.8903 35.36 43.8245
    endloop
  endfacet
  facet normal 0.79343 -0.376007 0.478631
    outer loop
      vertex 25.2387 53.36 39.1611
      vertex 13.0956 35.36 45.1502
      vertex 25.4061 53.36 38.8836
    endloop
  endfacet
  facet normal 0.794256 -0.377446 0.476122
    outer loop
      vertex 25.4061 53.36 38.8836
      vertex 13.0956 35.36 45.1502
      vertex 13.8903 35.36 43.8245
    endloop
  endfacet
  facet normal 0.972237 -0 0.233997
    outer loop
      vertex 25.6594 53.36 38.2758
      vertex 25.7388 100.027 37.9459
      vertex 25.6594 100.027 38.2758
    endloop
  endfacet
  facet normal 0.972237 0 0.233997
    outer loop
      vertex 25.7388 100.027 37.9459
      vertex 25.6594 53.36 38.2758
      vertex 25.7388 53.36 37.9459
    endloop
  endfacet
  facet normal 0.801294 -0 0.598271
    outer loop
      vertex 25.0448 53.36 39.4208
      vertex 25.2387 100.027 39.1611
      vertex 25.0448 100.027 39.4208
    endloop
  endfacet
  facet normal 0.801294 0 0.598271
    outer loop
      vertex 25.2387 100.027 39.1611
      vertex 25.0448 53.36 39.4208
      vertex 25.2387 53.36 39.1611
    endloop
  endfacet
  facet normal 0.861087 -0.492172 0.127652
    outer loop
      vertex 15.5834 35.36 38.5553
      vertex 27.1406 53.36 29.9956
      vertex 15.4474 35.36 39.4727
    endloop
  endfacet
  facet normal 0.861107 -0.492084 0.127863
    outer loop
      vertex 15.6742 35.36 37.9438
      vertex 27.1406 53.36 29.9956
      vertex 15.5834 35.36 38.5553
    endloop
  endfacet
  facet normal 0.859434 -0.499631 0.108358
    outer loop
      vertex 27.1406 53.36 29.9956
      vertex 15.6742 35.36 37.9438
      vertex 27.1756 53.36 29.718
    endloop
  endfacet
  facet normal 0.832738 -0.550487 -0.0592604
    outer loop
      vertex 27.1845 53.36 29.394
      vertex 15.6742 35.36 34.8562
      vertex 27.1615 53.36 29.0708
    endloop
  endfacet
  facet normal -0.612949 0 0.790123
    outer loop
      vertex -24.6486 100.027 39.8246
      vertex -24.3837 53.36 40.0301
      vertex -24.3837 100.027 40.0301
    endloop
  endfacet
  facet normal -0.612949 0 0.790123
    outer loop
      vertex -24.3837 53.36 40.0301
      vertex -24.6486 100.027 39.8246
      vertex -24.6486 53.36 39.8246
    endloop
  endfacet
  facet normal -0.755475 0 0.655177
    outer loop
      vertex -25.0962 53.36 39.357
      vertex -24.8839 100.027 39.6018
      vertex -25.0962 100.027 39.357
    endloop
  endfacet
  facet normal -0.755475 0 0.655177
    outer loop
      vertex -24.8839 100.027 39.6018
      vertex -25.0962 53.36 39.357
      vertex -24.8839 53.36 39.6018
    endloop
  endfacet
  facet normal -0.687556 0 0.726131
    outer loop
      vertex -24.8839 100.027 39.6018
      vertex -24.6486 53.36 39.8246
      vertex -24.6486 100.027 39.8246
    endloop
  endfacet
  facet normal -0.687556 0 0.726131
    outer loop
      vertex -24.6486 53.36 39.8246
      vertex -24.8839 100.027 39.6018
      vertex -24.8839 53.36 39.6018
    endloop
  endfacet
  facet normal -0.42755 0 0.903991
    outer loop
      vertex -6.02726 35.56 50.9511
      vertex -6.8656 35.36 50.5546
      vertex -6.02726 35.36 50.9511
    endloop
  endfacet
  facet normal -0.427531 -9.89507e-05 0.904001
    outer loop
      vertex -7.4245 35.56 50.2903
      vertex -6.8656 35.36 50.5546
      vertex -6.02726 35.56 50.9511
    endloop
  endfacet
  facet normal -0.427502 0 0.904014
    outer loop
      vertex -6.8656 35.36 50.5546
      vertex -7.4245 35.56 50.2903
      vertex -7.4245 35.36 50.2903
    endloop
  endfacet
  facet normal -0.33691 0 0.941537
    outer loop
      vertex -4.57198 35.56 51.4718
      vertex -5.1541 35.36 51.2635
      vertex -4.57198 35.36 51.4718
    endloop
  endfacet
  facet normal -0.336886 -8.06791e-05 0.941546
    outer loop
      vertex -6.02726 35.56 50.9511
      vertex -5.1541 35.36 51.2635
      vertex -4.57198 35.56 51.4718
    endloop
  endfacet
  facet normal -0.336869 0 0.941551
    outer loop
      vertex -5.1541 35.36 51.2635
      vertex -6.02726 35.56 50.9511
      vertex -6.02726 35.36 50.9511
    endloop
  endfacet
  facet normal -0.42161 0.107697 0.900359
    outer loop
      vertex -19.3265 53.56 42.5704
      vertex -21.9485 53.56 41.3426
      vertex -6.02726 35.56 50.9511
    endloop
  endfacet
  facet normal -0.141436 0.266347 0.953444
    outer loop
      vertex -1.54377 35.56 52.0742
      vertex -5.59557 53.56 46.4448
      vertex -3.07267 35.56 51.8474
    endloop
  endfacet
  facet normal 0 0.284978 0.958534
    outer loop
      vertex 0.0748901 53.56 46.7985
      vertex -0.0748901 53.56 46.7985
      vertex 0 35.56 52.15
    endloop
  endfacet
  facet normal 0.146736 0 0.989176
    outer loop
      vertex 1.54377 35.56 52.0742
      vertex 3.07267 35.36 51.8474
      vertex 3.07267 35.56 51.8474
    endloop
  endfacet
  facet normal 0.146736 0 0.989176
    outer loop
      vertex 3.07267 35.36 51.8474
      vertex 1.54377 35.56 52.0742
      vertex 1.54377 35.36 52.0742
    endloop
  endfacet
  facet normal 0.238677 0 -0.971099
    outer loop
      vertex 3.07267 35.56 20.9526
      vertex 24.7725 53.36 26.286
      vertex 3.07267 35.36 20.9526
    endloop
  endfacet
  facet normal 0.238677 0 -0.971099
    outer loop
      vertex 24.7725 53.36 26.286
      vertex 3.07267 35.56 20.9526
      vertex 24.7725 53.56 26.286
    endloop
  endfacet
  facet normal -0.648897 -0.482707 -0.588155
    outer loop
      vertex -12.1749 35.36 26.4083
      vertex -26.2417 53.36 27.155
      vertex -11.1369 35.36 25.2631
    endloop
  endfacet
  facet normal -0.653258 -0.486445 -0.580194
    outer loop
      vertex -12.1749 35.36 26.4083
      vertex -26.4569 53.36 27.3973
      vertex -26.2417 53.36 27.155
    endloop
  endfacet
  facet normal -0.43669 0 -0.899612
    outer loop
      vertex -25.4693 53.36 26.5698
      vertex -25.1778 100.027 26.4283
      vertex -25.1778 53.36 26.4283
    endloop
  endfacet
  facet normal -0.43669 0 -0.899612
    outer loop
      vertex -25.1778 100.027 26.4283
      vertex -25.4693 53.36 26.5698
      vertex -25.4693 100.027 26.5698
    endloop
  endfacet
  facet normal -0.425123 -0.228638 -0.875783
    outer loop
      vertex -7.4245 35.36 22.5097
      vertex -25.4693 53.36 26.5698
      vertex -25.1778 53.36 26.4283
    endloop
  endfacet
  facet normal -0.155968 0.102086 -0.982473
    outer loop
      vertex -3.07267 35.56 20.9526
      vertex -24.5603 53.56 26.2341
      vertex -24.2403 53.56 26.1833
    endloop
  endfacet
  facet normal 0.687344 -0.517424 -0.509736
    outer loop
      vertex 13.0956 35.36 27.6498
      vertex 12.1749 35.36 26.4083
      vertex 26.5881 53.36 27.572
    endloop
  endfacet
  facet normal 0.679506 -0.510006 -0.527414
    outer loop
      vertex 26.5881 53.36 27.572
      vertex 12.1749 35.36 26.4083
      vertex 26.3894 53.36 27.316
    endloop
  endfacet
  facet normal 0.964471 0 -0.264188
    outer loop
      vertex 27.107 53.36 28.7513
      vertex 27.0214 100.027 28.4388
      vertex 27.107 100.027 28.7513
    endloop
  endfacet
  facet normal 0.964471 0 -0.264188
    outer loop
      vertex 27.0214 100.027 28.4388
      vertex 27.107 53.36 28.7513
      vertex 27.0214 53.36 28.4388
    endloop
  endfacet
  facet normal 0.985761 0 -0.16815
    outer loop
      vertex 27.1615 53.36 29.0708
      vertex 27.107 100.027 28.7513
      vertex 27.1615 100.027 29.0708
    endloop
  endfacet
  facet normal 0.985761 0 -0.16815
    outer loop
      vertex 27.107 100.027 28.7513
      vertex 27.1615 53.36 29.0708
      vertex 27.107 53.36 28.7513
    endloop
  endfacet
  facet normal 0.789967 0 -0.61315
    outer loop
      vertex 26.5881 53.36 27.572
      vertex 26.3894 100.027 27.316
      vertex 26.5881 100.027 27.572
    endloop
  endfacet
  facet normal 0.789967 0 -0.61315
    outer loop
      vertex 26.3894 100.027 27.316
      vertex 26.5881 53.36 27.572
      vertex 26.3894 53.36 27.316
    endloop
  endfacet
  facet normal 0.793828 -0.567939 -0.217445
    outer loop
      vertex 27.107 53.36 28.7513
      vertex 15.0718 35.36 31.828
      vertex 27.0214 53.36 28.4388
    endloop
  endfacet
  facet normal 0.81857 -0.561426 -0.121428
    outer loop
      vertex 15.6742 35.36 34.8562
      vertex 15.4474 35.36 33.3273
      vertex 27.1615 53.36 29.0708
    endloop
  endfacet
  facet normal 0.775515 -0.567084 -0.277476
    outer loop
      vertex 15.0718 35.36 31.828
      vertex 14.5511 35.36 30.3727
      vertex 27.0214 53.36 28.4388
    endloop
  endfacet
  facet normal 0.770382 -0.56538 -0.294715
    outer loop
      vertex 27.0214 53.36 28.4388
      vertex 14.5511 35.36 30.3727
      vertex 26.9056 53.36 28.1361
    endloop
  endfacet
  facet normal 0.417109 -0.219459 -0.881963
    outer loop
      vertex 7.4245 35.36 22.5097
      vertex 6.02726 35.36 21.8489
      vertex 25.3758 53.36 26.5205
    endloop
  endfacet
  facet normal 0.399544 -0.197125 -0.895269
    outer loop
      vertex 25.3758 53.36 26.5205
      vertex 6.02726 35.36 21.8489
      vertex 25.0798 53.36 26.3884
    endloop
  endfacet
  facet normal 0.593306 -0.424656 -0.683853
    outer loop
      vertex 26.1665 53.36 27.0807
      vertex 9.99169 35.36 24.2251
      vertex 25.9218 53.36 26.8684
    endloop
  endfacet
  facet normal 0.551309 -0.378746 -0.743377
    outer loop
      vertex 9.99169 35.36 24.2251
      vertex 8.75023 35.36 23.3044
      vertex 25.9218 53.36 26.8684
    endloop
  endfacet
  facet normal 0.145778 0.114071 -0.982719
    outer loop
      vertex 3.07267 35.56 20.9526
      vertex 1.54377 35.56 20.7258
      vertex 24.4565 53.56 26.2141
    endloop
  endfacet
  facet normal 0.124026 0.14158 -0.982127
    outer loop
      vertex 24.4565 53.56 26.2141
      vertex 1.54377 35.56 20.7258
      vertex 24.135 53.56 26.1735
    endloop
  endfacet
  facet normal -0.752842 -0.559612 -0.346502
    outer loop
      vertex -14.5511 35.36 30.3727
      vertex -26.9466 53.36 28.2337
      vertex -26.8111 53.36 27.9393
    endloop
  endfacet
  facet normal -0.775541 -0.567043 -0.277485
    outer loop
      vertex -15.0718 35.36 31.828
      vertex -26.9466 53.36 28.2337
      vertex -14.5511 35.36 30.3727
    endloop
  endfacet
  facet normal 0.236361 0.232254 0.9435
    outer loop
      vertex 11.1032 53.56 45.4047
      vertex 3.07267 35.56 51.8474
      vertex 4.57198 35.56 51.4718
    endloop
  endfacet
  facet normal 0.51778 0 0.855514
    outer loop
      vertex 8.75023 35.56 49.4956
      vertex 24.3249 53.36 40.0694
      vertex 24.3249 53.56 40.0694
    endloop
  endfacet
  facet normal 0.51778 0 0.855514
    outer loop
      vertex 24.3249 53.36 40.0694
      vertex 8.75023 35.56 49.4956
      vertex 8.75023 35.36 49.4956
    endloop
  endfacet
  facet normal 0.713992 -0.258236 0.650791
    outer loop
      vertex 24.8265 53.36 39.6603
      vertex 11.1369 35.36 47.5369
      vertex 25.0448 53.36 39.4208
    endloop
  endfacet
  facet normal 0.847936 -0.529586 0.0232921
    outer loop
      vertex 27.1756 53.36 29.718
      vertex 15.75 35.36 36.4
      vertex 27.1845 53.36 29.394
    endloop
  endfacet
  facet normal 0.836067 -0.547089 -0.0410506
    outer loop
      vertex 15.75 35.36 36.4
      vertex 15.6742 35.36 34.8562
      vertex 27.1845 53.36 29.394
    endloop
  endfacet
  facet normal -0.801088 -0.387024 0.456586
    outer loop
      vertex -25.2835 53.36 39.0926
      vertex -25.444 53.36 38.811
      vertex -13.8903 35.36 43.8245
    endloop
  endfacet
  facet normal -0.816 0 0.578052
    outer loop
      vertex -25.2835 53.36 39.0926
      vertex -25.0962 100.027 39.357
      vertex -25.2835 100.027 39.0926
    endloop
  endfacet
  facet normal -0.816 0 0.578052
    outer loop
      vertex -25.0962 100.027 39.357
      vertex -25.2835 53.36 39.0926
      vertex -25.0962 53.36 39.357
    endloop
  endfacet
  facet normal -0.768257 -0.337039 0.54423
    outer loop
      vertex -25.0962 53.36 39.357
      vertex -25.2835 53.36 39.0926
      vertex -13.0956 35.36 45.1502
    endloop
  endfacet
  facet normal -0.660172 -0.183485 0.728358
    outer loop
      vertex -9.99169 35.36 48.5749
      vertex -24.6486 53.36 39.8246
      vertex -11.1369 35.36 47.5369
    endloop
  endfacet
  facet normal -0.522189 0 0.85283
    outer loop
      vertex -24.3837 100.027 40.0301
      vertex -24.0943 53.56 40.2073
      vertex -24.0943 100.027 40.2073
    endloop
  endfacet
  facet normal -0.522189 0 0.85283
    outer loop
      vertex -24.3837 53.36 40.0301
      vertex -24.0943 53.56 40.2073
      vertex -24.3837 100.027 40.0301
    endloop
  endfacet
  facet normal -0.522189 0 0.85283
    outer loop
      vertex -24.0943 53.56 40.2073
      vertex -24.3837 53.36 40.0301
      vertex -24.0943 53.36 40.2073
    endloop
  endfacet
  facet normal -0.243006 0 0.970025
    outer loop
      vertex -4.57198 35.56 51.4718
      vertex -3.07267 35.36 51.8474
      vertex -3.07267 35.56 51.8474
    endloop
  endfacet
  facet normal -0.243006 0 0.970025
    outer loop
      vertex -3.07267 35.36 51.8474
      vertex -4.57198 35.56 51.4718
      vertex -4.57198 35.36 51.4718
    endloop
  endfacet
  facet normal -0.148717 0.265098 0.952684
    outer loop
      vertex -5.59557 53.56 46.4448
      vertex -8.20923 53.56 46.0368
      vertex -3.07267 35.56 51.8474
    endloop
  endfacet
  facet normal 0.118734 0.271932 0.954963
    outer loop
      vertex 5.44919 53.56 46.463
      vertex 1.54377 35.56 52.0742
      vertex 5.59557 53.56 46.4448
    endloop
  endfacet
  facet normal -0.0298924 0.284736 0.95814
    outer loop
      vertex -0.0748901 53.56 46.7985
      vertex -2.68721 53.56 46.717
      vertex 0 35.56 52.15
    endloop
  endfacet
  facet normal 0.146736 0 -0.989176
    outer loop
      vertex 1.54377 35.36 20.7258
      vertex 3.07267 35.56 20.9526
      vertex 3.07267 35.36 20.9526
    endloop
  endfacet
  facet normal 0.146736 0 -0.989176
    outer loop
      vertex 3.07267 35.56 20.9526
      vertex 1.54377 35.36 20.7258
      vertex 1.54377 35.56 20.7258
    endloop
  endfacet
  facet normal -0.603893 0 -0.797065
    outer loop
      vertex -26.0039 53.36 26.935
      vertex -25.7456 100.027 26.7393
      vertex -25.7456 53.36 26.7393
    endloop
  endfacet
  facet normal -0.603893 0 -0.797065
    outer loop
      vertex -25.7456 100.027 26.7393
      vertex -26.0039 53.36 26.935
      vertex -26.0039 100.027 26.935
    endloop
  endfacet
  facet normal -0.557333 -0.385039 -0.735612
    outer loop
      vertex -9.99169 35.36 24.2251
      vertex -26.0039 53.36 26.935
      vertex -25.7456 53.36 26.7393
    endloop
  endfacet
  facet normal 0.71394 -0.537099 -0.449238
    outer loop
      vertex 26.7607 53.36 27.8463
      vertex 13.0956 35.36 27.6498
      vertex 26.5881 53.36 27.572
    endloop
  endfacet
  facet normal 0.814667 -0.563033 -0.138965
    outer loop
      vertex 27.1615 53.36 29.0708
      vertex 15.4474 35.36 33.3273
      vertex 27.107 53.36 28.7513
    endloop
  endfacet
  facet normal 0.798364 -0.56799 -0.200004
    outer loop
      vertex 15.4474 35.36 33.3273
      vertex 15.0718 35.36 31.828
      vertex 27.107 53.36 28.7513
    endloop
  endfacet
  facet normal 0.42522 0.103839 0.899114
    outer loop
      vertex 21.9485 53.56 41.3426
      vertex 6.02726 35.56 50.9511
      vertex 7.4245 35.56 50.2903
    endloop
  endfacet
  facet normal 0.31893 0.188699 0.928804
    outer loop
      vertex 13.8497 53.56 44.6291
      vertex 4.57198 35.56 51.4718
      vertex 16.4681 53.56 43.73
    endloop
  endfacet
  facet normal 0.206896 0.246372 0.946834
    outer loop
      vertex 8.35146 53.56 46.0102
      vertex 3.07267 35.56 51.8474
      vertex 10.9664 53.56 45.4388
    endloop
  endfacet
  facet normal 0.593262 -0 0.805009
    outer loop
      vertex 24.3249 53.56 40.0694
      vertex 24.5857 100.027 39.8772
      vertex 24.3249 100.027 40.0694
    endloop
  endfacet
  facet normal 0.593262 0 0.805009
    outer loop
      vertex 24.5857 100.027 39.8772
      vertex 24.3249 53.56 40.0694
      vertex 24.5857 53.36 39.8772
    endloop
  endfacet
  facet normal 0.593262 0 0.805009
    outer loop
      vertex 24.5857 53.36 39.8772
      vertex 24.3249 53.56 40.0694
      vertex 24.3249 53.36 40.0694
    endloop
  endfacet
  facet normal 0.715303 -0.260263 0.648541
    outer loop
      vertex 11.4021 35.36 47.2444
      vertex 25.0448 53.36 39.4208
      vertex 11.1369 35.36 47.5369
    endloop
  endfacet
  facet normal 0.715541 -0.26062 0.648135
    outer loop
      vertex 11.5521 35.36 47.0788
      vertex 25.0448 53.36 39.4208
      vertex 11.4021 35.36 47.2444
    endloop
  endfacet
  facet normal 0.71537 -0.260369 0.648424
    outer loop
      vertex 25.0448 53.36 39.4208
      vertex 11.5521 35.36 47.0788
      vertex 12.1749 35.36 46.3917
    endloop
  endfacet
  facet normal 0.758359 -0.322944 0.566214
    outer loop
      vertex 25.0448 53.36 39.4208
      vertex 12.1749 35.36 46.3917
      vertex 25.2387 53.36 39.1611
    endloop
  endfacet
  facet normal 0.73906 -0 0.67364
    outer loop
      vertex 24.8265 53.36 39.6603
      vertex 25.0448 100.027 39.4208
      vertex 24.8265 100.027 39.6603
    endloop
  endfacet
  facet normal 0.73906 0 0.67364
    outer loop
      vertex 25.0448 100.027 39.4208
      vertex 24.8265 53.36 39.6603
      vertex 25.0448 53.36 39.4208
    endloop
  endfacet
  facet normal 0.59078 -0.0913764 0.801641
    outer loop
      vertex 24.3249 53.36 40.0694
      vertex 8.75023 35.36 49.4956
      vertex 24.5857 53.36 39.8772
    endloop
  endfacet
  facet normal 0.593025 -0.0944275 0.799628
    outer loop
      vertex 24.5857 53.36 39.8772
      vertex 8.75023 35.36 49.4956
      vertex 9.99169 35.36 48.5749
    endloop
  endfacet
  facet normal -0.868793 0 0.495175
    outer loop
      vertex -25.444 53.36 38.811
      vertex -25.2835 100.027 39.0926
      vertex -25.444 100.027 38.811
    endloop
  endfacet
  facet normal -0.868793 0 0.495175
    outer loop
      vertex -25.2835 100.027 39.0926
      vertex -25.444 53.36 38.811
      vertex -25.2835 53.36 39.0926
    endloop
  endfacet
  facet normal -0.67355 -0.200819 0.711339
    outer loop
      vertex -24.6486 53.36 39.8246
      vertex -24.8839 53.36 39.6018
      vertex -11.1369 35.36 47.5369
    endloop
  endfacet
  facet normal -0.608935 -0.114254 0.784948
    outer loop
      vertex -24.3837 53.36 40.0301
      vertex -24.6486 53.36 39.8246
      vertex -9.99169 35.36 48.5749
    endloop
  endfacet
  facet normal -0.593018 -0.0945636 0.799617
    outer loop
      vertex -8.75023 35.36 49.4956
      vertex -24.3837 53.36 40.0301
      vertex -9.99169 35.36 48.5749
    endloop
  endfacet
  facet normal -0.51414 0.00430752 0.857696
    outer loop
      vertex -7.4245 35.56 50.2903
      vertex -24.0943 53.56 40.2073
      vertex -8.75023 35.56 49.4956
    endloop
  endfacet
  facet normal -0.467905 0.0605728 0.881701
    outer loop
      vertex -22.0558 53.56 41.2891
      vertex -24.0943 53.56 40.2073
      vertex -7.4245 35.56 50.2903
    endloop
  endfacet
  facet normal -0.444616 0.0845159 0.891725
    outer loop
      vertex -21.9485 53.56 41.3426
      vertex -22.0558 53.56 41.2891
      vertex -7.4245 35.56 50.2903
    endloop
  endfacet
  facet normal -0.396456 0.1302 0.908774
    outer loop
      vertex -19.2112 53.56 42.6207
      vertex -19.3265 53.56 42.5704
      vertex -6.02726 35.56 50.9511
    endloop
  endfacet
  facet normal -0.371659 0.15166 0.915898
    outer loop
      vertex -16.5911 53.56 43.6839
      vertex -19.2112 53.56 42.6207
      vertex -6.02726 35.56 50.9511
    endloop
  endfacet
  facet normal -0.263797 0.220774 0.938973
    outer loop
      vertex -11.1032 53.56 45.4047
      vertex -13.7194 53.56 44.6697
      vertex -4.57198 35.56 51.4718
    endloop
  endfacet
  facet normal -0.0895434 0.278654 0.956208
    outer loop
      vertex -2.83611 53.56 46.7077
      vertex -5.44919 53.56 46.463
      vertex -1.54377 35.56 52.0742
    endloop
  endfacet
  facet normal -0.206896 0.246372 0.946834
    outer loop
      vertex -8.35146 53.56 46.0102
      vertex -10.9664 53.56 45.4388
      vertex -3.07267 35.56 51.8474
    endloop
  endfacet
  facet normal 0.0470483 0.282194 0.958203
    outer loop
      vertex 2.68721 53.56 46.717
      vertex 0 35.56 52.15
      vertex 1.54377 35.56 52.0742
    endloop
  endfacet
  facet normal 0.0598203 0.281253 0.957767
    outer loop
      vertex 2.68721 53.56 46.717
      vertex 1.54377 35.56 52.0742
      vertex 2.83611 53.56 46.7077
    endloop
  endfacet
  facet normal 0.894427 0 -0.447214
    outer loop
      vertex 26.9056 53.36 28.1361
      vertex 26.7607 100.027 27.8463
      vertex 26.9056 100.027 28.1361
    endloop
  endfacet
  facet normal 0.894427 0 -0.447214
    outer loop
      vertex 26.7607 100.027 27.8463
      vertex 26.9056 53.36 28.1361
      vertex 26.7607 53.36 27.8463
    endloop
  endfacet
  facet normal 0.743891 -0.555232 -0.371946
    outer loop
      vertex 26.9056 53.36 28.1361
      vertex 13.8903 35.36 28.9755
      vertex 26.7607 53.36 27.8463
    endloop
  endfacet
  facet normal 0.331423 0.179356 0.926278
    outer loop
      vertex 16.4681 53.56 43.73
      vertex 4.57198 35.56 51.4718
      vertex 6.02726 35.56 50.9511
    endloop
  endfacet
  facet normal 0.235222 0.232815 0.943646
    outer loop
      vertex 10.9664 53.56 45.4388
      vertex 3.07267 35.56 51.8474
      vertex 11.1032 53.56 45.4047
    endloop
  endfacet
  facet normal 0.177707 0.256023 0.950196
    outer loop
      vertex 8.20923 53.56 46.0368
      vertex 3.07267 35.56 51.8474
      vertex 8.35146 53.56 46.0102
    endloop
  endfacet
  facet normal 0.467889 0.0605896 0.881708
    outer loop
      vertex 22.0558 53.56 41.2891
      vertex 7.4245 35.56 50.2903
      vertex 24.0844 53.56 40.2126
    endloop
  endfacet
  facet normal 0.511589 0.00753989 0.859197
    outer loop
      vertex 24.0844 53.56 40.2126
      vertex 7.4245 35.56 50.2903
      vertex 24.3249 53.56 40.0694
    endloop
  endfacet
  facet normal -0.726302 -0.275209 0.629877
    outer loop
      vertex -24.8839 53.36 39.6018
      vertex -25.0962 53.36 39.357
      vertex -12.1749 35.36 46.3917
    endloop
  endfacet
  facet normal -0.715346 -0.260486 0.648403
    outer loop
      vertex -11.5521 35.36 47.0788
      vertex -24.8839 53.36 39.6018
      vertex -12.1749 35.36 46.3917
    endloop
  endfacet
  facet normal -0.715502 -0.26071 0.648141
    outer loop
      vertex -11.402 35.36 47.2445
      vertex -24.8839 53.36 39.6018
      vertex -11.5521 35.36 47.0788
    endloop
  endfacet
  facet normal -0.715288 -0.260395 0.648505
    outer loop
      vertex -24.8839 53.36 39.6018
      vertex -11.402 35.36 47.2445
      vertex -11.1369 35.36 47.5369
    endloop
  endfacet
  facet normal -0.522182 -0.00506452 0.852819
    outer loop
      vertex -24.0943 53.36 40.2073
      vertex -24.3837 53.36 40.0301
      vertex -8.75023 35.36 49.4956
    endloop
  endfacet
  facet normal -0.31893 0.188699 0.928804
    outer loop
      vertex -13.8497 53.56 44.6291
      vertex -16.4681 53.56 43.73
      vertex -4.57198 35.56 51.4718
    endloop
  endfacet
  facet normal -0.291155 0.20515 0.934421
    outer loop
      vertex -13.7194 53.56 44.6697
      vertex -13.8497 53.56 44.6291
      vertex -4.57198 35.56 51.4718
    endloop
  endfacet
  facet normal -0.0598203 0.281253 0.957767
    outer loop
      vertex -2.68721 53.56 46.717
      vertex -2.83611 53.56 46.7077
      vertex -1.54377 35.56 52.0742
    endloop
  endfacet
  facet normal -0.118734 0.271932 0.954963
    outer loop
      vertex -5.44919 53.56 46.463
      vertex -5.59557 53.56 46.4448
      vertex -1.54377 35.56 52.0742
    endloop
  endfacet
  facet normal -0.177707 0.256023 0.950196
    outer loop
      vertex -8.20923 53.56 46.0368
      vertex -8.35146 53.56 46.0102
      vertex -3.07267 35.56 51.8474
    endloop
  endfacet
  facet normal -0.235222 0.232815 0.943646
    outer loop
      vertex -10.9664 53.56 45.4388
      vertex -11.1032 53.56 45.4047
      vertex -3.07267 35.56 51.8474
    endloop
  endfacet
  facet normal 0.0298924 0.284736 0.95814
    outer loop
      vertex 0.0748901 53.56 46.7985
      vertex 0 35.56 52.15
      vertex 2.68721 53.56 46.717
    endloop
  endfacet
  facet normal 0.396456 0.1302 0.908774
    outer loop
      vertex 19.2112 53.56 42.6207
      vertex 6.02726 35.56 50.9511
      vertex 19.3265 53.56 42.5704
    endloop
  endfacet
  facet normal 0.42161 0.107697 0.900359
    outer loop
      vertex 19.3265 53.56 42.5704
      vertex 6.02726 35.56 50.9511
      vertex 21.9485 53.56 41.3426
    endloop
  endfacet
  facet normal 0.371659 0.15166 0.915898
    outer loop
      vertex 16.5911 53.56 43.6839
      vertex 6.02726 35.56 50.9511
      vertex 19.2112 53.56 42.6207
    endloop
  endfacet
  facet normal 0.263797 0.220774 0.938973
    outer loop
      vertex 11.1032 53.56 45.4047
      vertex 4.57198 35.56 51.4718
      vertex 13.7194 53.56 44.6697
    endloop
  endfacet
  facet normal 0.291155 0.20515 0.934421
    outer loop
      vertex 13.7194 53.56 44.6697
      vertex 4.57198 35.56 51.4718
      vertex 13.8497 53.56 44.6291
    endloop
  endfacet
  facet normal 0.345873 0.16959 0.922828
    outer loop
      vertex 16.4681 53.56 43.73
      vertex 6.02726 35.56 50.9511
      vertex 16.5911 53.56 43.6839
    endloop
  endfacet
  facet normal 0 1 0
    outer loop
      vertex 2.85616 100.027 28.9852
      vertex 2.83646 100.027 27.1853
      vertex 0 100.027 27.2
    endloop
  endfacet
  facet normal 0 1 0
    outer loop
      vertex 23.8504 100.027 27.9664
      vertex 5.67451 100.027 27.1411
      vertex 2.83646 100.027 27.1853
    endloop
  endfacet
  facet normal 0 1 0
    outer loop
      vertex 24.4267 100.027 28.0681
      vertex 25.0798 100.027 26.3884
      vertex 24.2871 100.027 28.0215
    endloop
  endfacet
  facet normal 0 1 0
    outer loop
      vertex 23.8504 100.027 27.9664
      vertex 8.51094 100.027 27.0675
      vertex 5.67451 100.027 27.1411
    endloop
  endfacet
  facet normal 0 1 0
    outer loop
      vertex 23.8504 100.027 27.9664
      vertex 11.3478 100.027 26.9645
      vertex 8.51094 100.027 27.0675
    endloop
  endfacet
  facet normal 0 1 -0
    outer loop
      vertex 24.7725 100.027 26.286
      vertex 24.2871 100.027 28.0215
      vertex 25.0798 100.027 26.3884
    endloop
  endfacet
  facet normal 0 1 0
    outer loop
      vertex 23.8504 100.027 27.9664
      vertex 14.1846 100.027 26.832
      vertex 11.3478 100.027 26.9645
    endloop
  endfacet
  facet normal 0 1 0
    outer loop
      vertex 24.2871 100.027 28.0215
      vertex 24.7725 100.027 26.286
      vertex 24.1435 100.027 27.9889
    endloop
  endfacet
  facet normal 0 1 0
    outer loop
      vertex 23.8504 100.027 27.9664
      vertex 17.0215 100.027 26.6701
      vertex 14.1846 100.027 26.832
    endloop
  endfacet
  facet normal 0 1 -0
    outer loop
      vertex 24.4565 100.027 26.2141
      vertex 24.1435 100.027 27.9889
      vertex 24.7725 100.027 26.286
    endloop
  endfacet
  facet normal 0 1 0
    outer loop
      vertex 23.8504 100.027 27.9664
      vertex 19.8575 100.027 26.4789
      vertex 17.0215 100.027 26.6701
    endloop
  endfacet
  facet normal 0 1 0
    outer loop
      vertex 24.1435 100.027 27.9889
      vertex 24.4565 100.027 26.2141
      vertex 23.9975 100.027 27.9704
    endloop
  endfacet
  facet normal 0 1 -0
    outer loop
      vertex 24.135 100.027 26.1735
      vertex 23.9975 100.027 27.9704
      vertex 24.4565 100.027 26.2141
    endloop
  endfacet
  facet normal 0 1 0
    outer loop
      vertex 23.8504 100.027 27.9664
      vertex 22.6953 100.027 26.258
      vertex 19.8575 100.027 26.4789
    endloop
  endfacet
  facet normal 0 1 0
    outer loop
      vertex 23.9975 100.027 27.9704
      vertex 24.135 100.027 26.1735
      vertex 23.8504 100.027 27.9664
    endloop
  endfacet
  facet normal 0 1 0
    outer loop
      vertex 23.8504 100.027 27.9664
      vertex 23.6228 100.027 26.1762
      vertex 22.6953 100.027 26.258
    endloop
  endfacet
  facet normal 0 1 0
    outer loop
      vertex 23.8254 100.027 26.1651
      vertex 23.8504 100.027 27.9664
      vertex 24.135 100.027 26.1735
    endloop
  endfacet
  facet normal 0 1 0
    outer loop
      vertex 23.8504 100.027 27.9664
      vertex 23.8254 100.027 26.1651
      vertex 23.6228 100.027 26.1762
    endloop
  endfacet
  facet normal 0 1 0
    outer loop
      vertex 0.0467987 100.027 44.9985
      vertex 0.0748901 100.027 46.7985
      vertex 2.68721 100.027 46.717
    endloop
  endfacet
  facet normal 0 1 0
    outer loop
      vertex 0.0748901 100.027 46.7985
      vertex 0.0467987 100.027 44.9985
      vertex -0.0748901 100.027 46.7985
    endloop
  endfacet
  facet normal 0 1 0
    outer loop
      vertex 2.60313 100.027 44.9187
      vertex 2.68721 100.027 46.717
      vertex 2.83611 100.027 46.7077
    endloop
  endfacet
  facet normal 0 1 -0
    outer loop
      vertex -0.0467987 100.027 44.9985
      vertex -0.0748901 100.027 46.7985
      vertex 0.0467987 100.027 44.9985
    endloop
  endfacet
  facet normal 0 1 0
    outer loop
      vertex 2.69618 100.027 44.9129
      vertex 2.83611 100.027 46.7077
      vertex 5.44919 100.027 46.463
    endloop
  endfacet
  facet normal 0 1 0
    outer loop
      vertex -0.0748901 100.027 46.7985
      vertex -0.0467987 100.027 44.9985
      vertex -2.68721 100.027 46.717
    endloop
  endfacet
  facet normal 0 1 0
    outer loop
      vertex 5.2538 100.027 44.6734
      vertex 5.44919 100.027 46.463
      vertex 5.59557 100.027 46.4448
    endloop
  endfacet
  facet normal 0 1 -0
    outer loop
      vertex -2.60313 100.027 44.9187
      vertex -2.68721 100.027 46.717
      vertex -0.0467987 100.027 44.9985
    endloop
  endfacet
  facet normal 0 1 0
    outer loop
      vertex 5.34528 100.027 44.662
      vertex 5.59557 100.027 46.4448
      vertex 8.20923 100.027 46.0368
    endloop
  endfacet
  facet normal 0 1 0
    outer loop
      vertex -2.68721 100.027 46.717
      vertex -2.60313 100.027 44.9187
      vertex -2.83611 100.027 46.7077
    endloop
  endfacet
  facet normal 0 1 0
    outer loop
      vertex 7.90483 100.027 44.2625
      vertex 8.20923 100.027 46.0368
      vertex 8.35146 100.027 46.0102
    endloop
  endfacet
  facet normal 0 1 -0
    outer loop
      vertex -2.69618 100.027 44.9129
      vertex -2.83611 100.027 46.7077
      vertex -2.60313 100.027 44.9187
    endloop
  endfacet
  facet normal 0 1 0
    outer loop
      vertex 7.99371 100.027 44.2459
      vertex 8.35146 100.027 46.0102
      vertex 10.9664 100.027 45.4388
    endloop
  endfacet
  facet normal 0 1 0
    outer loop
      vertex -2.83611 100.027 46.7077
      vertex -2.69618 100.027 44.9129
      vertex -5.44919 100.027 46.463
    endloop
  endfacet
  facet normal 0 1 0
    outer loop
      vertex 10.5563 100.027 43.6859
      vertex 10.9664 100.027 45.4388
      vertex 11.1032 100.027 45.4047
    endloop
  endfacet
  facet normal 0 1 -0
    outer loop
      vertex -5.2538 100.027 44.6734
      vertex -5.44919 100.027 46.463
      vertex -2.69618 100.027 44.9129
    endloop
  endfacet
  facet normal 0 1 0
    outer loop
      vertex -5.44919 100.027 46.463
      vertex -5.2538 100.027 44.6734
      vertex -5.59557 100.027 46.4448
    endloop
  endfacet
  facet normal 0 1 0
    outer loop
      vertex 2.68721 100.027 46.717
      vertex 2.60313 100.027 44.9187
      vertex 0.0467987 100.027 44.9985
    endloop
  endfacet
  facet normal 0 1 0
    outer loop
      vertex 2.83611 100.027 46.7077
      vertex 2.69618 100.027 44.9129
      vertex 2.60313 100.027 44.9187
    endloop
  endfacet
  facet normal 0 1 0
    outer loop
      vertex 5.44919 100.027 46.463
      vertex 5.2538 100.027 44.6734
      vertex 2.69618 100.027 44.9129
    endloop
  endfacet
  facet normal 0 1 0
    outer loop
      vertex 10.6418 100.027 43.6646
      vertex 11.1032 100.027 45.4047
      vertex 13.7194 100.027 44.6697
    endloop
  endfacet
  facet normal 0 1 0
    outer loop
      vertex 5.59557 100.027 46.4448
      vertex 5.34528 100.027 44.662
      vertex 5.2538 100.027 44.6734
    endloop
  endfacet
  facet normal 0 1 0
    outer loop
      vertex 13.208 100.027 42.9437
      vertex 13.7194 100.027 44.6697
      vertex 13.8497 100.027 44.6291
    endloop
  endfacet
  facet normal 0 1 0
    outer loop
      vertex 8.20923 100.027 46.0368
      vertex 7.90483 100.027 44.2625
      vertex 5.34528 100.027 44.662
    endloop
  endfacet
  facet normal 0 1 0
    outer loop
      vertex 8.35146 100.027 46.0102
      vertex 7.99371 100.027 44.2459
      vertex 7.90483 100.027 44.2625
    endloop
  endfacet
  facet normal 0 1 0
    outer loop
      vertex 13.2894 100.027 42.9183
      vertex 13.8497 100.027 44.6291
      vertex 16.4681 100.027 43.73
    endloop
  endfacet
  facet normal 0 1 0
    outer loop
      vertex 10.9664 100.027 45.4388
      vertex 10.5563 100.027 43.6859
      vertex 7.99371 100.027 44.2459
    endloop
  endfacet
  facet normal 0 1 0
    outer loop
      vertex 15.8602 100.027 42.0355
      vertex 16.4681 100.027 43.73
      vertex 16.5911 100.027 43.6839
    endloop
  endfacet
  facet normal 0 1 0
    outer loop
      vertex 11.1032 100.027 45.4047
      vertex 10.6418 100.027 43.6646
      vertex 10.5563 100.027 43.6859
    endloop
  endfacet
  facet normal 0 1 0
    outer loop
      vertex 13.7194 100.027 44.6697
      vertex 13.208 100.027 42.9437
      vertex 10.6418 100.027 43.6646
    endloop
  endfacet
  facet normal 0 1 0
    outer loop
      vertex 13.8497 100.027 44.6291
      vertex 13.2894 100.027 42.9183
      vertex 13.208 100.027 42.9437
    endloop
  endfacet
  facet normal 0 1 0
    outer loop
      vertex 15.9371 100.027 42.0068
      vertex 16.5911 100.027 43.6839
      vertex 19.2112 100.027 42.6207
    endloop
  endfacet
  facet normal 0 1 0
    outer loop
      vertex 18.5125 100.027 40.9617
      vertex 19.2112 100.027 42.6207
      vertex 19.3265 100.027 42.5704
    endloop
  endfacet
  facet normal 0 1 0
    outer loop
      vertex 16.4681 100.027 43.73
      vertex 15.8602 100.027 42.0355
      vertex 13.2894 100.027 42.9183
    endloop
  endfacet
  facet normal 0 1 0
    outer loop
      vertex 16.5911 100.027 43.6839
      vertex 15.9371 100.027 42.0068
      vertex 15.8602 100.027 42.0355
    endloop
  endfacet
  facet normal 0 1 0
    outer loop
      vertex 18.5845 100.027 40.9302
      vertex 19.3265 100.027 42.5704
      vertex 21.9485 100.027 41.3426
    endloop
  endfacet
  facet normal 0 1 0
    outer loop
      vertex 21.1648 100.027 39.722
      vertex 21.9485 100.027 41.3426
      vertex 22.0558 100.027 41.2891
    endloop
  endfacet
  facet normal 0 1 0
    outer loop
      vertex 19.2112 100.027 42.6207
      vertex 18.5125 100.027 40.9617
      vertex 15.9371 100.027 42.0068
    endloop
  endfacet
  facet normal 0 1 0
    outer loop
      vertex 19.3265 100.027 42.5704
      vertex 18.5845 100.027 40.9302
      vertex 18.5125 100.027 40.9617
    endloop
  endfacet
  facet normal 0 1 -0
    outer loop
      vertex 23.2016 100.027 38.6433
      vertex 22.0558 100.027 41.2891
      vertex 24.0844 100.027 40.2126
    endloop
  endfacet
  facet normal 0 1 0
    outer loop
      vertex 23.3281 100.027 38.568
      vertex 24.0844 100.027 40.2126
      vertex 24.3249 100.027 40.0694
    endloop
  endfacet
  facet normal 0 1 0
    outer loop
      vertex 23.3281 100.027 38.568
      vertex 24.3249 100.027 40.0694
      vertex 24.5857 100.027 39.8772
    endloop
  endfacet
  facet normal 0 1 0
    outer loop
      vertex 21.9485 100.027 41.3426
      vertex 21.1648 100.027 39.722
      vertex 18.5845 100.027 40.9302
    endloop
  endfacet
  facet normal 0 1 0
    outer loop
      vertex 22.0558 100.027 41.2891
      vertex 21.2319 100.027 39.6886
      vertex 21.1648 100.027 39.722
    endloop
  endfacet
  facet normal 0 1 0
    outer loop
      vertex 23.4466 100.027 38.4807
      vertex 24.5857 100.027 39.8772
      vertex 24.8265 100.027 39.6603
    endloop
  endfacet
  facet normal 0 1 0
    outer loop
      vertex 23.556 100.027 38.3821
      vertex 24.8265 100.027 39.6603
      vertex 25.0448 100.027 39.4208
    endloop
  endfacet
  facet normal 0 1 0
    outer loop
      vertex 23.6552 100.027 38.2734
      vertex 25.0448 100.027 39.4208
      vertex 25.2387 100.027 39.1611
    endloop
  endfacet
  facet normal 0 1 0
    outer loop
      vertex 23.7432 100.027 38.1554
      vertex 25.2387 100.027 39.1611
      vertex 25.4061 100.027 38.8836
    endloop
  endfacet
  facet normal 0 1 0
    outer loop
      vertex 22.0558 100.027 41.2891
      vertex 23.2016 100.027 38.6433
      vertex 21.2319 100.027 39.6886
    endloop
  endfacet
  facet normal 0 1 0
    outer loop
      vertex 23.8193 100.027 38.0294
      vertex 25.4061 100.027 38.8836
      vertex 25.5455 100.027 38.5911
    endloop
  endfacet
  facet normal 0 1 0
    outer loop
      vertex 24.0844 100.027 40.2126
      vertex 23.3281 100.027 38.568
      vertex 23.2016 100.027 38.6433
    endloop
  endfacet
  facet normal 0 1 0
    outer loop
      vertex 24.5857 100.027 39.8772
      vertex 23.4466 100.027 38.4807
      vertex 23.3281 100.027 38.568
    endloop
  endfacet
  facet normal 0 1 0
    outer loop
      vertex 24.8265 100.027 39.6603
      vertex 23.556 100.027 38.3821
      vertex 23.4466 100.027 38.4807
    endloop
  endfacet
  facet normal 0 1 0
    outer loop
      vertex 23.8826 100.027 37.8965
      vertex 25.5455 100.027 38.5911
      vertex 25.6594 100.027 38.2758
    endloop
  endfacet
  facet normal 0 1 0
    outer loop
      vertex 25.0448 100.027 39.4208
      vertex 23.6552 100.027 38.2734
      vertex 23.556 100.027 38.3821
    endloop
  endfacet
  facet normal 0 1 0
    outer loop
      vertex 25.2387 100.027 39.1611
      vertex 23.7432 100.027 38.1554
      vertex 23.6552 100.027 38.2734
    endloop
  endfacet
  facet normal 0 1 0
    outer loop
      vertex 25.4061 100.027 38.8836
      vertex 23.8193 100.027 38.0294
      vertex 23.7432 100.027 38.1554
    endloop
  endfacet
  facet normal 0 1 0
    outer loop
      vertex 23.9326 100.027 37.758
      vertex 25.6594 100.027 38.2758
      vertex 25.7388 100.027 37.9459
    endloop
  endfacet
  facet normal 0 1 0
    outer loop
      vertex 25.5455 100.027 38.5911
      vertex 23.8826 100.027 37.8965
      vertex 23.8193 100.027 38.0294
    endloop
  endfacet
  facet normal 0 1 0
    outer loop
      vertex 25.6594 100.027 38.2758
      vertex 23.9326 100.027 37.758
      vertex 23.8826 100.027 37.8965
    endloop
  endfacet
  facet normal 0 1 0
    outer loop
      vertex 25.7388 100.027 37.9459
      vertex 23.9757 100.027 37.5788
      vertex 23.9326 100.027 37.758
    endloop
  endfacet
  facet normal 0 1 0
    outer loop
      vertex 27.1406 100.027 29.9956
      vertex 23.9757 100.027 37.5788
      vertex 25.7388 100.027 37.9459
    endloop
  endfacet
  facet normal 0 1 0
    outer loop
      vertex 27.1406 100.027 29.9956
      vertex 25.3603 100.027 29.7265
      vertex 23.9757 100.027 37.5788
    endloop
  endfacet
  facet normal 0 1 0
    outer loop
      vertex 25.3787 100.027 29.5805
      vertex 27.1406 100.027 29.9956
      vertex 27.1756 100.027 29.718
    endloop
  endfacet
  facet normal 0 1 0
    outer loop
      vertex 27.1406 100.027 29.9956
      vertex 25.3787 100.027 29.5805
      vertex 25.3603 100.027 29.7265
    endloop
  endfacet
  facet normal 0 1 0
    outer loop
      vertex 27.1756 100.027 29.718
      vertex 25.3827 100.027 29.4334
      vertex 25.3787 100.027 29.5805
    endloop
  endfacet
  facet normal 0 1 0
    outer loop
      vertex 27.1845 100.027 29.394
      vertex 25.3827 100.027 29.4334
      vertex 27.1756 100.027 29.718
    endloop
  endfacet
  facet normal 0 1 0
    outer loop
      vertex 27.1845 100.027 29.394
      vertex 25.3723 100.027 29.2865
      vertex 25.3827 100.027 29.4334
    endloop
  endfacet
  facet normal 0 1 -0
    outer loop
      vertex 27.1615 100.027 29.0708
      vertex 25.3723 100.027 29.2865
      vertex 27.1845 100.027 29.394
    endloop
  endfacet
  facet normal 0 1 0
    outer loop
      vertex 25.3723 100.027 29.2865
      vertex 27.1615 100.027 29.0708
      vertex 25.3475 100.027 29.1414
    endloop
  endfacet
  facet normal 0 1 -0
    outer loop
      vertex 27.107 100.027 28.7513
      vertex 25.3475 100.027 29.1414
      vertex 27.1615 100.027 29.0708
    endloop
  endfacet
  facet normal 0 1 0
    outer loop
      vertex 25.3475 100.027 29.1414
      vertex 27.107 100.027 28.7513
      vertex 25.3086 100.027 28.9994
    endloop
  endfacet
  facet normal 0 1 -0
    outer loop
      vertex 27.0214 100.027 28.4388
      vertex 25.3086 100.027 28.9994
      vertex 27.107 100.027 28.7513
    endloop
  endfacet
  facet normal 0 1 0
    outer loop
      vertex 25.3086 100.027 28.9994
      vertex 27.0214 100.027 28.4388
      vertex 25.256 100.027 28.8619
    endloop
  endfacet
  facet normal 0 1 -0
    outer loop
      vertex 26.9056 100.027 28.1361
      vertex 25.256 100.027 28.8619
      vertex 27.0214 100.027 28.4388
    endloop
  endfacet
  facet normal 0 1 0
    outer loop
      vertex 25.256 100.027 28.8619
      vertex 26.9056 100.027 28.1361
      vertex 25.1902 100.027 28.7303
    endloop
  endfacet
  facet normal 0 1 -0
    outer loop
      vertex 26.7607 100.027 27.8463
      vertex 25.1902 100.027 28.7303
      vertex 26.9056 100.027 28.1361
    endloop
  endfacet
  facet normal 0 1 0
    outer loop
      vertex 25.1902 100.027 28.7303
      vertex 26.7607 100.027 27.8463
      vertex 25.1118 100.027 28.6057
    endloop
  endfacet
  facet normal 0 1 -0
    outer loop
      vertex 26.5881 100.027 27.572
      vertex 25.1118 100.027 28.6057
      vertex 26.7607 100.027 27.8463
    endloop
  endfacet
  facet normal 0 1 0
    outer loop
      vertex 25.1118 100.027 28.6057
      vertex 26.5881 100.027 27.572
      vertex 25.0216 100.027 28.4894
    endloop
  endfacet
  facet normal 0 1 -0
    outer loop
      vertex 26.3894 100.027 27.316
      vertex 25.0216 100.027 28.4894
      vertex 26.5881 100.027 27.572
    endloop
  endfacet
  facet normal 0 1 0
    outer loop
      vertex 25.0216 100.027 28.4894
      vertex 26.3894 100.027 27.316
      vertex 24.9203 100.027 28.3825
    endloop
  endfacet
  facet normal 0 1 -0
    outer loop
      vertex 26.1665 100.027 27.0807
      vertex 24.9203 100.027 28.3825
      vertex 26.3894 100.027 27.316
    endloop
  endfacet
  facet normal 0 1 0
    outer loop
      vertex 24.9203 100.027 28.3825
      vertex 26.1665 100.027 27.0807
      vertex 24.8091 100.027 28.2861
    endloop
  endfacet
  facet normal 0 1 -0
    outer loop
      vertex 25.9218 100.027 26.8684
      vertex 24.8091 100.027 28.2861
      vertex 26.1665 100.027 27.0807
    endloop
  endfacet
  facet normal 0 1 0
    outer loop
      vertex 24.8091 100.027 28.2861
      vertex 25.9218 100.027 26.8684
      vertex 24.689 100.027 28.201
    endloop
  endfacet
  facet normal 0 1 -0
    outer loop
      vertex -14.1846 100.027 26.832
      vertex -14.2782 100.027 28.6296
      vertex -11.3478 100.027 26.9645
    endloop
  endfacet
  facet normal 0 1 -0
    outer loop
      vertex 25.6574 100.027 26.6811
      vertex 24.689 100.027 28.201
      vertex 25.9218 100.027 26.8684
    endloop
  endfacet
  facet normal 0 1 0
    outer loop
      vertex 24.689 100.027 28.201
      vertex 25.6574 100.027 26.6811
      vertex 24.5611 100.027 28.1281
    endloop
  endfacet
  facet normal 0 1 -0
    outer loop
      vertex 25.3758 100.027 26.5205
      vertex 24.5611 100.027 28.1281
      vertex 25.6574 100.027 26.6811
    endloop
  endfacet
  facet normal 0 1 0
    outer loop
      vertex -14.2782 100.027 28.6296
      vertex -14.1846 100.027 26.832
      vertex -17.1331 100.027 28.4667
    endloop
  endfacet
  facet normal 0 1 0
    outer loop
      vertex 24.5611 100.027 28.1281
      vertex 25.3758 100.027 26.5205
      vertex 24.4267 100.027 28.0681
    endloop
  endfacet
  facet normal 0 1 -0
    outer loop
      vertex -17.0215 100.027 26.6701
      vertex -17.1331 100.027 28.4667
      vertex -14.1846 100.027 26.832
    endloop
  endfacet
  facet normal 0 1 -0
    outer loop
      vertex 25.0798 100.027 26.3884
      vertex 24.4267 100.027 28.0681
      vertex 25.3758 100.027 26.5205
    endloop
  endfacet
  facet normal 0 1 0
    outer loop
      vertex -17.1331 100.027 28.4667
      vertex -17.0215 100.027 26.6701
      vertex -19.9881 100.027 28.2741
    endloop
  endfacet
  facet normal 0 1 -0
    outer loop
      vertex -19.8575 100.027 26.4789
      vertex -19.9881 100.027 28.2741
      vertex -17.0215 100.027 26.6701
    endloop
  endfacet
  facet normal 0 1 0
    outer loop
      vertex -19.9881 100.027 28.2741
      vertex -19.8575 100.027 26.4789
      vertex -22.8448 100.027 28.0518
    endloop
  endfacet
  facet normal 0 1 -0
    outer loop
      vertex -22.6953 100.027 26.258
      vertex -22.8448 100.027 28.0518
      vertex -19.8575 100.027 26.4789
    endloop
  endfacet
  facet normal 0 1 0
    outer loop
      vertex -22.8448 100.027 28.0518
      vertex -22.6953 100.027 26.258
      vertex -23.7513 100.027 27.9719
    endloop
  endfacet
  facet normal 0 1 -0
    outer loop
      vertex -23.6372 100.027 26.1749
      vertex -23.7513 100.027 27.9719
      vertex -22.6953 100.027 26.258
    endloop
  endfacet
  facet normal 0 1 0
    outer loop
      vertex -23.7513 100.027 27.9719
      vertex -23.6372 100.027 26.1749
      vertex -23.8984 100.027 27.9661
    endloop
  endfacet
  facet normal 0 1 0
    outer loop
      vertex -23.9168 100.027 26.1641
      vertex -23.8984 100.027 27.9661
      vertex -23.6372 100.027 26.1749
    endloop
  endfacet
  facet normal 0 1 0
    outer loop
      vertex -23.8984 100.027 27.9661
      vertex -26.6473 100.027 27.6596
      vertex -26.8111 100.027 27.9393
    endloop
  endfacet
  facet normal 0 1 0
    outer loop
      vertex -23.8984 100.027 27.9661
      vertex -26.4569 100.027 27.3973
      vertex -26.6473 100.027 27.6596
    endloop
  endfacet
  facet normal 0 1 0
    outer loop
      vertex -23.8984 100.027 27.9661
      vertex -26.2417 100.027 27.155
      vertex -26.4569 100.027 27.3973
    endloop
  endfacet
  facet normal 0 1 0
    outer loop
      vertex -23.8984 100.027 27.9661
      vertex -26.0039 100.027 26.935
      vertex -26.2417 100.027 27.155
    endloop
  endfacet
  facet normal 0 1 0
    outer loop
      vertex -23.8984 100.027 27.9661
      vertex -25.7456 100.027 26.7393
      vertex -26.0039 100.027 26.935
    endloop
  endfacet
  facet normal 0 1 0
    outer loop
      vertex -23.8984 100.027 27.9661
      vertex -25.4693 100.027 26.5698
      vertex -25.7456 100.027 26.7393
    endloop
  endfacet
  facet normal 0 1 0
    outer loop
      vertex -23.8984 100.027 27.9661
      vertex -25.1778 100.027 26.4283
      vertex -25.4693 100.027 26.5698
    endloop
  endfacet
  facet normal 0 1 0
    outer loop
      vertex -23.8984 100.027 27.9661
      vertex -24.8739 100.027 26.316
      vertex -25.1778 100.027 26.4283
    endloop
  endfacet
  facet normal 0 1 0
    outer loop
      vertex -23.8984 100.027 27.9661
      vertex -24.5603 100.027 26.2341
      vertex -24.8739 100.027 26.316
    endloop
  endfacet
  facet normal 0 1 0
    outer loop
      vertex -23.8984 100.027 27.9661
      vertex -24.2403 100.027 26.1833
      vertex -24.5603 100.027 26.2341
    endloop
  endfacet
  facet normal 0 1 0
    outer loop
      vertex -23.8984 100.027 27.9661
      vertex -23.9168 100.027 26.1641
      vertex -24.2403 100.027 26.1833
    endloop
  endfacet
  facet normal 0 1 -0
    outer loop
      vertex -5.34528 100.027 44.662
      vertex -5.59557 100.027 46.4448
      vertex -5.2538 100.027 44.6734
    endloop
  endfacet
  facet normal 0 1 0
    outer loop
      vertex -5.59557 100.027 46.4448
      vertex -5.34528 100.027 44.662
      vertex -8.20923 100.027 46.0368
    endloop
  endfacet
  facet normal 0 1 -0
    outer loop
      vertex -7.90483 100.027 44.2625
      vertex -8.20923 100.027 46.0368
      vertex -5.34528 100.027 44.662
    endloop
  endfacet
  facet normal 0 1 0
    outer loop
      vertex -8.20923 100.027 46.0368
      vertex -7.90483 100.027 44.2625
      vertex -8.35146 100.027 46.0102
    endloop
  endfacet
  facet normal 0 1 -0
    outer loop
      vertex -7.99371 100.027 44.2459
      vertex -8.35146 100.027 46.0102
      vertex -7.90483 100.027 44.2625
    endloop
  endfacet
  facet normal 0 1 0
    outer loop
      vertex -8.35146 100.027 46.0102
      vertex -7.99371 100.027 44.2459
      vertex -10.9664 100.027 45.4388
    endloop
  endfacet
  facet normal 0 1 -0
    outer loop
      vertex -10.5563 100.027 43.6859
      vertex -10.9664 100.027 45.4388
      vertex -7.99371 100.027 44.2459
    endloop
  endfacet
  facet normal 0 1 0
    outer loop
      vertex -10.9664 100.027 45.4388
      vertex -10.5563 100.027 43.6859
      vertex -11.1032 100.027 45.4047
    endloop
  endfacet
  facet normal 0 1 -0
    outer loop
      vertex -10.6418 100.027 43.6646
      vertex -11.1032 100.027 45.4047
      vertex -10.5563 100.027 43.6859
    endloop
  endfacet
  facet normal 0 1 0
    outer loop
      vertex -11.1032 100.027 45.4047
      vertex -10.6418 100.027 43.6646
      vertex -13.7194 100.027 44.6697
    endloop
  endfacet
  facet normal 0 1 -0
    outer loop
      vertex -13.208 100.027 42.9437
      vertex -13.7194 100.027 44.6697
      vertex -10.6418 100.027 43.6646
    endloop
  endfacet
  facet normal 0 1 0
    outer loop
      vertex -13.7194 100.027 44.6697
      vertex -13.208 100.027 42.9437
      vertex -13.8497 100.027 44.6291
    endloop
  endfacet
  facet normal 0 1 -0
    outer loop
      vertex -13.2894 100.027 42.9183
      vertex -13.8497 100.027 44.6291
      vertex -13.208 100.027 42.9437
    endloop
  endfacet
  facet normal 0 1 0
    outer loop
      vertex -13.8497 100.027 44.6291
      vertex -13.2894 100.027 42.9183
      vertex -16.4681 100.027 43.73
    endloop
  endfacet
  facet normal 0 1 -0
    outer loop
      vertex -15.8602 100.027 42.0355
      vertex -16.4681 100.027 43.73
      vertex -13.2894 100.027 42.9183
    endloop
  endfacet
  facet normal 0 1 0
    outer loop
      vertex -16.4681 100.027 43.73
      vertex -15.8602 100.027 42.0355
      vertex -16.5911 100.027 43.6839
    endloop
  endfacet
  facet normal 0 1 -0
    outer loop
      vertex -15.9371 100.027 42.0068
      vertex -16.5911 100.027 43.6839
      vertex -15.8602 100.027 42.0355
    endloop
  endfacet
  facet normal 0 1 0
    outer loop
      vertex -16.5911 100.027 43.6839
      vertex -15.9371 100.027 42.0068
      vertex -19.2112 100.027 42.6207
    endloop
  endfacet
  facet normal 0 1 -0
    outer loop
      vertex -18.5125 100.027 40.9617
      vertex -19.2112 100.027 42.6207
      vertex -15.9371 100.027 42.0068
    endloop
  endfacet
  facet normal 0 1 0
    outer loop
      vertex -19.2112 100.027 42.6207
      vertex -18.5125 100.027 40.9617
      vertex -19.3265 100.027 42.5704
    endloop
  endfacet
  facet normal 0 1 -0
    outer loop
      vertex -18.5845 100.027 40.9302
      vertex -19.3265 100.027 42.5704
      vertex -18.5125 100.027 40.9617
    endloop
  endfacet
  facet normal 0 1 0
    outer loop
      vertex -19.3265 100.027 42.5704
      vertex -18.5845 100.027 40.9302
      vertex -21.9485 100.027 41.3426
    endloop
  endfacet
  facet normal 0 1 -0
    outer loop
      vertex -21.1648 100.027 39.722
      vertex -21.9485 100.027 41.3426
      vertex -18.5845 100.027 40.9302
    endloop
  endfacet
  facet normal 0 1 0
    outer loop
      vertex -21.9485 100.027 41.3426
      vertex -21.1648 100.027 39.722
      vertex -22.0558 100.027 41.2891
    endloop
  endfacet
  facet normal 0 1 -0
    outer loop
      vertex -21.2319 100.027 39.6886
      vertex -22.0558 100.027 41.2891
      vertex -21.1648 100.027 39.722
    endloop
  endfacet
  facet normal 0 1 0
    outer loop
      vertex -23.2016 100.027 38.6433
      vertex -22.0558 100.027 41.2891
      vertex -21.2319 100.027 39.6886
    endloop
  endfacet
  facet normal 0 1 0
    outer loop
      vertex -22.0558 100.027 41.2891
      vertex -23.2016 100.027 38.6433
      vertex -24.0943 100.027 40.2073
    endloop
  endfacet
  facet normal 0 1 -0
    outer loop
      vertex -23.3589 100.027 38.547
      vertex -24.0943 100.027 40.2073
      vertex -23.2016 100.027 38.6433
    endloop
  endfacet
  facet normal 0 1 0
    outer loop
      vertex -24.0943 100.027 40.2073
      vertex -23.3589 100.027 38.547
      vertex -24.3837 100.027 40.0301
    endloop
  endfacet
  facet normal 0 1 0
    outer loop
      vertex -24.3837 100.027 40.0301
      vertex -23.3589 100.027 38.547
      vertex -24.6486 100.027 39.8246
    endloop
  endfacet
  facet normal 0 1 -0
    outer loop
      vertex -23.4752 100.027 38.4568
      vertex -24.6486 100.027 39.8246
      vertex -23.3589 100.027 38.547
    endloop
  endfacet
  facet normal 0 1 0
    outer loop
      vertex -24.6486 100.027 39.8246
      vertex -23.4752 100.027 38.4568
      vertex -24.8839 100.027 39.6018
    endloop
  endfacet
  facet normal 0 1 -0
    outer loop
      vertex -23.582 100.027 38.3556
      vertex -24.8839 100.027 39.6018
      vertex -23.4752 100.027 38.4568
    endloop
  endfacet
  facet normal 0 1 0
    outer loop
      vertex -24.8839 100.027 39.6018
      vertex -23.582 100.027 38.3556
      vertex -25.0962 100.027 39.357
    endloop
  endfacet
  facet normal 0 1 -0
    outer loop
      vertex -23.6785 100.027 38.2444
      vertex -25.0962 100.027 39.357
      vertex -23.582 100.027 38.3556
    endloop
  endfacet
  facet normal 0 1 0
    outer loop
      vertex -25.0962 100.027 39.357
      vertex -23.6785 100.027 38.2444
      vertex -25.2835 100.027 39.0926
    endloop
  endfacet
  facet normal 0 1 -0
    outer loop
      vertex -23.7636 100.027 38.1242
      vertex -25.2835 100.027 39.0926
      vertex -23.6785 100.027 38.2444
    endloop
  endfacet
  facet normal 0 1 0
    outer loop
      vertex -25.2835 100.027 39.0926
      vertex -23.7636 100.027 38.1242
      vertex -25.444 100.027 38.811
    endloop
  endfacet
  facet normal 0 1 -0
    outer loop
      vertex -23.8365 100.027 37.9964
      vertex -25.444 100.027 38.811
      vertex -23.7636 100.027 38.1242
    endloop
  endfacet
  facet normal 0 1 0
    outer loop
      vertex -25.444 100.027 38.811
      vertex -23.8365 100.027 37.9964
      vertex -25.5762 100.027 38.5151
    endloop
  endfacet
  facet normal 0 1 -0
    outer loop
      vertex -23.8965 100.027 37.8619
      vertex -25.5762 100.027 38.5151
      vertex -23.8365 100.027 37.9964
    endloop
  endfacet
  facet normal 0 1 0
    outer loop
      vertex -25.5762 100.027 38.5151
      vertex -23.8965 100.027 37.8619
      vertex -25.6786 100.027 38.2077
    endloop
  endfacet
  facet normal 0 1 -0
    outer loop
      vertex -23.9431 100.027 37.7223
      vertex -25.6786 100.027 38.2077
      vertex -23.8965 100.027 37.8619
    endloop
  endfacet
  facet normal 0 1 0
    outer loop
      vertex -25.6786 100.027 38.2077
      vertex -23.9431 100.027 37.7223
      vertex -25.7407 100.027 37.9349
    endloop
  endfacet
  facet normal 0 1 -0
    outer loop
      vertex -23.9757 100.027 37.5788
      vertex -25.7407 100.027 37.9349
      vertex -23.9431 100.027 37.7223
    endloop
  endfacet
  facet normal 0 1 0
    outer loop
      vertex -23.9757 100.027 37.5788
      vertex -27.1381 100.027 30.0097
      vertex -25.7407 100.027 37.9349
    endloop
  endfacet
  facet normal 0 1 -0
    outer loop
      vertex -25.3603 100.027 29.7265
      vertex -27.1381 100.027 30.0097
      vertex -23.9757 100.027 37.5788
    endloop
  endfacet
  facet normal 0 1 -0
    outer loop
      vertex -25.3743 100.027 29.6283
      vertex -27.1381 100.027 30.0097
      vertex -25.3603 100.027 29.7265
    endloop
  endfacet
  facet normal 0 1 0
    outer loop
      vertex -27.1381 100.027 30.0097
      vertex -25.3743 100.027 29.6283
      vertex -27.1667 100.027 29.8088
    endloop
  endfacet
  facet normal 0 1 0
    outer loop
      vertex -25.3743 100.027 29.6283
      vertex -27.1851 100.027 29.4998
      vertex -27.1667 100.027 29.8088
    endloop
  endfacet
  facet normal 0 1 -0
    outer loop
      vertex -25.383 100.027 29.4814
      vertex -27.1851 100.027 29.4998
      vertex -25.3743 100.027 29.6283
    endloop
  endfacet
  facet normal 0 1 0
    outer loop
      vertex -25.3773 100.027 29.3343
      vertex -27.1851 100.027 29.4998
      vertex -25.383 100.027 29.4814
    endloop
  endfacet
  facet normal 0 1 0
    outer loop
      vertex -27.1725 100.027 29.176
      vertex -25.3773 100.027 29.3343
      vertex -25.3572 100.027 29.1885
    endloop
  endfacet
  facet normal 0 1 0
    outer loop
      vertex -25.3773 100.027 29.3343
      vertex -27.1725 100.027 29.176
      vertex -27.1851 100.027 29.4998
    endloop
  endfacet
  facet normal 0 1 0
    outer loop
      vertex -27.1282 100.027 28.8549
      vertex -25.3572 100.027 29.1885
      vertex -25.3228 100.027 29.0453
    endloop
  endfacet
  facet normal 0 1 0
    outer loop
      vertex -27.0526 100.027 28.5398
      vertex -25.3228 100.027 29.0453
      vertex -25.2747 100.027 28.9062
    endloop
  endfacet
  facet normal 0 1 0
    outer loop
      vertex -25.3572 100.027 29.1885
      vertex -27.1282 100.027 28.8549
      vertex -27.1725 100.027 29.176
    endloop
  endfacet
  facet normal 0 1 0
    outer loop
      vertex -26.9466 100.027 28.2337
      vertex -25.2747 100.027 28.9062
      vertex -25.2131 100.027 28.7725
    endloop
  endfacet
  facet normal 0 1 0
    outer loop
      vertex -26.8111 100.027 27.9393
      vertex -25.2131 100.027 28.7725
      vertex -25.1387 100.027 28.6455
    endloop
  endfacet
  facet normal 0 1 0
    outer loop
      vertex -25.3228 100.027 29.0453
      vertex -27.0526 100.027 28.5398
      vertex -27.1282 100.027 28.8549
    endloop
  endfacet
  facet normal 0 1 0
    outer loop
      vertex -26.8111 100.027 27.9393
      vertex -25.1387 100.027 28.6455
      vertex -25.0522 100.027 28.5264
    endloop
  endfacet
  facet normal 0 1 0
    outer loop
      vertex -26.8111 100.027 27.9393
      vertex -25.0522 100.027 28.5264
      vertex -24.9545 100.027 28.4163
    endloop
  endfacet
  facet normal 0 1 0
    outer loop
      vertex -26.8111 100.027 27.9393
      vertex -24.9545 100.027 28.4163
      vertex -24.8465 100.027 28.3163
    endloop
  endfacet
  facet normal 0 1 0
    outer loop
      vertex -25.2747 100.027 28.9062
      vertex -26.9466 100.027 28.2337
      vertex -27.0526 100.027 28.5398
    endloop
  endfacet
  facet normal 0 1 0
    outer loop
      vertex -26.8111 100.027 27.9393
      vertex -24.8465 100.027 28.3163
      vertex -24.7291 100.027 28.2274
    endloop
  endfacet
  facet normal 0 1 0
    outer loop
      vertex -26.8111 100.027 27.9393
      vertex -24.7291 100.027 28.2274
      vertex -24.6036 100.027 28.1505
    endloop
  endfacet
  facet normal 0 1 0
    outer loop
      vertex -26.8111 100.027 27.9393
      vertex -24.6036 100.027 28.1505
      vertex -24.4712 100.027 28.0862
    endloop
  endfacet
  facet normal 0 1 0
    outer loop
      vertex -26.8111 100.027 27.9393
      vertex -24.4712 100.027 28.0862
      vertex -24.3331 100.027 28.0352
    endloop
  endfacet
  facet normal 0 1 0
    outer loop
      vertex -26.8111 100.027 27.9393
      vertex -24.3331 100.027 28.0352
      vertex -24.1907 100.027 27.998
    endloop
  endfacet
  facet normal 0 1 0
    outer loop
      vertex -26.8111 100.027 27.9393
      vertex -24.1907 100.027 27.998
      vertex -24.0453 100.027 27.9749
    endloop
  endfacet
  facet normal 0 1 0
    outer loop
      vertex -25.2131 100.027 28.7725
      vertex -26.8111 100.027 27.9393
      vertex -26.9466 100.027 28.2337
    endloop
  endfacet
  facet normal 0 1 0
    outer loop
      vertex -26.8111 100.027 27.9393
      vertex -24.0453 100.027 27.9749
      vertex -23.8984 100.027 27.9661
    endloop
  endfacet
  facet normal 0 1 0
    outer loop
      vertex 0 100.027 27.2
      vertex 0 100.027 29
      vertex 2.85616 100.027 28.9852
    endloop
  endfacet
  facet normal 0 1 0
    outer loop
      vertex 2.83646 100.027 27.1853
      vertex 2.85616 100.027 28.9852
      vertex 5.71091 100.027 28.9407
    endloop
  endfacet
  facet normal 0 1 0
    outer loop
      vertex 0 100.027 29
      vertex 0 100.027 27.2
      vertex -2.85616 100.027 28.9852
    endloop
  endfacet
  facet normal 0 1 0
    outer loop
      vertex 2.83646 100.027 27.1853
      vertex 5.71091 100.027 28.9407
      vertex 8.56708 100.027 28.8667
    endloop
  endfacet
  facet normal 0 1 -0
    outer loop
      vertex -2.83646 100.027 27.1853
      vertex -2.85616 100.027 28.9852
      vertex 0 100.027 27.2
    endloop
  endfacet
  facet normal 0 1 0
    outer loop
      vertex 2.83646 100.027 27.1853
      vertex 8.56708 100.027 28.8667
      vertex 11.4219 100.027 28.763
    endloop
  endfacet
  facet normal 0 1 0
    outer loop
      vertex -2.85616 100.027 28.9852
      vertex -2.83646 100.027 27.1853
      vertex -5.71091 100.027 28.9407
    endloop
  endfacet
  facet normal 0 1 0
    outer loop
      vertex 2.83646 100.027 27.1853
      vertex 11.4219 100.027 28.763
      vertex 14.2782 100.027 28.6296
    endloop
  endfacet
  facet normal 0 1 -0
    outer loop
      vertex -5.67451 100.027 27.1411
      vertex -5.71091 100.027 28.9407
      vertex -2.83646 100.027 27.1853
    endloop
  endfacet
  facet normal 0 1 0
    outer loop
      vertex 2.83646 100.027 27.1853
      vertex 14.2782 100.027 28.6296
      vertex 17.1331 100.027 28.4667
    endloop
  endfacet
  facet normal 0 1 0
    outer loop
      vertex -5.71091 100.027 28.9407
      vertex -5.67451 100.027 27.1411
      vertex -8.56708 100.027 28.8667
    endloop
  endfacet
  facet normal 0 1 0
    outer loop
      vertex 2.83646 100.027 27.1853
      vertex 17.1331 100.027 28.4667
      vertex 19.9881 100.027 28.2741
    endloop
  endfacet
  facet normal 0 1 -0
    outer loop
      vertex -8.51094 100.027 27.0675
      vertex -8.56708 100.027 28.8667
      vertex -5.67451 100.027 27.1411
    endloop
  endfacet
  facet normal 0 1 0
    outer loop
      vertex 2.83646 100.027 27.1853
      vertex 19.9881 100.027 28.2741
      vertex 22.8448 100.027 28.0518
    endloop
  endfacet
  facet normal 0 1 0
    outer loop
      vertex -8.56708 100.027 28.8667
      vertex -8.51094 100.027 27.0675
      vertex -11.4219 100.027 28.763
    endloop
  endfacet
  facet normal 0 1 0
    outer loop
      vertex 2.83646 100.027 27.1853
      vertex 22.8448 100.027 28.0518
      vertex 23.7513 100.027 27.9719
    endloop
  endfacet
  facet normal 0 1 -0
    outer loop
      vertex -11.3478 100.027 26.9645
      vertex -11.4219 100.027 28.763
      vertex -8.51094 100.027 27.0675
    endloop
  endfacet
  facet normal 0 1 0
    outer loop
      vertex 2.83646 100.027 27.1853
      vertex 23.7513 100.027 27.9719
      vertex 23.8504 100.027 27.9664
    endloop
  endfacet
  facet normal 0 1 0
    outer loop
      vertex -11.4219 100.027 28.763
      vertex -11.3478 100.027 26.9645
      vertex -14.2782 100.027 28.6296
    endloop
  endfacet
  facet normal 0.0623366 0 0.998055
    outer loop
      vertex 2.68721 100.027 46.717
      vertex 2.83611 53.56 46.7077
      vertex 2.83611 100.027 46.7077
    endloop
  endfacet
  facet normal 0.0623366 0 0.998055
    outer loop
      vertex 2.83611 53.56 46.7077
      vertex 2.68721 100.027 46.717
      vertex 2.68721 53.56 46.717
    endloop
  endfacet
  facet normal 0.0932364 0 0.995644
    outer loop
      vertex 2.83611 100.027 46.7077
      vertex 5.44919 53.56 46.463
      vertex 5.44919 100.027 46.463
    endloop
  endfacet
  facet normal 0.0932364 0 0.995644
    outer loop
      vertex 5.44919 53.56 46.463
      vertex 2.83611 100.027 46.7077
      vertex 2.83611 53.56 46.7077
    endloop
  endfacet
  facet normal 0.123384 0 0.992359
    outer loop
      vertex 5.44919 100.027 46.463
      vertex 5.59557 53.56 46.4448
      vertex 5.59557 100.027 46.4448
    endloop
  endfacet
  facet normal 0.123384 0 0.992359
    outer loop
      vertex 5.59557 53.56 46.4448
      vertex 5.44919 100.027 46.463
      vertex 5.44919 53.56 46.463
    endloop
  endfacet
  facet normal 0.154235 0 0.988034
    outer loop
      vertex 5.59557 100.027 46.4448
      vertex 8.20923 53.56 46.0368
      vertex 8.20923 100.027 46.0368
    endloop
  endfacet
  facet normal 0.154235 0 0.988034
    outer loop
      vertex 8.20923 53.56 46.0368
      vertex 5.59557 100.027 46.4448
      vertex 5.59557 53.56 46.4448
    endloop
  endfacet
  facet normal 0.183834 0 0.982957
    outer loop
      vertex 8.20923 100.027 46.0368
      vertex 8.35146 53.56 46.0102
      vertex 8.35146 100.027 46.0102
    endloop
  endfacet
  facet normal 0.183834 0 0.982957
    outer loop
      vertex 8.35146 53.56 46.0102
      vertex 8.20923 100.027 46.0368
      vertex 8.20923 53.56 46.0368
    endloop
  endfacet
  facet normal 0.213476 0 0.976948
    outer loop
      vertex 8.35146 100.027 46.0102
      vertex 10.9664 53.56 45.4388
      vertex 10.9664 100.027 45.4388
    endloop
  endfacet
  facet normal 0.213476 0 0.976948
    outer loop
      vertex 10.9664 53.56 45.4388
      vertex 8.35146 100.027 46.0102
      vertex 8.35146 53.56 46.0102
    endloop
  endfacet
  facet normal 0.241868 0 0.970309
    outer loop
      vertex 10.9664 100.027 45.4388
      vertex 11.1032 53.56 45.4047
      vertex 11.1032 100.027 45.4047
    endloop
  endfacet
  facet normal 0.241868 0 0.970309
    outer loop
      vertex 11.1032 53.56 45.4047
      vertex 10.9664 100.027 45.4388
      vertex 10.9664 53.56 45.4388
    endloop
  endfacet
  facet normal 0.270471 0 0.962728
    outer loop
      vertex 11.1032 100.027 45.4047
      vertex 13.7194 53.56 44.6697
      vertex 13.7194 100.027 44.6697
    endloop
  endfacet
  facet normal 0.270471 0 0.962728
    outer loop
      vertex 13.7194 53.56 44.6697
      vertex 11.1032 100.027 45.4047
      vertex 11.1032 53.56 45.4047
    endloop
  endfacet
  facet normal 0.297482 0 0.954727
    outer loop
      vertex 13.7194 100.027 44.6697
      vertex 13.8497 53.56 44.6291
      vertex 13.8497 100.027 44.6291
    endloop
  endfacet
  facet normal 0.297482 0 0.954727
    outer loop
      vertex 13.8497 53.56 44.6291
      vertex 13.7194 100.027 44.6697
      vertex 13.7194 53.56 44.6697
    endloop
  endfacet
  facet normal 0.324765 0 0.945795
    outer loop
      vertex 13.8497 100.027 44.6291
      vertex 16.4681 53.56 43.73
      vertex 16.4681 100.027 43.73
    endloop
  endfacet
  facet normal 0.324765 0 0.945795
    outer loop
      vertex 16.4681 53.56 43.73
      vertex 13.8497 100.027 44.6291
      vertex 13.8497 53.56 44.6291
    endloop
  endfacet
  facet normal 0.350957 0 0.936392
    outer loop
      vertex 16.4681 100.027 43.73
      vertex 16.5911 53.56 43.6839
      vertex 16.5911 100.027 43.6839
    endloop
  endfacet
  facet normal 0.350957 0 0.936392
    outer loop
      vertex 16.5911 53.56 43.6839
      vertex 16.4681 100.027 43.73
      vertex 16.4681 53.56 43.73
    endloop
  endfacet
  facet normal 0.376008 0 0.926616
    outer loop
      vertex 16.5911 100.027 43.6839
      vertex 19.2112 53.56 42.6207
      vertex 19.2112 100.027 42.6207
    endloop
  endfacet
  facet normal 0.376008 0 0.926616
    outer loop
      vertex 19.2112 53.56 42.6207
      vertex 16.5911 100.027 43.6839
      vertex 16.5911 53.56 43.6839
    endloop
  endfacet
  facet normal 0.399859 0 0.916576
    outer loop
      vertex 19.2112 100.027 42.6207
      vertex 19.3265 53.56 42.5704
      vertex 19.3265 100.027 42.5704
    endloop
  endfacet
  facet normal 0.399859 0 0.916576
    outer loop
      vertex 19.3265 53.56 42.5704
      vertex 19.2112 100.027 42.6207
      vertex 19.2112 53.56 42.6207
    endloop
  endfacet
  facet normal 0.424076 0 0.905626
    outer loop
      vertex 19.3265 100.027 42.5704
      vertex 21.9485 53.56 41.3426
      vertex 21.9485 100.027 41.3426
    endloop
  endfacet
  facet normal 0.424076 0 0.905626
    outer loop
      vertex 21.9485 53.56 41.3426
      vertex 19.3265 100.027 42.5704
      vertex 19.3265 53.56 42.5704
    endloop
  endfacet
  facet normal 0.446212 0 0.894927
    outer loop
      vertex 21.9485 100.027 41.3426
      vertex 22.0558 53.56 41.2891
      vertex 22.0558 100.027 41.2891
    endloop
  endfacet
  facet normal 0.446212 0 0.894927
    outer loop
      vertex 22.0558 53.56 41.2891
      vertex 21.9485 100.027 41.3426
      vertex 21.9485 53.56 41.3426
    endloop
  endfacet
  facet normal 0.46875 0 0.883331
    outer loop
      vertex 22.0558 100.027 41.2891
      vertex 24.0844 53.56 40.2126
      vertex 24.0844 100.027 40.2126
    endloop
  endfacet
  facet normal 0.46875 0 0.883331
    outer loop
      vertex 24.0844 53.56 40.2126
      vertex 22.0558 100.027 41.2891
      vertex 22.0558 53.56 41.2891
    endloop
  endfacet
  facet normal 0.511603 0 0.859222
    outer loop
      vertex 24.0844 100.027 40.2126
      vertex 24.3249 53.56 40.0694
      vertex 24.3249 100.027 40.0694
    endloop
  endfacet
  facet normal 0.511603 0 0.859222
    outer loop
      vertex 24.3249 53.56 40.0694
      vertex 24.0844 100.027 40.2126
      vertex 24.0844 53.56 40.2126
    endloop
  endfacet
  facet normal 0.221861 0 -0.975078
    outer loop
      vertex 24.4565 53.56 26.2141
      vertex 24.7725 100.027 26.286
      vertex 24.7725 53.56 26.286
    endloop
  endfacet
  facet normal 0.221861 0 -0.975078
    outer loop
      vertex 24.7725 100.027 26.286
      vertex 24.4565 53.56 26.2141
      vertex 24.4565 100.027 26.2141
    endloop
  endfacet
  facet normal 0.125288 0 -0.99212
    outer loop
      vertex 24.135 53.56 26.1735
      vertex 24.4565 100.027 26.2141
      vertex 24.4565 53.56 26.2141
    endloop
  endfacet
  facet normal 0.125288 0 -0.99212
    outer loop
      vertex 24.4565 100.027 26.2141
      vertex 24.135 53.56 26.1735
      vertex 24.135 100.027 26.1735
    endloop
  endfacet
  facet normal 0.0271218 0 -0.999632
    outer loop
      vertex 23.8254 53.56 26.1651
      vertex 24.135 100.027 26.1735
      vertex 24.135 53.56 26.1735
    endloop
  endfacet
  facet normal 0.0271218 0 -0.999632
    outer loop
      vertex 24.135 100.027 26.1735
      vertex 23.8254 53.56 26.1651
      vertex 23.8254 100.027 26.1651
    endloop
  endfacet
  facet normal -0.0547057 0 -0.998503
    outer loop
      vertex 23.6228 53.56 26.1762
      vertex 23.8254 100.027 26.1651
      vertex 23.8254 53.56 26.1651
    endloop
  endfacet
  facet normal -0.0547057 0 -0.998503
    outer loop
      vertex 23.8254 100.027 26.1651
      vertex 23.6228 53.56 26.1762
      vertex 23.6228 100.027 26.1762
    endloop
  endfacet
  facet normal -0.0878531 0 -0.996133
    outer loop
      vertex 22.6953 53.56 26.258
      vertex 23.6228 100.027 26.1762
      vertex 23.6228 53.56 26.1762
    endloop
  endfacet
  facet normal -0.0878531 0 -0.996133
    outer loop
      vertex 23.6228 100.027 26.1762
      vertex 22.6953 53.56 26.258
      vertex 22.6953 100.027 26.258
    endloop
  endfacet
  facet normal -0.0776072 0 -0.996984
    outer loop
      vertex 19.8575 53.56 26.4789
      vertex 22.6953 100.027 26.258
      vertex 22.6953 53.56 26.258
    endloop
  endfacet
  facet normal -0.0776072 0 -0.996984
    outer loop
      vertex 22.6953 100.027 26.258
      vertex 19.8575 53.56 26.4789
      vertex 19.8575 100.027 26.4789
    endloop
  endfacet
  facet normal -0.0672662 0 -0.997735
    outer loop
      vertex 17.0215 53.56 26.6701
      vertex 19.8575 100.027 26.4789
      vertex 19.8575 53.56 26.4789
    endloop
  endfacet
  facet normal -0.0672662 0 -0.997735
    outer loop
      vertex 19.8575 100.027 26.4789
      vertex 17.0215 53.56 26.6701
      vertex 17.0215 100.027 26.6701
    endloop
  endfacet
  facet normal -0.0569766 0 -0.998376
    outer loop
      vertex 14.1846 53.56 26.832
      vertex 17.0215 100.027 26.6701
      vertex 17.0215 53.56 26.6701
    endloop
  endfacet
  facet normal -0.0569766 0 -0.998376
    outer loop
      vertex 17.0215 100.027 26.6701
      vertex 14.1846 53.56 26.832
      vertex 14.1846 100.027 26.832
    endloop
  endfacet
  facet normal -0.0466567 0 -0.998911
    outer loop
      vertex 11.3478 53.56 26.9645
      vertex 14.1846 100.027 26.832
      vertex 14.1846 53.56 26.832
    endloop
  endfacet
  facet normal -0.0466567 0 -0.998911
    outer loop
      vertex 14.1846 100.027 26.832
      vertex 11.3478 53.56 26.9645
      vertex 11.3478 100.027 26.9645
    endloop
  endfacet
  facet normal -0.0362838 0 -0.999342
    outer loop
      vertex 8.51094 53.56 27.0675
      vertex 11.3478 100.027 26.9645
      vertex 11.3478 53.56 26.9645
    endloop
  endfacet
  facet normal -0.0362838 0 -0.999342
    outer loop
      vertex 11.3478 100.027 26.9645
      vertex 8.51094 53.56 27.0675
      vertex 8.51094 100.027 27.0675
    endloop
  endfacet
  facet normal -0.0259394 0 -0.999664
    outer loop
      vertex 5.67451 53.56 27.1411
      vertex 8.51094 100.027 27.0675
      vertex 8.51094 53.56 27.0675
    endloop
  endfacet
  facet normal -0.0259394 0 -0.999664
    outer loop
      vertex 8.51094 100.027 27.0675
      vertex 5.67451 53.56 27.1411
      vertex 5.67451 100.027 27.1411
    endloop
  endfacet
  facet normal -0.0155722 0 -0.999879
    outer loop
      vertex 2.83646 53.56 27.1853
      vertex 5.67451 100.027 27.1411
      vertex 5.67451 53.56 27.1411
    endloop
  endfacet
  facet normal -0.0155722 0 -0.999879
    outer loop
      vertex 5.67451 100.027 27.1411
      vertex 2.83646 53.56 27.1853
      vertex 2.83646 100.027 27.1853
    endloop
  endfacet
  facet normal -0.00518245 0 -0.999987
    outer loop
      vertex 0 53.56 27.2
      vertex 2.83646 100.027 27.1853
      vertex 2.83646 53.56 27.1853
    endloop
  endfacet
  facet normal -0.00518245 0 -0.999987
    outer loop
      vertex 2.83646 100.027 27.1853
      vertex 0 53.56 27.2
      vertex 0 100.027 27.2
    endloop
  endfacet
  facet normal 0.00518245 0 -0.999987
    outer loop
      vertex -2.83646 53.56 27.1853
      vertex 0 100.027 27.2
      vertex 0 53.56 27.2
    endloop
  endfacet
  facet normal 0.00518245 0 -0.999987
    outer loop
      vertex 0 100.027 27.2
      vertex -2.83646 53.56 27.1853
      vertex -2.83646 100.027 27.1853
    endloop
  endfacet
  facet normal 0.0155722 0 -0.999879
    outer loop
      vertex -5.67451 53.56 27.1411
      vertex -2.83646 100.027 27.1853
      vertex -2.83646 53.56 27.1853
    endloop
  endfacet
  facet normal 0.0155722 0 -0.999879
    outer loop
      vertex -2.83646 100.027 27.1853
      vertex -5.67451 53.56 27.1411
      vertex -5.67451 100.027 27.1411
    endloop
  endfacet
  facet normal 0.0259394 0 -0.999664
    outer loop
      vertex -8.51094 53.56 27.0675
      vertex -5.67451 100.027 27.1411
      vertex -5.67451 53.56 27.1411
    endloop
  endfacet
  facet normal 0.0259394 0 -0.999664
    outer loop
      vertex -5.67451 100.027 27.1411
      vertex -8.51094 53.56 27.0675
      vertex -8.51094 100.027 27.0675
    endloop
  endfacet
  facet normal 0.0362838 0 -0.999342
    outer loop
      vertex -11.3478 53.56 26.9645
      vertex -8.51094 100.027 27.0675
      vertex -8.51094 53.56 27.0675
    endloop
  endfacet
  facet normal 0.0362838 0 -0.999342
    outer loop
      vertex -8.51094 100.027 27.0675
      vertex -11.3478 53.56 26.9645
      vertex -11.3478 100.027 26.9645
    endloop
  endfacet
  facet normal 0.0466567 0 -0.998911
    outer loop
      vertex -14.1846 53.56 26.832
      vertex -11.3478 100.027 26.9645
      vertex -11.3478 53.56 26.9645
    endloop
  endfacet
  facet normal 0.0466567 0 -0.998911
    outer loop
      vertex -11.3478 100.027 26.9645
      vertex -14.1846 53.56 26.832
      vertex -14.1846 100.027 26.832
    endloop
  endfacet
  facet normal 0.0569766 0 -0.998376
    outer loop
      vertex -17.0215 53.56 26.6701
      vertex -14.1846 100.027 26.832
      vertex -14.1846 53.56 26.832
    endloop
  endfacet
  facet normal 0.0569766 0 -0.998376
    outer loop
      vertex -14.1846 100.027 26.832
      vertex -17.0215 53.56 26.6701
      vertex -17.0215 100.027 26.6701
    endloop
  endfacet
  facet normal 0.0672662 0 -0.997735
    outer loop
      vertex -19.8575 53.56 26.4789
      vertex -17.0215 100.027 26.6701
      vertex -17.0215 53.56 26.6701
    endloop
  endfacet
  facet normal 0.0672662 0 -0.997735
    outer loop
      vertex -17.0215 100.027 26.6701
      vertex -19.8575 53.56 26.4789
      vertex -19.8575 100.027 26.4789
    endloop
  endfacet
  facet normal 0.0776072 0 -0.996984
    outer loop
      vertex -22.6953 53.56 26.258
      vertex -19.8575 100.027 26.4789
      vertex -19.8575 53.56 26.4789
    endloop
  endfacet
  facet normal 0.0776072 0 -0.996984
    outer loop
      vertex -19.8575 100.027 26.4789
      vertex -22.6953 53.56 26.258
      vertex -22.6953 100.027 26.258
    endloop
  endfacet
  facet normal 0.0878846 0 -0.996131
    outer loop
      vertex -23.6372 53.56 26.1749
      vertex -22.6953 100.027 26.258
      vertex -22.6953 53.56 26.258
    endloop
  endfacet
  facet normal 0.0878846 0 -0.996131
    outer loop
      vertex -22.6953 100.027 26.258
      vertex -23.6372 53.56 26.1749
      vertex -23.6372 100.027 26.1749
    endloop
  endfacet
  facet normal 0.0385978 0 -0.999255
    outer loop
      vertex -23.9168 53.56 26.1641
      vertex -23.6372 100.027 26.1749
      vertex -23.6372 53.56 26.1749
    endloop
  endfacet
  facet normal 0.0385978 0 -0.999255
    outer loop
      vertex -23.6372 100.027 26.1749
      vertex -23.9168 53.56 26.1641
      vertex -23.9168 100.027 26.1641
    endloop
  endfacet
  facet normal -0.0592466 0 -0.998243
    outer loop
      vertex -24.2403 53.56 26.1833
      vertex -23.9168 100.027 26.1641
      vertex -23.9168 53.56 26.1641
    endloop
  endfacet
  facet normal -0.0592466 0 -0.998243
    outer loop
      vertex -23.9168 100.027 26.1641
      vertex -24.2403 53.56 26.1833
      vertex -24.2403 100.027 26.1833
    endloop
  endfacet
  facet normal -0.156787 0 -0.987632
    outer loop
      vertex -24.5603 53.56 26.2341
      vertex -24.2403 100.027 26.1833
      vertex -24.2403 53.56 26.1833
    endloop
  endfacet
  facet normal -0.156787 0 -0.987632
    outer loop
      vertex -24.2403 100.027 26.1833
      vertex -24.5603 53.56 26.2341
      vertex -24.5603 100.027 26.2341
    endloop
  endfacet
  facet normal -0.468765 0 0.883323
    outer loop
      vertex -24.0943 100.027 40.2073
      vertex -22.0558 53.56 41.2891
      vertex -22.0558 100.027 41.2891
    endloop
  endfacet
  facet normal -0.468765 0 0.883323
    outer loop
      vertex -22.0558 53.56 41.2891
      vertex -24.0943 100.027 40.2073
      vertex -24.0943 53.56 40.2073
    endloop
  endfacet
  facet normal -0.446212 0 0.894927
    outer loop
      vertex -22.0558 100.027 41.2891
      vertex -21.9485 53.56 41.3426
      vertex -21.9485 100.027 41.3426
    endloop
  endfacet
  facet normal -0.446212 0 0.894927
    outer loop
      vertex -21.9485 53.56 41.3426
      vertex -22.0558 100.027 41.2891
      vertex -22.0558 53.56 41.2891
    endloop
  endfacet
  facet normal -0.424076 0 0.905626
    outer loop
      vertex -21.9485 100.027 41.3426
      vertex -19.3265 53.56 42.5704
      vertex -19.3265 100.027 42.5704
    endloop
  endfacet
  facet normal -0.424076 0 0.905626
    outer loop
      vertex -19.3265 53.56 42.5704
      vertex -21.9485 100.027 41.3426
      vertex -21.9485 53.56 41.3426
    endloop
  endfacet
  facet normal -0.399859 0 0.916576
    outer loop
      vertex -19.3265 100.027 42.5704
      vertex -19.2112 53.56 42.6207
      vertex -19.2112 100.027 42.6207
    endloop
  endfacet
  facet normal -0.399859 0 0.916576
    outer loop
      vertex -19.2112 53.56 42.6207
      vertex -19.3265 100.027 42.5704
      vertex -19.3265 53.56 42.5704
    endloop
  endfacet
  facet normal -0.376008 0 0.926616
    outer loop
      vertex -19.2112 100.027 42.6207
      vertex -16.5911 53.56 43.6839
      vertex -16.5911 100.027 43.6839
    endloop
  endfacet
  facet normal -0.376008 0 0.926616
    outer loop
      vertex -16.5911 53.56 43.6839
      vertex -19.2112 100.027 42.6207
      vertex -19.2112 53.56 42.6207
    endloop
  endfacet
  facet normal -0.350957 0 0.936392
    outer loop
      vertex -16.5911 100.027 43.6839
      vertex -16.4681 53.56 43.73
      vertex -16.4681 100.027 43.73
    endloop
  endfacet
  facet normal -0.350957 0 0.936392
    outer loop
      vertex -16.4681 53.56 43.73
      vertex -16.5911 100.027 43.6839
      vertex -16.5911 53.56 43.6839
    endloop
  endfacet
  facet normal -0.324765 0 0.945795
    outer loop
      vertex -16.4681 100.027 43.73
      vertex -13.8497 53.56 44.6291
      vertex -13.8497 100.027 44.6291
    endloop
  endfacet
  facet normal -0.324765 0 0.945795
    outer loop
      vertex -13.8497 53.56 44.6291
      vertex -16.4681 100.027 43.73
      vertex -16.4681 53.56 43.73
    endloop
  endfacet
  facet normal -0.297482 0 0.954727
    outer loop
      vertex -13.8497 100.027 44.6291
      vertex -13.7194 53.56 44.6697
      vertex -13.7194 100.027 44.6697
    endloop
  endfacet
  facet normal -0.297482 0 0.954727
    outer loop
      vertex -13.7194 53.56 44.6697
      vertex -13.8497 100.027 44.6291
      vertex -13.8497 53.56 44.6291
    endloop
  endfacet
  facet normal -0.270471 0 0.962728
    outer loop
      vertex -13.7194 100.027 44.6697
      vertex -11.1032 53.56 45.4047
      vertex -11.1032 100.027 45.4047
    endloop
  endfacet
  facet normal -0.270471 0 0.962728
    outer loop
      vertex -11.1032 53.56 45.4047
      vertex -13.7194 100.027 44.6697
      vertex -13.7194 53.56 44.6697
    endloop
  endfacet
  facet normal -0.241868 0 0.970309
    outer loop
      vertex -11.1032 100.027 45.4047
      vertex -10.9664 53.56 45.4388
      vertex -10.9664 100.027 45.4388
    endloop
  endfacet
  facet normal -0.241868 0 0.970309
    outer loop
      vertex -10.9664 53.56 45.4388
      vertex -11.1032 100.027 45.4047
      vertex -11.1032 53.56 45.4047
    endloop
  endfacet
  facet normal -0.213476 0 0.976948
    outer loop
      vertex -10.9664 100.027 45.4388
      vertex -8.35146 53.56 46.0102
      vertex -8.35146 100.027 46.0102
    endloop
  endfacet
  facet normal -0.213476 0 0.976948
    outer loop
      vertex -8.35146 53.56 46.0102
      vertex -10.9664 100.027 45.4388
      vertex -10.9664 53.56 45.4388
    endloop
  endfacet
  facet normal -0.183834 0 0.982957
    outer loop
      vertex -8.35146 100.027 46.0102
      vertex -8.20923 53.56 46.0368
      vertex -8.20923 100.027 46.0368
    endloop
  endfacet
  facet normal -0.183834 0 0.982957
    outer loop
      vertex -8.20923 53.56 46.0368
      vertex -8.35146 100.027 46.0102
      vertex -8.35146 53.56 46.0102
    endloop
  endfacet
  facet normal -0.154235 0 0.988034
    outer loop
      vertex -8.20923 100.027 46.0368
      vertex -5.59557 53.56 46.4448
      vertex -5.59557 100.027 46.4448
    endloop
  endfacet
  facet normal -0.154235 0 0.988034
    outer loop
      vertex -5.59557 53.56 46.4448
      vertex -8.20923 100.027 46.0368
      vertex -8.20923 53.56 46.0368
    endloop
  endfacet
  facet normal -0.123384 0 0.992359
    outer loop
      vertex -5.59557 100.027 46.4448
      vertex -5.44919 53.56 46.463
      vertex -5.44919 100.027 46.463
    endloop
  endfacet
  facet normal -0.123384 0 0.992359
    outer loop
      vertex -5.44919 53.56 46.463
      vertex -5.59557 100.027 46.4448
      vertex -5.59557 53.56 46.4448
    endloop
  endfacet
  facet normal -0.0932364 0 0.995644
    outer loop
      vertex -5.44919 100.027 46.463
      vertex -2.83611 53.56 46.7077
      vertex -2.83611 100.027 46.7077
    endloop
  endfacet
  facet normal -0.0932364 0 0.995644
    outer loop
      vertex -2.83611 53.56 46.7077
      vertex -5.44919 100.027 46.463
      vertex -5.44919 53.56 46.463
    endloop
  endfacet
  facet normal -0.0623366 0 0.998055
    outer loop
      vertex -2.83611 100.027 46.7077
      vertex -2.68721 53.56 46.717
      vertex -2.68721 100.027 46.717
    endloop
  endfacet
  facet normal -0.0623366 0 0.998055
    outer loop
      vertex -2.68721 53.56 46.717
      vertex -2.83611 100.027 46.7077
      vertex -2.83611 53.56 46.7077
    endloop
  endfacet
  facet normal -0.0311832 0 0.999514
    outer loop
      vertex -2.68721 100.027 46.717
      vertex -0.0748901 53.56 46.7985
      vertex -0.0748901 100.027 46.7985
    endloop
  endfacet
  facet normal -0.0311832 0 0.999514
    outer loop
      vertex -0.0748901 53.56 46.7985
      vertex -2.68721 100.027 46.717
      vertex -2.68721 53.56 46.717
    endloop
  endfacet
  facet normal -0 0 1
    outer loop
      vertex -0.0748901 100.027 46.7985
      vertex 0.0748901 53.56 46.7985
      vertex 0.0748901 100.027 46.7985
    endloop
  endfacet
  facet normal 0 0 1
    outer loop
      vertex 0.0748901 53.56 46.7985
      vertex -0.0748901 100.027 46.7985
      vertex -0.0748901 53.56 46.7985
    endloop
  endfacet
  facet normal 0.0311832 0 0.999514
    outer loop
      vertex 0.0748901 100.027 46.7985
      vertex 2.68721 53.56 46.717
      vertex 2.68721 100.027 46.717
    endloop
  endfacet
  facet normal 0.0311832 0 0.999514
    outer loop
      vertex 2.68721 53.56 46.717
      vertex 0.0748901 100.027 46.7985
      vertex 0.0748901 53.56 46.7985
    endloop
  endfacet
  facet normal 0.707107 -0 0.707107
    outer loop
      vertex -11.5404 9.36 47.0918
      vertex -10.2676 22.86 45.819
      vertex -11.5404 22.86 47.0918
    endloop
  endfacet
  facet normal 0.707107 0 0.707107
    outer loop
      vertex -10.2676 22.86 45.819
      vertex -11.5404 9.36 47.0918
      vertex -10.2676 9.36 45.819
    endloop
  endfacet
  facet normal -0.707115 0 -0.707098
    outer loop
      vertex -9.41903 9.36 46.6676
      vertex -10.6918 22.86 47.9404
      vertex -9.41903 22.86 46.6676
    endloop
  endfacet
  facet normal -0.707115 -0 -0.707098
    outer loop
      vertex -10.6918 22.86 47.9404
      vertex -9.41903 9.36 46.6676
      vertex -10.6918 9.36 47.9404
    endloop
  endfacet
  facet normal 0 -1 0
    outer loop
      vertex -9.86414 22.86 46.2641
      vertex -11.1369 22.86 47.5369
      vertex -11.5404 22.86 47.0918
    endloop
  endfacet
  facet normal 0 -1 0
    outer loop
      vertex -11.1369 22.86 47.5369
      vertex -9.86414 22.86 46.2641
      vertex -10.6918 22.86 47.9404
    endloop
  endfacet
  facet normal 0 -1 0
    outer loop
      vertex -10.6918 22.86 47.9404
      vertex -9.4584 22.86 46.6319
      vertex -9.41903 22.86 46.6676
    endloop
  endfacet
  facet normal 0 -1 0
    outer loop
      vertex -10.6918 22.86 47.9404
      vertex -9.86414 22.86 46.2641
      vertex -9.4584 22.86 46.6319
    endloop
  endfacet
  facet normal -0 -1 0
    outer loop
      vertex -9.86414 22.86 46.2641
      vertex -11.5404 22.86 47.0918
      vertex -10.2676 22.86 45.819
    endloop
  endfacet
  facet normal 0.707115 0 -0.707098
    outer loop
      vertex 10.6918 9.36 47.9404
      vertex 9.41903 22.86 46.6676
      vertex 10.6918 22.86 47.9404
    endloop
  endfacet
  facet normal 0.707115 0 -0.707098
    outer loop
      vertex 9.41903 22.86 46.6676
      vertex 10.6918 9.36 47.9404
      vertex 9.41903 9.36 46.6676
    endloop
  endfacet
  facet normal -0.707107 0 0.707107
    outer loop
      vertex 10.2676 9.36 45.819
      vertex 11.5404 22.86 47.0918
      vertex 10.2676 22.86 45.819
    endloop
  endfacet
  facet normal -0.707107 0 0.707107
    outer loop
      vertex 11.5404 22.86 47.0918
      vertex 10.2676 9.36 45.819
      vertex 11.5404 9.36 47.0918
    endloop
  endfacet
  facet normal 0 -1 0
    outer loop
      vertex 9.86414 22.86 46.2641
      vertex 11.1369 22.86 47.5369
      vertex 10.6918 22.86 47.9404
    endloop
  endfacet
  facet normal 0 -1 0
    outer loop
      vertex 9.4584 22.86 46.6319
      vertex 10.6918 22.86 47.9404
      vertex 9.41903 22.86 46.6676
    endloop
  endfacet
  facet normal 0 -1 0
    outer loop
      vertex 9.86414 22.86 46.2641
      vertex 10.6918 22.86 47.9404
      vertex 9.4584 22.86 46.6319
    endloop
  endfacet
  facet normal 0 -1 -0
    outer loop
      vertex 11.1369 22.86 47.5369
      vertex 9.86414 22.86 46.2641
      vertex 11.5404 22.86 47.0918
    endloop
  endfacet
  facet normal 0 -1 0
    outer loop
      vertex 11.5404 22.86 47.0918
      vertex 9.86414 22.86 46.2641
      vertex 10.2676 22.86 45.819
    endloop
  endfacet
  facet normal -0.707107 0 -0.707107
    outer loop
      vertex 10.2676 9.36 26.981
      vertex 11.5404 22.86 25.7082
      vertex 11.5404 9.36 25.7082
    endloop
  endfacet
  facet normal -0.707107 0 -0.707107
    outer loop
      vertex 11.5404 22.86 25.7082
      vertex 10.2676 9.36 26.981
      vertex 10.2676 22.86 26.981
    endloop
  endfacet
  facet normal 0 -1 0
    outer loop
      vertex 9.86414 22.86 26.5359
      vertex 11.5404 22.86 25.7082
      vertex 10.2676 22.86 26.981
    endloop
  endfacet
  facet normal 0 -1 0
    outer loop
      vertex 10.6918 22.86 24.8596
      vertex 9.86414 22.86 26.5359
      vertex 9.41903 22.86 26.1324
    endloop
  endfacet
  facet normal 0 -1 0
    outer loop
      vertex 9.86414 22.86 26.5359
      vertex 11.1369 22.86 25.2631
      vertex 11.5404 22.86 25.7082
    endloop
  endfacet
  facet normal 0 -1 0
    outer loop
      vertex 9.86414 22.86 26.5359
      vertex 10.6918 22.86 24.8596
      vertex 11.1369 22.86 25.2631
    endloop
  endfacet
  facet normal 0.707115 0 0.707098
    outer loop
      vertex 9.41903 22.86 26.1324
      vertex 10.6918 9.36 24.8596
      vertex 10.6918 22.86 24.8596
    endloop
  endfacet
  facet normal 0.707115 0 0.707098
    outer loop
      vertex 10.6918 9.36 24.8596
      vertex 9.41903 22.86 26.1324
      vertex 9.41903 9.36 26.1324
    endloop
  endfacet
  facet normal 0.707107 0 -0.707107
    outer loop
      vertex -11.5404 9.36 25.7082
      vertex -10.2676 22.86 26.981
      vertex -10.2676 9.36 26.981
    endloop
  endfacet
  facet normal 0.707107 0 -0.707107
    outer loop
      vertex -10.2676 22.86 26.981
      vertex -11.5404 9.36 25.7082
      vertex -11.5404 22.86 25.7082
    endloop
  endfacet
  facet normal -0.707115 0 0.707098
    outer loop
      vertex -10.6918 22.86 24.8596
      vertex -9.41903 9.36 26.1324
      vertex -9.41903 22.86 26.1324
    endloop
  endfacet
  facet normal -0.707115 0 0.707098
    outer loop
      vertex -9.41903 9.36 26.1324
      vertex -10.6918 22.86 24.8596
      vertex -10.6918 9.36 24.8596
    endloop
  endfacet
  facet normal 0 -1 0
    outer loop
      vertex -11.5404 22.86 25.7082
      vertex -9.86414 22.86 26.5359
      vertex -10.2676 22.86 26.981
    endloop
  endfacet
  facet normal 0 -1 0
    outer loop
      vertex -11.1369 22.86 25.2631
      vertex -9.86414 22.86 26.5359
      vertex -11.5404 22.86 25.7082
    endloop
  endfacet
  facet normal 0 -1 0
    outer loop
      vertex -10.6918 22.86 24.8596
      vertex -9.86414 22.86 26.5359
      vertex -11.1369 22.86 25.2631
    endloop
  endfacet
  facet normal 0 -1 -0
    outer loop
      vertex -9.86414 22.86 26.5359
      vertex -10.6918 22.86 24.8596
      vertex -9.41903 22.86 26.1324
    endloop
  endfacet
  facet normal -0.998794 0 0.0490887
    outer loop
      vertex 13.8828 9.36 35.0327
      vertex 13.95 34.86 36.4
      vertex 13.8828 34.86 35.0327
    endloop
  endfacet
  facet normal -0.998794 0 0.0490887
    outer loop
      vertex 13.95 34.86 36.4
      vertex 13.8828 9.36 35.0327
      vertex 13.95 9.36 36.4
    endloop
  endfacet
  facet normal 0.998794 -0 0.0490887
    outer loop
      vertex -13.95 9.36 36.4
      vertex -13.8828 34.86 35.0327
      vertex -13.95 34.86 36.4
    endloop
  endfacet
  facet normal 0.998794 0 0.0490887
    outer loop
      vertex -13.8828 34.86 35.0327
      vertex -13.95 9.36 36.4
      vertex -13.8828 9.36 35.0327
    endloop
  endfacet
  facet normal 0.0490873 0 0.998794
    outer loop
      vertex -1.36734 35.86 22.5172
      vertex 0 9.36 22.45
      vertex 0 35.86 22.45
    endloop
  endfacet
  facet normal 0.0490873 0 0.998794
    outer loop
      vertex 0 9.36 22.45
      vertex -1.36734 35.86 22.5172
      vertex -1.36734 9.36 22.5172
    endloop
  endfacet
  facet normal -0.0490873 0 -0.998794
    outer loop
      vertex 0 35.36 50.35
      vertex 1.36734 35.86 50.2828
      vertex 1.36734 35.36 50.2828
    endloop
  endfacet
  facet normal -0.0490873 0 -0.998794
    outer loop
      vertex 1.36734 35.86 50.2828
      vertex 0 35.36 50.35
      vertex 0 35.86 50.35
    endloop
  endfacet
  facet normal -0.671628 0 0.740888
    outer loop
      vertex 9.86414 34.86 26.5359
      vertex 9.41903 22.86 26.1324
      vertex 9.86414 22.86 26.5359
    endloop
  endfacet
  facet normal -0.671578 -3.41432e-06 0.740934
    outer loop
      vertex 8.84979 34.86 25.6165
      vertex 9.41903 22.86 26.1324
      vertex 9.86414 34.86 26.5359
    endloop
  endfacet
  facet normal -0.671538 0 0.74097
    outer loop
      vertex 8.84979 9.36 25.6165
      vertex 9.41903 22.86 26.1324
      vertex 8.84979 34.86 25.6165
    endloop
  endfacet
  facet normal -0.671538 0 0.74097
    outer loop
      vertex 9.41903 22.86 26.1324
      vertex 8.84979 9.36 25.6165
      vertex 9.41903 9.36 26.1324
    endloop
  endfacet
  facet normal 0.671538 0 0.74097
    outer loop
      vertex -8.84979 34.86 25.6165
      vertex -9.41903 22.86 26.1324
      vertex -8.84979 9.36 25.6165
    endloop
  endfacet
  facet normal 0.671578 -3.41432e-06 0.740934
    outer loop
      vertex -9.86414 34.86 26.5359
      vertex -9.41903 22.86 26.1324
      vertex -8.84979 34.86 25.6165
    endloop
  endfacet
  facet normal 0.671628 0 0.740888
    outer loop
      vertex -9.41903 22.86 26.1324
      vertex -9.86414 34.86 26.5359
      vertex -9.86414 22.86 26.5359
    endloop
  endfacet
  facet normal 0.671538 0 0.74097
    outer loop
      vertex -8.84979 9.36 25.6165
      vertex -9.41903 22.86 26.1324
      vertex -9.41903 9.36 26.1324
    endloop
  endfacet
  facet normal 0.427545 0 0.903994
    outer loop
      vertex -6.57598 34.86 24.0972
      vertex -5.33843 9.36 23.5119
      vertex -5.33843 34.86 23.5119
    endloop
  endfacet
  facet normal 0.427545 0 0.903994
    outer loop
      vertex -5.33843 9.36 23.5119
      vertex -6.57598 34.86 24.0972
      vertex -6.57598 9.36 24.0972
    endloop
  endfacet
  facet normal -0.904001 0 0.42753
    outer loop
      vertex 12.3028 9.36 29.824
      vertex 12.8881 34.86 31.0616
      vertex 12.3028 34.86 29.824
    endloop
  endfacet
  facet normal -0.904001 0 0.42753
    outer loop
      vertex 12.8881 34.86 31.0616
      vertex 12.3028 9.36 29.824
      vertex 12.8881 9.36 31.0616
    endloop
  endfacet
  facet normal -0.336892 0 0.941543
    outer loop
      vertex 4.04947 34.86 23.0507
      vertex 5.33843 9.36 23.5119
      vertex 5.33843 34.86 23.5119
    endloop
  endfacet
  facet normal -0.336892 0 0.941543
    outer loop
      vertex 5.33843 9.36 23.5119
      vertex 4.04947 34.86 23.0507
      vertex 4.04947 9.36 23.0507
    endloop
  endfacet
  facet normal -0.514103 0 0.857729
    outer loop
      vertex 6.57598 34.86 24.0972
      vertex 7.7502 9.36 24.801
      vertex 7.7502 34.86 24.801
    endloop
  endfacet
  facet normal -0.514103 0 0.857729
    outer loop
      vertex 7.7502 9.36 24.801
      vertex 6.57598 34.86 24.0972
      vertex 6.57598 9.36 24.0972
    endloop
  endfacet
  facet normal 0.857725 -0 0.514109
    outer loop
      vertex -12.3028 9.36 29.824
      vertex -11.599 34.86 28.6498
      vertex -12.3028 34.86 29.824
    endloop
  endfacet
  facet normal 0.857725 0 0.514109
    outer loop
      vertex -11.599 34.86 28.6498
      vertex -12.3028 9.36 29.824
      vertex -11.599 9.36 28.6498
    endloop
  endfacet
  facet normal 0.803214 -0 0.59569
    outer loop
      vertex -11.599 9.36 28.6498
      vertex -10.7835 34.86 27.5502
      vertex -11.599 34.86 28.6498
    endloop
  endfacet
  facet normal 0.803214 0 0.59569
    outer loop
      vertex -10.7835 34.86 27.5502
      vertex -11.599 9.36 28.6498
      vertex -10.7835 9.36 27.5502
    endloop
  endfacet
  facet normal 0.595694 0 0.803212
    outer loop
      vertex -8.84979 34.86 25.6165
      vertex -7.7502 9.36 24.801
      vertex -7.7502 34.86 24.801
    endloop
  endfacet
  facet normal 0.595694 0 0.803212
    outer loop
      vertex -7.7502 9.36 24.801
      vertex -8.84979 34.86 25.6165
      vertex -8.84979 9.36 25.6165
    endloop
  endfacet
  facet normal 0.243009 -0 0.970024
    outer loop
      vertex -2.72151 35.06 22.718
      vertex -2.72151 35.86 22.718
      vertex -3.58452 35.86 22.9342
    endloop
  endfacet
  facet normal 0.243024 0 0.97002
    outer loop
      vertex -4.04947 34.86 23.0507
      vertex -2.72151 9.36 22.718
      vertex -2.72151 34.86 22.718
    endloop
  endfacet
  facet normal 0.243024 0 0.97002
    outer loop
      vertex -2.72151 9.36 22.718
      vertex -4.04947 34.86 23.0507
      vertex -4.04947 9.36 23.0507
    endloop
  endfacet
  facet normal -0.970022 0 0.243017
    outer loop
      vertex 13.3493 9.36 32.3505
      vertex 13.682 34.86 33.6785
      vertex 13.3493 34.86 32.3505
    endloop
  endfacet
  facet normal -0.970022 0 0.243017
    outer loop
      vertex 13.682 34.86 33.6785
      vertex 13.3493 9.36 32.3505
      vertex 13.682 9.36 33.6785
    endloop
  endfacet
  facet normal -0.989185 0 0.146676
    outer loop
      vertex 13.682 9.36 33.6785
      vertex 13.8828 34.86 35.0327
      vertex 13.682 34.86 33.6785
    endloop
  endfacet
  facet normal -0.989185 0 0.146676
    outer loop
      vertex 13.8828 34.86 35.0327
      vertex 13.682 9.36 33.6785
      vertex 13.8828 9.36 35.0327
    endloop
  endfacet
  facet normal -0.941538 0 0.336906
    outer loop
      vertex 12.8881 9.36 31.0616
      vertex 13.3493 34.86 32.3505
      vertex 12.8881 34.86 31.0616
    endloop
  endfacet
  facet normal -0.941538 0 0.336906
    outer loop
      vertex 13.3493 34.86 32.3505
      vertex 12.8881 9.36 31.0616
      vertex 13.3493 9.36 32.3505
    endloop
  endfacet
  facet normal -0.803214 0 0.59569
    outer loop
      vertex 10.7835 9.36 27.5502
      vertex 11.599 34.86 28.6498
      vertex 10.7835 34.86 27.5502
    endloop
  endfacet
  facet normal -0.803214 0 0.59569
    outer loop
      vertex 11.599 34.86 28.6498
      vertex 10.7835 9.36 27.5502
      vertex 11.599 9.36 28.6498
    endloop
  endfacet
  facet normal -0.740914 0 0.6716
    outer loop
      vertex 10.2676 22.86 26.981
      vertex 9.86414 34.86 26.5359
      vertex 9.86414 22.86 26.5359
    endloop
  endfacet
  facet normal -0.740932 -1.36004e-06 0.67158
    outer loop
      vertex 9.86414 34.86 26.5359
      vertex 10.2676 22.86 26.981
      vertex 10.7835 34.86 27.5502
    endloop
  endfacet
  facet normal -0.740946 0 0.671564
    outer loop
      vertex 10.7835 9.36 27.5502
      vertex 10.2676 22.86 26.981
      vertex 10.2676 9.36 26.981
    endloop
  endfacet
  facet normal -0.740946 0 0.671564
    outer loop
      vertex 10.2676 22.86 26.981
      vertex 10.7835 9.36 27.5502
      vertex 10.7835 34.86 27.5502
    endloop
  endfacet
  facet normal -0.857725 0 0.514109
    outer loop
      vertex 11.599 9.36 28.6498
      vertex 12.3028 34.86 29.824
      vertex 11.599 34.86 28.6498
    endloop
  endfacet
  facet normal -0.857725 0 0.514109
    outer loop
      vertex 12.3028 34.86 29.824
      vertex 11.599 9.36 28.6498
      vertex 12.3028 9.36 29.824
    endloop
  endfacet
  facet normal -0.146679 0 0.989184
    outer loop
      vertex 1.36734 35.86 22.5172
      vertex 2.72151 35.06 22.718
      vertex 2.72151 35.86 22.718
    endloop
  endfacet
  facet normal -0.146679 0 0.989184
    outer loop
      vertex 2.72151 35.06 22.718
      vertex 1.36734 35.86 22.5172
      vertex 2.72151 34.86 22.718
    endloop
  endfacet
  facet normal -0.146679 0 0.989184
    outer loop
      vertex 1.36734 9.36 22.5172
      vertex 2.72151 34.86 22.718
      vertex 1.36734 35.86 22.5172
    endloop
  endfacet
  facet normal -0.146679 0 0.989184
    outer loop
      vertex 2.72151 34.86 22.718
      vertex 1.36734 9.36 22.5172
      vertex 2.72151 9.36 22.718
    endloop
  endfacet
  facet normal -0.0490873 0 0.998794
    outer loop
      vertex 0 35.86 22.45
      vertex 1.36734 9.36 22.5172
      vertex 1.36734 35.86 22.5172
    endloop
  endfacet
  facet normal -0.0490873 0 0.998794
    outer loop
      vertex 1.36734 9.36 22.5172
      vertex 0 35.86 22.45
      vertex 0 9.36 22.45
    endloop
  endfacet
  facet normal -0.595694 0 0.803212
    outer loop
      vertex 7.7502 34.86 24.801
      vertex 8.84979 9.36 25.6165
      vertex 8.84979 34.86 25.6165
    endloop
  endfacet
  facet normal -0.595694 0 0.803212
    outer loop
      vertex 8.84979 9.36 25.6165
      vertex 7.7502 34.86 24.801
      vertex 7.7502 9.36 24.801
    endloop
  endfacet
  facet normal 0.970022 -0 0.243017
    outer loop
      vertex -13.682 9.36 33.6785
      vertex -13.3493 34.86 32.3505
      vertex -13.682 34.86 33.6785
    endloop
  endfacet
  facet normal 0.970022 0 0.243017
    outer loop
      vertex -13.3493 34.86 32.3505
      vertex -13.682 9.36 33.6785
      vertex -13.3493 9.36 32.3505
    endloop
  endfacet
  facet normal 0.904001 -0 0.42753
    outer loop
      vertex -12.8881 9.36 31.0616
      vertex -12.3028 34.86 29.824
      vertex -12.8881 34.86 31.0616
    endloop
  endfacet
  facet normal 0.904001 0 0.42753
    outer loop
      vertex -12.3028 34.86 29.824
      vertex -12.8881 9.36 31.0616
      vertex -12.3028 9.36 29.824
    endloop
  endfacet
  facet normal 0.989185 -0 0.146676
    outer loop
      vertex -13.8828 9.36 35.0327
      vertex -13.682 34.86 33.6785
      vertex -13.8828 34.86 35.0327
    endloop
  endfacet
  facet normal 0.989185 0 0.146676
    outer loop
      vertex -13.682 34.86 33.6785
      vertex -13.8828 9.36 35.0327
      vertex -13.682 9.36 33.6785
    endloop
  endfacet
  facet normal 0 -1 0
    outer loop
      vertex -2.72151 35.86 22.718
      vertex -2.3222 35.86 22.747
      vertex -3.58452 35.86 22.9342
    endloop
  endfacet
  facet normal 0 -1 0
    outer loop
      vertex -2.72151 35.86 22.718
      vertex -2.31601 35.86 22.7466
      vertex -2.3222 35.86 22.747
    endloop
  endfacet
  facet normal 0 -1 0
    outer loop
      vertex -1.36734 35.86 22.5172
      vertex -2.31601 35.86 22.7466
      vertex -2.72151 35.86 22.718
    endloop
  endfacet
  facet normal 0 -1 0
    outer loop
      vertex -2.31601 35.86 22.7466
      vertex -1.36734 35.86 22.5172
      vertex -1.00625 35.86 22.6823
    endloop
  endfacet
  facet normal 0 -1 0
    outer loop
      vertex 2.32634 35.86 22.7476
      vertex 2.72151 35.86 22.718
      vertex 3.58428 35.86 22.9342
    endloop
  endfacet
  facet normal 0 -1 0
    outer loop
      vertex 2.32019 35.86 22.7468
      vertex 2.72151 35.86 22.718
      vertex 2.32634 35.86 22.7476
    endloop
  endfacet
  facet normal 0 -1 0
    outer loop
      vertex 1.36734 35.86 22.5172
      vertex 2.32019 35.86 22.7468
      vertex 1.01042 35.86 22.6824
    endloop
  endfacet
  facet normal 0 -1 0
    outer loop
      vertex 1.36734 35.86 22.5172
      vertex 1.01042 35.86 22.6824
      vertex 1.00423 35.86 22.6823
    endloop
  endfacet
  facet normal 0 -1 0
    outer loop
      vertex 0 35.86 22.45
      vertex -1.00625 35.86 22.6823
      vertex -1.36734 35.86 22.5172
    endloop
  endfacet
  facet normal 0 -1 0
    outer loop
      vertex -1.00625 35.86 22.6823
      vertex 0 35.86 22.45
      vertex 1.00423 35.86 22.6823
    endloop
  endfacet
  facet normal 0 -1 -0
    outer loop
      vertex 2.32019 35.86 22.7468
      vertex 1.36734 35.86 22.5172
      vertex 2.72151 35.86 22.718
    endloop
  endfacet
  facet normal 0 -1 -0
    outer loop
      vertex 1.00423 35.86 22.6823
      vertex 0 35.86 22.45
      vertex 1.36734 35.86 22.5172
    endloop
  endfacet
  facet normal 0 -1 0
    outer loop
      vertex -0.109606 35.86 50.1213
      vertex 0 35.86 50.35
      vertex -1.36734 35.86 50.2828
    endloop
  endfacet
  facet normal 0 -1 0
    outer loop
      vertex 0.00197047 35.86 50.1247
      vertex 0 35.86 50.35
      vertex -0.00197047 35.86 50.1247
    endloop
  endfacet
  facet normal 0 -1 0
    outer loop
      vertex 0 35.86 50.35
      vertex -0.109606 35.86 50.1213
      vertex -0.00197047 35.86 50.1247
    endloop
  endfacet
  facet normal 0 -1 0
    outer loop
      vertex -1.53483 35.86 50.0462
      vertex -1.36734 35.86 50.2828
      vertex -2.72151 35.86 50.082
    endloop
  endfacet
  facet normal 0 -1 -0
    outer loop
      vertex -1.36734 35.86 50.2828
      vertex -1.41937 35.86 50.057
      vertex -0.109606 35.86 50.1213
    endloop
  endfacet
  facet normal 0 -1 0
    outer loop
      vertex -1.36734 35.86 50.2828
      vertex -1.42329 35.86 50.0567
      vertex -1.41937 35.86 50.057
    endloop
  endfacet
  facet normal 0 -1 0
    outer loop
      vertex -1.36734 35.86 50.2828
      vertex -1.53098 35.86 50.0466
      vertex -1.42329 35.86 50.0567
    endloop
  endfacet
  facet normal 0 -1 0
    outer loop
      vertex -1.36734 35.86 50.2828
      vertex -1.53483 35.86 50.0462
      vertex -1.53098 35.86 50.0466
    endloop
  endfacet
  facet normal 0 -1 -0
    outer loop
      vertex -2.72151 35.86 50.082
      vertex -2.83198 35.86 49.8537
      vertex -1.53483 35.86 50.0462
    endloop
  endfacet
  facet normal 0 -1 0
    outer loop
      vertex -2.72151 35.86 50.082
      vertex -2.93975 35.86 49.8369
      vertex -2.83198 35.86 49.8537
    endloop
  endfacet
  facet normal 0 -1 0
    outer loop
      vertex -2.72151 35.86 50.082
      vertex -2.9435 35.86 49.8362
      vertex -2.93975 35.86 49.8369
    endloop
  endfacet
  facet normal 0 -1 0
    outer loop
      vertex -2.72151 35.86 50.082
      vertex -3.0514 35.86 49.8126
      vertex -2.9435 35.86 49.8362
    endloop
  endfacet
  facet normal 0 -1 0
    outer loop
      vertex -2.72151 35.86 50.082
      vertex -3.055 35.86 49.8117
      vertex -3.0514 35.86 49.8126
    endloop
  endfacet
  facet normal 0 -1 0
    outer loop
      vertex -4.04947 35.86 49.7493
      vertex -3.055 35.86 49.8117
      vertex -2.72151 35.86 50.082
    endloop
  endfacet
  facet normal 0 -1 -0
    outer loop
      vertex -4.04947 35.86 49.7493
      vertex -4.32704 35.86 49.4931
      vertex -3.055 35.86 49.8117
    endloop
  endfacet
  facet normal 0 -1 0
    outer loop
      vertex -4.04947 35.86 49.7493
      vertex -4.43509 35.86 49.4628
      vertex -4.32704 35.86 49.4931
    endloop
  endfacet
  facet normal 0 -1 0
    outer loop
      vertex -4.04947 35.86 49.7493
      vertex -4.43852 35.86 49.4617
      vertex -4.43509 35.86 49.4628
    endloop
  endfacet
  facet normal 0 -1 0
    outer loop
      vertex -4.04947 35.86 49.7493
      vertex -4.54677 35.86 49.4245
      vertex -4.43852 35.86 49.4617
    endloop
  endfacet
  facet normal 0 -1 0
    outer loop
      vertex -5.33843 35.86 49.2881
      vertex -4.54677 35.86 49.4245
      vertex -4.04947 35.86 49.7493
    endloop
  endfacet
  facet normal 0 -1 -0
    outer loop
      vertex -5.33843 35.86 49.2881
      vertex -5.78146 35.86 48.9827
      vertex -4.54677 35.86 49.4245
    endloop
  endfacet
  facet normal 0 -1 0
    outer loop
      vertex -5.33843 35.86 49.2881
      vertex -5.78469 35.86 48.9815
      vertex -5.78146 35.86 48.9827
    endloop
  endfacet
  facet normal 0 -1 0
    outer loop
      vertex -5.33843 35.86 49.2881
      vertex -5.89313 35.86 48.9375
      vertex -5.78469 35.86 48.9815
    endloop
  endfacet
  facet normal 0 -1 0
    outer loop
      vertex -5.33843 35.86 49.2881
      vertex -5.89616 35.86 48.9362
      vertex -5.89313 35.86 48.9375
    endloop
  endfacet
  facet normal 0 -1 0
    outer loop
      vertex -5.33843 35.86 49.2881
      vertex -6.00481 35.86 48.8853
      vertex -5.89616 35.86 48.9362
    endloop
  endfacet
  facet normal 0 -1 0
    outer loop
      vertex -6.57598 35.86 48.7028
      vertex -6.00481 35.86 48.8853
      vertex -5.33843 35.86 49.2881
    endloop
  endfacet
  facet normal 0 -1 -0
    outer loop
      vertex -6.57598 35.86 48.7028
      vertex -7.19025 35.86 48.3247
      vertex -6.00481 35.86 48.8853
    endloop
  endfacet
  facet normal 0 -1 0
    outer loop
      vertex -6.57598 35.86 48.7028
      vertex -7.19307 35.86 48.3233
      vertex -7.19025 35.86 48.3247
    endloop
  endfacet
  facet normal 0 -1 0
    outer loop
      vertex -6.57598 35.86 48.7028
      vertex -7.27601 35.86 48.2792
      vertex -7.19307 35.86 48.3233
    endloop
  endfacet
  facet normal 0 -1 0
    outer loop
      vertex -7.7502 35.86 47.999
      vertex -7.27601 35.86 48.2792
      vertex -6.57598 35.86 48.7028
    endloop
  endfacet
  facet normal 0 -1 0
    outer loop
      vertex -7.27601 35.86 48.2792
      vertex -7.7502 35.86 47.999
      vertex -7.77817 35.86 47.9783
    endloop
  endfacet
  facet normal 0 -1 0
    outer loop
      vertex 0.109606 35.86 50.1213
      vertex 0 35.86 50.35
      vertex 0.00197047 35.86 50.1247
    endloop
  endfacet
  facet normal 0 -1 0
    outer loop
      vertex 0 35.86 50.35
      vertex 0.109606 35.86 50.1213
      vertex 1.36734 35.86 50.2828
    endloop
  endfacet
  facet normal 0 -1 0
    outer loop
      vertex 1.41937 35.86 50.057
      vertex 1.36734 35.86 50.2828
      vertex 0.109606 35.86 50.1213
    endloop
  endfacet
  facet normal 0 -1 0
    outer loop
      vertex 1.42329 35.86 50.0567
      vertex 1.36734 35.86 50.2828
      vertex 1.41937 35.86 50.057
    endloop
  endfacet
  facet normal 0 -1 0
    outer loop
      vertex 1.53098 35.86 50.0466
      vertex 1.36734 35.86 50.2828
      vertex 1.42329 35.86 50.0567
    endloop
  endfacet
  facet normal 0 -1 0
    outer loop
      vertex 1.53483 35.86 50.0462
      vertex 1.36734 35.86 50.2828
      vertex 1.53098 35.86 50.0466
    endloop
  endfacet
  facet normal 0 -1 0
    outer loop
      vertex 1.36734 35.86 50.2828
      vertex 1.53483 35.86 50.0462
      vertex 2.72151 35.86 50.082
    endloop
  endfacet
  facet normal 0 -1 0
    outer loop
      vertex 2.83198 35.86 49.8537
      vertex 2.72151 35.86 50.082
      vertex 1.53483 35.86 50.0462
    endloop
  endfacet
  facet normal 0 -1 0
    outer loop
      vertex 2.93975 35.86 49.8369
      vertex 2.72151 35.86 50.082
      vertex 2.83198 35.86 49.8537
    endloop
  endfacet
  facet normal 0 -1 0
    outer loop
      vertex 2.9435 35.86 49.8362
      vertex 2.72151 35.86 50.082
      vertex 2.93975 35.86 49.8369
    endloop
  endfacet
  facet normal 0 -1 0
    outer loop
      vertex 3.0514 35.86 49.8126
      vertex 2.72151 35.86 50.082
      vertex 2.9435 35.86 49.8362
    endloop
  endfacet
  facet normal 0 -1 0
    outer loop
      vertex 3.055 35.86 49.8117
      vertex 2.72151 35.86 50.082
      vertex 3.0514 35.86 49.8126
    endloop
  endfacet
  facet normal 0 -1 0
    outer loop
      vertex 3.055 35.86 49.8117
      vertex 4.04947 35.86 49.7493
      vertex 2.72151 35.86 50.082
    endloop
  endfacet
  facet normal 0 -1 0
    outer loop
      vertex 4.32704 35.86 49.4931
      vertex 4.04947 35.86 49.7493
      vertex 3.055 35.86 49.8117
    endloop
  endfacet
  facet normal 0 -1 0
    outer loop
      vertex 4.43509 35.86 49.4628
      vertex 4.04947 35.86 49.7493
      vertex 4.32704 35.86 49.4931
    endloop
  endfacet
  facet normal 0 -1 0
    outer loop
      vertex 4.43852 35.86 49.4617
      vertex 4.04947 35.86 49.7493
      vertex 4.43509 35.86 49.4628
    endloop
  endfacet
  facet normal 0 -1 0
    outer loop
      vertex 4.54677 35.86 49.4245
      vertex 4.04947 35.86 49.7493
      vertex 4.43852 35.86 49.4617
    endloop
  endfacet
  facet normal 0 -1 0
    outer loop
      vertex 4.54677 35.86 49.4245
      vertex 5.33843 35.86 49.2881
      vertex 4.04947 35.86 49.7493
    endloop
  endfacet
  facet normal 0 -1 0
    outer loop
      vertex 5.78146 35.86 48.9827
      vertex 5.33843 35.86 49.2881
      vertex 4.54677 35.86 49.4245
    endloop
  endfacet
  facet normal 0 -1 0
    outer loop
      vertex 5.78469 35.86 48.9815
      vertex 5.33843 35.86 49.2881
      vertex 5.78146 35.86 48.9827
    endloop
  endfacet
  facet normal 0 -1 0
    outer loop
      vertex 5.89313 35.86 48.9375
      vertex 5.33843 35.86 49.2881
      vertex 5.78469 35.86 48.9815
    endloop
  endfacet
  facet normal 0 -1 0
    outer loop
      vertex 5.89616 35.86 48.9362
      vertex 5.33843 35.86 49.2881
      vertex 5.89313 35.86 48.9375
    endloop
  endfacet
  facet normal 0 -1 0
    outer loop
      vertex 6.00481 35.86 48.8853
      vertex 5.33843 35.86 49.2881
      vertex 5.89616 35.86 48.9362
    endloop
  endfacet
  facet normal 0 -1 0
    outer loop
      vertex 6.00481 35.86 48.8853
      vertex 6.57598 35.86 48.7028
      vertex 5.33843 35.86 49.2881
    endloop
  endfacet
  facet normal 0 -1 0
    outer loop
      vertex 7.19025 35.86 48.3247
      vertex 6.57598 35.86 48.7028
      vertex 6.00481 35.86 48.8853
    endloop
  endfacet
  facet normal 0 -1 0
    outer loop
      vertex 7.19307 35.86 48.3233
      vertex 6.57598 35.86 48.7028
      vertex 7.19025 35.86 48.3247
    endloop
  endfacet
  facet normal 0 -1 0
    outer loop
      vertex 7.27601 35.86 48.2792
      vertex 6.57598 35.86 48.7028
      vertex 7.19307 35.86 48.3233
    endloop
  endfacet
  facet normal 0 -1 0
    outer loop
      vertex 7.28134 35.86 48.2761
      vertex 6.57598 35.86 48.7028
      vertex 7.27601 35.86 48.2792
    endloop
  endfacet
  facet normal 0 -1 0
    outer loop
      vertex 7.28134 35.86 48.2761
      vertex 7.7502 35.86 47.999
      vertex 6.57598 35.86 48.7028
    endloop
  endfacet
  facet normal -0 -1 -0
    outer loop
      vertex 7.7502 35.86 47.999
      vertex 7.28134 35.86 48.2761
      vertex 7.77802 35.86 47.9784
    endloop
  endfacet
  facet normal 0.146679 -0 0.989184
    outer loop
      vertex -2.72151 35.06 22.718
      vertex -1.36734 35.86 22.5172
      vertex -2.72151 35.86 22.718
    endloop
  endfacet
  facet normal 0.146679 -0 0.989184
    outer loop
      vertex -2.72151 34.86 22.718
      vertex -1.36734 35.86 22.5172
      vertex -2.72151 35.06 22.718
    endloop
  endfacet
  facet normal 0.146679 0 0.989184
    outer loop
      vertex -1.36734 35.86 22.5172
      vertex -2.72151 34.86 22.718
      vertex -1.36734 9.36 22.5172
    endloop
  endfacet
  facet normal 0.146679 0 0.989184
    outer loop
      vertex -1.36734 9.36 22.5172
      vertex -2.72151 34.86 22.718
      vertex -2.72151 9.36 22.718
    endloop
  endfacet
  facet normal -0.998796 0 -0.0490632
    outer loop
      vertex 13.9231 9.36 36.9469
      vertex 13.8828 34.86 37.7673
      vertex 13.9231 34.86 36.9469
    endloop
  endfacet
  facet normal -0.998796 -0 -0.0490632
    outer loop
      vertex 13.8828 34.86 37.7673
      vertex 13.9231 9.36 36.9469
      vertex 13.8828 9.36 37.7673
    endloop
  endfacet
  facet normal 0.803231 0 -0.595667
    outer loop
      vertex -11.1097 9.36 44.81
      vertex -11.599 34.86 44.1502
      vertex -11.1097 34.86 44.81
    endloop
  endfacet
  facet normal 0.803231 0 -0.595667
    outer loop
      vertex -11.599 34.86 44.1502
      vertex -11.1097 9.36 44.81
      vertex -11.599 9.36 44.1502
    endloop
  endfacet
  facet normal -0.427565 0 -0.903985
    outer loop
      vertex 6.08096 9.36 48.9369
      vertex 5.33843 9.36 49.2881
      vertex 6.08096 35.36 48.9369
    endloop
  endfacet
  facet normal -0.427515 0 -0.904008
    outer loop
      vertex 6.08096 35.36 48.9369
      vertex 6.57598 35.86 48.7028
      vertex 6.57598 35.36 48.7028
    endloop
  endfacet
  facet normal -0.427545 3.61598e-05 -0.903994
    outer loop
      vertex 6.08096 35.36 48.9369
      vertex 5.33843 35.86 49.2881
      vertex 6.57598 35.86 48.7028
    endloop
  endfacet
  facet normal -0.427565 -0 -0.903985
    outer loop
      vertex 5.33843 35.86 49.2881
      vertex 6.08096 35.36 48.9369
      vertex 5.33843 9.36 49.2881
    endloop
  endfacet
  facet normal -0.336872 -0 -0.94155
    outer loop
      vertex 4.56506 35.36 49.5648
      vertex 5.33843 9.36 49.2881
      vertex 4.56506 9.36 49.5648
    endloop
  endfacet
  facet normal -0.336872 0 -0.94155
    outer loop
      vertex 5.33843 9.36 49.2881
      vertex 4.56506 35.36 49.5648
      vertex 5.33843 35.86 49.2881
    endloop
  endfacet
  facet normal -0.336921 -0 -0.941533
    outer loop
      vertex 4.04947 35.86 49.7493
      vertex 4.56506 35.36 49.5648
      vertex 4.04947 35.36 49.7493
    endloop
  endfacet
  facet normal -0.336892 3.3619e-05 -0.941543
    outer loop
      vertex 4.56506 35.36 49.5648
      vertex 4.04947 35.86 49.7493
      vertex 5.33843 35.86 49.2881
    endloop
  endfacet
  facet normal -0.243073 0 0.970008
    outer loop
      vertex 3.58428 35.86 22.9342
      vertex 2.72151 35.86 22.718
      vertex 2.72151 35.06 22.718
    endloop
  endfacet
  facet normal -0.243024 0 0.97002
    outer loop
      vertex 2.72151 34.86 22.718
      vertex 4.04947 9.36 23.0507
      vertex 4.04947 34.86 23.0507
    endloop
  endfacet
  facet normal -0.243024 0 0.97002
    outer loop
      vertex 4.04947 9.36 23.0507
      vertex 2.72151 34.86 22.718
      vertex 2.72151 9.36 22.718
    endloop
  endfacet
  facet normal -0.427545 0 0.903994
    outer loop
      vertex 5.33843 34.86 23.5119
      vertex 6.57598 9.36 24.0972
      vertex 6.57598 34.86 24.0972
    endloop
  endfacet
  facet normal -0.427545 0 0.903994
    outer loop
      vertex 6.57598 9.36 24.0972
      vertex 5.33843 34.86 23.5119
      vertex 5.33843 9.36 23.5119
    endloop
  endfacet
  facet normal 0.740932 -1.36004e-06 0.67158
    outer loop
      vertex -10.7835 34.86 27.5502
      vertex -10.2676 22.86 26.981
      vertex -9.86414 34.86 26.5359
    endloop
  endfacet
  facet normal 0.740946 -0 0.671564
    outer loop
      vertex -10.7835 9.36 27.5502
      vertex -10.2676 22.86 26.981
      vertex -10.7835 34.86 27.5502
    endloop
  endfacet
  facet normal 0.740946 0 0.671564
    outer loop
      vertex -10.2676 22.86 26.981
      vertex -10.7835 9.36 27.5502
      vertex -10.2676 9.36 26.981
    endloop
  endfacet
  facet normal 0.740914 0 0.6716
    outer loop
      vertex -9.86414 34.86 26.5359
      vertex -10.2676 22.86 26.981
      vertex -9.86414 22.86 26.5359
    endloop
  endfacet
  facet normal 0.941538 -0 0.336906
    outer loop
      vertex -13.3493 9.36 32.3505
      vertex -12.8881 34.86 31.0616
      vertex -13.3493 34.86 32.3505
    endloop
  endfacet
  facet normal 0.941538 0 0.336906
    outer loop
      vertex -12.8881 34.86 31.0616
      vertex -13.3493 9.36 32.3505
      vertex -12.8881 9.36 31.0616
    endloop
  endfacet
  facet normal 0.514103 0 0.857729
    outer loop
      vertex -7.7502 34.86 24.801
      vertex -6.57598 9.36 24.0972
      vertex -6.57598 34.86 24.0972
    endloop
  endfacet
  facet normal 0.514103 0 0.857729
    outer loop
      vertex -6.57598 9.36 24.0972
      vertex -7.7502 34.86 24.801
      vertex -7.7502 9.36 24.801
    endloop
  endfacet
  facet normal 0.336892 0 0.941543
    outer loop
      vertex -5.33843 34.86 23.5119
      vertex -4.04947 9.36 23.0507
      vertex -4.04947 34.86 23.0507
    endloop
  endfacet
  facet normal 0.336892 0 0.941543
    outer loop
      vertex -4.04947 9.36 23.0507
      vertex -5.33843 34.86 23.5119
      vertex -5.33843 9.36 23.5119
    endloop
  endfacet
  facet normal -0.941541 0 -0.336899
    outer loop
      vertex 13.1648 9.36 40.9651
      vertex 12.8881 34.86 41.7384
      vertex 13.1648 34.86 40.9651
    endloop
  endfacet
  facet normal -0.941541 -0 -0.336899
    outer loop
      vertex 12.8881 34.86 41.7384
      vertex 13.1648 9.36 40.9651
      vertex 12.8881 9.36 41.7384
    endloop
  endfacet
  facet normal -0.989181 0 -0.146703
    outer loop
      vertex 13.8828 9.36 37.7673
      vertex 13.7623 34.86 38.5798
      vertex 13.8828 34.86 37.7673
    endloop
  endfacet
  facet normal -0.989181 -0 -0.146703
    outer loop
      vertex 13.7623 34.86 38.5798
      vertex 13.8828 9.36 37.7673
      vertex 13.7623 9.36 38.5798
    endloop
  endfacet
  facet normal -0.803231 0 -0.595667
    outer loop
      vertex 11.599 9.36 44.1502
      vertex 11.1097 34.86 44.81
      vertex 11.599 34.86 44.1502
    endloop
  endfacet
  facet normal -0.803231 -0 -0.595667
    outer loop
      vertex 11.1097 34.86 44.81
      vertex 11.599 9.36 44.1502
      vertex 11.1097 9.36 44.81
    endloop
  endfacet
  facet normal -0.671538 0 -0.74097
    outer loop
      vertex 9.41903 9.36 46.6676
      vertex 8.84979 9.36 47.1835
      vertex 9.41903 22.86 46.6676
    endloop
  endfacet
  facet normal -0.671736 0 -0.740791
    outer loop
      vertex 9.41903 22.86 46.6676
      vertex 9.4584 34.86 46.6319
      vertex 9.4584 22.86 46.6319
    endloop
  endfacet
  facet normal -0.671538 -0 -0.74097
    outer loop
      vertex 8.84979 34.86 47.1835
      vertex 9.41903 22.86 46.6676
      vertex 8.84979 9.36 47.1835
    endloop
  endfacet
  facet normal -0.671551 -1.10434e-06 -0.740958
    outer loop
      vertex 9.41903 22.86 46.6676
      vertex 8.84979 34.86 47.1835
      vertex 9.4584 34.86 46.6319
    endloop
  endfacet
  facet normal -0.904 0 -0.427532
    outer loop
      vertex 12.8881 9.36 41.7384
      vertex 12.5369 34.86 42.481
      vertex 12.8881 34.86 41.7384
    endloop
  endfacet
  facet normal -0.904 -0 -0.427532
    outer loop
      vertex 12.5369 34.86 42.481
      vertex 12.8881 9.36 41.7384
      vertex 12.5369 9.36 42.481
    endloop
  endfacet
  facet normal 0.59669 0 -0.802472
    outer loop
      vertex -7.76069 35.36 47.9912
      vertex -7.7502 35.86 47.999
      vertex -7.7502 35.36 47.999
    endloop
  endfacet
  facet normal 0.594884 5.87987e-05 -0.803812
    outer loop
      vertex -7.7502 35.86 47.999
      vertex -7.76069 35.36 47.9912
      vertex -7.77817 35.86 47.9783
    endloop
  endfacet
  facet normal 0.595696 0 -0.80321
    outer loop
      vertex -8.84979 9.36 47.1835
      vertex -8.19004 34.86 47.6728
      vertex -8.19004 9.36 47.6728
    endloop
  endfacet
  facet normal 0.595696 0 -0.80321
    outer loop
      vertex -8.19004 34.86 47.6728
      vertex -8.84979 9.36 47.1835
      vertex -8.84979 34.86 47.1835
    endloop
  endfacet
  facet normal 0.904 0 -0.427532
    outer loop
      vertex -12.5369 9.36 42.481
      vertex -12.8881 34.86 41.7384
      vertex -12.5369 34.86 42.481
    endloop
  endfacet
  facet normal 0.904 0 -0.427532
    outer loop
      vertex -12.8881 34.86 41.7384
      vertex -12.5369 9.36 42.481
      vertex -12.8881 9.36 41.7384
    endloop
  endfacet
  facet normal 0.941541 0 -0.336899
    outer loop
      vertex -12.8881 9.36 41.7384
      vertex -13.1648 34.86 40.9651
      vertex -12.8881 34.86 41.7384
    endloop
  endfacet
  facet normal 0.941541 0 -0.336899
    outer loop
      vertex -13.1648 34.86 40.9651
      vertex -12.8881 9.36 41.7384
      vertex -13.1648 9.36 40.9651
    endloop
  endfacet
  facet normal -0.857708 0 -0.514138
    outer loop
      vertex 12.0213 9.36 43.4457
      vertex 11.599 34.86 44.1502
      vertex 12.0213 34.86 43.4457
    endloop
  endfacet
  facet normal -0.857708 -0 -0.514138
    outer loop
      vertex 11.599 34.86 44.1502
      vertex 12.0213 9.36 43.4457
      vertex 11.599 9.36 44.1502
    endloop
  endfacet
  facet normal -0.514103 0 -0.857729
    outer loop
      vertex 6.57598 35.36 48.7028
      vertex 7.7502 35.86 47.999
      vertex 7.7502 35.36 47.999
    endloop
  endfacet
  facet normal -0.514103 0 -0.857729
    outer loop
      vertex 7.7502 35.86 47.999
      vertex 6.57598 35.36 48.7028
      vertex 6.57598 35.86 48.7028
    endloop
  endfacet
  facet normal -0.593936 -0 -0.804513
    outer loop
      vertex 7.7502 35.86 47.999
      vertex 7.76063 35.36 47.9913
      vertex 7.7502 35.36 47.999
    endloop
  endfacet
  facet normal -0.595089 -3.72075e-05 -0.80366
    outer loop
      vertex 7.76063 35.36 47.9913
      vertex 7.7502 35.86 47.999
      vertex 7.77802 35.86 47.9784
    endloop
  endfacet
  facet normal -0.595696 0 -0.80321
    outer loop
      vertex 8.19004 9.36 47.6728
      vertex 8.84979 34.86 47.1835
      vertex 8.84979 9.36 47.1835
    endloop
  endfacet
  facet normal -0.595696 0 -0.80321
    outer loop
      vertex 8.84979 34.86 47.1835
      vertex 8.19004 9.36 47.6728
      vertex 8.19004 34.86 47.6728
    endloop
  endfacet
  facet normal 0.0490873 0 -0.998794
    outer loop
      vertex -1.36734 35.36 50.2828
      vertex 0 35.86 50.35
      vertex 0 35.36 50.35
    endloop
  endfacet
  facet normal 0.0490873 0 -0.998794
    outer loop
      vertex 0 35.86 50.35
      vertex -1.36734 35.36 50.2828
      vertex -1.36734 35.86 50.2828
    endloop
  endfacet
  facet normal 0.514103 0 -0.857729
    outer loop
      vertex -7.7502 35.36 47.999
      vertex -6.57598 35.86 48.7028
      vertex -6.57598 35.36 48.7028
    endloop
  endfacet
  facet normal 0.514103 0 -0.857729
    outer loop
      vertex -6.57598 35.86 48.7028
      vertex -7.7502 35.36 47.999
      vertex -7.7502 35.86 47.999
    endloop
  endfacet
  facet normal 0.671538 0 -0.74097
    outer loop
      vertex -9.41903 22.86 46.6676
      vertex -8.84979 9.36 47.1835
      vertex -9.41903 9.36 46.6676
    endloop
  endfacet
  facet normal 0.671538 0 -0.74097
    outer loop
      vertex -8.84979 9.36 47.1835
      vertex -9.41903 22.86 46.6676
      vertex -8.84979 34.86 47.1835
    endloop
  endfacet
  facet normal 0.671736 0 -0.740791
    outer loop
      vertex -9.4584 34.86 46.6319
      vertex -9.41903 22.86 46.6676
      vertex -9.4584 22.86 46.6319
    endloop
  endfacet
  facet normal 0.671551 -1.10434e-06 -0.740958
    outer loop
      vertex -9.41903 22.86 46.6676
      vertex -9.4584 34.86 46.6319
      vertex -8.84979 34.86 47.1835
    endloop
  endfacet
  facet normal 0.857708 0 -0.514138
    outer loop
      vertex -11.599 9.36 44.1502
      vertex -12.0213 34.86 43.4457
      vertex -11.599 34.86 44.1502
    endloop
  endfacet
  facet normal 0.857708 0 -0.514138
    outer loop
      vertex -12.0213 34.86 43.4457
      vertex -11.599 9.36 44.1502
      vertex -12.0213 9.36 43.4457
    endloop
  endfacet
  facet normal 0.989181 0 -0.146703
    outer loop
      vertex -13.7623 9.36 38.5798
      vertex -13.8828 34.86 37.7673
      vertex -13.7623 34.86 38.5798
    endloop
  endfacet
  facet normal 0.989181 0 -0.146703
    outer loop
      vertex -13.8828 34.86 37.7673
      vertex -13.7623 9.36 38.5798
      vertex -13.8828 9.36 37.7673
    endloop
  endfacet
  facet normal 0.998796 0 -0.0490632
    outer loop
      vertex -13.8828 9.36 37.7673
      vertex -13.9231 34.86 36.9469
      vertex -13.8828 34.86 37.7673
    endloop
  endfacet
  facet normal 0.998796 0 -0.0490632
    outer loop
      vertex -13.9231 34.86 36.9469
      vertex -13.8828 9.36 37.7673
      vertex -13.9231 9.36 36.9469
    endloop
  endfacet
  facet normal -0.243024 0 -0.97002
    outer loop
      vertex 2.72151 35.36 50.082
      vertex 4.04947 35.86 49.7493
      vertex 4.04947 35.36 49.7493
    endloop
  endfacet
  facet normal -0.243024 0 -0.97002
    outer loop
      vertex 4.04947 35.86 49.7493
      vertex 2.72151 35.36 50.082
      vertex 2.72151 35.86 50.082
    endloop
  endfacet
  facet normal -0.146679 0 -0.989184
    outer loop
      vertex 1.36734 35.36 50.2828
      vertex 2.72151 35.86 50.082
      vertex 2.72151 35.36 50.082
    endloop
  endfacet
  facet normal -0.146679 0 -0.989184
    outer loop
      vertex 2.72151 35.86 50.082
      vertex 1.36734 35.36 50.2828
      vertex 1.36734 35.86 50.2828
    endloop
  endfacet
  facet normal 0.146679 0 -0.989184
    outer loop
      vertex -2.72151 35.36 50.082
      vertex -1.36734 35.86 50.2828
      vertex -1.36734 35.36 50.2828
    endloop
  endfacet
  facet normal 0.146679 0 -0.989184
    outer loop
      vertex -1.36734 35.86 50.2828
      vertex -2.72151 35.36 50.082
      vertex -2.72151 35.86 50.082
    endloop
  endfacet
  facet normal 0.336872 0 -0.94155
    outer loop
      vertex -4.56506 9.36 49.5648
      vertex -5.33843 9.36 49.2881
      vertex -4.56506 35.36 49.5648
    endloop
  endfacet
  facet normal 0.336921 0 -0.941533
    outer loop
      vertex -4.56506 35.36 49.5648
      vertex -4.04947 35.86 49.7493
      vertex -4.04947 35.36 49.7493
    endloop
  endfacet
  facet normal 0.336892 3.3619e-05 -0.941543
    outer loop
      vertex -4.56506 35.36 49.5648
      vertex -5.33843 35.86 49.2881
      vertex -4.04947 35.86 49.7493
    endloop
  endfacet
  facet normal 0.336872 0 -0.94155
    outer loop
      vertex -5.33843 35.86 49.2881
      vertex -4.56506 35.36 49.5648
      vertex -5.33843 9.36 49.2881
    endloop
  endfacet
  facet normal 0.427565 0 -0.903985
    outer loop
      vertex -6.08096 35.36 48.9369
      vertex -5.33843 9.36 49.2881
      vertex -6.08096 9.36 48.9369
    endloop
  endfacet
  facet normal 0.427565 0 -0.903985
    outer loop
      vertex -5.33843 9.36 49.2881
      vertex -6.08096 35.36 48.9369
      vertex -5.33843 35.86 49.2881
    endloop
  endfacet
  facet normal 0.427515 0 -0.904008
    outer loop
      vertex -6.57598 35.86 48.7028
      vertex -6.08096 35.36 48.9369
      vertex -6.57598 35.36 48.7028
    endloop
  endfacet
  facet normal 0.427545 3.61598e-05 -0.903994
    outer loop
      vertex -6.08096 35.36 48.9369
      vertex -6.57598 35.86 48.7028
      vertex -5.33843 35.86 49.2881
    endloop
  endfacet
  facet normal 0.243024 0 -0.97002
    outer loop
      vertex -4.04947 35.36 49.7493
      vertex -2.72151 35.86 50.082
      vertex -2.72151 35.36 50.082
    endloop
  endfacet
  facet normal 0.243024 0 -0.97002
    outer loop
      vertex -2.72151 35.86 50.082
      vertex -4.04947 35.36 49.7493
      vertex -4.04947 35.86 49.7493
    endloop
  endfacet
  facet normal 0.811981 0.547088 0.203423
    outer loop
      vertex -13.3493 34.86 32.3505
      vertex -24.7102 52.86 29.2892
      vertex -13.682 34.86 33.6785
    endloop
  endfacet
  facet normal 0.812015 0.547087 0.203294
    outer loop
      vertex -24.7102 52.86 29.2892
      vertex -13.3493 34.86 32.3505
      vertex -24.6927 52.86 29.2193
    endloop
  endfacet
  facet normal 0.865538 0.45147 -0.216841
    outer loop
      vertex -13.682 34.86 39.1215
      vertex -23.3855 52.86 37.8658
      vertex -13.3493 34.86 40.4495
    endloop
  endfacet
  facet normal 0.865561 0.451492 -0.2167
    outer loop
      vertex -23.3855 52.86 37.8658
      vertex -13.682 34.86 39.1215
      vertex -23.403 52.86 37.7959
    endloop
  endfacet
  facet normal 0.252462 0.0157095 0.967479
    outer loop
      vertex -24.1652 53.7027 27.9939
      vertex -4.04947 34.86 23.0507
      vertex -24.1907 53.86 27.998
    endloop
  endfacet
  facet normal 0.047804 -0.222568 0.973744
    outer loop
      vertex -2.31601 35.86 22.7466
      vertex -1.00625 35.86 22.6823
      vertex -23.8984 54.06 27.9661
    endloop
  endfacet
  facet normal -0.0263324 -0.248102 0.968376
    outer loop
      vertex 23.8504 54.06 27.9664
      vertex 1.01042 35.86 22.6824
      vertex 23.9975 54.06 27.9704
    endloop
  endfacet
  facet normal -0.0155945 -0.260684 0.965298
    outer loop
      vertex 1.01042 35.86 22.6824
      vertex 23.8504 54.06 27.9664
      vertex 1.00423 35.86 22.6823
    endloop
  endfacet
  facet normal -0.800339 0.360356 -0.479167
    outer loop
      vertex 12.3028 34.86 42.976
      vertex 23.1761 52.86 38.3515
      vertex 23.2131 52.86 38.2897
    endloop
  endfacet
  facet normal -0.800187 0.360162 -0.479567
    outer loop
      vertex 12.0213 34.86 43.4457
      vertex 23.1761 52.86 38.3515
      vertex 12.3028 34.86 42.976
    endloop
  endfacet
  facet normal -0.800159 0.360124 -0.479641
    outer loop
      vertex 23.1761 52.86 38.3515
      vertex 12.0213 34.86 43.4457
      vertex 11.599 34.86 44.1502
    endloop
  endfacet
  facet normal 0.34313 0.121288 0.931424
    outer loop
      vertex -5.33843 34.86 23.5119
      vertex -24.0453 53.5094 27.9749
      vertex -23.9925 53.3846 27.9717
    endloop
  endfacet
  facet normal 0.343848 0.122096 0.931054
    outer loop
      vertex -24.0453 53.5094 27.9749
      vertex -5.33843 34.86 23.5119
      vertex -24.1491 53.6759 27.9914
    endloop
  endfacet
  facet normal 0.990631 -0 0.136568
    outer loop
      vertex -25.3773 52.86 29.3343
      vertex -25.3572 100.027 29.1885
      vertex -25.3773 100.027 29.3343
    endloop
  endfacet
  facet normal 0.990631 0 0.136568
    outer loop
      vertex -25.3572 100.027 29.1885
      vertex -25.3773 52.86 29.3343
      vertex -25.3572 52.86 29.1885
    endloop
  endfacet
  facet normal 0.697211 0.497027 0.516586
    outer loop
      vertex -11.599 34.86 28.6498
      vertex -24.3013 52.86 28.475
      vertex -24.3442 52.86 28.5329
    endloop
  endfacet
  facet normal 0.697033 0.496905 0.516943
    outer loop
      vertex -24.3013 52.86 28.475
      vertex -11.599 34.86 28.6498
      vertex -10.7835 34.86 27.5502
    endloop
  endfacet
  facet normal 0.814368 0.546541 0.195184
    outer loop
      vertex -13.682 34.86 33.6785
      vertex -24.7102 52.86 29.2892
      vertex -24.7427 52.86 29.4248
    endloop
  endfacet
  facet normal -0.397793 -0.12264 -0.909241
    outer loop
      vertex 5.89616 35.86 48.9362
      vertex 18.5125 54.06 40.9617
      vertex 18.5845 54.06 40.9302
    endloop
  endfacet
  facet normal -0.391028 -0.128274 -0.911396
    outer loop
      vertex 18.5125 54.06 40.9617
      vertex 5.89616 35.86 48.9362
      vertex 5.89313 35.86 48.9375
    endloop
  endfacet
  facet normal -0.731954 0.52173 0.438225
    outer loop
      vertex 11.599 34.86 28.6498
      vertex 24.5119 52.86 28.7879
      vertex 24.4749 52.86 28.7261
    endloop
  endfacet
  facet normal -0.731796 0.521613 0.438629
    outer loop
      vertex 24.5119 52.86 28.7879
      vertex 11.599 34.86 28.6498
      vertex 12.3028 34.86 29.824
    endloop
  endfacet
  facet normal -0.422323 0.21324 0.881006
    outer loop
      vertex 5.33843 34.86 23.5119
      vertex 23.8419 53.1002 27.9669
      vertex 23.8504 53.1191 27.9664
    endloop
  endfacet
  facet normal -0.417154 0.207041 0.884939
    outer loop
      vertex 5.33843 34.86 23.5119
      vertex 23.8504 53.1191 27.9664
      vertex 23.8928 53.1994 27.9676
    endloop
  endfacet
  facet normal -0.418171 0.208255 0.884174
    outer loop
      vertex 23.8419 53.1002 27.9669
      vertex 5.33843 34.86 23.5119
      vertex 6.57598 34.86 24.0972
    endloop
  endfacet
  facet normal -0.495188 0 0.868786
    outer loop
      vertex 24.5611 100.027 28.1281
      vertex 24.689 52.86 28.201
      vertex 24.689 100.027 28.201
    endloop
  endfacet
  facet normal -0.495188 0 0.868786
    outer loop
      vertex 24.689 52.86 28.201
      vertex 24.5611 100.027 28.1281
      vertex 24.5611 52.86 28.1281
    endloop
  endfacet
  facet normal -0.59871 0.405875 0.690516
    outer loop
      vertex 24.0745 52.86 28.2369
      vertex 23.9692 52.86 28.1456
      vertex 8.84979 34.86 25.6165
    endloop
  endfacet
  facet normal -0.799127 0.358521 -0.482555
    outer loop
      vertex 23.104 52.86 38.4709
      vertex 23.1761 52.86 38.3515
      vertex 11.599 34.86 44.1502
    endloop
  endfacet
  facet normal 0.0631129 -0.205253 0.976672
    outer loop
      vertex -23.8984 54.06 27.9661
      vertex -2.3222 35.86 22.747
      vertex -2.31601 35.86 22.7466
    endloop
  endfacet
  facet normal 0.0584572 -0.210533 0.975837
    outer loop
      vertex -2.3222 35.86 22.747
      vertex -23.8984 54.06 27.9661
      vertex -24.0453 54.06 27.9749
    endloop
  endfacet
  facet normal 0 -0.278821 0.960343
    outer loop
      vertex 23.8504 54.06 27.9664
      vertex -1.00625 35.86 22.6823
      vertex 1.00423 35.86 22.6823
    endloop
  endfacet
  facet normal -6.03373e-06 -0.278814 0.960345
    outer loop
      vertex -1.00625 35.86 22.6823
      vertex 23.8504 54.06 27.9664
      vertex -23.8984 54.06 27.9661
    endloop
  endfacet
  facet normal 0.834035 0.407306 -0.372138
    outer loop
      vertex -23.2603 52.86 38.1933
      vertex -12.8881 34.86 41.7384
      vertex -23.3171 52.86 38.066
    endloop
  endfacet
  facet normal 0.791305 0.546401 0.274375
    outer loop
      vertex -13.3493 34.86 32.3505
      vertex -24.647 52.86 29.0875
      vertex -24.6927 52.86 29.2193
    endloop
  endfacet
  facet normal 0.832216 0.540546 0.1234
    outer loop
      vertex -13.682 34.86 33.6785
      vertex -24.7533 52.86 29.4961
      vertex -13.8828 34.86 35.0327
    endloop
  endfacet
  facet normal 0.832149 0.540577 0.123714
    outer loop
      vertex -24.7533 52.86 29.4961
      vertex -13.682 34.86 33.6785
      vertex -24.7427 52.86 29.4248
    endloop
  endfacet
  facet normal 0.561717 0.367609 0.741173
    outer loop
      vertex -8.84979 34.86 25.6165
      vertex -23.8934 52.86 28.09
      vertex -24.0045 52.86 28.1742
    endloop
  endfacet
  facet normal 0.908238 -0 0.418455
    outer loop
      vertex -25.2747 52.86 28.9062
      vertex -25.2131 100.027 28.7725
      vertex -25.2747 100.027 28.9062
    endloop
  endfacet
  facet normal 0.908238 0 0.418455
    outer loop
      vertex -25.2131 100.027 28.7725
      vertex -25.2747 52.86 28.9062
      vertex -25.2131 52.86 28.7725
    endloop
  endfacet
  facet normal 0.252754 0 0.967531
    outer loop
      vertex -24.3331 100.027 28.0352
      vertex -24.1907 54.06 27.998
      vertex -24.1907 100.027 27.998
    endloop
  endfacet
  facet normal 0.252754 -0 0.967531
    outer loop
      vertex -24.3331 52.86 28.0352
      vertex -24.1907 54.06 27.998
      vertex -24.3331 100.027 28.0352
    endloop
  endfacet
  facet normal 0.252754 0 0.967531
    outer loop
      vertex -24.1907 54.06 27.998
      vertex -24.3331 52.86 28.0352
      vertex -24.1907 53.86 27.998
    endloop
  endfacet
  facet normal 0.252754 0 0.967531
    outer loop
      vertex -24.1907 53.86 27.998
      vertex -24.3331 52.86 28.0352
      vertex -24.1907 52.86 27.998
    endloop
  endfacet
  facet normal 0.615283 0.422833 0.665311
    outer loop
      vertex -9.86414 34.86 26.5359
      vertex -24.0579 52.86 28.2226
      vertex -24.1603 52.86 28.3173
    endloop
  endfacet
  facet normal -0.82775 0.399019 -0.39448
    outer loop
      vertex 23.2131 52.86 38.2897
      vertex 23.2731 52.86 38.1638
      vertex 12.3028 34.86 42.976
    endloop
  endfacet
  facet normal -0.78856 0.546165 0.282625
    outer loop
      vertex 12.8881 34.86 31.0616
      vertex 24.6792 52.86 29.1758
      vertex 24.6549 52.86 29.108
    endloop
  endfacet
  facet normal -0.788683 0.546202 0.28221
    outer loop
      vertex 24.6792 52.86 29.1758
      vertex 12.8881 34.86 31.0616
      vertex 13.3493 34.86 32.3505
    endloop
  endfacet
  facet normal -0.697025 0.496923 0.516937
    outer loop
      vertex 11.599 34.86 28.6498
      vertex 24.3577 52.86 28.5502
      vertex 10.7835 34.86 27.5502
    endloop
  endfacet
  facet normal -0.696878 0.496821 0.517233
    outer loop
      vertex 24.3577 52.86 28.5502
      vertex 11.599 34.86 28.6498
      vertex 24.4006 52.86 28.608
    endloop
  endfacet
  facet normal -0.610075 0.418025 0.6731
    outer loop
      vertex 24.0745 52.86 28.2369
      vertex 9.86414 34.86 26.5359
      vertex 24.1279 52.86 28.2853
    endloop
  endfacet
  facet normal -0.610083 0.418032 0.673089
    outer loop
      vertex 9.86414 34.86 26.5359
      vertex 24.0745 52.86 28.2369
      vertex 8.84979 34.86 25.6165
    endloop
  endfacet
  facet normal -0.316635 0 0.948547
    outer loop
      vertex 24.2871 54.06 28.0215
      vertex 24.4267 100.027 28.0681
      vertex 24.2871 100.027 28.0215
    endloop
  endfacet
  facet normal -0.316635 0 0.948547
    outer loop
      vertex 24.4267 100.027 28.0681
      vertex 24.2871 54.06 28.0215
      vertex 24.4267 52.86 28.0681
    endloop
  endfacet
  facet normal -0.316635 0 0.948547
    outer loop
      vertex 24.2871 53.86 28.0215
      vertex 24.4267 52.86 28.0681
      vertex 24.2871 54.06 28.0215
    endloop
  endfacet
  facet normal -0.316635 0 0.948547
    outer loop
      vertex 24.4267 52.86 28.0681
      vertex 24.2871 53.86 28.0215
      vertex 24.2871 52.86 28.0215
    endloop
  endfacet
  facet normal -0.332783 0.109571 0.936616
    outer loop
      vertex 4.04947 34.86 23.0507
      vertex 24.0404 53.4754 27.9758
      vertex 24.0646 53.5224 27.9789
    endloop
  endfacet
  facet normal -0.334773 0.111971 0.935622
    outer loop
      vertex 24.0404 53.4754 27.9758
      vertex 4.04947 34.86 23.0507
      vertex 5.33843 34.86 23.5119
    endloop
  endfacet
  facet normal 0.14583 -0.108406 0.983352
    outer loop
      vertex -2.3222 35.86 22.747
      vertex -24.0453 54.06 27.9749
      vertex -3.58452 35.86 22.9342
    endloop
  endfacet
  facet normal 0.145193 -0.109126 0.983367
    outer loop
      vertex -2.72151 35.06 22.718
      vertex -3.58452 35.86 22.9342
      vertex -24.0453 54.06 27.9749
    endloop
  endfacet
  facet normal 0.660589 0.173042 -0.730533
    outer loop
      vertex -9.86414 34.86 46.2641
      vertex -22.7588 52.86 38.8677
      vertex -22.7306 52.86 38.8932
    endloop
  endfacet
  facet normal 0.661374 0.173986 -0.729598
    outer loop
      vertex -22.7306 52.86 38.8932
      vertex -9.4584 34.86 46.6319
      vertex -9.86414 34.86 46.2641
    endloop
  endfacet
  facet normal 0.661317 0.173914 -0.729667
    outer loop
      vertex -9.4584 34.86 46.6319
      vertex -22.7306 52.86 38.8932
      vertex -8.84979 34.86 47.1835
    endloop
  endfacet
  facet normal 0.662088 0.174944 -0.728721
    outer loop
      vertex -8.84979 34.86 47.1835
      vertex -22.7306 52.86 38.8932
      vertex -22.8487 53.0462 38.8306
    endloop
  endfacet
  facet normal 0.854069 0.435336 -0.28469
    outer loop
      vertex -23.3414 52.86 37.9981
      vertex -13.3493 34.86 40.4495
      vertex -23.3855 52.86 37.8658
    endloop
  endfacet
  facet normal 0.872032 0.47207 -0.129267
    outer loop
      vertex -13.7623 34.86 38.5798
      vertex -24.7456 52.86 30.221
      vertex -13.682 34.86 39.1215
    endloop
  endfacet
  facet normal 0.872037 0.472044 -0.12933
    outer loop
      vertex -13.8828 34.86 37.7673
      vertex -24.7456 52.86 30.221
      vertex -13.7623 34.86 38.5798
    endloop
  endfacet
  facet normal 0.872055 0.471923 -0.129646
    outer loop
      vertex -24.7456 52.86 30.221
      vertex -13.8828 34.86 37.7673
      vertex -24.7562 52.86 30.1497
    endloop
  endfacet
  facet normal 0.868563 0.454529 -0.197488
    outer loop
      vertex -23.403 52.86 37.7959
      vertex -13.682 34.86 39.1215
      vertex -23.4339 52.86 37.66
    endloop
  endfacet
  facet normal 0.656835 0.462759 0.595333
    outer loop
      vertex -10.7835 34.86 27.5502
      vertex -24.1603 52.86 28.3173
      vertex -24.2087 52.86 28.3707
    endloop
  endfacet
  facet normal 0.656827 0.462753 0.595347
    outer loop
      vertex -24.1603 52.86 28.3173
      vertex -10.7835 34.86 27.5502
      vertex -9.86414 34.86 26.5359
    endloop
  endfacet
  facet normal 0.661428 0.466554 0.587231
    outer loop
      vertex -10.7835 34.86 27.5502
      vertex -24.2087 52.86 28.3707
      vertex -24.3013 52.86 28.475
    endloop
  endfacet
  facet normal 0.700961 0.499632 0.508942
    outer loop
      vertex -11.599 34.86 28.6498
      vertex -24.3442 52.86 28.5329
      vertex -24.4261 52.86 28.6457
    endloop
  endfacet
  facet normal 0.436857 0 0.899531
    outer loop
      vertex -24.6036 100.027 28.1505
      vertex -24.4712 52.86 28.0862
      vertex -24.4712 100.027 28.0862
    endloop
  endfacet
  facet normal 0.436857 0 0.899531
    outer loop
      vertex -24.4712 52.86 28.0862
      vertex -24.6036 100.027 28.1505
      vertex -24.6036 52.86 28.1505
    endloop
  endfacet
  facet normal 0.555454 0.361303 0.748953
    outer loop
      vertex -23.8355 52.86 28.0471
      vertex -8.84979 34.86 25.6165
      vertex -7.7502 34.86 24.801
    endloop
  endfacet
  facet normal 0.555176 0.361026 0.749293
    outer loop
      vertex -8.84979 34.86 25.6165
      vertex -23.8355 52.86 28.0471
      vertex -23.8934 52.86 28.09
    endloop
  endfacet
  facet normal -0.849798 0.430207 -0.304574
    outer loop
      vertex 13.3493 34.86 40.4495
      vertex 23.3513 52.86 37.9675
      vertex 23.3756 52.86 37.8997
    endloop
  endfacet
  facet normal -0.849899 0.430325 -0.304124
    outer loop
      vertex 13.1648 34.86 40.9651
      vertex 23.3513 52.86 37.9675
      vertex 13.3493 34.86 40.4495
    endloop
  endfacet
  facet normal -0.849902 0.430329 -0.30411
    outer loop
      vertex 23.3513 52.86 37.9675
      vertex 13.1648 34.86 40.9651
      vertex 12.8881 34.86 41.7384
    endloop
  endfacet
  facet normal -0.828424 0.400119 -0.391942
    outer loop
      vertex 12.8881 34.86 41.7384
      vertex 23.2731 52.86 38.1638
      vertex 23.3039 52.86 38.0987
    endloop
  endfacet
  facet normal -0.828463 0.400169 -0.391808
    outer loop
      vertex 12.5369 34.86 42.481
      vertex 23.2731 52.86 38.1638
      vertex 12.8881 34.86 41.7384
    endloop
  endfacet
  facet normal -0.828464 0.40017 -0.391805
    outer loop
      vertex 23.2731 52.86 38.1638
      vertex 12.5369 34.86 42.481
      vertex 12.3028 34.86 42.976
    endloop
  endfacet
  facet normal -0.207556 -0.234142 -0.949788
    outer loop
      vertex 3.0514 35.86 49.8126
      vertex 7.99371 54.06 44.2459
      vertex 10.5563 54.06 43.6859
    endloop
  endfacet
  facet normal -0.207733 -0.234086 -0.949763
    outer loop
      vertex 7.99371 54.06 44.2459
      vertex 3.0514 35.86 49.8126
      vertex 2.9435 35.86 49.8362
    endloop
  endfacet
  facet normal -0.933992 0 0.357294
    outer loop
      vertex 25.256 52.86 28.8619
      vertex 25.3086 100.027 28.9994
      vertex 25.256 100.027 28.8619
    endloop
  endfacet
  facet normal -0.933992 0 0.357294
    outer loop
      vertex 25.3086 100.027 28.9994
      vertex 25.256 52.86 28.8619
      vertex 25.3086 52.86 28.9994
    endloop
  endfacet
  facet normal -0.860381 0.509111 -0.0234537
    outer loop
      vertex 24.7772 52.86 29.9394
      vertex 24.781 52.86 29.8
      vertex 13.95 34.86 36.4
    endloop
  endfacet
  facet normal -0.656819 0.462773 0.59534
    outer loop
      vertex 10.7835 34.86 27.5502
      vertex 24.2238 52.86 28.3866
      vertex 9.86414 34.86 26.5359
    endloop
  endfacet
  facet normal -0.656827 0.462779 0.595326
    outer loop
      vertex 24.2238 52.86 28.3866
      vertex 10.7835 34.86 27.5502
      vertex 24.2722 52.86 28.44
    endloop
  endfacet
  facet normal -0.647277 0.453368 0.612773
    outer loop
      vertex 24.2238 52.86 28.3866
      vertex 24.1279 52.86 28.2853
      vertex 9.86414 34.86 26.5359
    endloop
  endfacet
  facet normal -0.491413 0.291227 0.820793
    outer loop
      vertex 23.7357 52.86 27.985
      vertex 7.7502 34.86 24.801
      vertex 23.7975 52.86 28.022
    endloop
  endfacet
  facet normal -0.491761 0.291595 0.820453
    outer loop
      vertex 7.7502 34.86 24.801
      vertex 23.7357 52.86 27.985
      vertex 6.57598 34.86 24.0972
    endloop
  endfacet
  facet normal -0.475179 0.272283 0.8367
    outer loop
      vertex 23.7513 52.9272 27.9719
      vertex 6.57598 34.86 24.0972
      vertex 23.7179 52.86 27.9748
    endloop
  endfacet
  facet normal -0.476321 0.2736 0.835621
    outer loop
      vertex 6.57598 34.86 24.0972
      vertex 23.7513 52.9272 27.9719
      vertex 23.8419 53.1002 27.9669
    endloop
  endfacet
  facet normal -0.477949 0.275488 0.834069
    outer loop
      vertex 23.7357 52.86 27.985
      vertex 23.7179 52.86 27.9748
      vertex 6.57598 34.86 24.0972
    endloop
  endfacet
  facet normal -0.542558 0.34679 0.765094
    outer loop
      vertex 23.9113 52.86 28.1027
      vertex 23.7975 52.86 28.022
      vertex 7.7502 34.86 24.801
    endloop
  endfacet
  facet normal -0.555171 0.361046 0.749287
    outer loop
      vertex 23.9113 52.86 28.1027
      vertex 8.84979 34.86 25.6165
      vertex 23.9692 52.86 28.1456
    endloop
  endfacet
  facet normal -0.555449 0.361326 0.748946
    outer loop
      vertex 8.84979 34.86 25.6165
      vertex 23.9113 52.86 28.1027
      vertex 7.7502 34.86 24.801
    endloop
  endfacet
  facet normal -0.124577 -0.133794 0.983148
    outer loop
      vertex 23.9975 54.06 27.9704
      vertex 2.32634 35.86 22.7476
      vertex 24.1435 54.06 27.9889
    endloop
  endfacet
  facet normal -0.127902 -0.129864 0.983248
    outer loop
      vertex 2.32634 35.86 22.7476
      vertex 23.9975 54.06 27.9704
      vertex 2.32019 35.86 22.7468
    endloop
  endfacet
  facet normal -0.0478791 -0.222455 0.973767
    outer loop
      vertex 2.32019 35.86 22.7468
      vertex 23.9975 54.06 27.9704
      vertex 1.01042 35.86 22.6824
    endloop
  endfacet
  facet normal -0.243021 0.00507608 0.970008
    outer loop
      vertex 4.04947 34.86 23.0507
      vertex 24.2871 53.86 28.0215
      vertex 2.72151 34.86 22.718
    endloop
  endfacet
  facet normal 0.142005 -0.253352 -0.956895
    outer loop
      vertex -1.53483 35.86 50.0462
      vertex -2.83198 35.86 49.8537
      vertex -5.34528 54.06 44.662
    endloop
  endfacet
  facet normal 0 -0.271111 -0.962548
    outer loop
      vertex -0.00197047 35.86 50.1247
      vertex 0.0467987 54.06 44.9985
      vertex 0.00197047 35.86 50.1247
    endloop
  endfacet
  facet normal -0 -0.271111 -0.962548
    outer loop
      vertex 0.0467987 54.06 44.9985
      vertex -0.00197047 35.86 50.1247
      vertex -0.0467987 54.06 44.9985
    endloop
  endfacet
  facet normal 0.514199 -0.00415126 -0.857661
    outer loop
      vertex -7.76069 35.36 47.9912
      vertex -23.2016 54.06 38.6433
      vertex -7.77817 35.86 47.9783
    endloop
  endfacet
  facet normal 0.514026 -0.0043452 -0.857763
    outer loop
      vertex -23.2016 54.06 38.6433
      vertex -7.76069 35.36 47.9912
      vertex -7.75021 35.06 47.999
    endloop
  endfacet
  facet normal 0.513993 -0.00438812 -0.857783
    outer loop
      vertex -7.27601 35.86 48.2792
      vertex -7.77817 35.86 47.9783
      vertex -23.2016 54.06 38.6433
    endloop
  endfacet
  facet normal 0.873937 0.460963 -0.154099
    outer loop
      vertex -23.4339 52.86 37.66
      vertex -13.682 34.86 39.1215
      vertex -24.7456 52.86 30.221
    endloop
  endfacet
  facet normal 0.975153 0 -0.221533
    outer loop
      vertex -23.9431 52.86 37.7223
      vertex -23.9757 100.027 37.5788
      vertex -23.9431 100.027 37.7223
    endloop
  endfacet
  facet normal 0.975153 0 -0.221533
    outer loop
      vertex -23.9757 100.027 37.5788
      vertex -23.9431 52.86 37.7223
      vertex -23.9757 52.86 37.5788
    endloop
  endfacet
  facet normal 0.98999 0 -0.141139
    outer loop
      vertex -25.3603 52.86 29.7265
      vertex -25.3743 100.027 29.6283
      vertex -25.3603 100.027 29.7265
    endloop
  endfacet
  facet normal 0.98999 0 -0.141139
    outer loop
      vertex -25.3743 100.027 29.6283
      vertex -25.3603 52.86 29.7265
      vertex -25.3743 52.86 29.6283
    endloop
  endfacet
  facet normal 0.871742 0.47384 -0.124668
    outer loop
      vertex -24.7562 52.86 30.1497
      vertex -13.8828 34.86 37.7673
      vertex -24.7695 52.86 30.0567
    endloop
  endfacet
  facet normal 0.834334 0.539176 0.114789
    outer loop
      vertex -13.8828 34.86 35.0327
      vertex -24.7533 52.86 29.4961
      vertex -24.7723 52.86 29.6342
    endloop
  endfacet
  facet normal 0.849272 0.526303 0.04174
    outer loop
      vertex -13.8828 34.86 35.0327
      vertex -24.7758 52.86 29.7062
      vertex -13.95 34.86 36.4
    endloop
  endfacet
  facet normal 0.849349 0.526215 0.0412878
    outer loop
      vertex -24.7758 52.86 29.7062
      vertex -13.8828 34.86 35.0327
      vertex -24.7723 52.86 29.6342
    endloop
  endfacet
  facet normal 0.61009 0.418009 0.673096
    outer loop
      vertex -24.0045 52.86 28.1742
      vertex -9.86414 34.86 26.5359
      vertex -8.84979 34.86 25.6165
    endloop
  endfacet
  facet normal 0.610082 0.418002 0.673108
    outer loop
      vertex -9.86414 34.86 26.5359
      vertex -24.0045 52.86 28.1742
      vertex -24.0579 52.86 28.2226
    endloop
  endfacet
  facet normal 0.945091 -0 0.326807
    outer loop
      vertex -25.3228 52.86 29.0453
      vertex -25.2747 100.027 28.9062
      vertex -25.3228 100.027 29.0453
    endloop
  endfacet
  facet normal 0.945091 0 0.326807
    outer loop
      vertex -25.2747 100.027 28.9062
      vertex -25.3228 52.86 29.0453
      vertex -25.2747 52.86 28.9062
    endloop
  endfacet
  facet normal 0.522466 0 0.85266
    outer loop
      vertex -24.7291 100.027 28.2274
      vertex -24.6036 52.86 28.1505
      vertex -24.6036 100.027 28.1505
    endloop
  endfacet
  facet normal 0.522466 0 0.85266
    outer loop
      vertex -24.6036 52.86 28.1505
      vertex -24.7291 100.027 28.2274
      vertex -24.7291 52.86 28.2274
    endloop
  endfacet
  facet normal 0.762134 0.537808 0.360437
    outer loop
      vertex -12.3028 34.86 29.824
      vertex -24.5644 52.86 28.893
      vertex -12.8881 34.86 31.0616
    endloop
  endfacet
  facet normal 0.762092 0.537786 0.360559
    outer loop
      vertex -24.5644 52.86 28.893
      vertex -12.3028 34.86 29.824
      vertex -24.5336 52.86 28.8279
    endloop
  endfacet
  facet normal 0.238818 -0 0.971064
    outer loop
      vertex -24.1907 53.86 27.998
      vertex -2.72151 35.06 22.718
      vertex -24.1907 54.06 27.998
    endloop
  endfacet
  facet normal 0.238818 0 0.971064
    outer loop
      vertex -2.72151 35.06 22.718
      vertex -24.1907 53.86 27.998
      vertex -2.72151 34.86 22.718
    endloop
  endfacet
  facet normal 0.243021 0.00504282 0.970008
    outer loop
      vertex -4.04947 34.86 23.0507
      vertex -2.72151 34.86 22.718
      vertex -24.1907 53.86 27.998
    endloop
  endfacet
  facet normal 0.346429 0 0.938076
    outer loop
      vertex -24.4712 100.027 28.0862
      vertex -24.3331 52.86 28.0352
      vertex -24.3331 100.027 28.0352
    endloop
  endfacet
  facet normal 0.346429 0 0.938076
    outer loop
      vertex -24.3331 52.86 28.0352
      vertex -24.4712 100.027 28.0862
      vertex -24.4712 52.86 28.0862
    endloop
  endfacet
  facet normal 0.334774 0.111937 0.935626
    outer loop
      vertex -4.04947 34.86 23.0507
      vertex -24.1491 53.6759 27.9914
      vertex -5.33843 34.86 23.5119
    endloop
  endfacet
  facet normal 0.338207 0.11606 0.933888
    outer loop
      vertex -24.1491 53.6759 27.9914
      vertex -4.04947 34.86 23.0507
      vertex -24.1652 53.7027 27.9939
    endloop
  endfacet
  facet normal -0.992152 0 -0.125038
    outer loop
      vertex 25.3787 52.86 29.5805
      vertex 25.3603 100.027 29.7265
      vertex 25.3787 100.027 29.5805
    endloop
  endfacet
  facet normal -0.992152 -0 -0.125038
    outer loop
      vertex 25.3603 100.027 29.7265
      vertex 25.3787 52.86 29.5805
      vertex 25.3603 52.86 29.7265
    endloop
  endfacet
  facet normal -0.862745 0.503898 -0.041939
    outer loop
      vertex 13.95 34.86 36.4
      vertex 24.7737 52.86 30.0114
      vertex 24.7772 52.86 29.9394
    endloop
  endfacet
  facet normal -0.862803 0.503756 -0.0424381
    outer loop
      vertex 13.9231 34.86 36.9469
      vertex 24.7737 52.86 30.0114
      vertex 13.95 34.86 36.4
    endloop
  endfacet
  facet normal -0.862796 0.503773 -0.0423826
    outer loop
      vertex 24.7737 52.86 30.0114
      vertex 13.9231 34.86 36.9469
      vertex 13.8828 34.86 37.7673
    endloop
  endfacet
  facet normal -0.660679 0.173087 -0.730441
    outer loop
      vertex 9.86414 34.86 46.2641
      vertex 22.782 52.86 38.8453
      vertex 22.8354 52.86 38.797
    endloop
  endfacet
  facet normal -0.66138 0.173935 -0.729604
    outer loop
      vertex 9.4584 34.86 46.6319
      vertex 22.782 52.86 38.8453
      vertex 9.86414 34.86 46.2641
    endloop
  endfacet
  facet normal -0.661323 0.173863 -0.729673
    outer loop
      vertex 22.782 52.86 38.8453
      vertex 9.4584 34.86 46.6319
      vertex 8.84979 34.86 47.1835
    endloop
  endfacet
  facet normal -0.801627 0 -0.597824
    outer loop
      vertex 23.7432 52.86 38.1554
      vertex 23.6552 100.027 38.2734
      vertex 23.7432 100.027 38.1554
    endloop
  endfacet
  facet normal -0.801627 -0 -0.597824
    outer loop
      vertex 23.6552 100.027 38.2734
      vertex 23.7432 52.86 38.1554
      vertex 23.6552 52.86 38.2734
    endloop
  endfacet
  facet normal -0.292182 -0.194557 -0.936364
    outer loop
      vertex 4.43852 35.86 49.4617
      vertex 13.208 54.06 42.9437
      vertex 13.2894 54.06 42.9183
    endloop
  endfacet
  facet normal -0.299797 -0.190336 -0.934823
    outer loop
      vertex 13.208 54.06 42.9437
      vertex 4.43852 35.86 49.4617
      vertex 4.43509 35.86 49.4628
    endloop
  endfacet
  facet normal -0.755848 0.534451 0.378227
    outer loop
      vertex 24.5743 52.86 28.9126
      vertex 24.5119 52.86 28.7879
      vertex 12.3028 34.86 29.824
    endloop
  endfacet
  facet normal -0.725863 0 0.687839
    outer loop
      vertex 24.9203 52.86 28.3825
      vertex 25.0216 100.027 28.4894
      vertex 24.9203 100.027 28.3825
    endloop
  endfacet
  facet normal -0.725863 0 0.687839
    outer loop
      vertex 25.0216 100.027 28.4894
      vertex 24.9203 52.86 28.3825
      vertex 25.0216 52.86 28.4894
    endloop
  endfacet
  facet normal -0.985706 0 0.168474
    outer loop
      vertex 25.3475 52.86 29.1414
      vertex 25.3723 100.027 29.2865
      vertex 25.3475 100.027 29.1414
    endloop
  endfacet
  facet normal -0.985706 0 0.168474
    outer loop
      vertex 25.3723 100.027 29.2865
      vertex 25.3475 52.86 29.1414
      vertex 25.3723 52.86 29.2865
    endloop
  endfacet
  facet normal -0.790193 0 0.612858
    outer loop
      vertex 25.0216 52.86 28.4894
      vertex 25.1118 100.027 28.6057
      vertex 25.0216 100.027 28.4894
    endloop
  endfacet
  facet normal -0.790193 0 0.612858
    outer loop
      vertex 25.1118 100.027 28.6057
      vertex 25.0216 52.86 28.4894
      vertex 25.1118 52.86 28.6057
    endloop
  endfacet
  facet normal -0.688835 0.489775 0.534441
    outer loop
      vertex 24.3577 52.86 28.5502
      vertex 24.2722 52.86 28.44
      vertex 10.7835 34.86 27.5502
    endloop
  endfacet
  facet normal -0.578149 0 0.815931
    outer loop
      vertex 24.689 100.027 28.201
      vertex 24.8091 52.86 28.2861
      vertex 24.8091 100.027 28.2861
    endloop
  endfacet
  facet normal -0.578149 0 0.815931
    outer loop
      vertex 24.8091 52.86 28.2861
      vertex 24.689 100.027 28.201
      vertex 24.689 52.86 28.201
    endloop
  endfacet
  facet normal -0.655034 0 0.755599
    outer loop
      vertex 24.8091 100.027 28.2861
      vertex 24.9203 52.86 28.3825
      vertex 24.9203 100.027 28.3825
    endloop
  endfacet
  facet normal -0.655034 0 0.755599
    outer loop
      vertex 24.9203 52.86 28.3825
      vertex 24.8091 100.027 28.2861
      vertex 24.8091 52.86 28.2861
    endloop
  endfacet
  facet normal -0.238809 0 0.971067
    outer loop
      vertex 2.72151 35.06 22.718
      vertex 24.2871 53.86 28.0215
      vertex 24.2871 54.06 28.0215
    endloop
  endfacet
  facet normal -0.238809 0 0.971067
    outer loop
      vertex 24.2871 53.86 28.0215
      vertex 2.72151 35.06 22.718
      vertex 2.72151 34.86 22.718
    endloop
  endfacet
  facet normal -0.314621 0.0878409 0.945144
    outer loop
      vertex 24.1435 53.6974 27.9889
      vertex 4.04947 34.86 23.0507
      vertex 24.0646 53.5224 27.9789
    endloop
  endfacet
  facet normal -0.317096 0.0907709 0.944039
    outer loop
      vertex 4.04947 34.86 23.0507
      vertex 24.1435 53.6974 27.9889
      vertex 24.2871 53.86 28.0215
    endloop
  endfacet
  facet normal -0.142005 -0.253352 -0.956895
    outer loop
      vertex 5.34528 54.06 44.662
      vertex 2.83198 35.86 49.8537
      vertex 1.53483 35.86 50.0462
    endloop
  endfacet
  facet normal 0.177975 -0.243472 -0.953439
    outer loop
      vertex -2.9435 35.86 49.8362
      vertex -7.90483 54.06 44.2625
      vertex -2.93975 35.86 49.8369
    endloop
  endfacet
  facet normal 0.178071 -0.243443 -0.953429
    outer loop
      vertex -7.90483 54.06 44.2625
      vertex -2.9435 35.86 49.8362
      vertex -7.99371 54.06 44.2459
    endloop
  endfacet
  facet normal 0.0900387 -0.265032 -0.960027
    outer loop
      vertex -1.53098 35.86 50.0466
      vertex -2.69618 54.06 44.9129
      vertex -1.42329 35.86 50.0567
    endloop
  endfacet
  facet normal 0.0898995 -0.265043 -0.960037
    outer loop
      vertex -2.69618 54.06 44.9129
      vertex -1.53098 35.86 50.0466
      vertex -5.2538 54.06 44.6734
    endloop
  endfacet
  facet normal 0.828447 0.400214 -0.391797
    outer loop
      vertex -12.5369 34.86 42.481
      vertex -23.2295 52.86 38.2584
      vertex -12.3028 34.86 42.976
    endloop
  endfacet
  facet normal 0.828446 0.400213 -0.391799
    outer loop
      vertex -12.8881 34.86 41.7384
      vertex -23.2295 52.86 38.2584
      vertex -12.5369 34.86 42.481
    endloop
  endfacet
  facet normal 0.828406 0.400164 -0.391934
    outer loop
      vertex -23.2295 52.86 38.2584
      vertex -12.8881 34.86 41.7384
      vertex -23.2603 52.86 38.1933
    endloop
  endfacet
  facet normal 0.674891 0.190536 -0.712894
    outer loop
      vertex -22.7588 52.86 38.8677
      vertex -9.86414 34.86 46.2641
      vertex -22.8601 52.86 38.7718
    endloop
  endfacet
  facet normal 0.984807 0 -0.173652
    outer loop
      vertex -23.9757 52.86 37.5788
      vertex -25.3603 100.027 29.7265
      vertex -23.9757 100.027 37.5788
    endloop
  endfacet
  facet normal 0.984807 0 -0.173652
    outer loop
      vertex -25.3603 100.027 29.7265
      vertex -23.9757 52.86 37.5788
      vertex -25.3603 52.86 29.7265
    endloop
  endfacet
  facet normal 0.864066 0.500798 -0.0509005
    outer loop
      vertex -24.7695 52.86 30.0567
      vertex -13.8828 34.86 37.7673
      vertex -24.7777 52.86 29.9175
    endloop
  endfacet
  facet normal 0.998251 0 -0.0591204
    outer loop
      vertex -25.3743 52.86 29.6283
      vertex -25.383 100.027 29.4814
      vertex -25.3743 100.027 29.6283
    endloop
  endfacet
  facet normal 0.998251 0 -0.0591204
    outer loop
      vertex -25.383 100.027 29.4814
      vertex -25.3743 52.86 29.6283
      vertex -25.383 52.86 29.4814
    endloop
  endfacet
  facet normal 0.603688 0 0.797221
    outer loop
      vertex -24.8465 100.027 28.3163
      vertex -24.7291 52.86 28.2274
      vertex -24.7291 100.027 28.2274
    endloop
  endfacet
  facet normal 0.603688 0 0.797221
    outer loop
      vertex -24.7291 52.86 28.2274
      vertex -24.8465 100.027 28.3163
      vertex -24.8465 52.86 28.3163
    endloop
  endfacet
  facet normal 0.731805 0.521595 0.438634
    outer loop
      vertex -11.599 34.86 28.6498
      vertex -24.4631 52.86 28.7075
      vertex -12.3028 34.86 29.824
    endloop
  endfacet
  facet normal 0.731965 0.52171 0.438231
    outer loop
      vertex -24.4631 52.86 28.7075
      vertex -11.599 34.86 28.6498
      vertex -24.4261 52.86 28.6457
    endloop
  endfacet
  facet normal 0.735283 0.523442 0.430543
    outer loop
      vertex -12.3028 34.86 29.824
      vertex -24.4631 52.86 28.7075
      vertex -24.5336 52.86 28.8279
    endloop
  endfacet
  facet normal 0.862841 -0 0.505475
    outer loop
      vertex -25.2131 52.86 28.7725
      vertex -25.1387 100.027 28.6455
      vertex -25.2131 100.027 28.7725
    endloop
  endfacet
  facet normal 0.862841 0 0.505475
    outer loop
      vertex -25.1387 100.027 28.6455
      vertex -25.2131 52.86 28.7725
      vertex -25.1387 52.86 28.6455
    endloop
  endfacet
  facet normal 0.765275 0.538846 0.352135
    outer loop
      vertex -12.8881 34.86 31.0616
      vertex -24.5644 52.86 28.893
      vertex -24.6227 52.86 29.0197
    endloop
  endfacet
  facet normal 0.788694 0.546183 0.282214
    outer loop
      vertex -12.8881 34.86 31.0616
      vertex -24.647 52.86 29.0875
      vertex -13.3493 34.86 32.3505
    endloop
  endfacet
  facet normal 0.78857 0.546148 0.282629
    outer loop
      vertex -24.647 52.86 29.0875
      vertex -12.8881 34.86 31.0616
      vertex -24.6227 52.86 29.0197
    endloop
  endfacet
  facet normal 0.972338 -0 0.233578
    outer loop
      vertex -25.3572 52.86 29.1885
      vertex -25.3228 100.027 29.0453
      vertex -25.3572 100.027 29.1885
    endloop
  endfacet
  facet normal 0.972338 0 0.233578
    outer loop
      vertex -25.3228 100.027 29.0453
      vertex -25.3572 52.86 29.1885
      vertex -25.3228 52.86 29.0453
    endloop
  endfacet
  facet normal 0.156169 -0.0967022 0.982985
    outer loop
      vertex -2.72151 35.06 22.718
      vertex -24.0453 54.06 27.9749
      vertex -24.1907 54.06 27.998
    endloop
  endfacet
  facet normal 0.491765 0.291569 0.82046
    outer loop
      vertex -6.57598 34.86 24.0972
      vertex -23.7192 52.8629 27.9747
      vertex -7.7502 34.86 24.801
    endloop
  endfacet
  facet normal 0.491223 0.290935 0.821009
    outer loop
      vertex -6.57598 34.86 24.0972
      vertex -23.7513 52.925 27.9719
      vertex -23.7192 52.8629 27.9747
    endloop
  endfacet
  facet normal 0.492524 0.292456 0.819689
    outer loop
      vertex -23.7513 52.925 27.9719
      vertex -6.57598 34.86 24.0972
      vertex -23.8007 53.0138 27.9699
    endloop
  endfacet
  facet normal 0.476094 0.275058 0.835271
    outer loop
      vertex -7.7502 34.86 24.801
      vertex -23.7192 52.8629 27.9747
      vertex -23.7177 52.86 27.9748
    endloop
  endfacet
  facet normal 0.499099 0.299359 0.813194
    outer loop
      vertex -7.7502 34.86 24.801
      vertex -23.7177 52.86 27.9748
      vertex -23.8355 52.86 28.0471
    endloop
  endfacet
  facet normal -0.997503 0 0.0706197
    outer loop
      vertex 25.3723 52.86 29.2865
      vertex 25.3827 100.027 29.4334
      vertex 25.3723 100.027 29.2865
    endloop
  endfacet
  facet normal -0.997503 0 0.0706197
    outer loop
      vertex 25.3827 100.027 29.4334
      vertex 25.3723 52.86 29.2865
      vertex 25.3827 52.86 29.4334
    endloop
  endfacet
  facet normal -0.763977 0.309709 -0.566056
    outer loop
      vertex 11.599 34.86 44.1502
      vertex 23.0611 52.86 38.5288
      vertex 23.104 52.86 38.4709
    endloop
  endfacet
  facet normal -0.763798 0.30948 -0.566423
    outer loop
      vertex 11.1097 34.86 44.81
      vertex 23.0611 52.86 38.5288
      vertex 11.599 34.86 44.1502
    endloop
  endfacet
  facet normal -0.763768 0.309437 -0.566487
    outer loop
      vertex 23.0611 52.86 38.5288
      vertex 11.1097 34.86 44.81
      vertex 10.7835 34.86 45.2498
    endloop
  endfacet
  facet normal -0.849364 0.429441 -0.306859
    outer loop
      vertex 23.3039 52.86 38.0987
      vertex 23.3513 52.86 37.9675
      vertex 12.8881 34.86 41.7384
    endloop
  endfacet
  facet normal -0.940584 0 -0.339561
    outer loop
      vertex 23.9326 52.86 37.758
      vertex 23.8826 100.027 37.8965
      vertex 23.9326 100.027 37.758
    endloop
  endfacet
  facet normal -0.940584 -0 -0.339561
    outer loop
      vertex 23.8826 100.027 37.8965
      vertex 23.9326 52.86 37.758
      vertex 23.8826 52.86 37.8965
    endloop
  endfacet
  facet normal -0.845998 0.529781 0.0601679
    outer loop
      vertex 24.7775 52.86 29.7281
      vertex 24.7676 52.86 29.5889
      vertex 13.8828 34.86 35.0327
    endloop
  endfacet
  facet normal -0.812004 0.547103 0.203291
    outer loop
      vertex 13.3493 34.86 32.3505
      vertex 24.7335 52.86 29.3802
      vertex 24.716 52.86 29.3103
    endloop
  endfacet
  facet normal -0.811971 0.547104 0.203421
    outer loop
      vertex 24.7335 52.86 29.3802
      vertex 13.3493 34.86 32.3505
      vertex 13.682 34.86 33.6785
    endloop
  endfacet
  facet normal -0.984807 0 -0.173652
    outer loop
      vertex 25.3603 52.86 29.7265
      vertex 23.9757 100.027 37.5788
      vertex 25.3603 100.027 29.7265
    endloop
  endfacet
  facet normal -0.984807 -0 -0.173652
    outer loop
      vertex 23.9757 100.027 37.5788
      vertex 25.3603 52.86 29.7265
      vertex 23.9757 52.86 37.5788
    endloop
  endfacet
  facet normal -0.873937 0.460963 -0.154099
    outer loop
      vertex 23.4339 52.86 37.66
      vertex 24.7456 52.86 30.221
      vertex 13.682 34.86 39.1215
    endloop
  endfacet
  facet normal -0.331982 -0.170304 -0.927785
    outer loop
      vertex 15.8602 54.06 42.0355
      vertex 5.78146 35.86 48.9827
      vertex 4.54677 35.86 49.4245
    endloop
  endfacet
  facet normal -0.264438 -0.209709 -0.941326
    outer loop
      vertex 4.43509 35.86 49.4628
      vertex 10.6418 54.06 43.6646
      vertex 13.208 54.06 42.9437
    endloop
  endfacet
  facet normal -0.263996 -0.209887 -0.941411
    outer loop
      vertex 10.6418 54.06 43.6646
      vertex 4.43509 35.86 49.4628
      vertex 4.32704 35.86 49.4931
    endloop
  endfacet
  facet normal -0.421835 -0.102206 -0.900894
    outer loop
      vertex 6.00481 35.86 48.8853
      vertex 18.5845 54.06 40.9302
      vertex 21.1648 54.06 39.722
    endloop
  endfacet
  facet normal -0.422016 -0.102051 -0.900826
    outer loop
      vertex 18.5845 54.06 40.9302
      vertex 6.00481 35.86 48.8853
      vertex 5.89616 35.86 48.9362
    endloop
  endfacet
  facet normal -0.236964 -0.220768 -0.946102
    outer loop
      vertex 10.6418 54.06 43.6646
      vertex 4.32704 35.86 49.4931
      vertex 3.055 35.86 49.8117
    endloop
  endfacet
  facet normal -0.846392 0 0.532561
    outer loop
      vertex 25.1118 52.86 28.6057
      vertex 25.1902 100.027 28.7303
      vertex 25.1118 100.027 28.6057
    endloop
  endfacet
  facet normal -0.846392 0 0.532561
    outer loop
      vertex 25.1902 100.027 28.7303
      vertex 25.1118 52.86 28.6057
      vertex 25.1902 52.86 28.7303
    endloop
  endfacet
  facet normal -0.724773 0.516518 0.455975
    outer loop
      vertex 24.4749 52.86 28.7261
      vertex 24.4006 52.86 28.608
      vertex 11.599 34.86 28.6498
    endloop
  endfacet
  facet normal -0.221338 -0.0209204 0.974973
    outer loop
      vertex 24.2871 54.06 28.0215
      vertex 24.1435 54.06 27.9889
      vertex 2.72151 35.06 22.718
    endloop
  endfacet
  facet normal -0.145869 -0.108331 0.983355
    outer loop
      vertex 24.1435 54.06 27.9889
      vertex 2.32634 35.86 22.7476
      vertex 3.58428 35.86 22.9342
    endloop
  endfacet
  facet normal -0.143781 -0.1107 0.983398
    outer loop
      vertex 24.1435 54.06 27.9889
      vertex 3.58428 35.86 22.9342
      vertex 2.72151 35.06 22.718
    endloop
  endfacet
  facet normal -0.407651 0 0.913138
    outer loop
      vertex 24.4267 100.027 28.0681
      vertex 24.5611 52.86 28.1281
      vertex 24.5611 100.027 28.1281
    endloop
  endfacet
  facet normal -0.407651 0 0.913138
    outer loop
      vertex 24.5611 52.86 28.1281
      vertex 24.4267 100.027 28.0681
      vertex 24.4267 52.86 28.0681
    endloop
  endfacet
  facet normal -0.400898 0.187742 0.89668
    outer loop
      vertex 23.9975 53.4096 27.9704
      vertex 5.33843 34.86 23.5119
      vertex 23.8928 53.1994 27.9676
    endloop
  endfacet
  facet normal -0.400997 0.187859 0.89661
    outer loop
      vertex 5.33843 34.86 23.5119
      vertex 23.9975 53.4096 27.9704
      vertex 24.0404 53.4754 27.9758
    endloop
  endfacet
  facet normal -0.149233 -0.252133 -0.956116
    outer loop
      vertex 2.93975 35.86 49.8369
      vertex 5.34528 54.06 44.662
      vertex 7.90483 54.06 44.2625
    endloop
  endfacet
  facet normal -0.14905 -0.252163 -0.956137
    outer loop
      vertex 5.34528 54.06 44.662
      vertex 2.93975 35.86 49.8369
      vertex 2.83198 35.86 49.8537
    endloop
  endfacet
  facet normal -0.178071 -0.243443 -0.953429
    outer loop
      vertex 2.9435 35.86 49.8362
      vertex 7.90483 54.06 44.2625
      vertex 7.99371 54.06 44.2459
    endloop
  endfacet
  facet normal -0.177975 -0.243472 -0.953439
    outer loop
      vertex 7.90483 54.06 44.2625
      vertex 2.9435 35.86 49.8362
      vertex 2.93975 35.86 49.8369
    endloop
  endfacet
  facet normal 0.343616 -0.162761 -0.924899
    outer loop
      vertex -5.78469 35.86 48.9815
      vertex -15.8602 54.06 42.0355
      vertex -5.78146 35.86 48.9827
    endloop
  endfacet
  facet normal 0.345046 -0.161828 -0.92453
    outer loop
      vertex -15.8602 54.06 42.0355
      vertex -5.78469 35.86 48.9815
      vertex -15.9371 54.06 42.0068
    endloop
  endfacet
  facet normal 0.236964 -0.220768 -0.946102
    outer loop
      vertex -3.055 35.86 49.8117
      vertex -4.32704 35.86 49.4931
      vertex -10.6418 54.06 43.6646
    endloop
  endfacet
  facet normal 0.319744 -0.179023 -0.930438
    outer loop
      vertex -4.54677 35.86 49.4245
      vertex -13.2894 54.06 42.9183
      vertex -4.43852 35.86 49.4617
    endloop
  endfacet
  facet normal 0.319525 -0.179146 -0.930489
    outer loop
      vertex -13.2894 54.06 42.9183
      vertex -4.54677 35.86 49.4245
      vertex -15.8602 54.06 42.0355
    endloop
  endfacet
  facet normal 0.331982 -0.170304 -0.927785
    outer loop
      vertex -4.54677 35.86 49.4245
      vertex -5.78146 35.86 48.9827
      vertex -15.8602 54.06 42.0355
    endloop
  endfacet
  facet normal 0.849884 0.43037 -0.304103
    outer loop
      vertex -13.1648 34.86 40.9651
      vertex -23.3171 52.86 38.066
      vertex -12.8881 34.86 41.7384
    endloop
  endfacet
  facet normal 0.849881 0.430366 -0.304118
    outer loop
      vertex -13.3493 34.86 40.4495
      vertex -23.3171 52.86 38.066
      vertex -13.1648 34.86 40.9651
    endloop
  endfacet
  facet normal 0.849873 0.430357 -0.304152
    outer loop
      vertex -23.3171 52.86 38.066
      vertex -13.3493 34.86 40.4495
      vertex -23.3414 52.86 37.9981
    endloop
  endfacet
  facet normal 0.868619 0 -0.49548
    outer loop
      vertex -23.7636 52.86 38.1242
      vertex -23.8365 100.027 37.9964
      vertex -23.7636 100.027 38.1242
    endloop
  endfacet
  facet normal 0.868619 0 -0.49548
    outer loop
      vertex -23.8365 100.027 37.9964
      vertex -23.7636 52.86 38.1242
      vertex -23.8365 52.86 37.9964
    endloop
  endfacet
  facet normal 0.807276 0.369421 -0.460254
    outer loop
      vertex -23.1604 52.86 38.3796
      vertex -12.3028 34.86 42.976
      vertex -23.2295 52.86 38.2584
    endloop
  endfacet
  facet normal 0.612858 0 -0.790193
    outer loop
      vertex -23.4752 52.86 38.4568
      vertex -23.3589 100.027 38.547
      vertex -23.3589 52.86 38.547
    endloop
  endfacet
  facet normal 0.612858 0 -0.790193
    outer loop
      vertex -23.3589 100.027 38.547
      vertex -23.4752 52.86 38.4568
      vertex -23.4752 100.027 38.4568
    endloop
  endfacet
  facet normal 0.8509 0.524253 0.0335962
    outer loop
      vertex -13.95 34.86 36.4
      vertex -24.7758 52.86 29.7062
      vertex -24.7813 52.86 29.8455
    endloop
  endfacet
  facet normal 0.862809 0.503751 -0.0423832
    outer loop
      vertex -13.9231 34.86 36.9469
      vertex -24.7777 52.86 29.9175
      vertex -13.8828 34.86 37.7673
    endloop
  endfacet
  facet normal 0.862816 0.503734 -0.0424387
    outer loop
      vertex -13.95 34.86 36.4
      vertex -24.7777 52.86 29.9175
      vertex -13.9231 34.86 36.9469
    endloop
  endfacet
  facet normal 0.8629 0.50353 -0.043145
    outer loop
      vertex -24.7777 52.86 29.9175
      vertex -13.95 34.86 36.4
      vertex -24.7813 52.86 29.8455
    endloop
  endfacet
  facet normal 0.747971 -0 0.663731
    outer loop
      vertex -25.0522 52.86 28.5264
      vertex -24.9545 100.027 28.4163
      vertex -25.0522 100.027 28.5264
    endloop
  endfacet
  facet normal 0.747971 0 0.663731
    outer loop
      vertex -24.9545 100.027 28.4163
      vertex -25.0522 52.86 28.5264
      vertex -24.9545 52.86 28.4163
    endloop
  endfacet
  facet normal 0.809118 -0 0.587646
    outer loop
      vertex -25.1387 52.86 28.6455
      vertex -25.0522 100.027 28.5264
      vertex -25.1387 100.027 28.6455
    endloop
  endfacet
  facet normal 0.809118 0 0.587646
    outer loop
      vertex -25.0522 100.027 28.5264
      vertex -25.1387 52.86 28.6455
      vertex -25.0522 52.86 28.5264
    endloop
  endfacet
  facet normal -0.855991 0 -0.516991
    outer loop
      vertex 23.8193 52.86 38.0294
      vertex 23.7432 100.027 38.1554
      vertex 23.8193 100.027 38.0294
    endloop
  endfacet
  facet normal -0.855991 -0 -0.516991
    outer loop
      vertex 23.7432 100.027 38.1554
      vertex 23.8193 52.86 38.0294
      vertex 23.7432 52.86 38.1554
    endloop
  endfacet
  facet normal -0.865588 0.451438 -0.216706
    outer loop
      vertex 13.682 34.86 39.1215
      vertex 23.3756 52.86 37.8997
      vertex 23.3931 52.86 37.8298
    endloop
  endfacet
  facet normal -0.865564 0.451416 -0.216847
    outer loop
      vertex 23.3756 52.86 37.8997
      vertex 13.682 34.86 39.1215
      vertex 13.3493 34.86 40.4495
    endloop
  endfacet
  facet normal -0.866949 0.452775 -0.208313
    outer loop
      vertex 23.3931 52.86 37.8298
      vertex 23.4339 52.86 37.66
      vertex 13.682 34.86 39.1215
    endloop
  endfacet
  facet normal -0.872055 0.471923 -0.129646
    outer loop
      vertex 13.8828 34.86 37.7673
      vertex 24.7456 52.86 30.221
      vertex 24.7562 52.86 30.1497
    endloop
  endfacet
  facet normal -0.872037 0.472044 -0.12933
    outer loop
      vertex 13.7623 34.86 38.5798
      vertex 24.7456 52.86 30.221
      vertex 13.8828 34.86 37.7673
    endloop
  endfacet
  facet normal -0.872032 0.47207 -0.129267
    outer loop
      vertex 24.7456 52.86 30.221
      vertex 13.7623 34.86 38.5798
      vertex 13.682 34.86 39.1215
    endloop
  endfacet
  facet normal -0.870688 0.479338 -0.110174
    outer loop
      vertex 24.7562 52.86 30.1497
      vertex 24.7737 52.86 30.0114
      vertex 13.8828 34.86 37.7673
    endloop
  endfacet
  facet normal -0.807363 0.547146 0.220899
    outer loop
      vertex 24.716 52.86 29.3103
      vertex 24.6792 52.86 29.1758
      vertex 13.3493 34.86 32.3505
    endloop
  endfacet
  facet normal -0.849326 0.526248 0.0413441
    outer loop
      vertex 13.8828 34.86 35.0327
      vertex 24.781 52.86 29.8
      vertex 24.7775 52.86 29.7281
    endloop
  endfacet
  facet normal -0.84926 0.526323 0.0417394
    outer loop
      vertex 24.781 52.86 29.8
      vertex 13.8828 34.86 35.0327
      vertex 13.95 34.86 36.4
    endloop
  endfacet
  facet normal -0.514084 -0.00425986 -0.857729
    outer loop
      vertex 23.3281 54.06 38.568
      vertex 7.76064 35.36 47.9913
      vertex 7.77802 35.86 47.9784
    endloop
  endfacet
  facet normal -0.514193 -0.00413662 -0.857665
    outer loop
      vertex 7.76064 35.36 47.9913
      vertex 23.3281 54.06 38.568
      vertex 7.75021 35.06 47.999
    endloop
  endfacet
  facet normal -0.5141 -0.00424123 -0.85772
    outer loop
      vertex 23.3281 54.06 38.568
      vertex 7.77802 35.86 47.9784
      vertex 7.28134 35.86 48.2761
    endloop
  endfacet
  facet normal 0 -0.0257914 -0.999667
    outer loop
      vertex 7.77802 35.86 47.9784
      vertex 7.76064 35.36 47.9913
      vertex 7.76063 35.36 47.9913
    endloop
  endfacet
  facet normal -0.517894 -0 -0.855445
    outer loop
      vertex 7.75021 35.06 47.999
      vertex 23.3281 53.86 38.568
      vertex 7.75021 34.86 47.999
    endloop
  endfacet
  facet normal -0.517894 0 -0.855445
    outer loop
      vertex 23.3281 53.86 38.568
      vertex 7.75021 35.06 47.999
      vertex 23.3281 54.06 38.568
    endloop
  endfacet
  facet normal -0.235739 -0.221338 -0.946275
    outer loop
      vertex 3.055 35.86 49.8117
      vertex 10.5563 54.06 43.6859
      vertex 10.6418 54.06 43.6646
    endloop
  endfacet
  facet normal -0.23654 -0.220969 -0.946161
    outer loop
      vertex 10.5563 54.06 43.6859
      vertex 3.055 35.86 49.8117
      vertex 3.0514 35.86 49.8126
    endloop
  endfacet
  facet normal -0.511482 -0.00737243 -0.859262
    outer loop
      vertex 7.28134 35.86 48.2761
      vertex 23.2016 54.06 38.6433
      vertex 23.3281 54.06 38.568
    endloop
  endfacet
  facet normal -0.502682 -0.0177304 -0.864289
    outer loop
      vertex 23.2016 54.06 38.6433
      vertex 7.28134 35.86 48.2761
      vertex 7.27601 35.86 48.2792
    endloop
  endfacet
  facet normal -0.37211 -0.143837 -0.916976
    outer loop
      vertex 5.89313 35.86 48.9375
      vertex 15.9371 54.06 42.0068
      vertex 18.5125 54.06 40.9617
    endloop
  endfacet
  facet normal -0.372072 -0.143862 -0.916988
    outer loop
      vertex 15.9371 54.06 42.0068
      vertex 5.89313 35.86 48.9375
      vertex 5.78469 35.86 48.9815
    endloop
  endfacet
  facet normal -0.425429 -0.098565 -0.899608
    outer loop
      vertex 21.1648 54.06 39.722
      vertex 7.19025 35.86 48.3247
      vertex 6.00481 35.86 48.8853
    endloop
  endfacet
  facet normal -0.345046 -0.161828 -0.92453
    outer loop
      vertex 5.78469 35.86 48.9815
      vertex 15.8602 54.06 42.0355
      vertex 15.9371 54.06 42.0068
    endloop
  endfacet
  facet normal -0.343616 -0.162761 -0.924899
    outer loop
      vertex 15.8602 54.06 42.0355
      vertex 5.78469 35.86 48.9815
      vertex 5.78146 35.86 48.9827
    endloop
  endfacet
  facet normal 0.099704 -0.262924 -0.959651
    outer loop
      vertex -1.53483 35.86 50.0462
      vertex -5.2538 54.06 44.6734
      vertex -1.53098 35.86 50.0466
    endloop
  endfacet
  facet normal 0.119455 -0.258571 -0.958578
    outer loop
      vertex -5.2538 54.06 44.6734
      vertex -1.53483 35.86 50.0462
      vertex -5.34528 54.06 44.662
    endloop
  endfacet
  facet normal 0.372072 -0.143862 -0.916988
    outer loop
      vertex -5.89313 35.86 48.9375
      vertex -15.9371 54.06 42.0068
      vertex -5.78469 35.86 48.9815
    endloop
  endfacet
  facet normal 0.37211 -0.143837 -0.916976
    outer loop
      vertex -15.9371 54.06 42.0068
      vertex -5.89313 35.86 48.9375
      vertex -18.5125 54.06 40.9617
    endloop
  endfacet
  facet normal 0.207733 -0.234086 -0.949763
    outer loop
      vertex -3.0514 35.86 49.8126
      vertex -7.99371 54.06 44.2459
      vertex -2.9435 35.86 49.8362
    endloop
  endfacet
  facet normal 0.207556 -0.234142 -0.949788
    outer loop
      vertex -7.99371 54.06 44.2459
      vertex -3.0514 35.86 49.8126
      vertex -10.5563 54.06 43.6859
    endloop
  endfacet
  facet normal 0.468717 -0.0566754 -0.881528
    outer loop
      vertex -7.27601 35.86 48.2792
      vertex -21.2319 54.06 39.6886
      vertex -7.19307 35.86 48.3233
    endloop
  endfacet
  facet normal 0.467997 -0.0573866 -0.881865
    outer loop
      vertex -21.2319 54.06 39.6886
      vertex -7.27601 35.86 48.2792
      vertex -23.2016 54.06 38.6433
    endloop
  endfacet
  facet normal 0.425429 -0.098565 -0.899608
    outer loop
      vertex -6.00481 35.86 48.8853
      vertex -7.19025 35.86 48.3247
      vertex -21.1648 54.06 39.722
    endloop
  endfacet
  facet normal 0.517946 0 -0.855413
    outer loop
      vertex -23.2016 53.86 38.6433
      vertex -7.75021 35.06 47.999
      vertex -7.75021 34.86 47.999
    endloop
  endfacet
  facet normal 0.517946 0 -0.855413
    outer loop
      vertex -7.75021 35.06 47.999
      vertex -23.2016 53.86 38.6433
      vertex -23.2016 54.06 38.6433
    endloop
  endfacet
  facet normal 0.609349 0.108282 -0.785473
    outer loop
      vertex -8.84979 34.86 47.1835
      vertex -22.8487 53.0462 38.8306
      vertex -23.1603 53.5999 38.6652
    endloop
  endfacet
  facet normal 0.948547 0 -0.316635
    outer loop
      vertex -23.8965 52.86 37.8619
      vertex -23.9431 100.027 37.7223
      vertex -23.8965 100.027 37.8619
    endloop
  endfacet
  facet normal 0.948547 0 -0.316635
    outer loop
      vertex -23.9431 100.027 37.7223
      vertex -23.8965 52.86 37.8619
      vertex -23.9431 52.86 37.7223
    endloop
  endfacet
  facet normal 0.717886 0.247469 -0.650691
    outer loop
      vertex -10.7835 34.86 45.2498
      vertex -22.8601 52.86 38.7718
      vertex -9.86414 34.86 46.2641
    endloop
  endfacet
  facet normal 0.718437 0.248152 -0.649822
    outer loop
      vertex -22.8601 52.86 38.7718
      vertex -10.7835 34.86 45.2498
      vertex -22.9084 52.86 38.7184
    endloop
  endfacet
  facet normal 0.800144 0.36017 -0.479632
    outer loop
      vertex -12.0213 34.86 43.4457
      vertex -23.1234 52.86 38.4414
      vertex -11.599 34.86 44.1502
    endloop
  endfacet
  facet normal 0.800172 0.360207 -0.479558
    outer loop
      vertex -12.3028 34.86 42.976
      vertex -23.1234 52.86 38.4414
      vertex -12.0213 34.86 43.4457
    endloop
  endfacet
  facet normal 0.800324 0.3604 -0.479159
    outer loop
      vertex -23.1234 52.86 38.4414
      vertex -12.3028 34.86 42.976
      vertex -23.1604 52.86 38.3796
    endloop
  endfacet
  facet normal 0.68782 0 -0.725881
    outer loop
      vertex -23.582 52.86 38.3556
      vertex -23.4752 100.027 38.4568
      vertex -23.4752 52.86 38.4568
    endloop
  endfacet
  facet normal 0.68782 0 -0.725881
    outer loop
      vertex -23.4752 100.027 38.4568
      vertex -23.582 52.86 38.3556
      vertex -23.582 100.027 38.3556
    endloop
  endfacet
  facet normal 0.52213 0 -0.852866
    outer loop
      vertex -23.3589 52.86 38.547
      vertex -23.2016 53.86 38.6433
      vertex -23.2016 52.86 38.6433
    endloop
  endfacet
  facet normal 0.52213 0 -0.852866
    outer loop
      vertex -23.2016 53.86 38.6433
      vertex -23.3589 52.86 38.547
      vertex -23.2016 54.06 38.6433
    endloop
  endfacet
  facet normal 0.52213 0 -0.852866
    outer loop
      vertex -23.3589 100.027 38.547
      vertex -23.2016 54.06 38.6433
      vertex -23.3589 52.86 38.547
    endloop
  endfacet
  facet normal 0.52213 0 -0.852866
    outer loop
      vertex -23.2016 54.06 38.6433
      vertex -23.3589 100.027 38.547
      vertex -23.2016 100.027 38.6433
    endloop
  endfacet
  facet normal 0.522256 0.00480346 -0.852775
    outer loop
      vertex -7.75021 34.86 47.999
      vertex -23.1876 53.6516 38.6507
      vertex -23.2016 53.86 38.6433
    endloop
  endfacet
  facet normal 0.679408 0 0.733761
    outer loop
      vertex -24.9545 100.027 28.4163
      vertex -24.8465 52.86 28.3163
      vertex -24.8465 100.027 28.3163
    endloop
  endfacet
  facet normal 0.679408 0 0.733761
    outer loop
      vertex -24.8465 52.86 28.3163
      vertex -24.9545 100.027 28.4163
      vertex -24.9545 52.86 28.4163
    endloop
  endfacet
  facet normal 0.99925 -0 0.0387201
    outer loop
      vertex -25.383 52.86 29.4814
      vertex -25.3773 100.027 29.3343
      vertex -25.383 100.027 29.4814
    endloop
  endfacet
  facet normal 0.99925 0 0.0387201
    outer loop
      vertex -25.3773 100.027 29.3343
      vertex -25.383 52.86 29.4814
      vertex -25.3773 52.86 29.3343
    endloop
  endfacet
  facet normal 0.418173 0.208227 0.884179
    outer loop
      vertex -5.33843 34.86 23.5119
      vertex -23.9451 53.3015 27.9689
      vertex -6.57598 34.86 24.0972
    endloop
  endfacet
  facet normal 0.419022 0.209239 0.883538
    outer loop
      vertex -23.9451 53.3015 27.9689
      vertex -5.33843 34.86 23.5119
      vertex -23.9925 53.3846 27.9717
    endloop
  endfacet
  facet normal 0.426403 0.217268 0.878052
    outer loop
      vertex -6.57598 34.86 24.0972
      vertex -23.8984 53.2209 27.9661
      vertex -23.8007 53.0138 27.9699
    endloop
  endfacet
  facet normal 0.424972 0.21569 0.879134
    outer loop
      vertex -23.8984 53.2209 27.9661
      vertex -6.57598 34.86 24.0972
      vertex -23.9451 53.3015 27.9689
    endloop
  endfacet
  facet normal -0.783413 0.544623 0.299417
    outer loop
      vertex 24.6549 52.86 29.108
      vertex 24.6051 52.86 28.9777
      vertex 12.8881 34.86 31.0616
    endloop
  endfacet
  facet normal -0.762081 0.537805 0.360554
    outer loop
      vertex 12.3028 34.86 29.824
      vertex 24.6051 52.86 28.9777
      vertex 24.5743 52.86 28.9126
    endloop
  endfacet
  facet normal -0.762122 0.537827 0.360432
    outer loop
      vertex 24.6051 52.86 28.9777
      vertex 12.3028 34.86 29.824
      vertex 12.8881 34.86 31.0616
    endloop
  endfacet
  facet normal -0.99963 0 -0.0271823
    outer loop
      vertex 25.3827 52.86 29.4334
      vertex 25.3787 100.027 29.5805
      vertex 25.3827 100.027 29.4334
    endloop
  endfacet
  facet normal -0.99963 -0 -0.0271823
    outer loop
      vertex 25.3787 100.027 29.5805
      vertex 25.3827 52.86 29.4334
      vertex 25.3787 52.86 29.5805
    endloop
  endfacet
  facet normal -0.972274 0 -0.233845
    outer loop
      vertex 23.9757 52.86 37.5788
      vertex 23.9326 100.027 37.758
      vertex 23.9757 100.027 37.5788
    endloop
  endfacet
  facet normal -0.972274 -0 -0.233845
    outer loop
      vertex 23.9326 100.027 37.758
      vertex 23.9757 52.86 37.5788
      vertex 23.9326 52.86 37.758
    endloop
  endfacet
  facet normal -0.902823 0 -0.430013
    outer loop
      vertex 23.8826 52.86 37.8965
      vertex 23.8193 100.027 38.0294
      vertex 23.8826 100.027 37.8965
    endloop
  endfacet
  facet normal -0.902823 -0 -0.430013
    outer loop
      vertex 23.8193 100.027 38.0294
      vertex 23.8826 52.86 37.8965
      vertex 23.8193 52.86 38.0294
    endloop
  endfacet
  facet normal -0.66949 0 -0.742821
    outer loop
      vertex 23.4466 52.86 38.4807
      vertex 23.556 100.027 38.3821
      vertex 23.556 52.86 38.3821
    endloop
  endfacet
  facet normal -0.66949 0 -0.742821
    outer loop
      vertex 23.556 100.027 38.3821
      vertex 23.4466 52.86 38.4807
      vertex 23.4466 100.027 38.4807
    endloop
  endfacet
  facet normal -0.659623 0.171585 -0.731749
    outer loop
      vertex 22.782 52.86 38.8453
      vertex 8.84979 34.86 47.1835
      vertex 22.7262 52.86 38.8956
    endloop
  endfacet
  facet normal -0.659526 0.171456 -0.731866
    outer loop
      vertex 22.9489 53.2121 38.7774
      vertex 22.7262 52.86 38.8956
      vertex 8.84979 34.86 47.1835
    endloop
  endfacet
  facet normal -0.444157 -0.0807324 -0.892304
    outer loop
      vertex 7.19307 35.86 48.3233
      vertex 21.1648 54.06 39.722
      vertex 21.2319 54.06 39.6886
    endloop
  endfacet
  facet normal -0.443185 -0.0816666 -0.892702
    outer loop
      vertex 21.1648 54.06 39.722
      vertex 7.19307 35.86 48.3233
      vertex 7.19025 35.86 48.3247
    endloop
  endfacet
  facet normal -0.467997 -0.0573866 -0.881865
    outer loop
      vertex 7.27601 35.86 48.2792
      vertex 21.2319 54.06 39.6886
      vertex 23.2016 54.06 38.6433
    endloop
  endfacet
  facet normal -0.468717 -0.0566754 -0.881528
    outer loop
      vertex 21.2319 54.06 39.6886
      vertex 7.27601 35.86 48.2792
      vertex 7.19307 35.86 48.3233
    endloop
  endfacet
  facet normal -0.319525 -0.179146 -0.930489
    outer loop
      vertex 4.54677 35.86 49.4245
      vertex 13.2894 54.06 42.9183
      vertex 15.8602 54.06 42.0355
    endloop
  endfacet
  facet normal -0.319744 -0.179023 -0.930438
    outer loop
      vertex 13.2894 54.06 42.9183
      vertex 4.54677 35.86 49.4245
      vertex 4.43852 35.86 49.4617
    endloop
  endfacet
  facet normal 0.14905 -0.252163 -0.956137
    outer loop
      vertex -2.93975 35.86 49.8369
      vertex -5.34528 54.06 44.662
      vertex -2.83198 35.86 49.8537
    endloop
  endfacet
  facet normal 0.149233 -0.252133 -0.956116
    outer loop
      vertex -5.34528 54.06 44.662
      vertex -2.93975 35.86 49.8369
      vertex -7.90483 54.06 44.2625
    endloop
  endfacet
  facet normal 0.0735471 -0.266534 -0.961015
    outer loop
      vertex -1.42329 35.86 50.0567
      vertex -2.60313 54.06 44.9187
      vertex -1.41937 35.86 50.057
    endloop
  endfacet
  facet normal 0.0599425 -0.267599 -0.961664
    outer loop
      vertex -2.60313 54.06 44.9187
      vertex -1.42329 35.86 50.0567
      vertex -2.69618 54.06 44.9129
    endloop
  endfacet
  facet normal -0.0599425 -0.267599 -0.961664
    outer loop
      vertex 1.42329 35.86 50.0567
      vertex 2.60313 54.06 44.9187
      vertex 2.69618 54.06 44.9129
    endloop
  endfacet
  facet normal -0.0735471 -0.266534 -0.961015
    outer loop
      vertex 2.60313 54.06 44.9187
      vertex 1.42329 35.86 50.0567
      vertex 1.41937 35.86 50.057
    endloop
  endfacet
  facet normal -0.0898995 -0.265043 -0.960037
    outer loop
      vertex 1.53098 35.86 50.0466
      vertex 2.69618 54.06 44.9129
      vertex 5.2538 54.06 44.6734
    endloop
  endfacet
  facet normal -0.0900387 -0.265032 -0.960027
    outer loop
      vertex 2.69618 54.06 44.9129
      vertex 1.53098 35.86 50.0466
      vertex 1.42329 35.86 50.0567
    endloop
  endfacet
  facet normal -0.119455 -0.258571 -0.958578
    outer loop
      vertex 1.53483 35.86 50.0462
      vertex 5.2538 54.06 44.6734
      vertex 5.34528 54.06 44.662
    endloop
  endfacet
  facet normal -0.099704 -0.262924 -0.959651
    outer loop
      vertex 5.2538 54.06 44.6734
      vertex 1.53483 35.86 50.0462
      vertex 1.53098 35.86 50.0466
    endloop
  endfacet
  facet normal 0.391028 -0.128274 -0.911396
    outer loop
      vertex -5.89616 35.86 48.9362
      vertex -18.5125 54.06 40.9617
      vertex -5.89313 35.86 48.9375
    endloop
  endfacet
  facet normal 0.397793 -0.12264 -0.909241
    outer loop
      vertex -18.5125 54.06 40.9617
      vertex -5.89616 35.86 48.9362
      vertex -18.5845 54.06 40.9302
    endloop
  endfacet
  facet normal 0.23654 -0.220969 -0.946161
    outer loop
      vertex -3.055 35.86 49.8117
      vertex -10.5563 54.06 43.6859
      vertex -3.0514 35.86 49.8126
    endloop
  endfacet
  facet normal 0.235739 -0.221338 -0.946275
    outer loop
      vertex -10.5563 54.06 43.6859
      vertex -3.055 35.86 49.8117
      vertex -10.6418 54.06 43.6646
    endloop
  endfacet
  facet normal 0.422016 -0.102051 -0.900826
    outer loop
      vertex -6.00481 35.86 48.8853
      vertex -18.5845 54.06 40.9302
      vertex -5.89616 35.86 48.9362
    endloop
  endfacet
  facet normal 0.421835 -0.102206 -0.900894
    outer loop
      vertex -18.5845 54.06 40.9302
      vertex -6.00481 35.86 48.8853
      vertex -21.1648 54.06 39.722
    endloop
  endfacet
  facet normal 0.593309 0.0894344 -0.799991
    outer loop
      vertex -23.1603 53.5999 38.6652
      vertex -8.19004 34.86 47.6728
      vertex -8.84979 34.86 47.1835
    endloop
  endfacet
  facet normal 0.593312 0.0894377 -0.799989
    outer loop
      vertex -8.19004 34.86 47.6728
      vertex -23.1603 53.5999 38.6652
      vertex -7.75021 34.86 47.999
    endloop
  endfacet
  facet normal 0.592263 0.0881149 -0.800912
    outer loop
      vertex -7.75021 34.86 47.999
      vertex -23.1603 53.5999 38.6652
      vertex -23.1876 53.6516 38.6507
    endloop
  endfacet
  facet normal 0.299797 -0.190336 -0.934823
    outer loop
      vertex -4.43852 35.86 49.4617
      vertex -13.208 54.06 42.9437
      vertex -4.43509 35.86 49.4628
    endloop
  endfacet
  facet normal 0.292182 -0.194557 -0.936364
    outer loop
      vertex -13.208 54.06 42.9437
      vertex -4.43852 35.86 49.4617
      vertex -13.2894 54.06 42.9183
    endloop
  endfacet
  facet normal 0.263996 -0.209887 -0.941411
    outer loop
      vertex -4.43509 35.86 49.4628
      vertex -10.6418 54.06 43.6646
      vertex -4.32704 35.86 49.4931
    endloop
  endfacet
  facet normal 0.264438 -0.209709 -0.941326
    outer loop
      vertex -10.6418 54.06 43.6646
      vertex -4.43509 35.86 49.4628
      vertex -13.208 54.06 42.9437
    endloop
  endfacet
  facet normal 0.913251 0 -0.407398
    outer loop
      vertex -23.8365 52.86 37.9964
      vertex -23.8965 100.027 37.8619
      vertex -23.8365 100.027 37.9964
    endloop
  endfacet
  facet normal 0.913251 0 -0.407398
    outer loop
      vertex -23.8965 100.027 37.8619
      vertex -23.8365 52.86 37.9964
      vertex -23.8965 52.86 37.8619
    endloop
  endfacet
  facet normal 0.772579 0.320881 -0.547866
    outer loop
      vertex -23.0427 52.86 38.5552
      vertex -11.599 34.86 44.1502
      vertex -23.1234 52.86 38.4414
    endloop
  endfacet
  facet normal 0.763755 0.309484 -0.566478
    outer loop
      vertex -11.1097 34.86 44.81
      vertex -22.9998 52.86 38.6131
      vertex -10.7835 34.86 45.2498
    endloop
  endfacet
  facet normal 0.763785 0.309526 -0.566414
    outer loop
      vertex -11.599 34.86 44.1502
      vertex -22.9998 52.86 38.6131
      vertex -11.1097 34.86 44.81
    endloop
  endfacet
  facet normal 0.763966 0.309753 -0.566047
    outer loop
      vertex -22.9998 52.86 38.6131
      vertex -11.599 34.86 44.1502
      vertex -23.0427 52.86 38.5552
    endloop
  endfacet
  facet normal 0 -1 0
    outer loop
      vertex -2.85616 54.06 28.9852
      vertex 2.85616 54.06 28.9852
      vertex 0 54.06 29
    endloop
  endfacet
  facet normal 0 -1 0
    outer loop
      vertex -5.71091 54.06 28.9407
      vertex 2.85616 54.06 28.9852
      vertex -2.85616 54.06 28.9852
    endloop
  endfacet
  facet normal 0 -1 0
    outer loop
      vertex -5.71091 54.06 28.9407
      vertex 5.71091 54.06 28.9407
      vertex 2.85616 54.06 28.9852
    endloop
  endfacet
  facet normal 0 -1 0
    outer loop
      vertex -8.56708 54.06 28.8667
      vertex 5.71091 54.06 28.9407
      vertex -5.71091 54.06 28.9407
    endloop
  endfacet
  facet normal 0 -1 0
    outer loop
      vertex -8.56708 54.06 28.8667
      vertex 8.56708 54.06 28.8667
      vertex 5.71091 54.06 28.9407
    endloop
  endfacet
  facet normal 0 -1 0
    outer loop
      vertex -11.4219 54.06 28.763
      vertex 8.56708 54.06 28.8667
      vertex -8.56708 54.06 28.8667
    endloop
  endfacet
  facet normal 0 -1 0
    outer loop
      vertex -11.4219 54.06 28.763
      vertex 11.4219 54.06 28.763
      vertex 8.56708 54.06 28.8667
    endloop
  endfacet
  facet normal 0 -1 0
    outer loop
      vertex -14.2782 54.06 28.6296
      vertex 11.4219 54.06 28.763
      vertex -11.4219 54.06 28.763
    endloop
  endfacet
  facet normal 0 -1 0
    outer loop
      vertex -14.2782 54.06 28.6296
      vertex 14.2782 54.06 28.6296
      vertex 11.4219 54.06 28.763
    endloop
  endfacet
  facet normal 0 -1 0
    outer loop
      vertex -17.1331 54.06 28.4667
      vertex 14.2782 54.06 28.6296
      vertex -14.2782 54.06 28.6296
    endloop
  endfacet
  facet normal 0 -1 0
    outer loop
      vertex -17.1331 54.06 28.4667
      vertex 17.1331 54.06 28.4667
      vertex 14.2782 54.06 28.6296
    endloop
  endfacet
  facet normal 0 -1 0
    outer loop
      vertex -19.9881 54.06 28.2741
      vertex 17.1331 54.06 28.4667
      vertex -17.1331 54.06 28.4667
    endloop
  endfacet
  facet normal 0 -1 0
    outer loop
      vertex -19.9881 54.06 28.2741
      vertex 19.9881 54.06 28.2741
      vertex 17.1331 54.06 28.4667
    endloop
  endfacet
  facet normal 0 -1 0
    outer loop
      vertex -22.8448 54.06 28.0518
      vertex 19.9881 54.06 28.2741
      vertex -19.9881 54.06 28.2741
    endloop
  endfacet
  facet normal 0 -1 0
    outer loop
      vertex -22.8448 54.06 28.0518
      vertex 22.8448 54.06 28.0518
      vertex 19.9881 54.06 28.2741
    endloop
  endfacet
  facet normal 0 -1 0
    outer loop
      vertex -23.7513 54.06 27.9719
      vertex 22.8448 54.06 28.0518
      vertex -22.8448 54.06 28.0518
    endloop
  endfacet
  facet normal 0 -1 0
    outer loop
      vertex -23.7513 54.06 27.9719
      vertex 23.7513 54.06 27.9719
      vertex 22.8448 54.06 28.0518
    endloop
  endfacet
  facet normal 0 -1 0
    outer loop
      vertex -23.7513 54.06 27.9719
      vertex 23.8504 54.06 27.9664
      vertex 23.7513 54.06 27.9719
    endloop
  endfacet
  facet normal -0 -1 0
    outer loop
      vertex 23.8504 54.06 27.9664
      vertex -23.7513 54.06 27.9719
      vertex -23.8984 54.06 27.9661
    endloop
  endfacet
  facet normal -0.894427 0 0.447214
    outer loop
      vertex 25.1902 52.86 28.7303
      vertex 25.256 100.027 28.8619
      vertex 25.1902 100.027 28.7303
    endloop
  endfacet
  facet normal -0.894427 0 0.447214
    outer loop
      vertex 25.256 100.027 28.8619
      vertex 25.1902 52.86 28.7303
      vertex 25.256 52.86 28.8619
    endloop
  endfacet
  facet normal -0.832103 0.54061 0.12388
    outer loop
      vertex 13.682 34.86 33.6785
      vertex 24.7676 52.86 29.5889
      vertex 24.757 52.86 29.5177
    endloop
  endfacet
  facet normal -0.832204 0.540563 0.123399
    outer loop
      vertex 24.7676 52.86 29.5889
      vertex 13.682 34.86 33.6785
      vertex 13.8828 34.86 35.0327
    endloop
  endfacet
  facet normal -0.828187 0.542284 0.141545
    outer loop
      vertex 24.757 52.86 29.5177
      vertex 24.7335 52.86 29.3802
      vertex 13.682 34.86 33.6785
    endloop
  endfacet
  facet normal -0.716665 0.245676 -0.652714
    outer loop
      vertex 22.8354 52.86 38.797
      vertex 22.9293 52.86 38.6939
      vertex 9.86414 34.86 46.2641
    endloop
  endfacet
  facet normal -0.59313 -0 -0.805107
    outer loop
      vertex 23.3281 53.86 38.568
      vertex 23.4466 52.86 38.4807
      vertex 23.3281 52.86 38.568
    endloop
  endfacet
  facet normal -0.59313 -0 -0.805107
    outer loop
      vertex 23.3281 54.06 38.568
      vertex 23.4466 52.86 38.4807
      vertex 23.3281 53.86 38.568
    endloop
  endfacet
  facet normal -0.59313 0 -0.805107
    outer loop
      vertex 23.4466 52.86 38.4807
      vertex 23.3281 54.06 38.568
      vertex 23.4466 100.027 38.4807
    endloop
  endfacet
  facet normal -0.59313 0 -0.805107
    outer loop
      vertex 23.4466 100.027 38.4807
      vertex 23.3281 54.06 38.568
      vertex 23.3281 100.027 38.568
    endloop
  endfacet
  facet normal 0.0472325 -0.268554 -0.962106
    outer loop
      vertex -0.109606 35.86 50.1213
      vertex -1.41937 35.86 50.057
      vertex -2.60313 54.06 44.9187
    endloop
  endfacet
  facet normal 0.0303916 -0.270916 -0.962123
    outer loop
      vertex -0.109606 35.86 50.1213
      vertex -0.0467987 54.06 44.9985
      vertex -0.00197047 35.86 50.1247
    endloop
  endfacet
  facet normal 0.0300346 -0.270918 -0.962134
    outer loop
      vertex -0.0467987 54.06 44.9985
      vertex -0.109606 35.86 50.1213
      vertex -2.60313 54.06 44.9187
    endloop
  endfacet
  facet normal -0.0300346 -0.270918 -0.962134
    outer loop
      vertex 0.109606 35.86 50.1213
      vertex 0.0467987 54.06 44.9985
      vertex 2.60313 54.06 44.9187
    endloop
  endfacet
  facet normal -0.0303916 -0.270916 -0.962123
    outer loop
      vertex 0.0467987 54.06 44.9985
      vertex 0.109606 35.86 50.1213
      vertex 0.00197047 35.86 50.1247
    endloop
  endfacet
  facet normal -0.0472325 -0.268554 -0.962106
    outer loop
      vertex 2.60313 54.06 44.9187
      vertex 1.41937 35.86 50.057
      vertex 0.109606 35.86 50.1213
    endloop
  endfacet
  facet normal 0.443185 -0.0816666 -0.892702
    outer loop
      vertex -7.19307 35.86 48.3233
      vertex -21.1648 54.06 39.722
      vertex -7.19025 35.86 48.3247
    endloop
  endfacet
  facet normal 0.444157 -0.0807324 -0.892304
    outer loop
      vertex -21.1648 54.06 39.722
      vertex -7.19307 35.86 48.3233
      vertex -21.2319 54.06 39.6886
    endloop
  endfacet
  facet normal 0.816158 0 -0.577829
    outer loop
      vertex -23.6785 52.86 38.2444
      vertex -23.7636 100.027 38.1242
      vertex -23.6785 100.027 38.2444
    endloop
  endfacet
  facet normal 0.816158 0 -0.577829
    outer loop
      vertex -23.7636 100.027 38.1242
      vertex -23.6785 52.86 38.2444
      vertex -23.7636 52.86 38.1242
    endloop
  endfacet
  facet normal 0.728928 0.261429 -0.632707
    outer loop
      vertex -22.9084 52.86 38.7184
      vertex -10.7835 34.86 45.2498
      vertex -22.9998 52.86 38.6131
    endloop
  endfacet
  facet normal 0.755263 0 -0.655422
    outer loop
      vertex -23.582 52.86 38.3556
      vertex -23.6785 100.027 38.2444
      vertex -23.582 100.027 38.3556
    endloop
  endfacet
  facet normal 0.755263 0 -0.655422
    outer loop
      vertex -23.6785 100.027 38.2444
      vertex -23.582 52.86 38.3556
      vertex -23.6785 52.86 38.2444
    endloop
  endfacet
  facet normal -0.717905 0.247428 -0.650686
    outer loop
      vertex 10.7835 34.86 45.2498
      vertex 22.9293 52.86 38.6939
      vertex 22.9777 52.86 38.6405
    endloop
  endfacet
  facet normal -0.717896 0.247417 -0.6507
    outer loop
      vertex 22.9293 52.86 38.6939
      vertex 10.7835 34.86 45.2498
      vertex 9.86414 34.86 46.2641
    endloop
  endfacet
  facet normal -0.762465 0.307503 -0.569289
    outer loop
      vertex 22.9777 52.86 38.6405
      vertex 23.0611 52.86 38.5288
      vertex 10.7835 34.86 45.2498
    endloop
  endfacet
  facet normal -0.738647 0 -0.674092
    outer loop
      vertex 23.6552 52.86 38.2734
      vertex 23.556 100.027 38.3821
      vertex 23.6552 100.027 38.2734
    endloop
  endfacet
  facet normal -0.738647 -0 -0.674092
    outer loop
      vertex 23.556 100.027 38.3821
      vertex 23.6552 52.86 38.2734
      vertex 23.556 52.86 38.3821
    endloop
  endfacet
  facet normal -0.591561 0.0871572 -0.801536
    outer loop
      vertex 23.2016 53.6939 38.6433
      vertex 7.75021 34.86 47.999
      vertex 23.3281 53.86 38.568
    endloop
  endfacet
  facet normal -0.591064 0.0865336 -0.80197
    outer loop
      vertex 7.75021 34.86 47.999
      vertex 23.2016 53.6939 38.6433
      vertex 23.0158 53.3386 38.7419
    endloop
  endfacet
  facet normal -0.593312 0.0893812 -0.799995
    outer loop
      vertex 8.19004 34.86 47.6728
      vertex 22.9489 53.2121 38.7774
      vertex 8.84979 34.86 47.1835
    endloop
  endfacet
  facet normal -0.593315 0.0893845 -0.799993
    outer loop
      vertex 7.75021 34.86 47.999
      vertex 22.9489 53.2121 38.7774
      vertex 8.19004 34.86 47.6728
    endloop
  endfacet
  facet normal -0.593089 0.0890977 -0.800192
    outer loop
      vertex 22.9489 53.2121 38.7774
      vertex 7.75021 34.86 47.999
      vertex 23.0158 53.3386 38.7419
    endloop
  endfacet
  facet normal -0.964465 0 0.264209
    outer loop
      vertex 25.3086 52.86 28.9994
      vertex 25.3475 100.027 29.1414
      vertex 25.3086 100.027 28.9994
    endloop
  endfacet
  facet normal -0.964465 0 0.264209
    outer loop
      vertex 25.3475 100.027 29.1414
      vertex 25.3086 52.86 28.9994
      vertex 25.3475 52.86 29.1414
    endloop
  endfacet
  facet normal 0 1 0
    outer loop
      vertex 23.2016 52.86 38.6433
      vertex 22.782 52.86 38.8453
      vertex 22.7262 52.86 38.8956
    endloop
  endfacet
  facet normal 0 1 0
    outer loop
      vertex 23.2016 52.86 38.6433
      vertex 22.8354 52.86 38.797
      vertex 22.782 52.86 38.8453
    endloop
  endfacet
  facet normal 0 1 0
    outer loop
      vertex 23.2016 52.86 38.6433
      vertex 22.9293 52.86 38.6939
      vertex 22.8354 52.86 38.797
    endloop
  endfacet
  facet normal 0 1 0
    outer loop
      vertex 23.2016 52.86 38.6433
      vertex 22.9777 52.86 38.6405
      vertex 22.9293 52.86 38.6939
    endloop
  endfacet
  facet normal 0 1 0
    outer loop
      vertex 23.104 52.86 38.4709
      vertex 23.2016 52.86 38.6433
      vertex 23.3281 52.86 38.568
    endloop
  endfacet
  facet normal 0 1 0
    outer loop
      vertex 23.2016 52.86 38.6433
      vertex 23.0611 52.86 38.5288
      vertex 22.9777 52.86 38.6405
    endloop
  endfacet
  facet normal 0 1 0
    outer loop
      vertex 23.1761 52.86 38.3515
      vertex 23.3281 52.86 38.568
      vertex 23.4466 52.86 38.4807
    endloop
  endfacet
  facet normal 0 1 0
    outer loop
      vertex 23.2016 52.86 38.6433
      vertex 23.104 52.86 38.4709
      vertex 23.0611 52.86 38.5288
    endloop
  endfacet
  facet normal 0 1 0
    outer loop
      vertex 23.2131 52.86 38.2897
      vertex 23.4466 52.86 38.4807
      vertex 23.556 52.86 38.3821
    endloop
  endfacet
  facet normal 0 1 0
    outer loop
      vertex 23.3281 52.86 38.568
      vertex 23.1761 52.86 38.3515
      vertex 23.104 52.86 38.4709
    endloop
  endfacet
  facet normal 0 1 0
    outer loop
      vertex 23.4466 52.86 38.4807
      vertex 23.2131 52.86 38.2897
      vertex 23.1761 52.86 38.3515
    endloop
  endfacet
  facet normal 0 1 0
    outer loop
      vertex 23.3039 52.86 38.0987
      vertex 23.556 52.86 38.3821
      vertex 23.6552 52.86 38.2734
    endloop
  endfacet
  facet normal 0 1 0
    outer loop
      vertex 23.556 52.86 38.3821
      vertex 23.2731 52.86 38.1638
      vertex 23.2131 52.86 38.2897
    endloop
  endfacet
  facet normal 0 1 0
    outer loop
      vertex 23.3513 52.86 37.9675
      vertex 23.6552 52.86 38.2734
      vertex 23.7432 52.86 38.1554
    endloop
  endfacet
  facet normal 0 1 0
    outer loop
      vertex 23.556 52.86 38.3821
      vertex 23.3039 52.86 38.0987
      vertex 23.2731 52.86 38.1638
    endloop
  endfacet
  facet normal 0 1 0
    outer loop
      vertex 23.3756 52.86 37.8997
      vertex 23.7432 52.86 38.1554
      vertex 23.8193 52.86 38.0294
    endloop
  endfacet
  facet normal 0 1 0
    outer loop
      vertex 23.6552 52.86 38.2734
      vertex 23.3513 52.86 37.9675
      vertex 23.3039 52.86 38.0987
    endloop
  endfacet
  facet normal 0 1 0
    outer loop
      vertex 23.7432 52.86 38.1554
      vertex 23.3756 52.86 37.8997
      vertex 23.3513 52.86 37.9675
    endloop
  endfacet
  facet normal 0 1 0
    outer loop
      vertex 23.3931 52.86 37.8298
      vertex 23.8193 52.86 38.0294
      vertex 23.8826 52.86 37.8965
    endloop
  endfacet
  facet normal 0 1 0
    outer loop
      vertex 23.8193 52.86 38.0294
      vertex 23.3931 52.86 37.8298
      vertex 23.3756 52.86 37.8997
    endloop
  endfacet
  facet normal 0 1 0
    outer loop
      vertex 23.4339 52.86 37.66
      vertex 23.8826 52.86 37.8965
      vertex 23.9326 52.86 37.758
    endloop
  endfacet
  facet normal 0 1 0
    outer loop
      vertex 23.8826 52.86 37.8965
      vertex 23.4339 52.86 37.66
      vertex 23.3931 52.86 37.8298
    endloop
  endfacet
  facet normal 0 1 0
    outer loop
      vertex 23.9757 52.86 37.5788
      vertex 23.4339 52.86 37.66
      vertex 23.9326 52.86 37.758
    endloop
  endfacet
  facet normal 0 1 0
    outer loop
      vertex 23.9757 52.86 37.5788
      vertex 24.7456 52.86 30.221
      vertex 23.4339 52.86 37.66
    endloop
  endfacet
  facet normal 0 1 0
    outer loop
      vertex 25.3603 52.86 29.7265
      vertex 24.7456 52.86 30.221
      vertex 23.9757 52.86 37.5788
    endloop
  endfacet
  facet normal 0 1 0
    outer loop
      vertex 24.7456 52.86 30.221
      vertex 25.3603 52.86 29.7265
      vertex 24.7562 52.86 30.1497
    endloop
  endfacet
  facet normal 0 1 0
    outer loop
      vertex 24.7562 52.86 30.1497
      vertex 25.3603 52.86 29.7265
      vertex 24.7737 52.86 30.0114
    endloop
  endfacet
  facet normal 0 1 0
    outer loop
      vertex 25.3603 52.86 29.7265
      vertex 24.7772 52.86 29.9394
      vertex 24.7737 52.86 30.0114
    endloop
  endfacet
  facet normal 0 1 0
    outer loop
      vertex 25.3603 52.86 29.7265
      vertex 24.781 52.86 29.8
      vertex 24.7772 52.86 29.9394
    endloop
  endfacet
  facet normal 0 1 0
    outer loop
      vertex 25.3603 52.86 29.7265
      vertex 24.7775 52.86 29.7281
      vertex 24.781 52.86 29.8
    endloop
  endfacet
  facet normal 0 1 0
    outer loop
      vertex 25.3603 52.86 29.7265
      vertex 24.7676 52.86 29.5889
      vertex 24.7775 52.86 29.7281
    endloop
  endfacet
  facet normal 0 1 0
    outer loop
      vertex 25.3787 52.86 29.5805
      vertex 24.7676 52.86 29.5889
      vertex 25.3603 52.86 29.7265
    endloop
  endfacet
  facet normal 0 1 0
    outer loop
      vertex 25.3787 52.86 29.5805
      vertex 24.757 52.86 29.5177
      vertex 24.7676 52.86 29.5889
    endloop
  endfacet
  facet normal 0 1 0
    outer loop
      vertex 25.3827 52.86 29.4334
      vertex 24.757 52.86 29.5177
      vertex 25.3787 52.86 29.5805
    endloop
  endfacet
  facet normal 0 1 0
    outer loop
      vertex 25.3827 52.86 29.4334
      vertex 24.7335 52.86 29.3802
      vertex 24.757 52.86 29.5177
    endloop
  endfacet
  facet normal 0 1 -0
    outer loop
      vertex 25.3723 52.86 29.2865
      vertex 24.7335 52.86 29.3802
      vertex 25.3827 52.86 29.4334
    endloop
  endfacet
  facet normal 0 1 0
    outer loop
      vertex 24.7335 52.86 29.3802
      vertex 25.3723 52.86 29.2865
      vertex 24.716 52.86 29.3103
    endloop
  endfacet
  facet normal 0 1 -0
    outer loop
      vertex 25.3475 52.86 29.1414
      vertex 24.716 52.86 29.3103
      vertex 25.3723 52.86 29.2865
    endloop
  endfacet
  facet normal 0 1 0
    outer loop
      vertex 24.716 52.86 29.3103
      vertex 25.3475 52.86 29.1414
      vertex 24.6792 52.86 29.1758
    endloop
  endfacet
  facet normal 0 1 -0
    outer loop
      vertex 25.3086 52.86 28.9994
      vertex 24.6792 52.86 29.1758
      vertex 25.3475 52.86 29.1414
    endloop
  endfacet
  facet normal 0 1 -0
    outer loop
      vertex 25.256 52.86 28.8619
      vertex 24.6792 52.86 29.1758
      vertex 25.3086 52.86 28.9994
    endloop
  endfacet
  facet normal 0 1 0
    outer loop
      vertex 24.6792 52.86 29.1758
      vertex 25.256 52.86 28.8619
      vertex 24.6549 52.86 29.108
    endloop
  endfacet
  facet normal 0 1 -0
    outer loop
      vertex 25.1902 52.86 28.7303
      vertex 24.6549 52.86 29.108
      vertex 25.256 52.86 28.8619
    endloop
  endfacet
  facet normal 0 1 0
    outer loop
      vertex 24.6549 52.86 29.108
      vertex 25.1902 52.86 28.7303
      vertex 24.6051 52.86 28.9777
    endloop
  endfacet
  facet normal 0 1 -0
    outer loop
      vertex 25.1118 52.86 28.6057
      vertex 24.6051 52.86 28.9777
      vertex 25.1902 52.86 28.7303
    endloop
  endfacet
  facet normal 0 1 0
    outer loop
      vertex 24.6051 52.86 28.9777
      vertex 25.1118 52.86 28.6057
      vertex 24.5743 52.86 28.9126
    endloop
  endfacet
  facet normal 0 1 -0
    outer loop
      vertex 25.0216 52.86 28.4894
      vertex 24.5743 52.86 28.9126
      vertex 25.1118 52.86 28.6057
    endloop
  endfacet
  facet normal 0 1 0
    outer loop
      vertex 24.5743 52.86 28.9126
      vertex 25.0216 52.86 28.4894
      vertex 24.5119 52.86 28.7879
    endloop
  endfacet
  facet normal 0 1 -0
    outer loop
      vertex 24.9203 52.86 28.3825
      vertex 24.5119 52.86 28.7879
      vertex 25.0216 52.86 28.4894
    endloop
  endfacet
  facet normal 0 1 0
    outer loop
      vertex 24.5119 52.86 28.7879
      vertex 24.9203 52.86 28.3825
      vertex 24.4749 52.86 28.7261
    endloop
  endfacet
  facet normal 0 1 -0
    outer loop
      vertex 24.8091 52.86 28.2861
      vertex 24.4749 52.86 28.7261
      vertex 24.9203 52.86 28.3825
    endloop
  endfacet
  facet normal 0 1 0
    outer loop
      vertex 24.4749 52.86 28.7261
      vertex 24.8091 52.86 28.2861
      vertex 24.4006 52.86 28.608
    endloop
  endfacet
  facet normal 0 1 -0
    outer loop
      vertex 24.689 52.86 28.201
      vertex 24.4006 52.86 28.608
      vertex 24.8091 52.86 28.2861
    endloop
  endfacet
  facet normal 0 1 0
    outer loop
      vertex 24.4006 52.86 28.608
      vertex 24.689 52.86 28.201
      vertex 24.3577 52.86 28.5502
    endloop
  endfacet
  facet normal 0 1 -0
    outer loop
      vertex 24.5611 52.86 28.1281
      vertex 24.3577 52.86 28.5502
      vertex 24.689 52.86 28.201
    endloop
  endfacet
  facet normal 0 1 0
    outer loop
      vertex 24.3577 52.86 28.5502
      vertex 24.5611 52.86 28.1281
      vertex 24.2722 52.86 28.44
    endloop
  endfacet
  facet normal 0 1 -0
    outer loop
      vertex 24.4267 52.86 28.0681
      vertex 24.2722 52.86 28.44
      vertex 24.5611 52.86 28.1281
    endloop
  endfacet
  facet normal 0 1 0
    outer loop
      vertex 24.2722 52.86 28.44
      vertex 24.4267 52.86 28.0681
      vertex 24.2238 52.86 28.3866
    endloop
  endfacet
  facet normal 0 1 0
    outer loop
      vertex 24.2238 52.86 28.3866
      vertex 24.4267 52.86 28.0681
      vertex 24.1279 52.86 28.2853
    endloop
  endfacet
  facet normal 0 1 -0
    outer loop
      vertex 24.2871 52.86 28.0215
      vertex 24.1279 52.86 28.2853
      vertex 24.4267 52.86 28.0681
    endloop
  endfacet
  facet normal 0 1 0
    outer loop
      vertex 24.1279 52.86 28.2853
      vertex 24.2871 52.86 28.0215
      vertex 24.0745 52.86 28.2369
    endloop
  endfacet
  facet normal 0 1 -0
    outer loop
      vertex 24.1435 52.86 27.9889
      vertex 24.0745 52.86 28.2369
      vertex 24.2871 52.86 28.0215
    endloop
  endfacet
  facet normal 0 1 0
    outer loop
      vertex 24.0745 52.86 28.2369
      vertex 24.1435 52.86 27.9889
      vertex 23.9692 52.86 28.1456
    endloop
  endfacet
  facet normal 0 1 -0
    outer loop
      vertex 23.9975 52.86 27.9704
      vertex 23.9692 52.86 28.1456
      vertex 24.1435 52.86 27.9889
    endloop
  endfacet
  facet normal 0 1 0
    outer loop
      vertex 23.9692 52.86 28.1456
      vertex 23.9975 52.86 27.9704
      vertex 23.9113 52.86 28.1027
    endloop
  endfacet
  facet normal 0 1 0
    outer loop
      vertex 23.8504 52.86 27.9664
      vertex 23.9113 52.86 28.1027
      vertex 23.9975 52.86 27.9704
    endloop
  endfacet
  facet normal 0 1 0
    outer loop
      vertex 23.9113 52.86 28.1027
      vertex 23.8504 52.86 27.9664
      vertex 23.7975 52.86 28.022
    endloop
  endfacet
  facet normal 0 1 0
    outer loop
      vertex 23.7357 52.86 27.985
      vertex 23.7513 52.86 27.9719
      vertex 23.7179 52.86 27.9748
    endloop
  endfacet
  facet normal -0 1 0
    outer loop
      vertex 23.7513 52.86 27.9719
      vertex 23.7975 52.86 28.022
      vertex 23.8504 52.86 27.9664
    endloop
  endfacet
  facet normal 0 1 0
    outer loop
      vertex 23.7975 52.86 28.022
      vertex 23.7513 52.86 27.9719
      vertex 23.7357 52.86 27.985
    endloop
  endfacet
  facet normal 0 1 -0
    outer loop
      vertex -22.7588 52.86 38.8677
      vertex -23.2016 52.86 38.6433
      vertex -22.7306 52.86 38.8932
    endloop
  endfacet
  facet normal 0 1 -0
    outer loop
      vertex -22.8601 52.86 38.7718
      vertex -23.2016 52.86 38.6433
      vertex -22.7588 52.86 38.8677
    endloop
  endfacet
  facet normal 0 1 -0
    outer loop
      vertex -22.9084 52.86 38.7184
      vertex -23.2016 52.86 38.6433
      vertex -22.8601 52.86 38.7718
    endloop
  endfacet
  facet normal 0 1 -0
    outer loop
      vertex -22.9998 52.86 38.6131
      vertex -23.2016 52.86 38.6433
      vertex -22.9084 52.86 38.7184
    endloop
  endfacet
  facet normal 0 1 -0
    outer loop
      vertex -23.0427 52.86 38.5552
      vertex -23.2016 52.86 38.6433
      vertex -22.9998 52.86 38.6131
    endloop
  endfacet
  facet normal 0 1 -0
    outer loop
      vertex -23.1234 52.86 38.4414
      vertex -23.2016 52.86 38.6433
      vertex -23.0427 52.86 38.5552
    endloop
  endfacet
  facet normal 0 1 0
    outer loop
      vertex -23.2016 52.86 38.6433
      vertex -23.1234 52.86 38.4414
      vertex -23.3589 52.86 38.547
    endloop
  endfacet
  facet normal 0 1 -0
    outer loop
      vertex -23.1604 52.86 38.3796
      vertex -23.3589 52.86 38.547
      vertex -23.1234 52.86 38.4414
    endloop
  endfacet
  facet normal 0 1 -0
    outer loop
      vertex -23.2295 52.86 38.2584
      vertex -23.3589 52.86 38.547
      vertex -23.1604 52.86 38.3796
    endloop
  endfacet
  facet normal 0 1 0
    outer loop
      vertex -23.3589 52.86 38.547
      vertex -23.2295 52.86 38.2584
      vertex -23.4752 52.86 38.4568
    endloop
  endfacet
  facet normal 0 1 -0
    outer loop
      vertex -23.2603 52.86 38.1933
      vertex -23.4752 52.86 38.4568
      vertex -23.2295 52.86 38.2584
    endloop
  endfacet
  facet normal 0 1 0
    outer loop
      vertex -23.4752 52.86 38.4568
      vertex -23.2603 52.86 38.1933
      vertex -23.582 52.86 38.3556
    endloop
  endfacet
  facet normal 0 1 -0
    outer loop
      vertex -23.3171 52.86 38.066
      vertex -23.582 52.86 38.3556
      vertex -23.2603 52.86 38.1933
    endloop
  endfacet
  facet normal 0 1 0
    outer loop
      vertex -23.582 52.86 38.3556
      vertex -23.3171 52.86 38.066
      vertex -23.6785 52.86 38.2444
    endloop
  endfacet
  facet normal 0 1 -0
    outer loop
      vertex -23.3414 52.86 37.9981
      vertex -23.6785 52.86 38.2444
      vertex -23.3171 52.86 38.066
    endloop
  endfacet
  facet normal 0 1 0
    outer loop
      vertex -23.6785 52.86 38.2444
      vertex -23.3414 52.86 37.9981
      vertex -23.7636 52.86 38.1242
    endloop
  endfacet
  facet normal 0 1 -0
    outer loop
      vertex -23.3855 52.86 37.8658
      vertex -23.7636 52.86 38.1242
      vertex -23.3414 52.86 37.9981
    endloop
  endfacet
  facet normal 0 1 0
    outer loop
      vertex -23.7636 52.86 38.1242
      vertex -23.3855 52.86 37.8658
      vertex -23.8365 52.86 37.9964
    endloop
  endfacet
  facet normal 0 1 -0
    outer loop
      vertex -23.403 52.86 37.7959
      vertex -23.8365 52.86 37.9964
      vertex -23.3855 52.86 37.8658
    endloop
  endfacet
  facet normal 0 1 0
    outer loop
      vertex -23.8365 52.86 37.9964
      vertex -23.403 52.86 37.7959
      vertex -23.8965 52.86 37.8619
    endloop
  endfacet
  facet normal 0 1 -0
    outer loop
      vertex -23.4339 52.86 37.66
      vertex -23.8965 52.86 37.8619
      vertex -23.403 52.86 37.7959
    endloop
  endfacet
  facet normal 0 1 0
    outer loop
      vertex -23.8965 52.86 37.8619
      vertex -23.4339 52.86 37.66
      vertex -23.9431 52.86 37.7223
    endloop
  endfacet
  facet normal 0 1 0
    outer loop
      vertex -23.4339 52.86 37.66
      vertex -23.9757 52.86 37.5788
      vertex -23.9431 52.86 37.7223
    endloop
  endfacet
  facet normal 0 1 0
    outer loop
      vertex -24.7456 52.86 30.221
      vertex -23.9757 52.86 37.5788
      vertex -23.4339 52.86 37.66
    endloop
  endfacet
  facet normal 0 1 0
    outer loop
      vertex -25.3603 52.86 29.7265
      vertex -24.7456 52.86 30.221
      vertex -24.7562 52.86 30.1497
    endloop
  endfacet
  facet normal 0 1 0
    outer loop
      vertex -25.3603 52.86 29.7265
      vertex -24.7562 52.86 30.1497
      vertex -24.7695 52.86 30.0567
    endloop
  endfacet
  facet normal 0 1 -0
    outer loop
      vertex -24.7456 52.86 30.221
      vertex -25.3603 52.86 29.7265
      vertex -23.9757 52.86 37.5788
    endloop
  endfacet
  facet normal 0 1 -0
    outer loop
      vertex -24.7777 52.86 29.9175
      vertex -25.3603 52.86 29.7265
      vertex -24.7695 52.86 30.0567
    endloop
  endfacet
  facet normal 0 1 -0
    outer loop
      vertex -24.7813 52.86 29.8455
      vertex -25.3603 52.86 29.7265
      vertex -24.7777 52.86 29.9175
    endloop
  endfacet
  facet normal 0 1 0
    outer loop
      vertex -24.7758 52.86 29.7062
      vertex -25.3603 52.86 29.7265
      vertex -24.7813 52.86 29.8455
    endloop
  endfacet
  facet normal 0 1 0
    outer loop
      vertex -24.7723 52.86 29.6342
      vertex -25.3603 52.86 29.7265
      vertex -24.7758 52.86 29.7062
    endloop
  endfacet
  facet normal 0 1 0
    outer loop
      vertex -24.7723 52.86 29.6342
      vertex -25.3743 52.86 29.6283
      vertex -25.3603 52.86 29.7265
    endloop
  endfacet
  facet normal 0 1 0
    outer loop
      vertex -25.383 52.86 29.4814
      vertex -24.7723 52.86 29.6342
      vertex -24.7533 52.86 29.4961
    endloop
  endfacet
  facet normal 0 1 0
    outer loop
      vertex -24.7723 52.86 29.6342
      vertex -25.383 52.86 29.4814
      vertex -25.3743 52.86 29.6283
    endloop
  endfacet
  facet normal 0 1 0
    outer loop
      vertex -25.3773 52.86 29.3343
      vertex -24.7533 52.86 29.4961
      vertex -24.7427 52.86 29.4248
    endloop
  endfacet
  facet normal 0 1 0
    outer loop
      vertex -24.7533 52.86 29.4961
      vertex -25.3773 52.86 29.3343
      vertex -25.383 52.86 29.4814
    endloop
  endfacet
  facet normal 0 1 0
    outer loop
      vertex -25.3572 52.86 29.1885
      vertex -24.7427 52.86 29.4248
      vertex -24.7102 52.86 29.2892
    endloop
  endfacet
  facet normal 0 1 0
    outer loop
      vertex -25.3228 52.86 29.0453
      vertex -24.7102 52.86 29.2892
      vertex -24.6927 52.86 29.2193
    endloop
  endfacet
  facet normal 0 1 0
    outer loop
      vertex -24.7427 52.86 29.4248
      vertex -25.3572 52.86 29.1885
      vertex -25.3773 52.86 29.3343
    endloop
  endfacet
  facet normal 0 1 0
    outer loop
      vertex -25.2747 52.86 28.9062
      vertex -24.6927 52.86 29.2193
      vertex -24.647 52.86 29.0875
    endloop
  endfacet
  facet normal 0 1 0
    outer loop
      vertex -24.7102 52.86 29.2892
      vertex -25.3228 52.86 29.0453
      vertex -25.3572 52.86 29.1885
    endloop
  endfacet
  facet normal 0 1 0
    outer loop
      vertex -25.2131 52.86 28.7725
      vertex -24.647 52.86 29.0875
      vertex -24.6227 52.86 29.0197
    endloop
  endfacet
  facet normal 0 1 0
    outer loop
      vertex -24.6927 52.86 29.2193
      vertex -25.2747 52.86 28.9062
      vertex -25.3228 52.86 29.0453
    endloop
  endfacet
  facet normal 0 1 0
    outer loop
      vertex -25.1387 52.86 28.6455
      vertex -24.6227 52.86 29.0197
      vertex -24.5644 52.86 28.893
    endloop
  endfacet
  facet normal 0 1 0
    outer loop
      vertex -25.0522 52.86 28.5264
      vertex -24.5644 52.86 28.893
      vertex -24.5336 52.86 28.8279
    endloop
  endfacet
  facet normal 0 1 0
    outer loop
      vertex -24.647 52.86 29.0875
      vertex -25.2131 52.86 28.7725
      vertex -25.2747 52.86 28.9062
    endloop
  endfacet
  facet normal 0 1 0
    outer loop
      vertex -24.9545 52.86 28.4163
      vertex -24.5336 52.86 28.8279
      vertex -24.4631 52.86 28.7075
    endloop
  endfacet
  facet normal 0 1 0
    outer loop
      vertex -24.8465 52.86 28.3163
      vertex -24.4631 52.86 28.7075
      vertex -24.4261 52.86 28.6457
    endloop
  endfacet
  facet normal 0 1 0
    outer loop
      vertex -24.6227 52.86 29.0197
      vertex -25.1387 52.86 28.6455
      vertex -25.2131 52.86 28.7725
    endloop
  endfacet
  facet normal 0 1 0
    outer loop
      vertex -24.7291 52.86 28.2274
      vertex -24.4261 52.86 28.6457
      vertex -24.3442 52.86 28.5329
    endloop
  endfacet
  facet normal 0 1 0
    outer loop
      vertex -24.5644 52.86 28.893
      vertex -25.0522 52.86 28.5264
      vertex -25.1387 52.86 28.6455
    endloop
  endfacet
  facet normal 0 1 0
    outer loop
      vertex -24.6036 52.86 28.1505
      vertex -24.3442 52.86 28.5329
      vertex -24.3013 52.86 28.475
    endloop
  endfacet
  facet normal 0 1 0
    outer loop
      vertex -24.5336 52.86 28.8279
      vertex -24.9545 52.86 28.4163
      vertex -25.0522 52.86 28.5264
    endloop
  endfacet
  facet normal 0 1 0
    outer loop
      vertex -24.4712 52.86 28.0862
      vertex -24.3013 52.86 28.475
      vertex -24.2087 52.86 28.3707
    endloop
  endfacet
  facet normal 0 1 0
    outer loop
      vertex -24.3331 52.86 28.0352
      vertex -24.2087 52.86 28.3707
      vertex -24.1603 52.86 28.3173
    endloop
  endfacet
  facet normal 0 1 0
    outer loop
      vertex -24.4631 52.86 28.7075
      vertex -24.8465 52.86 28.3163
      vertex -24.9545 52.86 28.4163
    endloop
  endfacet
  facet normal 0 1 0
    outer loop
      vertex -24.4261 52.86 28.6457
      vertex -24.7291 52.86 28.2274
      vertex -24.8465 52.86 28.3163
    endloop
  endfacet
  facet normal 0 1 0
    outer loop
      vertex -24.1907 52.86 27.998
      vertex -24.1603 52.86 28.3173
      vertex -24.0579 52.86 28.2226
    endloop
  endfacet
  facet normal 0 1 0
    outer loop
      vertex -24.1907 52.86 27.998
      vertex -24.0579 52.86 28.2226
      vertex -24.0045 52.86 28.1742
    endloop
  endfacet
  facet normal 0 1 0
    outer loop
      vertex -24.3442 52.86 28.5329
      vertex -24.6036 52.86 28.1505
      vertex -24.7291 52.86 28.2274
    endloop
  endfacet
  facet normal 0 1 0
    outer loop
      vertex -24.0453 52.86 27.9749
      vertex -24.0045 52.86 28.1742
      vertex -23.8934 52.86 28.09
    endloop
  endfacet
  facet normal 0 1 0
    outer loop
      vertex -24.3013 52.86 28.475
      vertex -24.4712 52.86 28.0862
      vertex -24.6036 52.86 28.1505
    endloop
  endfacet
  facet normal 0 1 0
    outer loop
      vertex -23.8984 52.86 27.9661
      vertex -23.8934 52.86 28.09
      vertex -23.8355 52.86 28.0471
    endloop
  endfacet
  facet normal 0 1 0
    outer loop
      vertex -24.2087 52.86 28.3707
      vertex -24.3331 52.86 28.0352
      vertex -24.4712 52.86 28.0862
    endloop
  endfacet
  facet normal 0 1 0
    outer loop
      vertex -24.1603 52.86 28.3173
      vertex -24.1907 52.86 27.998
      vertex -24.3331 52.86 28.0352
    endloop
  endfacet
  facet normal 0 1 0
    outer loop
      vertex -24.0045 52.86 28.1742
      vertex -24.0453 52.86 27.9749
      vertex -24.1907 52.86 27.998
    endloop
  endfacet
  facet normal 0 1 -0
    outer loop
      vertex -23.7513 52.86 27.9719
      vertex -23.8355 52.86 28.0471
      vertex -23.7177 52.86 27.9748
    endloop
  endfacet
  facet normal 0 1 0
    outer loop
      vertex -23.8984 52.86 27.9661
      vertex -23.8355 52.86 28.0471
      vertex -23.7513 52.86 27.9719
    endloop
  endfacet
  facet normal 0 1 0
    outer loop
      vertex -23.8934 52.86 28.09
      vertex -23.8984 52.86 27.9661
      vertex -24.0453 52.86 27.9749
    endloop
  endfacet
  facet normal -0.0622113 0 -0.998063
    outer loop
      vertex 2.60313 54.06 44.9187
      vertex 2.69618 100.027 44.9129
      vertex 2.69618 54.06 44.9129
    endloop
  endfacet
  facet normal -0.0622113 0 -0.998063
    outer loop
      vertex 2.69618 100.027 44.9129
      vertex 2.60313 54.06 44.9187
      vertex 2.60313 100.027 44.9187
    endloop
  endfacet
  facet normal -0.0932339 0 -0.995644
    outer loop
      vertex 2.69618 54.06 44.9129
      vertex 5.2538 100.027 44.6734
      vertex 5.2538 54.06 44.6734
    endloop
  endfacet
  facet normal -0.0932339 0 -0.995644
    outer loop
      vertex 5.2538 100.027 44.6734
      vertex 2.69618 54.06 44.9129
      vertex 2.69618 100.027 44.9129
    endloop
  endfacet
  facet normal -0.123661 0 -0.992325
    outer loop
      vertex 5.2538 54.06 44.6734
      vertex 5.34528 100.027 44.662
      vertex 5.34528 54.06 44.662
    endloop
  endfacet
  facet normal -0.123661 0 -0.992325
    outer loop
      vertex 5.34528 100.027 44.662
      vertex 5.2538 54.06 44.6734
      vertex 5.2538 100.027 44.6734
    endloop
  endfacet
  facet normal -0.154215 0 -0.988037
    outer loop
      vertex 5.34528 54.06 44.662
      vertex 7.90483 100.027 44.2625
      vertex 7.90483 54.06 44.2625
    endloop
  endfacet
  facet normal -0.154215 0 -0.988037
    outer loop
      vertex 7.90483 100.027 44.2625
      vertex 5.34528 54.06 44.662
      vertex 5.34528 100.027 44.662
    endloop
  endfacet
  facet normal -0.183594 0 -0.983002
    outer loop
      vertex 7.90483 54.06 44.2625
      vertex 7.99371 100.027 44.2459
      vertex 7.99371 54.06 44.2459
    endloop
  endfacet
  facet normal -0.183594 0 -0.983002
    outer loop
      vertex 7.99371 100.027 44.2459
      vertex 7.90483 54.06 44.2625
      vertex 7.90483 100.027 44.2625
    endloop
  endfacet
  facet normal -0.213491 0 -0.976945
    outer loop
      vertex 7.99371 54.06 44.2459
      vertex 10.5563 100.027 43.6859
      vertex 10.5563 54.06 43.6859
    endloop
  endfacet
  facet normal -0.213491 0 -0.976945
    outer loop
      vertex 10.5563 100.027 43.6859
      vertex 7.99371 54.06 44.2459
      vertex 7.99371 100.027 44.2459
    endloop
  endfacet
  facet normal -0.241734 0 -0.970342
    outer loop
      vertex 10.5563 54.06 43.6859
      vertex 10.6418 100.027 43.6646
      vertex 10.6418 54.06 43.6646
    endloop
  endfacet
  facet normal -0.241734 0 -0.970342
    outer loop
      vertex 10.6418 100.027 43.6646
      vertex 10.5563 54.06 43.6859
      vertex 10.5563 100.027 43.6859
    endloop
  endfacet
  facet normal -0.270452 0 -0.962733
    outer loop
      vertex 10.6418 54.06 43.6646
      vertex 13.208 100.027 42.9437
      vertex 13.208 54.06 42.9437
    endloop
  endfacet
  facet normal -0.270452 0 -0.962733
    outer loop
      vertex 13.208 100.027 42.9437
      vertex 10.6418 54.06 43.6646
      vertex 10.6418 100.027 43.6646
    endloop
  endfacet
  facet normal -0.297874 0 -0.954605
    outer loop
      vertex 13.208 54.06 42.9437
      vertex 13.2894 100.027 42.9183
      vertex 13.2894 54.06 42.9183
    endloop
  endfacet
  facet normal -0.297874 0 -0.954605
    outer loop
      vertex 13.2894 100.027 42.9183
      vertex 13.208 54.06 42.9437
      vertex 13.208 100.027 42.9437
    endloop
  endfacet
  facet normal -0.32478 0 -0.94579
    outer loop
      vertex 13.2894 54.06 42.9183
      vertex 15.8602 100.027 42.0355
      vertex 15.8602 54.06 42.0355
    endloop
  endfacet
  facet normal -0.32478 0 -0.94579
    outer loop
      vertex 15.8602 100.027 42.0355
      vertex 13.2894 54.06 42.9183
      vertex 13.2894 100.027 42.9183
    endloop
  endfacet
  facet normal -0.349654 0 -0.936879
    outer loop
      vertex 15.8602 54.06 42.0355
      vertex 15.9371 100.027 42.0068
      vertex 15.9371 54.06 42.0068
    endloop
  endfacet
  facet normal -0.349654 0 -0.936879
    outer loop
      vertex 15.9371 100.027 42.0068
      vertex 15.8602 54.06 42.0355
      vertex 15.8602 100.027 42.0355
    endloop
  endfacet
  facet normal -0.37602 0 -0.926612
    outer loop
      vertex 15.9371 54.06 42.0068
      vertex 18.5125 100.027 40.9617
      vertex 18.5125 54.06 40.9617
    endloop
  endfacet
  facet normal -0.37602 0 -0.926612
    outer loop
      vertex 18.5125 100.027 40.9617
      vertex 15.9371 54.06 42.0068
      vertex 15.9371 100.027 42.0068
    endloop
  endfacet
  facet normal -0.400819 0 -0.916157
    outer loop
      vertex 18.5125 54.06 40.9617
      vertex 18.5845 100.027 40.9302
      vertex 18.5845 54.06 40.9302
    endloop
  endfacet
  facet normal -0.400819 0 -0.916157
    outer loop
      vertex 18.5845 100.027 40.9302
      vertex 18.5125 54.06 40.9617
      vertex 18.5125 100.027 40.9617
    endloop
  endfacet
  facet normal -0.424055 0 -0.905636
    outer loop
      vertex 18.5845 54.06 40.9302
      vertex 21.1648 100.027 39.722
      vertex 21.1648 54.06 39.722
    endloop
  endfacet
  facet normal -0.424055 0 -0.905636
    outer loop
      vertex 21.1648 100.027 39.722
      vertex 18.5845 54.06 40.9302
      vertex 18.5845 100.027 40.9302
    endloop
  endfacet
  facet normal -0.445612 0 -0.895226
    outer loop
      vertex 21.1648 54.06 39.722
      vertex 21.2319 100.027 39.6886
      vertex 21.2319 54.06 39.6886
    endloop
  endfacet
  facet normal -0.445612 0 -0.895226
    outer loop
      vertex 21.2319 100.027 39.6886
      vertex 21.1648 54.06 39.722
      vertex 21.1648 100.027 39.722
    endloop
  endfacet
  facet normal -0.468769 0 -0.883321
    outer loop
      vertex 21.2319 54.06 39.6886
      vertex 23.2016 100.027 38.6433
      vertex 23.2016 54.06 38.6433
    endloop
  endfacet
  facet normal -0.468769 0 -0.883321
    outer loop
      vertex 23.2016 100.027 38.6433
      vertex 21.2319 54.06 39.6886
      vertex 21.2319 100.027 39.6886
    endloop
  endfacet
  facet normal -0.468761 0 -0.883325
    outer loop
      vertex 23.2016 52.86 38.6433
      vertex 23.0158 53.3386 38.7419
      vertex 23.2016 53.6939 38.6433
    endloop
  endfacet
  facet normal -0.468747 7.00022e-06 -0.883332
    outer loop
      vertex 23.2016 52.86 38.6433
      vertex 22.9489 53.2121 38.7774
      vertex 23.0158 53.3386 38.7419
    endloop
  endfacet
  facet normal -0.468784 -2.67545e-05 -0.883313
    outer loop
      vertex 22.9489 53.2121 38.7774
      vertex 23.2016 52.86 38.6433
      vertex 22.7262 52.86 38.8956
    endloop
  endfacet
  facet normal -0.511496 0 -0.859286
    outer loop
      vertex 23.2016 54.06 38.6433
      vertex 23.3281 100.027 38.568
      vertex 23.3281 54.06 38.568
    endloop
  endfacet
  facet normal -0.511496 0 -0.859286
    outer loop
      vertex 23.3281 100.027 38.568
      vertex 23.2016 54.06 38.6433
      vertex 23.2016 100.027 38.6433
    endloop
  endfacet
  facet normal -0.511496 -0 -0.859286
    outer loop
      vertex 23.2016 53.6939 38.6433
      vertex 23.3281 52.86 38.568
      vertex 23.2016 52.86 38.6433
    endloop
  endfacet
  facet normal -0.511496 0 -0.859286
    outer loop
      vertex 23.3281 52.86 38.568
      vertex 23.2016 53.6939 38.6433
      vertex 23.3281 53.86 38.568
    endloop
  endfacet
  facet normal -0.221386 0 0.975186
    outer loop
      vertex 24.1435 53.6974 27.9889
      vertex 24.2871 52.86 28.0215
      vertex 24.2871 53.86 28.0215
    endloop
  endfacet
  facet normal -0.221386 0 0.975186
    outer loop
      vertex 24.2871 52.86 28.0215
      vertex 24.1435 53.6974 27.9889
      vertex 24.1435 52.86 27.9889
    endloop
  endfacet
  facet normal -0.221386 0 0.975186
    outer loop
      vertex 24.1435 100.027 27.9889
      vertex 24.2871 54.06 28.0215
      vertex 24.2871 100.027 28.0215
    endloop
  endfacet
  facet normal -0.221386 0 0.975186
    outer loop
      vertex 24.2871 54.06 28.0215
      vertex 24.1435 100.027 27.9889
      vertex 24.1435 54.06 27.9889
    endloop
  endfacet
  facet normal -0.125707 0 0.992067
    outer loop
      vertex 23.9975 100.027 27.9704
      vertex 24.1435 54.06 27.9889
      vertex 24.1435 100.027 27.9889
    endloop
  endfacet
  facet normal -0.125707 0 0.992067
    outer loop
      vertex 24.1435 54.06 27.9889
      vertex 23.9975 100.027 27.9704
      vertex 23.9975 54.06 27.9704
    endloop
  endfacet
  facet normal -0.125737 0 0.992064
    outer loop
      vertex 24.0646 53.5224 27.9789
      vertex 24.1435 52.86 27.9889
      vertex 24.1435 53.6974 27.9889
    endloop
  endfacet
  facet normal -0.126812 -0.000130157 0.991927
    outer loop
      vertex 24.0404 53.4754 27.9758
      vertex 24.1435 52.86 27.9889
      vertex 24.0646 53.5224 27.9789
    endloop
  endfacet
  facet normal -0.125126 0.000156962 0.992141
    outer loop
      vertex 23.9975 53.4096 27.9704
      vertex 24.1435 52.86 27.9889
      vertex 24.0404 53.4754 27.9758
    endloop
  endfacet
  facet normal -0.125707 0 0.992067
    outer loop
      vertex 24.1435 52.86 27.9889
      vertex 23.9975 53.4096 27.9704
      vertex 23.9975 52.86 27.9704
    endloop
  endfacet
  facet normal -0.0271823 0 0.99963
    outer loop
      vertex 23.8504 100.027 27.9664
      vertex 23.9975 54.06 27.9704
      vertex 23.9975 100.027 27.9704
    endloop
  endfacet
  facet normal -0.0271823 0 0.99963
    outer loop
      vertex 23.9975 54.06 27.9704
      vertex 23.8504 100.027 27.9664
      vertex 23.8504 54.06 27.9664
    endloop
  endfacet
  facet normal -0.0267335 0 0.999643
    outer loop
      vertex 23.8928 53.1994 27.9676
      vertex 23.9975 52.86 27.9704
      vertex 23.9975 53.4096 27.9704
    endloop
  endfacet
  facet normal -0.0277164 -0.000303419 0.999616
    outer loop
      vertex 23.8504 53.1191 27.9664
      vertex 23.9975 52.86 27.9704
      vertex 23.8928 53.1994 27.9676
    endloop
  endfacet
  facet normal -0.0271823 0 0.99963
    outer loop
      vertex 23.9975 52.86 27.9704
      vertex 23.8504 53.1191 27.9664
      vertex 23.8504 52.86 27.9664
    endloop
  endfacet
  facet normal 0.0554142 0 0.998463
    outer loop
      vertex 23.7513 100.027 27.9719
      vertex 23.8504 54.06 27.9664
      vertex 23.8504 100.027 27.9664
    endloop
  endfacet
  facet normal 0.0554142 0 0.998463
    outer loop
      vertex 23.8504 54.06 27.9664
      vertex 23.7513 100.027 27.9719
      vertex 23.7513 54.06 27.9719
    endloop
  endfacet
  facet normal 0.058722 0 0.998274
    outer loop
      vertex 23.8419 53.1002 27.9669
      vertex 23.8504 52.86 27.9664
      vertex 23.8504 53.1191 27.9664
    endloop
  endfacet
  facet normal 0.0553329 -0.000120336 0.998468
    outer loop
      vertex 23.7513 52.9272 27.9719
      vertex 23.8504 52.86 27.9664
      vertex 23.8419 53.1002 27.9669
    endloop
  endfacet
  facet normal 0.0554142 0 0.998463
    outer loop
      vertex 23.8504 52.86 27.9664
      vertex 23.7513 52.9272 27.9719
      vertex 23.7513 52.86 27.9719
    endloop
  endfacet
  facet normal 0.0865009 0 0.996252
    outer loop
      vertex 23.7513 52.9272 27.9719
      vertex 23.7179 52.86 27.9748
      vertex 23.7513 52.86 27.9719
    endloop
  endfacet
  facet normal 0.0878008 0 0.996138
    outer loop
      vertex 22.8448 100.027 28.0518
      vertex 23.7513 54.06 27.9719
      vertex 23.7513 100.027 27.9719
    endloop
  endfacet
  facet normal 0.0878008 0 0.996138
    outer loop
      vertex 23.7513 54.06 27.9719
      vertex 22.8448 100.027 28.0518
      vertex 22.8448 54.06 28.0518
    endloop
  endfacet
  facet normal 0.0775825 0 0.996986
    outer loop
      vertex 19.9881 100.027 28.2741
      vertex 22.8448 54.06 28.0518
      vertex 22.8448 100.027 28.0518
    endloop
  endfacet
  facet normal 0.0775825 0 0.996986
    outer loop
      vertex 22.8448 54.06 28.0518
      vertex 19.9881 100.027 28.2741
      vertex 19.9881 54.06 28.2741
    endloop
  endfacet
  facet normal 0.0673076 0 0.997732
    outer loop
      vertex 17.1331 100.027 28.4667
      vertex 19.9881 54.06 28.2741
      vertex 19.9881 100.027 28.2741
    endloop
  endfacet
  facet normal 0.0673076 0 0.997732
    outer loop
      vertex 19.9881 54.06 28.2741
      vertex 17.1331 100.027 28.4667
      vertex 17.1331 54.06 28.4667
    endloop
  endfacet
  facet normal 0.0569671 0 0.998376
    outer loop
      vertex 14.2782 100.027 28.6296
      vertex 17.1331 54.06 28.4667
      vertex 17.1331 100.027 28.4667
    endloop
  endfacet
  facet normal 0.0569671 0 0.998376
    outer loop
      vertex 17.1331 54.06 28.4667
      vertex 14.2782 100.027 28.6296
      vertex 14.2782 54.06 28.6296
    endloop
  endfacet
  facet normal 0.0466529 0 0.998911
    outer loop
      vertex 11.4219 100.027 28.763
      vertex 14.2782 54.06 28.6296
      vertex 14.2782 100.027 28.6296
    endloop
  endfacet
  facet normal 0.0466529 0 0.998911
    outer loop
      vertex 14.2782 54.06 28.6296
      vertex 11.4219 100.027 28.763
      vertex 11.4219 54.06 28.763
    endloop
  endfacet
  facet normal 0.0363006 0 0.999341
    outer loop
      vertex 8.56708 100.027 28.8667
      vertex 11.4219 54.06 28.763
      vertex 11.4219 100.027 28.763
    endloop
  endfacet
  facet normal 0.0363006 0 0.999341
    outer loop
      vertex 11.4219 54.06 28.763
      vertex 8.56708 100.027 28.8667
      vertex 8.56708 54.06 28.8667
    endloop
  endfacet
  facet normal 0.0259001 0 0.999665
    outer loop
      vertex 5.71091 100.027 28.9407
      vertex 8.56708 54.06 28.8667
      vertex 8.56708 100.027 28.8667
    endloop
  endfacet
  facet normal 0.0259001 0 0.999665
    outer loop
      vertex 8.56708 54.06 28.8667
      vertex 5.71091 100.027 28.9407
      vertex 5.71091 54.06 28.9407
    endloop
  endfacet
  facet normal 0.0155862 0 0.999879
    outer loop
      vertex 2.85616 100.027 28.9852
      vertex 5.71091 54.06 28.9407
      vertex 5.71091 100.027 28.9407
    endloop
  endfacet
  facet normal 0.0155862 0 0.999879
    outer loop
      vertex 5.71091 54.06 28.9407
      vertex 2.85616 100.027 28.9852
      vertex 2.85616 54.06 28.9852
    endloop
  endfacet
  facet normal 0.00518171 0 0.999987
    outer loop
      vertex 0 100.027 29
      vertex 2.85616 54.06 28.9852
      vertex 2.85616 100.027 28.9852
    endloop
  endfacet
  facet normal 0.00518171 0 0.999987
    outer loop
      vertex 2.85616 54.06 28.9852
      vertex 0 100.027 29
      vertex 0 54.06 29
    endloop
  endfacet
  facet normal -0.00518171 0 0.999987
    outer loop
      vertex -2.85616 100.027 28.9852
      vertex 0 54.06 29
      vertex 0 100.027 29
    endloop
  endfacet
  facet normal -0.00518171 0 0.999987
    outer loop
      vertex 0 54.06 29
      vertex -2.85616 100.027 28.9852
      vertex -2.85616 54.06 28.9852
    endloop
  endfacet
  facet normal -0.0155862 0 0.999879
    outer loop
      vertex -5.71091 100.027 28.9407
      vertex -2.85616 54.06 28.9852
      vertex -2.85616 100.027 28.9852
    endloop
  endfacet
  facet normal -0.0155862 0 0.999879
    outer loop
      vertex -2.85616 54.06 28.9852
      vertex -5.71091 100.027 28.9407
      vertex -5.71091 54.06 28.9407
    endloop
  endfacet
  facet normal -0.0259001 0 0.999665
    outer loop
      vertex -8.56708 100.027 28.8667
      vertex -5.71091 54.06 28.9407
      vertex -5.71091 100.027 28.9407
    endloop
  endfacet
  facet normal -0.0259001 0 0.999665
    outer loop
      vertex -5.71091 54.06 28.9407
      vertex -8.56708 100.027 28.8667
      vertex -8.56708 54.06 28.8667
    endloop
  endfacet
  facet normal -0.0363006 0 0.999341
    outer loop
      vertex -11.4219 100.027 28.763
      vertex -8.56708 54.06 28.8667
      vertex -8.56708 100.027 28.8667
    endloop
  endfacet
  facet normal -0.0363006 0 0.999341
    outer loop
      vertex -8.56708 54.06 28.8667
      vertex -11.4219 100.027 28.763
      vertex -11.4219 54.06 28.763
    endloop
  endfacet
  facet normal -0.0466529 0 0.998911
    outer loop
      vertex -14.2782 100.027 28.6296
      vertex -11.4219 54.06 28.763
      vertex -11.4219 100.027 28.763
    endloop
  endfacet
  facet normal -0.0466529 0 0.998911
    outer loop
      vertex -11.4219 54.06 28.763
      vertex -14.2782 100.027 28.6296
      vertex -14.2782 54.06 28.6296
    endloop
  endfacet
  facet normal -0.0569671 0 0.998376
    outer loop
      vertex -17.1331 100.027 28.4667
      vertex -14.2782 54.06 28.6296
      vertex -14.2782 100.027 28.6296
    endloop
  endfacet
  facet normal -0.0569671 0 0.998376
    outer loop
      vertex -14.2782 54.06 28.6296
      vertex -17.1331 100.027 28.4667
      vertex -17.1331 54.06 28.4667
    endloop
  endfacet
  facet normal -0.0673076 0 0.997732
    outer loop
      vertex -19.9881 100.027 28.2741
      vertex -17.1331 54.06 28.4667
      vertex -17.1331 100.027 28.4667
    endloop
  endfacet
  facet normal -0.0673076 0 0.997732
    outer loop
      vertex -17.1331 54.06 28.4667
      vertex -19.9881 100.027 28.2741
      vertex -19.9881 54.06 28.2741
    endloop
  endfacet
  facet normal -0.0775825 0 0.996986
    outer loop
      vertex -22.8448 100.027 28.0518
      vertex -19.9881 54.06 28.2741
      vertex -19.9881 100.027 28.2741
    endloop
  endfacet
  facet normal -0.0775825 0 0.996986
    outer loop
      vertex -19.9881 54.06 28.2741
      vertex -22.8448 100.027 28.0518
      vertex -22.8448 54.06 28.0518
    endloop
  endfacet
  facet normal -0.0859854 -0.0101219 0.996245
    outer loop
      vertex -23.7192 52.8629 27.9747
      vertex -23.7513 52.86 27.9719
      vertex -23.7177 52.86 27.9748
    endloop
  endfacet
  facet normal -0.0868975 0 0.996217
    outer loop
      vertex -23.7513 52.86 27.9719
      vertex -23.7192 52.8629 27.9747
      vertex -23.7513 52.925 27.9719
    endloop
  endfacet
  facet normal -0.0878008 0 0.996138
    outer loop
      vertex -23.7513 100.027 27.9719
      vertex -22.8448 54.06 28.0518
      vertex -22.8448 100.027 28.0518
    endloop
  endfacet
  facet normal -0.0878008 0 0.996138
    outer loop
      vertex -22.8448 54.06 28.0518
      vertex -23.7513 100.027 27.9719
      vertex -23.7513 54.06 27.9719
    endloop
  endfacet
  facet normal -0.0393983 0 0.999224
    outer loop
      vertex -23.8984 100.027 27.9661
      vertex -23.7513 54.06 27.9719
      vertex -23.7513 100.027 27.9719
    endloop
  endfacet
  facet normal -0.0393983 0 0.999224
    outer loop
      vertex -23.7513 54.06 27.9719
      vertex -23.8984 100.027 27.9661
      vertex -23.8984 54.06 27.9661
    endloop
  endfacet
  facet normal -0.0396064 0.000471563 0.999215
    outer loop
      vertex -23.8984 52.86 27.9661
      vertex -23.7513 52.925 27.9719
      vertex -23.8007 53.0138 27.9699
    endloop
  endfacet
  facet normal -0.0388652 0 0.999244
    outer loop
      vertex -23.8984 52.86 27.9661
      vertex -23.8007 53.0138 27.9699
      vertex -23.8984 53.2209 27.9661
    endloop
  endfacet
  facet normal -0.0393983 0 0.999224
    outer loop
      vertex -23.7513 52.925 27.9719
      vertex -23.8984 52.86 27.9661
      vertex -23.7513 52.86 27.9719
    endloop
  endfacet
  facet normal 0.0597975 0 0.998211
    outer loop
      vertex -24.0453 100.027 27.9749
      vertex -23.8984 54.06 27.9661
      vertex -23.8984 100.027 27.9661
    endloop
  endfacet
  facet normal 0.0597975 0 0.998211
    outer loop
      vertex -23.8984 54.06 27.9661
      vertex -24.0453 100.027 27.9749
      vertex -24.0453 54.06 27.9749
    endloop
  endfacet
  facet normal 0.0598282 -1.25236e-05 0.998209
    outer loop
      vertex -24.0453 52.86 27.9749
      vertex -23.8984 53.2209 27.9661
      vertex -23.9451 53.3015 27.9689
    endloop
  endfacet
  facet normal 0.0591979 0.000131035 0.998246
    outer loop
      vertex -24.0453 52.86 27.9749
      vertex -23.9451 53.3015 27.9689
      vertex -23.9925 53.3846 27.9717
    endloop
  endfacet
  facet normal 0.0604951 -0 0.998168
    outer loop
      vertex -24.0453 52.86 27.9749
      vertex -23.9925 53.3846 27.9717
      vertex -24.0453 53.5094 27.9749
    endloop
  endfacet
  facet normal 0.0597975 0 0.998211
    outer loop
      vertex -23.8984 53.2209 27.9661
      vertex -24.0453 52.86 27.9749
      vertex -23.8984 52.86 27.9661
    endloop
  endfacet
  facet normal 0.156966 -1.42292e-05 0.987604
    outer loop
      vertex -24.1907 52.86 27.998
      vertex -24.0453 53.5094 27.9749
      vertex -24.1491 53.6759 27.9914
    endloop
  endfacet
  facet normal 0.153695 0.000156703 0.988118
    outer loop
      vertex -24.1907 52.86 27.998
      vertex -24.1491 53.6759 27.9914
      vertex -24.1652 53.7027 27.9939
    endloop
  endfacet
  facet normal 0.158745 -0 0.98732
    outer loop
      vertex -24.1907 52.86 27.998
      vertex -24.1652 53.7027 27.9939
      vertex -24.1907 53.86 27.998
    endloop
  endfacet
  facet normal 0.156904 0 0.987614
    outer loop
      vertex -24.0453 53.5094 27.9749
      vertex -24.1907 52.86 27.998
      vertex -24.0453 52.86 27.9749
    endloop
  endfacet
  facet normal 0.156904 0 0.987614
    outer loop
      vertex -24.1907 100.027 27.998
      vertex -24.0453 54.06 27.9749
      vertex -24.0453 100.027 27.9749
    endloop
  endfacet
  facet normal 0.156904 0 0.987614
    outer loop
      vertex -24.0453 54.06 27.9749
      vertex -24.1907 100.027 27.998
      vertex -24.1907 54.06 27.998
    endloop
  endfacet
  facet normal 0.468769 0 -0.883321
    outer loop
      vertex -23.2016 54.06 38.6433
      vertex -21.2319 100.027 39.6886
      vertex -21.2319 54.06 39.6886
    endloop
  endfacet
  facet normal 0.468769 0 -0.883321
    outer loop
      vertex -21.2319 100.027 39.6886
      vertex -23.2016 54.06 38.6433
      vertex -23.2016 100.027 38.6433
    endloop
  endfacet
  facet normal 0.468689 0.000287974 -0.883363
    outer loop
      vertex -23.2016 52.86 38.6433
      vertex -22.8487 53.0462 38.8306
      vertex -22.7306 52.86 38.8932
    endloop
  endfacet
  facet normal 0.468817 -2.43287e-05 -0.883295
    outer loop
      vertex -23.2016 52.86 38.6433
      vertex -23.1603 53.5999 38.6652
      vertex -22.8487 53.0462 38.8306
    endloop
  endfacet
  facet normal 0.469019 -3.87528e-05 -0.883188
    outer loop
      vertex -23.2016 52.86 38.6433
      vertex -23.1876 53.6516 38.6507
      vertex -23.1603 53.5999 38.6652
    endloop
  endfacet
  facet normal 0.467307 0 -0.884095
    outer loop
      vertex -23.1876 53.6516 38.6507
      vertex -23.2016 52.86 38.6433
      vertex -23.2016 53.86 38.6433
    endloop
  endfacet
  facet normal 0.445612 0 -0.895226
    outer loop
      vertex -21.2319 54.06 39.6886
      vertex -21.1648 100.027 39.722
      vertex -21.1648 54.06 39.722
    endloop
  endfacet
  facet normal 0.445612 0 -0.895226
    outer loop
      vertex -21.1648 100.027 39.722
      vertex -21.2319 54.06 39.6886
      vertex -21.2319 100.027 39.6886
    endloop
  endfacet
  facet normal 0.424055 0 -0.905636
    outer loop
      vertex -21.1648 54.06 39.722
      vertex -18.5845 100.027 40.9302
      vertex -18.5845 54.06 40.9302
    endloop
  endfacet
  facet normal 0.424055 0 -0.905636
    outer loop
      vertex -18.5845 100.027 40.9302
      vertex -21.1648 54.06 39.722
      vertex -21.1648 100.027 39.722
    endloop
  endfacet
  facet normal 0.400819 0 -0.916157
    outer loop
      vertex -18.5845 54.06 40.9302
      vertex -18.5125 100.027 40.9617
      vertex -18.5125 54.06 40.9617
    endloop
  endfacet
  facet normal 0.400819 0 -0.916157
    outer loop
      vertex -18.5125 100.027 40.9617
      vertex -18.5845 54.06 40.9302
      vertex -18.5845 100.027 40.9302
    endloop
  endfacet
  facet normal 0.37602 0 -0.926612
    outer loop
      vertex -18.5125 54.06 40.9617
      vertex -15.9371 100.027 42.0068
      vertex -15.9371 54.06 42.0068
    endloop
  endfacet
  facet normal 0.37602 0 -0.926612
    outer loop
      vertex -15.9371 100.027 42.0068
      vertex -18.5125 54.06 40.9617
      vertex -18.5125 100.027 40.9617
    endloop
  endfacet
  facet normal 0.349654 0 -0.936879
    outer loop
      vertex -15.9371 54.06 42.0068
      vertex -15.8602 100.027 42.0355
      vertex -15.8602 54.06 42.0355
    endloop
  endfacet
  facet normal 0.349654 0 -0.936879
    outer loop
      vertex -15.8602 100.027 42.0355
      vertex -15.9371 54.06 42.0068
      vertex -15.9371 100.027 42.0068
    endloop
  endfacet
  facet normal 0.32478 0 -0.94579
    outer loop
      vertex -15.8602 54.06 42.0355
      vertex -13.2894 100.027 42.9183
      vertex -13.2894 54.06 42.9183
    endloop
  endfacet
  facet normal 0.32478 0 -0.94579
    outer loop
      vertex -13.2894 100.027 42.9183
      vertex -15.8602 54.06 42.0355
      vertex -15.8602 100.027 42.0355
    endloop
  endfacet
  facet normal 0.297874 0 -0.954605
    outer loop
      vertex -13.2894 54.06 42.9183
      vertex -13.208 100.027 42.9437
      vertex -13.208 54.06 42.9437
    endloop
  endfacet
  facet normal 0.297874 0 -0.954605
    outer loop
      vertex -13.208 100.027 42.9437
      vertex -13.2894 54.06 42.9183
      vertex -13.2894 100.027 42.9183
    endloop
  endfacet
  facet normal 0.270452 0 -0.962733
    outer loop
      vertex -13.208 54.06 42.9437
      vertex -10.6418 100.027 43.6646
      vertex -10.6418 54.06 43.6646
    endloop
  endfacet
  facet normal 0.270452 0 -0.962733
    outer loop
      vertex -10.6418 100.027 43.6646
      vertex -13.208 54.06 42.9437
      vertex -13.208 100.027 42.9437
    endloop
  endfacet
  facet normal 0.241734 0 -0.970342
    outer loop
      vertex -10.6418 54.06 43.6646
      vertex -10.5563 100.027 43.6859
      vertex -10.5563 54.06 43.6859
    endloop
  endfacet
  facet normal 0.241734 0 -0.970342
    outer loop
      vertex -10.5563 100.027 43.6859
      vertex -10.6418 54.06 43.6646
      vertex -10.6418 100.027 43.6646
    endloop
  endfacet
  facet normal 0.213491 0 -0.976945
    outer loop
      vertex -10.5563 54.06 43.6859
      vertex -7.99371 100.027 44.2459
      vertex -7.99371 54.06 44.2459
    endloop
  endfacet
  facet normal 0.213491 0 -0.976945
    outer loop
      vertex -7.99371 100.027 44.2459
      vertex -10.5563 54.06 43.6859
      vertex -10.5563 100.027 43.6859
    endloop
  endfacet
  facet normal 0.183594 0 -0.983002
    outer loop
      vertex -7.99371 54.06 44.2459
      vertex -7.90483 100.027 44.2625
      vertex -7.90483 54.06 44.2625
    endloop
  endfacet
  facet normal 0.183594 0 -0.983002
    outer loop
      vertex -7.90483 100.027 44.2625
      vertex -7.99371 54.06 44.2459
      vertex -7.99371 100.027 44.2459
    endloop
  endfacet
  facet normal 0.154215 0 -0.988037
    outer loop
      vertex -7.90483 54.06 44.2625
      vertex -5.34528 100.027 44.662
      vertex -5.34528 54.06 44.662
    endloop
  endfacet
  facet normal 0.154215 0 -0.988037
    outer loop
      vertex -5.34528 100.027 44.662
      vertex -7.90483 54.06 44.2625
      vertex -7.90483 100.027 44.2625
    endloop
  endfacet
  facet normal 0.123661 0 -0.992325
    outer loop
      vertex -5.34528 54.06 44.662
      vertex -5.2538 100.027 44.6734
      vertex -5.2538 54.06 44.6734
    endloop
  endfacet
  facet normal 0.123661 0 -0.992325
    outer loop
      vertex -5.2538 100.027 44.6734
      vertex -5.34528 54.06 44.662
      vertex -5.34528 100.027 44.662
    endloop
  endfacet
  facet normal 0.0932339 0 -0.995644
    outer loop
      vertex -5.2538 54.06 44.6734
      vertex -2.69618 100.027 44.9129
      vertex -2.69618 54.06 44.9129
    endloop
  endfacet
  facet normal 0.0932339 0 -0.995644
    outer loop
      vertex -2.69618 100.027 44.9129
      vertex -5.2538 54.06 44.6734
      vertex -5.2538 100.027 44.6734
    endloop
  endfacet
  facet normal 0.0622113 0 -0.998063
    outer loop
      vertex -2.69618 54.06 44.9129
      vertex -2.60313 100.027 44.9187
      vertex -2.60313 54.06 44.9187
    endloop
  endfacet
  facet normal 0.0622113 0 -0.998063
    outer loop
      vertex -2.60313 100.027 44.9187
      vertex -2.69618 54.06 44.9129
      vertex -2.69618 100.027 44.9129
    endloop
  endfacet
  facet normal 0.0312014 0 -0.999513
    outer loop
      vertex -2.60313 54.06 44.9187
      vertex -0.0467987 100.027 44.9985
      vertex -0.0467987 54.06 44.9985
    endloop
  endfacet
  facet normal 0.0312014 0 -0.999513
    outer loop
      vertex -0.0467987 100.027 44.9985
      vertex -2.60313 54.06 44.9187
      vertex -2.60313 100.027 44.9187
    endloop
  endfacet
  facet normal 0 0 -1
    outer loop
      vertex -0.0467987 54.06 44.9985
      vertex 0.0467987 100.027 44.9985
      vertex 0.0467987 54.06 44.9985
    endloop
  endfacet
  facet normal -0 0 -1
    outer loop
      vertex 0.0467987 100.027 44.9985
      vertex -0.0467987 54.06 44.9985
      vertex -0.0467987 100.027 44.9985
    endloop
  endfacet
  facet normal -0.0312014 0 -0.999513
    outer loop
      vertex 0.0467987 54.06 44.9985
      vertex 2.60313 100.027 44.9187
      vertex 2.60313 54.06 44.9187
    endloop
  endfacet
  facet normal -0.0312014 0 -0.999513
    outer loop
      vertex 2.60313 100.027 44.9187
      vertex 0.0467987 54.06 44.9985
      vertex 0.0467987 100.027 44.9985
    endloop
  endfacet
  facet normal 0.857712 0 -0.51413
    outer loop
      vertex 15.9187 -57.39 27.8913
      vertex 15.008 -31.59 26.372
      vertex 15.9187 -31.59 27.8913
    endloop
  endfacet
  facet normal 0.857712 0 -0.51413
    outer loop
      vertex 15.008 -31.59 26.372
      vertex 15.9187 -57.39 27.8913
      vertex 15.008 -57.39 26.372
    endloop
  endfacet
  facet normal 0.336883 -0.00129661 -0.941546
    outer loop
      vertex 5.23964 -57.3428 19.1272
      vertex 6.90744 -57.39 19.724
      vertex 5.33672 -57.39 19.162
    endloop
  endfacet
  facet normal 0.336916 0 -0.941535
    outer loop
      vertex 6.90744 -57.39 19.724
      vertex 5.23964 -57.3428 19.1272
      vertex 6.90744 -31.59 19.724
    endloop
  endfacet
  facet normal 0.336916 0 -0.941535
    outer loop
      vertex 6.90744 -31.59 19.724
      vertex 5.23964 -57.3428 19.1272
      vertex 5.23964 -31.59 19.1272
    endloop
  endfacet
  facet normal -0.336883 -0.00129661 -0.941546
    outer loop
      vertex -6.90744 -57.39 19.724
      vertex -5.23964 -57.3428 19.1272
      vertex -5.33672 -57.39 19.162
    endloop
  endfacet
  facet normal -0.336916 -0 -0.941535
    outer loop
      vertex -6.90744 -31.59 19.724
      vertex -5.23964 -57.3428 19.1272
      vertex -6.90744 -57.39 19.724
    endloop
  endfacet
  facet normal -0.336916 0 -0.941535
    outer loop
      vertex -5.23964 -57.3428 19.1272
      vertex -6.90744 -31.59 19.724
      vertex -5.23964 -31.59 19.1272
    endloop
  endfacet
  facet normal -0.904002 0 -0.427528
    outer loop
      vertex -15.9187 -57.39 27.8913
      vertex -16.676 -31.59 29.4926
      vertex -15.9187 -31.59 27.8913
    endloop
  endfacet
  facet normal -0.904002 -0 -0.427528
    outer loop
      vertex -16.676 -31.59 29.4926
      vertex -15.9187 -57.39 27.8913
      vertex -16.676 -57.39 29.4926
    endloop
  endfacet
  facet normal 0.998796 -0 0.0490591
    outer loop
      vertex 17.9631 -57.59 38.1692
      vertex 18.05 -31.59 36.4
      vertex 17.9631 -31.59 38.1692
    endloop
  endfacet
  facet normal 0.998796 0 0.0490591
    outer loop
      vertex 18.05 -31.59 36.4
      vertex 17.9631 -57.59 38.1692
      vertex 18.05 -57.59 36.4
    endloop
  endfacet
  facet normal 0.514133 0 -0.857711
    outer loop
      vertex 8.50871 -57.39 20.4813
      vertex 10.028 -31.59 21.392
      vertex 10.028 -57.39 21.392
    endloop
  endfacet
  facet normal 0.514133 0 -0.857711
    outer loop
      vertex 10.028 -31.59 21.392
      vertex 8.50871 -57.39 20.4813
      vertex 8.50871 -31.59 20.4813
    endloop
  endfacet
  facet normal -0.740974 0 -0.671534
    outer loop
      vertex -12.7633 -57.39 23.6367
      vertex -13.9528 -31.59 24.9492
      vertex -12.7633 -31.59 23.6367
    endloop
  endfacet
  facet normal -0.740974 -0 -0.671534
    outer loop
      vertex -13.9528 -31.59 24.9492
      vertex -12.7633 -57.39 23.6367
      vertex -13.9528 -57.39 24.9492
    endloop
  endfacet
  facet normal -0.242979 -0 -0.970031
    outer loop
      vertex -5.23964 -31.59 19.1272
      vertex -3.52138 -56.7582 18.6968
      vertex -5.23964 -57.3428 19.1272
    endloop
  endfacet
  facet normal -0.242979 0 -0.970031
    outer loop
      vertex -3.52138 -56.7582 18.6968
      vertex -5.23964 -31.59 19.1272
      vertex -3.52138 -31.59 18.6968
    endloop
  endfacet
  facet normal -0.671534 0 0.740974
    outer loop
      vertex -11.4508 -31.59 50.3528
      vertex -12.2383 -57.39 49.6391
      vertex -11.4508 -57.39 50.3528
    endloop
  endfacet
  facet normal -0.671534 -4.85874e-18 0.740974
    outer loop
      vertex -12.7633 -31.59 49.1633
      vertex -12.2383 -57.39 49.6391
      vertex -11.4508 -31.59 50.3528
    endloop
  endfacet
  facet normal -0.671534 0 0.740974
    outer loop
      vertex -12.7633 -57.59 49.1633
      vertex -12.2383 -57.39 49.6391
      vertex -12.7633 -31.59 49.1633
    endloop
  endfacet
  facet normal -0.671534 0 0.740974
    outer loop
      vertex -12.2383 -57.39 49.6391
      vertex -12.7633 -57.59 49.1633
      vertex -12.2383 -57.59 49.6391
    endloop
  endfacet
  facet normal -0.904002 0 0.427528
    outer loop
      vertex -16.676 -57.59 43.3074
      vertex -15.9187 -31.59 44.9087
      vertex -16.676 -31.59 43.3074
    endloop
  endfacet
  facet normal -0.904002 0 0.427528
    outer loop
      vertex -15.9187 -31.59 44.9087
      vertex -16.676 -57.59 43.3074
      vertex -15.9187 -57.59 44.9087
    endloop
  endfacet
  facet normal 0.803213 0 -0.595692
    outer loop
      vertex 15.008 -57.39 26.372
      vertex 13.9528 -31.59 24.9492
      vertex 15.008 -31.59 26.372
    endloop
  endfacet
  facet normal 0.803213 0 -0.595692
    outer loop
      vertex 13.9528 -31.59 24.9492
      vertex 15.008 -57.39 26.372
      vertex 13.9528 -57.39 24.9492
    endloop
  endfacet
  facet normal 0.671534 0 -0.740974
    outer loop
      vertex 11.4508 -57.39 22.4472
      vertex 12.7633 -31.59 23.6367
      vertex 12.7633 -57.39 23.6367
    endloop
  endfacet
  facet normal 0.671534 0 -0.740974
    outer loop
      vertex 12.7633 -31.59 23.6367
      vertex 11.4508 -57.39 22.4472
      vertex 11.4508 -31.59 22.4472
    endloop
  endfacet
  facet normal -0.0490588 -0 -0.998796
    outer loop
      vertex -1.76921 -31.59 18.4369
      vertex 0 -56.2871 18.35
      vertex -1.76921 -56.4051 18.4369
    endloop
  endfacet
  facet normal -0.0490588 0 -0.998796
    outer loop
      vertex 0 -56.2871 18.35
      vertex -1.76921 -31.59 18.4369
      vertex 0 -31.59 18.35
    endloop
  endfacet
  facet normal 0.242979 0 -0.970031
    outer loop
      vertex 3.52138 -56.7582 18.6968
      vertex 5.23964 -31.59 19.1272
      vertex 5.23964 -57.3428 19.1272
    endloop
  endfacet
  facet normal 0.242979 0 -0.970031
    outer loop
      vertex 5.23964 -31.59 19.1272
      vertex 3.52138 -56.7582 18.6968
      vertex 3.52138 -31.59 18.6968
    endloop
  endfacet
  facet normal 0.146725 0 -0.989177
    outer loop
      vertex 1.76921 -56.4051 18.4369
      vertex 3.52138 -31.59 18.6968
      vertex 3.52138 -56.7582 18.6968
    endloop
  endfacet
  facet normal 0.146725 0 -0.989177
    outer loop
      vertex 3.52138 -31.59 18.6968
      vertex 1.76921 -56.4051 18.4369
      vertex 1.76921 -31.59 18.4369
    endloop
  endfacet
  facet normal 0.427535 0 -0.903999
    outer loop
      vertex 6.90744 -57.39 19.724
      vertex 8.50871 -31.59 20.4813
      vertex 8.50871 -57.39 20.4813
    endloop
  endfacet
  facet normal 0.427535 0 -0.903999
    outer loop
      vertex 8.50871 -31.59 20.4813
      vertex 6.90744 -57.39 19.724
      vertex 6.90744 -31.59 19.724
    endloop
  endfacet
  facet normal 0.595692 0 -0.803213
    outer loop
      vertex 10.028 -57.39 21.392
      vertex 11.4508 -31.59 22.4472
      vertex 11.4508 -57.39 22.4472
    endloop
  endfacet
  facet normal 0.595692 0 -0.803213
    outer loop
      vertex 11.4508 -31.59 22.4472
      vertex 10.028 -57.39 21.392
      vertex 10.028 -31.59 21.392
    endloop
  endfacet
  facet normal -0.998796 0 -0.0490591
    outer loop
      vertex -17.9631 -57.39 34.6308
      vertex -18.05 -31.59 36.4
      vertex -17.9631 -31.59 34.6308
    endloop
  endfacet
  facet normal -0.998796 -0 -0.0490591
    outer loop
      vertex -18.05 -31.59 36.4
      vertex -17.9631 -57.39 34.6308
      vertex -18.05 -57.39 36.4
    endloop
  endfacet
  facet normal -0 0 0
    outer loop
      vertex -18.05 -57.39 36.4
      vertex -18.05 -57.59 36.4
      vertex -18.05 -31.59 36.4
    endloop
  endfacet
  facet normal -0.941535 0 -0.336916
    outer loop
      vertex -16.676 -57.39 29.4926
      vertex -17.2728 -31.59 31.1604
      vertex -16.676 -31.59 29.4926
    endloop
  endfacet
  facet normal -0.941535 -0 -0.336916
    outer loop
      vertex -17.2728 -31.59 31.1604
      vertex -16.676 -57.39 29.4926
      vertex -17.2728 -57.39 31.1604
    endloop
  endfacet
  facet normal -0.970029 0 -0.242987
    outer loop
      vertex -17.2728 -57.39 31.1604
      vertex -17.7032 -31.59 32.8786
      vertex -17.2728 -31.59 31.1604
    endloop
  endfacet
  facet normal -0.970029 -0 -0.242987
    outer loop
      vertex -17.7032 -31.59 32.8786
      vertex -17.2728 -57.39 31.1604
      vertex -17.7032 -57.39 32.8786
    endloop
  endfacet
  facet normal -0.857712 0 -0.51413
    outer loop
      vertex -15.008 -57.39 26.372
      vertex -15.9187 -31.59 27.8913
      vertex -15.008 -31.59 26.372
    endloop
  endfacet
  facet normal -0.857712 -0 -0.51413
    outer loop
      vertex -15.9187 -31.59 27.8913
      vertex -15.008 -57.39 26.372
      vertex -15.9187 -57.39 27.8913
    endloop
  endfacet
  facet normal -0.803213 0 -0.595692
    outer loop
      vertex -13.9528 -57.39 24.9492
      vertex -15.008 -31.59 26.372
      vertex -13.9528 -31.59 24.9492
    endloop
  endfacet
  facet normal -0.803213 -0 -0.595692
    outer loop
      vertex -15.008 -31.59 26.372
      vertex -13.9528 -57.39 24.9492
      vertex -15.008 -57.39 26.372
    endloop
  endfacet
  facet normal -0.146725 -0 -0.989177
    outer loop
      vertex -3.52138 -31.59 18.6968
      vertex -1.76921 -56.4051 18.4369
      vertex -3.52138 -56.7582 18.6968
    endloop
  endfacet
  facet normal -0.146725 0 -0.989177
    outer loop
      vertex -1.76921 -56.4051 18.4369
      vertex -3.52138 -31.59 18.6968
      vertex -1.76921 -31.59 18.4369
    endloop
  endfacet
  facet normal -0.514133 0 -0.857711
    outer loop
      vertex -10.028 -57.39 21.392
      vertex -8.50871 -31.59 20.4813
      vertex -8.50871 -57.39 20.4813
    endloop
  endfacet
  facet normal -0.514133 0 -0.857711
    outer loop
      vertex -8.50871 -31.59 20.4813
      vertex -10.028 -57.39 21.392
      vertex -10.028 -31.59 21.392
    endloop
  endfacet
  facet normal -0.595692 0 -0.803213
    outer loop
      vertex -11.4508 -57.39 22.4472
      vertex -10.028 -31.59 21.392
      vertex -10.028 -57.39 21.392
    endloop
  endfacet
  facet normal -0.595692 0 -0.803213
    outer loop
      vertex -10.028 -31.59 21.392
      vertex -11.4508 -57.39 22.4472
      vertex -11.4508 -31.59 22.4472
    endloop
  endfacet
  facet normal -0.427535 0 -0.903999
    outer loop
      vertex -8.50871 -57.39 20.4813
      vertex -6.90744 -31.59 19.724
      vertex -6.90744 -57.39 19.724
    endloop
  endfacet
  facet normal -0.427535 0 -0.903999
    outer loop
      vertex -6.90744 -31.59 19.724
      vertex -8.50871 -57.39 20.4813
      vertex -8.50871 -31.59 20.4813
    endloop
  endfacet
  facet normal -0.671534 0 -0.740974
    outer loop
      vertex -12.7633 -57.39 23.6367
      vertex -11.4508 -31.59 22.4472
      vertex -11.4508 -57.39 22.4472
    endloop
  endfacet
  facet normal -0.671534 0 -0.740974
    outer loop
      vertex -11.4508 -31.59 22.4472
      vertex -12.7633 -57.39 23.6367
      vertex -12.7633 -31.59 23.6367
    endloop
  endfacet
  facet normal 0.998796 0 -0.0490591
    outer loop
      vertex 18.05 -57.39 36.4
      vertex 17.9631 -31.59 34.6308
      vertex 18.05 -31.59 36.4
    endloop
  endfacet
  facet normal 0.998796 0 -0.0490591
    outer loop
      vertex 17.9631 -31.59 34.6308
      vertex 18.05 -57.39 36.4
      vertex 17.9631 -57.39 34.6308
    endloop
  endfacet
  facet normal 0 0 0
    outer loop
      vertex 18.05 -31.59 36.4
      vertex 18.05 -57.59 36.4
      vertex 18.05 -57.39 36.4
    endloop
  endfacet
  facet normal 0.970029 -2.44424e-06 0.242987
    outer loop
      vertex 17.2728 -31.59 41.6396
      vertex 17.4449 -57.39 40.9523
      vertex 17.7032 -31.59 39.9214
    endloop
  endfacet
  facet normal 0.970051 -0 0.242901
    outer loop
      vertex 17.2728 -57.59 41.6396
      vertex 17.4449 -57.39 40.9523
      vertex 17.2728 -31.59 41.6396
    endloop
  endfacet
  facet normal 0.970051 0 0.242901
    outer loop
      vertex 17.4449 -57.39 40.9523
      vertex 17.2728 -57.59 41.6396
      vertex 17.4449 -57.59 40.9523
    endloop
  endfacet
  facet normal 0.970015 0 0.243045
    outer loop
      vertex 17.7032 -31.59 39.9214
      vertex 17.4449 -57.39 40.9523
      vertex 17.7032 -57.39 39.9214
    endloop
  endfacet
  facet normal -0.803213 0 0.595692
    outer loop
      vertex -15.008 -57.39 46.428
      vertex -13.9528 -31.59 47.8508
      vertex -15.008 -31.59 46.428
    endloop
  endfacet
  facet normal -0.803213 0 0.595692
    outer loop
      vertex -13.9528 -31.59 47.8508
      vertex -15.008 -57.39 46.428
      vertex -13.9528 -57.39 47.8508
    endloop
  endfacet
  facet normal 0.904002 0 -0.427528
    outer loop
      vertex 16.676 -57.39 29.4926
      vertex 15.9187 -31.59 27.8913
      vertex 16.676 -31.59 29.4926
    endloop
  endfacet
  facet normal 0.904002 0 -0.427528
    outer loop
      vertex 15.9187 -31.59 27.8913
      vertex 16.676 -57.39 29.4926
      vertex 15.9187 -57.39 27.8913
    endloop
  endfacet
  facet normal 0.941535 0 -0.336916
    outer loop
      vertex 17.2728 -57.39 31.1604
      vertex 16.676 -31.59 29.4926
      vertex 17.2728 -31.59 31.1604
    endloop
  endfacet
  facet normal 0.941535 0 -0.336916
    outer loop
      vertex 16.676 -31.59 29.4926
      vertex 17.2728 -57.39 31.1604
      vertex 16.676 -57.39 29.4926
    endloop
  endfacet
  facet normal 0.970029 0 -0.242987
    outer loop
      vertex 17.7032 -57.39 32.8786
      vertex 17.2728 -31.59 31.1604
      vertex 17.7032 -31.59 32.8786
    endloop
  endfacet
  facet normal 0.970029 0 -0.242987
    outer loop
      vertex 17.2728 -31.59 31.1604
      vertex 17.7032 -57.39 32.8786
      vertex 17.2728 -57.39 31.1604
    endloop
  endfacet
  facet normal 0.740974 0 -0.671534
    outer loop
      vertex 13.9528 -57.39 24.9492
      vertex 12.7633 -31.59 23.6367
      vertex 13.9528 -31.59 24.9492
    endloop
  endfacet
  facet normal 0.740974 0 -0.671534
    outer loop
      vertex 12.7633 -31.59 23.6367
      vertex 13.9528 -57.39 24.9492
      vertex 12.7633 -57.39 23.6367
    endloop
  endfacet
  facet normal 0.0490588 0 -0.998796
    outer loop
      vertex 0 -56.2871 18.35
      vertex 1.76921 -31.59 18.4369
      vertex 1.76921 -56.4051 18.4369
    endloop
  endfacet
  facet normal 0.0490588 0 -0.998796
    outer loop
      vertex 1.76921 -31.59 18.4369
      vertex 0 -56.2871 18.35
      vertex 0 -31.59 18.35
    endloop
  endfacet
  facet normal 0 1 -0
    outer loop
      vertex 0.637111 -31.59 52.6187
      vertex 0 -31.59 54.45
      vertex 1.76921 -31.59 54.3631
    endloop
  endfacet
  facet normal 0 1 -0
    outer loop
      vertex 2.53924 -31.59 52.4314
      vertex 1.76921 -31.59 54.3631
      vertex 3.52138 -31.59 54.1032
    endloop
  endfacet
  facet normal 0 1 0
    outer loop
      vertex 0 -31.59 54.45
      vertex 0.637111 -31.59 52.6187
      vertex 0 -31.59 52.65
    endloop
  endfacet
  facet normal 0 1 -0
    outer loop
      vertex 3.78898 -31.59 52.1828
      vertex 3.52138 -31.59 54.1032
      vertex 5.23964 -31.59 53.6728
    endloop
  endfacet
  facet normal 0 1 0
    outer loop
      vertex -0.637111 -31.59 52.6187
      vertex 0 -31.59 54.45
      vertex 0 -31.59 52.65
    endloop
  endfacet
  facet normal 0 1 0
    outer loop
      vertex 4.71713 -31.59 51.9503
      vertex 5.23964 -31.59 53.6728
      vertex 6.90744 -31.59 53.076
    endloop
  endfacet
  facet normal 0 1 0
    outer loop
      vertex 0 -31.59 54.45
      vertex -0.637111 -31.59 52.6187
      vertex -1.76921 -31.59 54.3631
    endloop
  endfacet
  facet normal 0 1 0
    outer loop
      vertex -2.53924 -31.59 52.4314
      vertex -1.76921 -31.59 54.3631
      vertex -1.59278 -31.59 52.5718
    endloop
  endfacet
  facet normal 0 1 -0
    outer loop
      vertex -1.59278 -31.59 52.5718
      vertex -1.76921 -31.59 54.3631
      vertex -0.637111 -31.59 52.6187
    endloop
  endfacet
  facet normal 0 1 0
    outer loop
      vertex 1.76921 -31.59 54.3631
      vertex 1.59278 -31.59 52.5718
      vertex 0.637111 -31.59 52.6187
    endloop
  endfacet
  facet normal 0 1 0
    outer loop
      vertex 1.76921 -31.59 54.3631
      vertex 2.53924 -31.59 52.4314
      vertex 1.59278 -31.59 52.5718
    endloop
  endfacet
  facet normal 0 1 0
    outer loop
      vertex 3.52138 -31.59 54.1032
      vertex 3.17022 -31.59 52.3378
      vertex 2.53924 -31.59 52.4314
    endloop
  endfacet
  facet normal 0 1 0
    outer loop
      vertex 6.21861 -31.59 51.413
      vertex 6.90744 -31.59 53.076
      vertex 8.50871 -31.59 52.3187
    endloop
  endfacet
  facet normal 0 1 0
    outer loop
      vertex 3.52138 -31.59 54.1032
      vertex 3.78898 -31.59 52.1828
      vertex 3.17022 -31.59 52.3378
    endloop
  endfacet
  facet normal 0 1 0
    outer loop
      vertex 5.23964 -31.59 53.6728
      vertex 4.71713 -31.59 51.9503
      vertex 3.78898 -31.59 52.1828
    endloop
  endfacet
  facet normal 0 1 0
    outer loop
      vertex 6.90744 -31.59 53.076
      vertex 6.21861 -31.59 51.413
      vertex 4.71713 -31.59 51.9503
    endloop
  endfacet
  facet normal 0 1 0
    outer loop
      vertex 8.48089 -31.59 50.2393
      vertex 8.50871 -31.59 52.3187
      vertex 10.028 -31.59 51.408
    endloop
  endfacet
  facet normal 0 1 0
    outer loop
      vertex 8.50871 -31.59 52.3187
      vertex 7.6602 -31.59 50.7312
      vertex 6.21861 -31.59 51.413
    endloop
  endfacet
  facet normal 0 1 0
    outer loop
      vertex 9.02802 -31.59 49.9114
      vertex 10.028 -31.59 51.408
      vertex 11.4508 -31.59 50.3528
    endloop
  endfacet
  facet normal 0 1 0
    outer loop
      vertex 8.50871 -31.59 52.3187
      vertex 8.48089 -31.59 50.2393
      vertex 7.6602 -31.59 50.7312
    endloop
  endfacet
  facet normal 0 1 0
    outer loop
      vertex 10.028 -31.59 51.408
      vertex 9.02802 -31.59 49.9114
      vertex 8.48089 -31.59 50.2393
    endloop
  endfacet
  facet normal 0 1 0
    outer loop
      vertex 10.3089 -31.59 48.9614
      vertex 11.4508 -31.59 50.3528
      vertex 12.7633 -31.59 49.1633
    endloop
  endfacet
  facet normal 0 1 0
    outer loop
      vertex 11.4508 -31.59 50.3528
      vertex 10.3089 -31.59 48.9614
      vertex 9.02802 -31.59 49.9114
    endloop
  endfacet
  facet normal 0 1 0
    outer loop
      vertex 12.7633 -31.59 49.1633
      vertex 11.4905 -31.59 47.8905
      vertex 10.3089 -31.59 48.9614
    endloop
  endfacet
  facet normal 0 1 0
    outer loop
      vertex 13.9528 -31.59 47.8508
      vertex 11.4905 -31.59 47.8905
      vertex 12.7633 -31.59 49.1633
    endloop
  endfacet
  facet normal 0 1 0
    outer loop
      vertex 13.9528 -31.59 47.8508
      vertex 12.5614 -31.59 46.7089
      vertex 11.4905 -31.59 47.8905
    endloop
  endfacet
  facet normal 0 1 0
    outer loop
      vertex 15.008 -31.59 46.428
      vertex 12.5614 -31.59 46.7089
      vertex 13.9528 -31.59 47.8508
    endloop
  endfacet
  facet normal 0 1 0
    outer loop
      vertex 15.008 -31.59 46.428
      vertex 13.5114 -31.59 45.428
      vertex 12.5614 -31.59 46.7089
    endloop
  endfacet
  facet normal 0 1 0
    outer loop
      vertex 13.8393 -31.59 44.8809
      vertex 15.008 -31.59 46.428
      vertex 15.9187 -31.59 44.9087
    endloop
  endfacet
  facet normal 0 1 0
    outer loop
      vertex 15.008 -31.59 46.428
      vertex 13.8393 -31.59 44.8809
      vertex 13.5114 -31.59 45.428
    endloop
  endfacet
  facet normal 0 1 0
    outer loop
      vertex 15.9187 -31.59 44.9087
      vertex 14.3312 -31.59 44.0602
      vertex 13.8393 -31.59 44.8809
    endloop
  endfacet
  facet normal 0 1 0
    outer loop
      vertex 16.676 -31.59 43.3074
      vertex 14.3312 -31.59 44.0602
      vertex 15.9187 -31.59 44.9087
    endloop
  endfacet
  facet normal 0 1 0
    outer loop
      vertex 16.676 -31.59 43.3074
      vertex 15.013 -31.59 42.6186
      vertex 14.3312 -31.59 44.0602
    endloop
  endfacet
  facet normal 0 1 0
    outer loop
      vertex 16.676 -31.59 43.3074
      vertex 15.3354 -31.59 41.7177
      vertex 15.013 -31.59 42.6186
    endloop
  endfacet
  facet normal 0 1 0
    outer loop
      vertex 17.2728 -31.59 41.6396
      vertex 15.3354 -31.59 41.7177
      vertex 16.676 -31.59 43.3074
    endloop
  endfacet
  facet normal 0 1 0
    outer loop
      vertex 17.2728 -31.59 41.6396
      vertex 15.5503 -31.59 41.1171
      vertex 15.3354 -31.59 41.7177
    endloop
  endfacet
  facet normal 0 1 0
    outer loop
      vertex 17.7032 -31.59 39.9214
      vertex 15.5503 -31.59 41.1171
      vertex 17.2728 -31.59 41.6396
    endloop
  endfacet
  facet normal 0 1 0
    outer loop
      vertex 17.7032 -31.59 39.9214
      vertex 15.9378 -31.59 39.5702
      vertex 15.5503 -31.59 41.1171
    endloop
  endfacet
  facet normal 0 1 0
    outer loop
      vertex 17.9631 -31.59 38.1692
      vertex 15.9378 -31.59 39.5702
      vertex 17.7032 -31.59 39.9214
    endloop
  endfacet
  facet normal 0 1 0
    outer loop
      vertex 17.9631 -31.59 38.1692
      vertex 16.1718 -31.59 37.9928
      vertex 15.9378 -31.59 39.5702
    endloop
  endfacet
  facet normal 0 1 0
    outer loop
      vertex 18.05 -31.59 36.4
      vertex 16.1718 -31.59 37.9928
      vertex 17.9631 -31.59 38.1692
    endloop
  endfacet
  facet normal 0 1 0
    outer loop
      vertex 18.05 -31.59 36.4
      vertex 16.25 -31.59 36.4
      vertex 16.1718 -31.59 37.9928
    endloop
  endfacet
  facet normal 0 1 0
    outer loop
      vertex 18.05 -31.59 36.4
      vertex 16.1718 -31.59 34.8072
      vertex 16.25 -31.59 36.4
    endloop
  endfacet
  facet normal 0 1 -0
    outer loop
      vertex 17.9631 -31.59 34.6308
      vertex 16.1718 -31.59 34.8072
      vertex 18.05 -31.59 36.4
    endloop
  endfacet
  facet normal 0 1 0
    outer loop
      vertex 17.9631 -31.59 34.6308
      vertex 15.9378 -31.59 33.2298
      vertex 16.1718 -31.59 34.8072
    endloop
  endfacet
  facet normal 0 1 -0
    outer loop
      vertex 17.7032 -31.59 32.8786
      vertex 15.9378 -31.59 33.2298
      vertex 17.9631 -31.59 34.6308
    endloop
  endfacet
  facet normal 0 1 0
    outer loop
      vertex 17.7032 -31.59 32.8786
      vertex 15.5503 -31.59 31.6829
      vertex 15.9378 -31.59 33.2298
    endloop
  endfacet
  facet normal 0 1 -0
    outer loop
      vertex 17.2728 -31.59 31.1604
      vertex 15.5503 -31.59 31.6829
      vertex 17.7032 -31.59 32.8786
    endloop
  endfacet
  facet normal 0 1 0
    outer loop
      vertex 17.2728 -31.59 31.1604
      vertex 15.013 -31.59 30.1814
      vertex 15.5503 -31.59 31.6829
    endloop
  endfacet
  facet normal 0 1 -0
    outer loop
      vertex 16.676 -31.59 29.4926
      vertex 15.013 -31.59 30.1814
      vertex 17.2728 -31.59 31.1604
    endloop
  endfacet
  facet normal 0 1 0
    outer loop
      vertex 16.676 -31.59 29.4926
      vertex 14.3312 -31.59 28.7398
      vertex 15.013 -31.59 30.1814
    endloop
  endfacet
  facet normal 0 1 -0
    outer loop
      vertex 15.9187 -31.59 27.8913
      vertex 14.3312 -31.59 28.7398
      vertex 16.676 -31.59 29.4926
    endloop
  endfacet
  facet normal 0 1 0
    outer loop
      vertex 15.9187 -31.59 27.8913
      vertex 13.5114 -31.59 27.372
      vertex 14.3312 -31.59 28.7398
    endloop
  endfacet
  facet normal 0 1 -0
    outer loop
      vertex 15.008 -31.59 26.372
      vertex 13.5114 -31.59 27.372
      vertex 15.9187 -31.59 27.8913
    endloop
  endfacet
  facet normal 0 1 0
    outer loop
      vertex 15.008 -31.59 26.372
      vertex 12.5614 -31.59 26.0911
      vertex 13.5114 -31.59 27.372
    endloop
  endfacet
  facet normal 0 1 -0
    outer loop
      vertex 13.9528 -31.59 24.9492
      vertex 12.5614 -31.59 26.0911
      vertex 15.008 -31.59 26.372
    endloop
  endfacet
  facet normal 0 1 0
    outer loop
      vertex 13.9528 -31.59 24.9492
      vertex 11.4905 -31.59 24.9095
      vertex 12.5614 -31.59 26.0911
    endloop
  endfacet
  facet normal 0 1 -0
    outer loop
      vertex 12.7633 -31.59 23.6367
      vertex 11.4905 -31.59 24.9095
      vertex 13.9528 -31.59 24.9492
    endloop
  endfacet
  facet normal 0 1 0
    outer loop
      vertex 11.4905 -31.59 24.9095
      vertex 12.7633 -31.59 23.6367
      vertex 10.3089 -31.59 23.8386
    endloop
  endfacet
  facet normal 0 1 -0
    outer loop
      vertex 11.4508 -31.59 22.4472
      vertex 10.3089 -31.59 23.8386
      vertex 12.7633 -31.59 23.6367
    endloop
  endfacet
  facet normal 0 1 0
    outer loop
      vertex 10.3089 -31.59 23.8386
      vertex 11.4508 -31.59 22.4472
      vertex 9.02802 -31.59 22.8886
    endloop
  endfacet
  facet normal 0 1 -0
    outer loop
      vertex 10.028 -31.59 21.392
      vertex 9.02802 -31.59 22.8886
      vertex 11.4508 -31.59 22.4472
    endloop
  endfacet
  facet normal 0 1 0
    outer loop
      vertex 9.02802 -31.59 22.8886
      vertex 10.028 -31.59 21.392
      vertex 7.6602 -31.59 22.0688
    endloop
  endfacet
  facet normal 0 1 -0
    outer loop
      vertex 8.50871 -31.59 20.4813
      vertex 7.6602 -31.59 22.0688
      vertex 10.028 -31.59 21.392
    endloop
  endfacet
  facet normal 0 1 0
    outer loop
      vertex 7.6602 -31.59 22.0688
      vertex 8.50871 -31.59 20.4813
      vertex 6.21861 -31.59 21.387
    endloop
  endfacet
  facet normal 0 1 -0
    outer loop
      vertex 6.90744 -31.59 19.724
      vertex 6.21861 -31.59 21.387
      vertex 8.50871 -31.59 20.4813
    endloop
  endfacet
  facet normal 0 1 0
    outer loop
      vertex 6.21861 -31.59 21.387
      vertex 6.90744 -31.59 19.724
      vertex 4.71713 -31.59 20.8497
    endloop
  endfacet
  facet normal 0 1 -0
    outer loop
      vertex 5.23964 -31.59 19.1272
      vertex 4.71713 -31.59 20.8497
      vertex 6.90744 -31.59 19.724
    endloop
  endfacet
  facet normal 0 1 0
    outer loop
      vertex 4.71713 -31.59 20.8497
      vertex 5.23964 -31.59 19.1272
      vertex 3.17022 -31.59 20.4622
    endloop
  endfacet
  facet normal 0 1 -0
    outer loop
      vertex 3.52138 -31.59 18.6968
      vertex 3.17022 -31.59 20.4622
      vertex 5.23964 -31.59 19.1272
    endloop
  endfacet
  facet normal 0 1 0
    outer loop
      vertex -1.76921 -31.59 54.3631
      vertex -2.53924 -31.59 52.4314
      vertex -3.52138 -31.59 54.1032
    endloop
  endfacet
  facet normal 0 1 -0
    outer loop
      vertex -3.17022 -31.59 52.3378
      vertex -3.52138 -31.59 54.1032
      vertex -2.53924 -31.59 52.4314
    endloop
  endfacet
  facet normal 0 1 0
    outer loop
      vertex -3.78898 -31.59 52.1828
      vertex -3.52138 -31.59 54.1032
      vertex -3.17022 -31.59 52.3378
    endloop
  endfacet
  facet normal 0 1 0
    outer loop
      vertex -3.52138 -31.59 54.1032
      vertex -3.78898 -31.59 52.1828
      vertex -5.23964 -31.59 53.6728
    endloop
  endfacet
  facet normal 0 1 -0
    outer loop
      vertex -4.71713 -31.59 51.9503
      vertex -5.23964 -31.59 53.6728
      vertex -3.78898 -31.59 52.1828
    endloop
  endfacet
  facet normal 0 1 0
    outer loop
      vertex -5.23964 -31.59 53.6728
      vertex -4.71713 -31.59 51.9503
      vertex -6.90744 -31.59 53.076
    endloop
  endfacet
  facet normal 0 1 -0
    outer loop
      vertex -6.21861 -31.59 51.413
      vertex -6.90744 -31.59 53.076
      vertex -4.71713 -31.59 51.9503
    endloop
  endfacet
  facet normal 0 1 0
    outer loop
      vertex -6.90744 -31.59 53.076
      vertex -6.21861 -31.59 51.413
      vertex -8.50871 -31.59 52.3187
    endloop
  endfacet
  facet normal 0 1 -0
    outer loop
      vertex -7.6602 -31.59 50.7312
      vertex -8.50871 -31.59 52.3187
      vertex -6.21861 -31.59 51.413
    endloop
  endfacet
  facet normal 0 1 -0
    outer loop
      vertex -8.48089 -31.59 50.2393
      vertex -8.50871 -31.59 52.3187
      vertex -7.6602 -31.59 50.7312
    endloop
  endfacet
  facet normal 0 1 0
    outer loop
      vertex -8.50871 -31.59 52.3187
      vertex -8.48089 -31.59 50.2393
      vertex -10.028 -31.59 51.408
    endloop
  endfacet
  facet normal 0 1 -0
    outer loop
      vertex -9.02802 -31.59 49.9114
      vertex -10.028 -31.59 51.408
      vertex -8.48089 -31.59 50.2393
    endloop
  endfacet
  facet normal 0 1 0
    outer loop
      vertex -10.028 -31.59 51.408
      vertex -9.02802 -31.59 49.9114
      vertex -11.4508 -31.59 50.3528
    endloop
  endfacet
  facet normal 0 1 -0
    outer loop
      vertex -10.3089 -31.59 48.9614
      vertex -11.4508 -31.59 50.3528
      vertex -9.02802 -31.59 49.9114
    endloop
  endfacet
  facet normal 0 1 0
    outer loop
      vertex -11.4508 -31.59 50.3528
      vertex -10.3089 -31.59 48.9614
      vertex -12.7633 -31.59 49.1633
    endloop
  endfacet
  facet normal 0 1 -0
    outer loop
      vertex -11.4905 -31.59 47.8905
      vertex -12.7633 -31.59 49.1633
      vertex -10.3089 -31.59 48.9614
    endloop
  endfacet
  facet normal 0 1 0
    outer loop
      vertex -11.4905 -31.59 47.8905
      vertex -13.9528 -31.59 47.8508
      vertex -12.7633 -31.59 49.1633
    endloop
  endfacet
  facet normal 0 1 -0
    outer loop
      vertex -12.5614 -31.59 46.7089
      vertex -13.9528 -31.59 47.8508
      vertex -11.4905 -31.59 47.8905
    endloop
  endfacet
  facet normal 0 1 0
    outer loop
      vertex -12.5614 -31.59 46.7089
      vertex -15.008 -31.59 46.428
      vertex -13.9528 -31.59 47.8508
    endloop
  endfacet
  facet normal 0 1 -0
    outer loop
      vertex -13.5114 -31.59 45.428
      vertex -15.008 -31.59 46.428
      vertex -12.5614 -31.59 46.7089
    endloop
  endfacet
  facet normal 0 1 -0
    outer loop
      vertex -13.8393 -31.59 44.8809
      vertex -15.008 -31.59 46.428
      vertex -13.5114 -31.59 45.428
    endloop
  endfacet
  facet normal 0 1 0
    outer loop
      vertex -15.008 -31.59 46.428
      vertex -13.8393 -31.59 44.8809
      vertex -15.9187 -31.59 44.9087
    endloop
  endfacet
  facet normal 0 1 -0
    outer loop
      vertex -14.3312 -31.59 44.0602
      vertex -15.9187 -31.59 44.9087
      vertex -13.8393 -31.59 44.8809
    endloop
  endfacet
  facet normal 0 1 0
    outer loop
      vertex -14.3312 -31.59 44.0602
      vertex -16.676 -31.59 43.3074
      vertex -15.9187 -31.59 44.9087
    endloop
  endfacet
  facet normal 0 1 -0
    outer loop
      vertex -15.013 -31.59 42.6186
      vertex -16.676 -31.59 43.3074
      vertex -14.3312 -31.59 44.0602
    endloop
  endfacet
  facet normal 0 1 -0
    outer loop
      vertex -15.3354 -31.59 41.7177
      vertex -16.676 -31.59 43.3074
      vertex -15.013 -31.59 42.6186
    endloop
  endfacet
  facet normal 0 1 0
    outer loop
      vertex -15.3354 -31.59 41.7177
      vertex -17.2728 -31.59 41.6396
      vertex -16.676 -31.59 43.3074
    endloop
  endfacet
  facet normal 0 1 -0
    outer loop
      vertex -15.5503 -31.59 41.1171
      vertex -17.2728 -31.59 41.6396
      vertex -15.3354 -31.59 41.7177
    endloop
  endfacet
  facet normal 0 1 0
    outer loop
      vertex -15.5503 -31.59 41.1171
      vertex -17.7032 -31.59 39.9214
      vertex -17.2728 -31.59 41.6396
    endloop
  endfacet
  facet normal 0 1 -0
    outer loop
      vertex -15.9378 -31.59 39.5702
      vertex -17.7032 -31.59 39.9214
      vertex -15.5503 -31.59 41.1171
    endloop
  endfacet
  facet normal 0 1 0
    outer loop
      vertex -15.9378 -31.59 39.5702
      vertex -17.9631 -31.59 38.1692
      vertex -17.7032 -31.59 39.9214
    endloop
  endfacet
  facet normal 0 1 -0
    outer loop
      vertex -16.1718 -31.59 37.9928
      vertex -17.9631 -31.59 38.1692
      vertex -15.9378 -31.59 39.5702
    endloop
  endfacet
  facet normal 0 1 -0
    outer loop
      vertex -16.25 -31.59 36.4
      vertex -17.9631 -31.59 38.1692
      vertex -16.1718 -31.59 37.9928
    endloop
  endfacet
  facet normal 0 1 0
    outer loop
      vertex -16.25 -31.59 36.4
      vertex -18.05 -31.59 36.4
      vertex -17.9631 -31.59 38.1692
    endloop
  endfacet
  facet normal 0 1 0
    outer loop
      vertex -16.1718 -31.59 34.8072
      vertex -18.05 -31.59 36.4
      vertex -16.25 -31.59 36.4
    endloop
  endfacet
  facet normal 0 1 0
    outer loop
      vertex -16.1718 -31.59 34.8072
      vertex -17.9631 -31.59 34.6308
      vertex -18.05 -31.59 36.4
    endloop
  endfacet
  facet normal 0 1 0
    outer loop
      vertex -15.9378 -31.59 33.2298
      vertex -17.9631 -31.59 34.6308
      vertex -16.1718 -31.59 34.8072
    endloop
  endfacet
  facet normal 0 1 0
    outer loop
      vertex -15.9378 -31.59 33.2298
      vertex -17.7032 -31.59 32.8786
      vertex -17.9631 -31.59 34.6308
    endloop
  endfacet
  facet normal 0 1 0
    outer loop
      vertex -15.5503 -31.59 31.6829
      vertex -17.7032 -31.59 32.8786
      vertex -15.9378 -31.59 33.2298
    endloop
  endfacet
  facet normal 0 1 0
    outer loop
      vertex -15.5503 -31.59 31.6829
      vertex -17.2728 -31.59 31.1604
      vertex -17.7032 -31.59 32.8786
    endloop
  endfacet
  facet normal 0 1 0
    outer loop
      vertex -15.013 -31.59 30.1814
      vertex -17.2728 -31.59 31.1604
      vertex -15.5503 -31.59 31.6829
    endloop
  endfacet
  facet normal 0 1 0
    outer loop
      vertex -15.013 -31.59 30.1814
      vertex -16.676 -31.59 29.4926
      vertex -17.2728 -31.59 31.1604
    endloop
  endfacet
  facet normal 0 1 0
    outer loop
      vertex -14.3312 -31.59 28.7398
      vertex -16.676 -31.59 29.4926
      vertex -15.013 -31.59 30.1814
    endloop
  endfacet
  facet normal 0 1 0
    outer loop
      vertex -14.3312 -31.59 28.7398
      vertex -15.9187 -31.59 27.8913
      vertex -16.676 -31.59 29.4926
    endloop
  endfacet
  facet normal 0 1 0
    outer loop
      vertex -13.5114 -31.59 27.372
      vertex -15.9187 -31.59 27.8913
      vertex -14.3312 -31.59 28.7398
    endloop
  endfacet
  facet normal 0 1 0
    outer loop
      vertex -13.5114 -31.59 27.372
      vertex -15.008 -31.59 26.372
      vertex -15.9187 -31.59 27.8913
    endloop
  endfacet
  facet normal 0 1 0
    outer loop
      vertex -12.5614 -31.59 26.0911
      vertex -15.008 -31.59 26.372
      vertex -13.5114 -31.59 27.372
    endloop
  endfacet
  facet normal 0 1 0
    outer loop
      vertex -12.5614 -31.59 26.0911
      vertex -13.9528 -31.59 24.9492
      vertex -15.008 -31.59 26.372
    endloop
  endfacet
  facet normal 0 1 0
    outer loop
      vertex -11.4905 -31.59 24.9095
      vertex -13.9528 -31.59 24.9492
      vertex -12.5614 -31.59 26.0911
    endloop
  endfacet
  facet normal 0 1 0
    outer loop
      vertex -12.7633 -31.59 23.6367
      vertex -11.4905 -31.59 24.9095
      vertex -10.3089 -31.59 23.8386
    endloop
  endfacet
  facet normal 0 1 0
    outer loop
      vertex -11.4905 -31.59 24.9095
      vertex -12.7633 -31.59 23.6367
      vertex -13.9528 -31.59 24.9492
    endloop
  endfacet
  facet normal 0 1 0
    outer loop
      vertex -11.4508 -31.59 22.4472
      vertex -10.3089 -31.59 23.8386
      vertex -9.02802 -31.59 22.8886
    endloop
  endfacet
  facet normal 0 1 0
    outer loop
      vertex -10.3089 -31.59 23.8386
      vertex -11.4508 -31.59 22.4472
      vertex -12.7633 -31.59 23.6367
    endloop
  endfacet
  facet normal 0 1 0
    outer loop
      vertex -10.028 -31.59 21.392
      vertex -9.02802 -31.59 22.8886
      vertex -7.6602 -31.59 22.0688
    endloop
  endfacet
  facet normal 0 1 0
    outer loop
      vertex -9.02802 -31.59 22.8886
      vertex -10.028 -31.59 21.392
      vertex -11.4508 -31.59 22.4472
    endloop
  endfacet
  facet normal 0 1 0
    outer loop
      vertex -8.50871 -31.59 20.4813
      vertex -7.6602 -31.59 22.0688
      vertex -6.21861 -31.59 21.387
    endloop
  endfacet
  facet normal 0 1 0
    outer loop
      vertex -6.90744 -31.59 19.724
      vertex -6.21861 -31.59 21.387
      vertex -4.71713 -31.59 20.8497
    endloop
  endfacet
  facet normal 0 1 0
    outer loop
      vertex -7.6602 -31.59 22.0688
      vertex -8.50871 -31.59 20.4813
      vertex -10.028 -31.59 21.392
    endloop
  endfacet
  facet normal 0 1 0
    outer loop
      vertex -5.23964 -31.59 19.1272
      vertex -4.71713 -31.59 20.8497
      vertex -3.17022 -31.59 20.4622
    endloop
  endfacet
  facet normal 0 1 0
    outer loop
      vertex -3.52138 -31.59 18.6968
      vertex -3.17022 -31.59 20.4622
      vertex -1.59278 -31.59 20.2282
    endloop
  endfacet
  facet normal 0 1 0
    outer loop
      vertex -1.76921 -31.59 18.4369
      vertex -1.59278 -31.59 20.2282
      vertex 0 -31.59 20.15
    endloop
  endfacet
  facet normal 0 1 0
    outer loop
      vertex 3.17022 -31.59 20.4622
      vertex 3.52138 -31.59 18.6968
      vertex 1.59278 -31.59 20.2282
    endloop
  endfacet
  facet normal 0 1 0
    outer loop
      vertex -6.21861 -31.59 21.387
      vertex -6.90744 -31.59 19.724
      vertex -8.50871 -31.59 20.4813
    endloop
  endfacet
  facet normal 0 1 -0
    outer loop
      vertex 1.76921 -31.59 18.4369
      vertex 1.59278 -31.59 20.2282
      vertex 3.52138 -31.59 18.6968
    endloop
  endfacet
  facet normal 0 1 0
    outer loop
      vertex -4.71713 -31.59 20.8497
      vertex -5.23964 -31.59 19.1272
      vertex -6.90744 -31.59 19.724
    endloop
  endfacet
  facet normal 0 1 0
    outer loop
      vertex 1.59278 -31.59 20.2282
      vertex 1.76921 -31.59 18.4369
      vertex 0 -31.59 20.15
    endloop
  endfacet
  facet normal 0 1 0
    outer loop
      vertex -3.17022 -31.59 20.4622
      vertex -3.52138 -31.59 18.6968
      vertex -5.23964 -31.59 19.1272
    endloop
  endfacet
  facet normal 0 1 0
    outer loop
      vertex 0 -31.59 18.35
      vertex 0 -31.59 20.15
      vertex 1.76921 -31.59 18.4369
    endloop
  endfacet
  facet normal 0 1 0
    outer loop
      vertex -1.59278 -31.59 20.2282
      vertex -1.76921 -31.59 18.4369
      vertex -3.52138 -31.59 18.6968
    endloop
  endfacet
  facet normal 0 1 0
    outer loop
      vertex 0 -31.59 20.15
      vertex 0 -31.59 18.35
      vertex -1.76921 -31.59 18.4369
    endloop
  endfacet
  facet normal -0.989178 0 -0.146723
    outer loop
      vertex -17.7032 -57.39 32.8786
      vertex -17.9631 -31.59 34.6308
      vertex -17.7032 -31.59 32.8786
    endloop
  endfacet
  facet normal -0.989178 -0 -0.146723
    outer loop
      vertex -17.9631 -31.59 34.6308
      vertex -17.7032 -57.39 32.8786
      vertex -17.9631 -57.39 34.6308
    endloop
  endfacet
  facet normal 0.989183 0 0.146688
    outer loop
      vertex 17.8591 -57.39 38.8701
      vertex 17.7032 -31.59 39.9214
      vertex 17.7032 -57.39 39.9214
    endloop
  endfacet
  facet normal 0.989178 -1.41987e-06 0.146723
    outer loop
      vertex 17.7032 -31.59 39.9214
      vertex 17.8591 -57.39 38.8701
      vertex 17.9631 -31.59 38.1692
    endloop
  endfacet
  facet normal 0.98917 0 0.146774
    outer loop
      vertex 17.9631 -57.59 38.1692
      vertex 17.8591 -57.39 38.8701
      vertex 17.8591 -57.59 38.8701
    endloop
  endfacet
  facet normal 0.98917 0 0.146774
    outer loop
      vertex 17.8591 -57.39 38.8701
      vertex 17.9631 -57.59 38.1692
      vertex 17.9631 -31.59 38.1692
    endloop
  endfacet
  facet normal 0.740974 6.80224e-17 0.671534
    outer loop
      vertex 12.7633 -31.59 49.1633
      vertex 13.2391 -57.39 48.6383
      vertex 13.9528 -31.59 47.8508
    endloop
  endfacet
  facet normal 0.740974 -0 0.671534
    outer loop
      vertex 12.7633 -57.59 49.1633
      vertex 13.2391 -57.39 48.6383
      vertex 12.7633 -31.59 49.1633
    endloop
  endfacet
  facet normal 0.740974 0 0.671534
    outer loop
      vertex 13.2391 -57.39 48.6383
      vertex 12.7633 -57.59 49.1633
      vertex 13.2391 -57.59 48.6383
    endloop
  endfacet
  facet normal 0.740974 0 0.671534
    outer loop
      vertex 13.9528 -31.59 47.8508
      vertex 13.2391 -57.39 48.6383
      vertex 13.9528 -57.39 47.8508
    endloop
  endfacet
  facet normal 0.904002 -0 0.427528
    outer loop
      vertex 15.9187 -57.59 44.9087
      vertex 16.676 -31.59 43.3074
      vertex 15.9187 -31.59 44.9087
    endloop
  endfacet
  facet normal 0.904002 0 0.427528
    outer loop
      vertex 16.676 -31.59 43.3074
      vertex 15.9187 -57.59 44.9087
      vertex 16.676 -57.59 43.3074
    endloop
  endfacet
  facet normal -0.0490211 0 0.998798
    outer loop
      vertex 0 -31.59 54.45
      vertex -1.06153 -57.39 54.3979
      vertex 0 -57.39 54.45
    endloop
  endfacet
  facet normal -0.0490588 1.55613e-06 0.998796
    outer loop
      vertex -1.76921 -31.59 54.3631
      vertex -1.06153 -57.39 54.3979
      vertex 0 -31.59 54.45
    endloop
  endfacet
  facet normal -0.0491154 0 0.998793
    outer loop
      vertex -1.76921 -57.59 54.3631
      vertex -1.06153 -57.39 54.3979
      vertex -1.76921 -31.59 54.3631
    endloop
  endfacet
  facet normal -0.0491154 0 0.998793
    outer loop
      vertex -1.06153 -57.39 54.3979
      vertex -1.76921 -57.59 54.3631
      vertex -1.06153 -57.59 54.3979
    endloop
  endfacet
  facet normal -0.998796 0 0.0490591
    outer loop
      vertex -18.05 -57.59 36.4
      vertex -17.9631 -31.59 38.1692
      vertex -18.05 -31.59 36.4
    endloop
  endfacet
  facet normal -0.998796 0 0.0490591
    outer loop
      vertex -17.9631 -31.59 38.1692
      vertex -18.05 -57.59 36.4
      vertex -17.9631 -57.59 38.1692
    endloop
  endfacet
  facet normal -0.970015 0 0.243045
    outer loop
      vertex -17.4449 -57.39 40.9523
      vertex -17.7032 -31.59 39.9214
      vertex -17.7032 -57.39 39.9214
    endloop
  endfacet
  facet normal -0.970029 -2.44424e-06 0.242987
    outer loop
      vertex -17.7032 -31.59 39.9214
      vertex -17.4449 -57.39 40.9523
      vertex -17.2728 -31.59 41.6396
    endloop
  endfacet
  facet normal -0.970051 0 0.242901
    outer loop
      vertex -17.2728 -57.59 41.6396
      vertex -17.4449 -57.39 40.9523
      vertex -17.4449 -57.59 40.9523
    endloop
  endfacet
  facet normal -0.970051 0 0.242901
    outer loop
      vertex -17.4449 -57.39 40.9523
      vertex -17.2728 -57.59 41.6396
      vertex -17.2728 -31.59 41.6396
    endloop
  endfacet
  facet normal -0.740974 0 0.671534
    outer loop
      vertex -13.2391 -57.39 48.6383
      vertex -13.9528 -31.59 47.8508
      vertex -13.9528 -57.39 47.8508
    endloop
  endfacet
  facet normal -0.740974 6.80224e-17 0.671534
    outer loop
      vertex -13.9528 -31.59 47.8508
      vertex -13.2391 -57.39 48.6383
      vertex -12.7633 -31.59 49.1633
    endloop
  endfacet
  facet normal -0.740974 0 0.671534
    outer loop
      vertex -12.7633 -57.59 49.1633
      vertex -13.2391 -57.39 48.6383
      vertex -13.2391 -57.59 48.6383
    endloop
  endfacet
  facet normal -0.740974 0 0.671534
    outer loop
      vertex -13.2391 -57.39 48.6383
      vertex -12.7633 -57.59 49.1633
      vertex -12.7633 -31.59 49.1633
    endloop
  endfacet
  facet normal 0.146688 0 0.989183
    outer loop
      vertex 3.52138 -31.59 54.1032
      vertex 2.47008 -57.39 54.2591
      vertex 3.52138 -57.39 54.1032
    endloop
  endfacet
  facet normal 0.146725 -1.52223e-06 0.989177
    outer loop
      vertex 1.76921 -31.59 54.3631
      vertex 2.47008 -57.39 54.2591
      vertex 3.52138 -31.59 54.1032
    endloop
  endfacet
  facet normal 0.14678 -0 0.989169
    outer loop
      vertex 1.76921 -57.59 54.3631
      vertex 2.47008 -57.39 54.2591
      vertex 1.76921 -31.59 54.3631
    endloop
  endfacet
  facet normal 0.14678 0 0.989169
    outer loop
      vertex 2.47008 -57.39 54.2591
      vertex 1.76921 -57.59 54.3631
      vertex 2.47008 -57.59 54.2591
    endloop
  endfacet
  facet normal 0.427535 0 0.903999
    outer loop
      vertex 6.90744 -31.59 53.076
      vertex 8.50871 -57.59 52.3187
      vertex 8.50871 -31.59 52.3187
    endloop
  endfacet
  facet normal 0.427535 0 0.903999
    outer loop
      vertex 8.50871 -57.59 52.3187
      vertex 6.90744 -31.59 53.076
      vertex 6.90744 -57.59 53.076
    endloop
  endfacet
  facet normal 0.336916 0 0.941535
    outer loop
      vertex 5.23964 -31.59 53.6728
      vertex 6.90744 -57.59 53.076
      vertex 6.90744 -31.59 53.076
    endloop
  endfacet
  facet normal 0.336916 0 0.941535
    outer loop
      vertex 6.90744 -57.59 53.076
      vertex 5.23964 -31.59 53.6728
      vertex 5.23964 -57.59 53.6728
    endloop
  endfacet
  facet normal 0.989178 0 -0.146723
    outer loop
      vertex 17.9631 -57.39 34.6308
      vertex 17.7032 -31.59 32.8786
      vertex 17.9631 -31.59 34.6308
    endloop
  endfacet
  facet normal 0.989178 0 -0.146723
    outer loop
      vertex 17.7032 -31.59 32.8786
      vertex 17.9631 -57.39 34.6308
      vertex 17.7032 -57.39 32.8786
    endloop
  endfacet
  facet normal 0.671534 0 0.740974
    outer loop
      vertex 12.7633 -31.59 49.1633
      vertex 12.2383 -57.39 49.6391
      vertex 12.7633 -57.59 49.1633
    endloop
  endfacet
  facet normal 0.671534 -4.85874e-18 0.740974
    outer loop
      vertex 11.4508 -31.59 50.3528
      vertex 12.2383 -57.39 49.6391
      vertex 12.7633 -31.59 49.1633
    endloop
  endfacet
  facet normal 0.671534 0 0.740974
    outer loop
      vertex 12.2383 -57.39 49.6391
      vertex 11.4508 -31.59 50.3528
      vertex 11.4508 -57.39 50.3528
    endloop
  endfacet
  facet normal 0.671534 0 0.740974
    outer loop
      vertex 12.7633 -57.59 49.1633
      vertex 12.2383 -57.39 49.6391
      vertex 12.2383 -57.59 49.6391
    endloop
  endfacet
  facet normal 0.595731 0 0.803184
    outer loop
      vertex 11.4508 -31.59 50.3528
      vertex 10.5971 -57.39 50.986
      vertex 11.4508 -57.39 50.3528
    endloop
  endfacet
  facet normal 0.595692 2.02881e-06 0.803213
    outer loop
      vertex 10.028 -31.59 51.408
      vertex 10.5971 -57.39 50.986
      vertex 11.4508 -31.59 50.3528
    endloop
  endfacet
  facet normal 0.595633 -0 0.803257
    outer loop
      vertex 10.028 -57.59 51.408
      vertex 10.5971 -57.39 50.986
      vertex 10.028 -31.59 51.408
    endloop
  endfacet
  facet normal 0.595633 0 0.803257
    outer loop
      vertex 10.5971 -57.39 50.986
      vertex 10.028 -57.59 51.408
      vertex 10.5971 -57.59 50.986
    endloop
  endfacet
  facet normal 0.514133 0 0.857711
    outer loop
      vertex 8.50871 -31.59 52.3187
      vertex 10.028 -57.59 51.408
      vertex 10.028 -31.59 51.408
    endloop
  endfacet
  facet normal 0.514133 0 0.857711
    outer loop
      vertex 10.028 -57.59 51.408
      vertex 8.50871 -31.59 52.3187
      vertex 8.50871 -57.59 52.3187
    endloop
  endfacet
  facet normal 0.803213 -0 0.595692
    outer loop
      vertex 13.9528 -57.39 47.8508
      vertex 15.008 -31.59 46.428
      vertex 13.9528 -31.59 47.8508
    endloop
  endfacet
  facet normal 0.803213 0 0.595692
    outer loop
      vertex 15.008 -31.59 46.428
      vertex 13.9528 -57.39 47.8508
      vertex 15.008 -57.39 46.428
    endloop
  endfacet
  facet normal 0.857725 0 0.514108
    outer loop
      vertex 15.5544 -57.39 45.5164
      vertex 15.008 -31.59 46.428
      vertex 15.008 -57.39 46.428
    endloop
  endfacet
  facet normal 0.857712 -1.06344e-06 0.51413
    outer loop
      vertex 15.008 -31.59 46.428
      vertex 15.5544 -57.39 45.5164
      vertex 15.9187 -31.59 44.9087
    endloop
  endfacet
  facet normal 0.857692 0 0.514164
    outer loop
      vertex 15.9187 -57.59 44.9087
      vertex 15.5544 -57.39 45.5164
      vertex 15.5544 -57.59 45.5164
    endloop
  endfacet
  facet normal 0.857692 0 0.514164
    outer loop
      vertex 15.5544 -57.39 45.5164
      vertex 15.9187 -57.59 44.9087
      vertex 15.9187 -31.59 44.9087
    endloop
  endfacet
  facet normal 0.941535 -0 0.336916
    outer loop
      vertex 16.676 -57.59 43.3074
      vertex 17.2728 -31.59 41.6396
      vertex 16.676 -31.59 43.3074
    endloop
  endfacet
  facet normal 0.941535 0 0.336916
    outer loop
      vertex 17.2728 -31.59 41.6396
      vertex 16.676 -57.59 43.3074
      vertex 17.2728 -57.59 41.6396
    endloop
  endfacet
  facet normal 0.0491154 0 0.998793
    outer loop
      vertex 1.76921 -31.59 54.3631
      vertex 1.06153 -57.39 54.3979
      vertex 1.76921 -57.59 54.3631
    endloop
  endfacet
  facet normal 0.0490588 1.55613e-06 0.998796
    outer loop
      vertex 0 -31.59 54.45
      vertex 1.06153 -57.39 54.3979
      vertex 1.76921 -31.59 54.3631
    endloop
  endfacet
  facet normal 0.0490211 0 0.998798
    outer loop
      vertex 1.06153 -57.39 54.3979
      vertex 0 -31.59 54.45
      vertex 0 -57.39 54.45
    endloop
  endfacet
  facet normal 0.0491154 0 0.998793
    outer loop
      vertex 1.76921 -57.59 54.3631
      vertex 1.06153 -57.39 54.3979
      vertex 1.06153 -57.59 54.3979
    endloop
  endfacet
  facet normal -0.514133 0 0.857711
    outer loop
      vertex -10.028 -31.59 51.408
      vertex -8.50871 -57.59 52.3187
      vertex -8.50871 -31.59 52.3187
    endloop
  endfacet
  facet normal -0.514133 0 0.857711
    outer loop
      vertex -8.50871 -57.59 52.3187
      vertex -10.028 -31.59 51.408
      vertex -10.028 -57.59 51.408
    endloop
  endfacet
  facet normal -0.336916 0 0.941535
    outer loop
      vertex -6.90744 -31.59 53.076
      vertex -5.23964 -57.59 53.6728
      vertex -5.23964 -31.59 53.6728
    endloop
  endfacet
  facet normal -0.336916 0 0.941535
    outer loop
      vertex -5.23964 -57.59 53.6728
      vertex -6.90744 -31.59 53.076
      vertex -6.90744 -57.59 53.076
    endloop
  endfacet
  facet normal -0.989178 -1.41987e-06 0.146723
    outer loop
      vertex -17.9631 -31.59 38.1692
      vertex -17.8591 -57.39 38.8701
      vertex -17.7032 -31.59 39.9214
    endloop
  endfacet
  facet normal -0.98917 0 0.146774
    outer loop
      vertex -17.9631 -57.59 38.1692
      vertex -17.8591 -57.39 38.8701
      vertex -17.9631 -31.59 38.1692
    endloop
  endfacet
  facet normal -0.98917 0 0.146774
    outer loop
      vertex -17.8591 -57.39 38.8701
      vertex -17.9631 -57.59 38.1692
      vertex -17.8591 -57.59 38.8701
    endloop
  endfacet
  facet normal -0.989183 0 0.146688
    outer loop
      vertex -17.7032 -31.59 39.9214
      vertex -17.8591 -57.39 38.8701
      vertex -17.7032 -57.39 39.9214
    endloop
  endfacet
  facet normal -0.941535 0 0.336916
    outer loop
      vertex -17.2728 -57.59 41.6396
      vertex -16.676 -31.59 43.3074
      vertex -17.2728 -31.59 41.6396
    endloop
  endfacet
  facet normal -0.941535 0 0.336916
    outer loop
      vertex -16.676 -31.59 43.3074
      vertex -17.2728 -57.59 41.6396
      vertex -16.676 -57.59 43.3074
    endloop
  endfacet
  facet normal -0.857712 -1.06344e-06 0.51413
    outer loop
      vertex -15.9187 -31.59 44.9087
      vertex -15.5544 -57.39 45.5164
      vertex -15.008 -31.59 46.428
    endloop
  endfacet
  facet normal -0.857692 0 0.514164
    outer loop
      vertex -15.9187 -57.59 44.9087
      vertex -15.5544 -57.39 45.5164
      vertex -15.9187 -31.59 44.9087
    endloop
  endfacet
  facet normal -0.857692 0 0.514164
    outer loop
      vertex -15.5544 -57.39 45.5164
      vertex -15.9187 -57.59 44.9087
      vertex -15.5544 -57.59 45.5164
    endloop
  endfacet
  facet normal -0.857725 0 0.514108
    outer loop
      vertex -15.008 -31.59 46.428
      vertex -15.5544 -57.39 45.5164
      vertex -15.008 -57.39 46.428
    endloop
  endfacet
  facet normal 0.242898 0 0.970052
    outer loop
      vertex 5.23964 -31.59 53.6728
      vertex 4.55233 -57.39 53.8449
      vertex 5.23964 -57.59 53.6728
    endloop
  endfacet
  facet normal 0.242979 -2.31239e-06 0.970031
    outer loop
      vertex 3.52138 -31.59 54.1032
      vertex 4.55233 -57.39 53.8449
      vertex 5.23964 -31.59 53.6728
    endloop
  endfacet
  facet normal 0.243034 0 0.970018
    outer loop
      vertex 4.55233 -57.39 53.8449
      vertex 3.52138 -31.59 54.1032
      vertex 3.52138 -57.39 54.1032
    endloop
  endfacet
  facet normal 0.242898 0 0.970052
    outer loop
      vertex 5.23964 -57.59 53.6728
      vertex 4.55233 -57.39 53.8449
      vertex 4.55233 -57.59 53.8449
    endloop
  endfacet
  facet normal -0.595633 0 0.803257
    outer loop
      vertex -10.028 -31.59 51.408
      vertex -10.5971 -57.39 50.986
      vertex -10.028 -57.59 51.408
    endloop
  endfacet
  facet normal -0.595692 2.02881e-06 0.803213
    outer loop
      vertex -11.4508 -31.59 50.3528
      vertex -10.5971 -57.39 50.986
      vertex -10.028 -31.59 51.408
    endloop
  endfacet
  facet normal -0.595731 0 0.803184
    outer loop
      vertex -10.5971 -57.39 50.986
      vertex -11.4508 -31.59 50.3528
      vertex -11.4508 -57.39 50.3528
    endloop
  endfacet
  facet normal -0.595633 0 0.803257
    outer loop
      vertex -10.028 -57.59 51.408
      vertex -10.5971 -57.39 50.986
      vertex -10.5971 -57.59 50.986
    endloop
  endfacet
  facet normal -0.427535 0 0.903999
    outer loop
      vertex -8.50871 -31.59 52.3187
      vertex -6.90744 -57.59 53.076
      vertex -6.90744 -31.59 53.076
    endloop
  endfacet
  facet normal -0.427535 0 0.903999
    outer loop
      vertex -6.90744 -57.59 53.076
      vertex -8.50871 -31.59 52.3187
      vertex -8.50871 -57.59 52.3187
    endloop
  endfacet
  facet normal -0.243034 0 0.970018
    outer loop
      vertex -3.52138 -31.59 54.1032
      vertex -4.55233 -57.39 53.8449
      vertex -3.52138 -57.39 54.1032
    endloop
  endfacet
  facet normal -0.242979 -2.31239e-06 0.970031
    outer loop
      vertex -5.23964 -31.59 53.6728
      vertex -4.55233 -57.39 53.8449
      vertex -3.52138 -31.59 54.1032
    endloop
  endfacet
  facet normal -0.242898 0 0.970052
    outer loop
      vertex -5.23964 -57.59 53.6728
      vertex -4.55233 -57.39 53.8449
      vertex -5.23964 -31.59 53.6728
    endloop
  endfacet
  facet normal -0.242898 0 0.970052
    outer loop
      vertex -4.55233 -57.39 53.8449
      vertex -5.23964 -57.59 53.6728
      vertex -4.55233 -57.59 53.8449
    endloop
  endfacet
  facet normal -0.14678 0 0.989169
    outer loop
      vertex -1.76921 -31.59 54.3631
      vertex -2.47008 -57.39 54.2591
      vertex -1.76921 -57.59 54.3631
    endloop
  endfacet
  facet normal -0.146725 -1.52223e-06 0.989177
    outer loop
      vertex -3.52138 -31.59 54.1032
      vertex -2.47008 -57.39 54.2591
      vertex -1.76921 -31.59 54.3631
    endloop
  endfacet
  facet normal -0.146688 0 0.989183
    outer loop
      vertex -2.47008 -57.39 54.2591
      vertex -3.52138 -31.59 54.1032
      vertex -3.52138 -57.39 54.1032
    endloop
  endfacet
  facet normal -0.14678 0 0.989169
    outer loop
      vertex -1.76921 -57.59 54.3631
      vertex -2.47008 -57.39 54.2591
      vertex -2.47008 -57.59 54.2591
    endloop
  endfacet
  facet normal -0.998797 0 -0.0490369
    outer loop
      vertex 16.25 -47.89 36.4
      vertex 16.1718 -31.59 37.9928
      vertex 16.25 -31.59 36.4
    endloop
  endfacet
  facet normal -0.998797 -0 -0.0490369
    outer loop
      vertex 16.1718 -31.59 37.9928
      vertex 16.25 -47.89 36.4
      vertex 16.1718 -47.89 37.9928
    endloop
  endfacet
  facet normal -0.998797 0 -0.0490369
    outer loop
      vertex 16.25 -57.39 36.4
      vertex 16.1718 -51.09 37.9928
      vertex 16.25 -51.09 36.4
    endloop
  endfacet
  facet normal -0.998797 -0 -0.0490369
    outer loop
      vertex 16.1718 -51.09 37.9928
      vertex 16.25 -57.39 36.4
      vertex 16.1718 -57.39 37.9928
    endloop
  endfacet
  facet normal -0.941543 0 -0.336892
    outer loop
      vertex 15.5503 -47.89 41.1171
      vertex 15.3354 -31.59 41.7177
      vertex 15.5503 -31.59 41.1171
    endloop
  endfacet
  facet normal -0.941543 -0 -0.336892
    outer loop
      vertex 15.3354 -31.59 41.7177
      vertex 15.5503 -47.89 41.1171
      vertex 15.3354 -47.89 41.7177
    endloop
  endfacet
  facet normal -0.941543 0 -0.336892
    outer loop
      vertex 15.5503 -57.39 41.1171
      vertex 15.3354 -51.09 41.7177
      vertex 15.5503 -51.09 41.1171
    endloop
  endfacet
  facet normal -0.941543 -0 -0.336892
    outer loop
      vertex 15.3354 -51.09 41.7177
      vertex 15.5503 -57.39 41.1171
      vertex 15.3354 -57.39 41.7177
    endloop
  endfacet
  facet normal 0.146735 0 -0.989176
    outer loop
      vertex -3.17022 -47.89 52.3378
      vertex -2.53924 -31.59 52.4314
      vertex -2.53924 -47.89 52.4314
    endloop
  endfacet
  facet normal 0.146735 0 -0.989176
    outer loop
      vertex -2.53924 -31.59 52.4314
      vertex -3.17022 -47.89 52.3378
      vertex -3.17022 -31.59 52.3378
    endloop
  endfacet
  facet normal 0.146735 0 -0.989176
    outer loop
      vertex -3.17022 -57.39 52.3378
      vertex -2.53924 -51.09 52.4314
      vertex -2.53924 -57.39 52.4314
    endloop
  endfacet
  facet normal 0.146735 0 -0.989176
    outer loop
      vertex -2.53924 -51.09 52.4314
      vertex -3.17022 -57.39 52.3378
      vertex -3.17022 -51.09 52.3378
    endloop
  endfacet
  facet normal 0.671545 0 -0.740964
    outer loop
      vertex -11.4905 -47.89 47.8905
      vertex -10.3089 -31.59 48.9614
      vertex -10.3089 -47.89 48.9614
    endloop
  endfacet
  facet normal 0.671545 0 -0.740964
    outer loop
      vertex -10.3089 -31.59 48.9614
      vertex -11.4905 -47.89 47.8905
      vertex -11.4905 -31.59 47.8905
    endloop
  endfacet
  facet normal 0.671545 0 -0.740964
    outer loop
      vertex -11.4905 -57.39 47.8905
      vertex -10.3089 -51.09 48.9614
      vertex -10.3089 -57.39 48.9614
    endloop
  endfacet
  facet normal 0.671545 0 -0.740964
    outer loop
      vertex -10.3089 -51.09 48.9614
      vertex -11.4905 -57.39 47.8905
      vertex -11.4905 -51.09 47.8905
    endloop
  endfacet
  facet normal -0.0490688 0 -0.998795
    outer loop
      vertex 0 -47.89 52.65
      vertex 0.637111 -31.59 52.6187
      vertex 0.637111 -47.89 52.6187
    endloop
  endfacet
  facet normal -0.0490688 0 -0.998795
    outer loop
      vertex 0.637111 -31.59 52.6187
      vertex 0 -47.89 52.65
      vertex 0 -31.59 52.65
    endloop
  endfacet
  facet normal -0.0490688 0 -0.998795
    outer loop
      vertex 0 -57.39 52.65
      vertex 0.637111 -51.09 52.6187
      vertex 0.637111 -57.39 52.6187
    endloop
  endfacet
  facet normal -0.0490688 0 -0.998795
    outer loop
      vertex 0.637111 -51.09 52.6187
      vertex 0 -57.39 52.65
      vertex 0 -51.09 52.65
    endloop
  endfacet
  facet normal -0.740964 0 -0.671545
    outer loop
      vertex 12.5614 -47.89 46.7089
      vertex 11.4905 -31.59 47.8905
      vertex 12.5614 -31.59 46.7089
    endloop
  endfacet
  facet normal -0.740964 -0 -0.671545
    outer loop
      vertex 11.4905 -31.59 47.8905
      vertex 12.5614 -47.89 46.7089
      vertex 11.4905 -47.89 47.8905
    endloop
  endfacet
  facet normal -0.740964 0 -0.671545
    outer loop
      vertex 12.5614 -57.39 46.7089
      vertex 11.4905 -51.09 47.8905
      vertex 12.5614 -51.09 46.7089
    endloop
  endfacet
  facet normal -0.740964 -0 -0.671545
    outer loop
      vertex 11.4905 -51.09 47.8905
      vertex 12.5614 -57.39 46.7089
      vertex 11.4905 -57.39 47.8905
    endloop
  endfacet
  facet normal -0.146735 0 -0.989176
    outer loop
      vertex 2.53924 -47.89 52.4314
      vertex 3.17022 -31.59 52.3378
      vertex 3.17022 -47.89 52.3378
    endloop
  endfacet
  facet normal -0.146735 0 -0.989176
    outer loop
      vertex 3.17022 -31.59 52.3378
      vertex 2.53924 -47.89 52.4314
      vertex 2.53924 -31.59 52.4314
    endloop
  endfacet
  facet normal -0.146735 0 -0.989176
    outer loop
      vertex 2.53924 -57.39 52.4314
      vertex 3.17022 -51.09 52.3378
      vertex 3.17022 -57.39 52.3378
    endloop
  endfacet
  facet normal -0.146735 0 -0.989176
    outer loop
      vertex 3.17022 -51.09 52.3378
      vertex 2.53924 -57.39 52.4314
      vertex 2.53924 -51.09 52.4314
    endloop
  endfacet
  facet normal -0.242993 0 -0.970028
    outer loop
      vertex 3.17022 -47.89 52.3378
      vertex 3.78898 -31.59 52.1828
      vertex 3.78898 -47.89 52.1828
    endloop
  endfacet
  facet normal -0.242993 0 -0.970028
    outer loop
      vertex 3.78898 -31.59 52.1828
      vertex 3.17022 -47.89 52.3378
      vertex 3.17022 -31.59 52.3378
    endloop
  endfacet
  facet normal -0.242993 0 -0.970028
    outer loop
      vertex 3.17022 -57.39 52.3378
      vertex 3.78898 -51.09 52.1828
      vertex 3.78898 -57.39 52.1828
    endloop
  endfacet
  facet normal -0.242993 0 -0.970028
    outer loop
      vertex 3.78898 -51.09 52.1828
      vertex 3.17022 -57.39 52.3378
      vertex 3.17022 -51.09 52.3378
    endloop
  endfacet
  facet normal -0.595713 0 -0.803197
    outer loop
      vertex 9.02802 -47.89 49.9114
      vertex 10.3089 -31.59 48.9614
      vertex 10.3089 -47.89 48.9614
    endloop
  endfacet
  facet normal -0.595713 0 -0.803197
    outer loop
      vertex 10.3089 -31.59 48.9614
      vertex 9.02802 -47.89 49.9114
      vertex 9.02802 -31.59 49.9114
    endloop
  endfacet
  facet normal -0.595713 0 -0.803197
    outer loop
      vertex 9.02802 -57.39 49.9114
      vertex 10.3089 -51.09 48.9614
      vertex 10.3089 -57.39 48.9614
    endloop
  endfacet
  facet normal -0.595713 0 -0.803197
    outer loop
      vertex 10.3089 -51.09 48.9614
      vertex 9.02802 -57.39 49.9114
      vertex 9.02802 -51.09 49.9114
    endloop
  endfacet
  facet normal 0.0490688 0 -0.998795
    outer loop
      vertex -0.637111 -47.89 52.6187
      vertex 0 -31.59 52.65
      vertex 0 -47.89 52.65
    endloop
  endfacet
  facet normal 0.0490688 0 -0.998795
    outer loop
      vertex 0 -31.59 52.65
      vertex -0.637111 -47.89 52.6187
      vertex -0.637111 -31.59 52.6187
    endloop
  endfacet
  facet normal 0.0490688 0 -0.998795
    outer loop
      vertex -0.637111 -57.39 52.6187
      vertex 0 -51.09 52.65
      vertex 0 -57.39 52.65
    endloop
  endfacet
  facet normal 0.0490688 0 -0.998795
    outer loop
      vertex 0 -51.09 52.65
      vertex -0.637111 -57.39 52.6187
      vertex -0.637111 -51.09 52.6187
    endloop
  endfacet
  facet normal 0.51406 0 -0.857754
    outer loop
      vertex -9.02802 -47.89 49.9114
      vertex -8.48089 -31.59 50.2393
      vertex -8.48089 -47.89 50.2393
    endloop
  endfacet
  facet normal 0.51406 0 -0.857754
    outer loop
      vertex -8.48089 -31.59 50.2393
      vertex -9.02802 -47.89 49.9114
      vertex -9.02802 -31.59 49.9114
    endloop
  endfacet
  facet normal 0.51406 0 -0.857754
    outer loop
      vertex -9.02802 -57.39 49.9114
      vertex -8.48089 -51.09 50.2393
      vertex -8.48089 -57.39 50.2393
    endloop
  endfacet
  facet normal 0.51406 0 -0.857754
    outer loop
      vertex -8.48089 -51.09 50.2393
      vertex -9.02802 -57.39 49.9114
      vertex -9.02802 -51.09 49.9114
    endloop
  endfacet
  facet normal 0.970028 0 -0.242993
    outer loop
      vertex -15.5503 -47.89 41.1171
      vertex -15.9378 -31.59 39.5702
      vertex -15.5503 -31.59 41.1171
    endloop
  endfacet
  facet normal 0.970028 0 -0.242993
    outer loop
      vertex -15.9378 -31.59 39.5702
      vertex -15.5503 -47.89 41.1171
      vertex -15.9378 -47.89 39.5702
    endloop
  endfacet
  facet normal 0.970028 0 -0.242993
    outer loop
      vertex -15.5503 -57.39 41.1171
      vertex -15.9378 -51.09 39.5702
      vertex -15.5503 -51.09 41.1171
    endloop
  endfacet
  facet normal 0.970028 0 -0.242993
    outer loop
      vertex -15.9378 -51.09 39.5702
      vertex -15.5503 -57.39 41.1171
      vertex -15.9378 -57.39 39.5702
    endloop
  endfacet
  facet normal 0.998797 0 -0.0490369
    outer loop
      vertex -16.1718 -47.89 37.9928
      vertex -16.25 -31.59 36.4
      vertex -16.1718 -31.59 37.9928
    endloop
  endfacet
  facet normal 0.998797 0 -0.0490369
    outer loop
      vertex -16.25 -31.59 36.4
      vertex -16.1718 -47.89 37.9928
      vertex -16.25 -47.89 36.4
    endloop
  endfacet
  facet normal 0.998797 0 -0.0490369
    outer loop
      vertex -16.1718 -57.39 37.9928
      vertex -16.25 -51.09 36.4
      vertex -16.1718 -51.09 37.9928
    endloop
  endfacet
  facet normal 0.998797 0 -0.0490369
    outer loop
      vertex -16.25 -51.09 36.4
      vertex -16.1718 -57.39 37.9928
      vertex -16.25 -57.39 36.4
    endloop
  endfacet
  facet normal 0.803202 0 -0.595707
    outer loop
      vertex -12.5614 -47.89 46.7089
      vertex -13.5114 -31.59 45.428
      vertex -12.5614 -31.59 46.7089
    endloop
  endfacet
  facet normal 0.803202 0 -0.595707
    outer loop
      vertex -13.5114 -31.59 45.428
      vertex -12.5614 -47.89 46.7089
      vertex -13.5114 -47.89 45.428
    endloop
  endfacet
  facet normal 0.803202 0 -0.595707
    outer loop
      vertex -12.5614 -57.39 46.7089
      vertex -13.5114 -51.09 45.428
      vertex -12.5614 -51.09 46.7089
    endloop
  endfacet
  facet normal 0.803202 0 -0.595707
    outer loop
      vertex -13.5114 -51.09 45.428
      vertex -12.5614 -57.39 46.7089
      vertex -13.5114 -57.39 45.428
    endloop
  endfacet
  facet normal 0.857742 0 -0.514081
    outer loop
      vertex -13.5114 -47.89 45.428
      vertex -13.8393 -31.59 44.8809
      vertex -13.5114 -31.59 45.428
    endloop
  endfacet
  facet normal 0.857742 0 -0.514081
    outer loop
      vertex -13.8393 -31.59 44.8809
      vertex -13.5114 -47.89 45.428
      vertex -13.8393 -47.89 44.8809
    endloop
  endfacet
  facet normal 0.857742 0 -0.514081
    outer loop
      vertex -13.5114 -57.39 45.428
      vertex -13.8393 -51.09 44.8809
      vertex -13.5114 -51.09 45.428
    endloop
  endfacet
  facet normal 0.857742 0 -0.514081
    outer loop
      vertex -13.8393 -51.09 44.8809
      vertex -13.5114 -57.39 45.428
      vertex -13.8393 -57.39 44.8809
    endloop
  endfacet
  facet normal -0.989175 0 -0.14674
    outer loop
      vertex 16.1718 -47.89 37.9928
      vertex 15.9378 -31.59 39.5702
      vertex 16.1718 -31.59 37.9928
    endloop
  endfacet
  facet normal -0.989175 -0 -0.14674
    outer loop
      vertex 15.9378 -31.59 39.5702
      vertex 16.1718 -47.89 37.9928
      vertex 15.9378 -47.89 39.5702
    endloop
  endfacet
  facet normal -0.989175 0 -0.14674
    outer loop
      vertex 16.1718 -57.39 37.9928
      vertex 15.9378 -51.09 39.5702
      vertex 16.1718 -51.09 37.9928
    endloop
  endfacet
  facet normal -0.989175 -0 -0.14674
    outer loop
      vertex 15.9378 -51.09 39.5702
      vertex 16.1718 -57.39 37.9928
      vertex 15.9378 -57.39 39.5702
    endloop
  endfacet
  facet normal -0.857742 0 -0.514081
    outer loop
      vertex 13.8393 -47.89 44.8809
      vertex 13.5114 -31.59 45.428
      vertex 13.8393 -31.59 44.8809
    endloop
  endfacet
  facet normal -0.857742 -0 -0.514081
    outer loop
      vertex 13.5114 -31.59 45.428
      vertex 13.8393 -47.89 44.8809
      vertex 13.5114 -47.89 45.428
    endloop
  endfacet
  facet normal -0.857742 0 -0.514081
    outer loop
      vertex 13.8393 -57.39 44.8809
      vertex 13.5114 -51.09 45.428
      vertex 13.8393 -51.09 44.8809
    endloop
  endfacet
  facet normal -0.857742 -0 -0.514081
    outer loop
      vertex 13.5114 -51.09 45.428
      vertex 13.8393 -57.39 44.8809
      vertex 13.5114 -57.39 45.428
    endloop
  endfacet
  facet normal -0.671545 0 -0.740964
    outer loop
      vertex 10.3089 -47.89 48.9614
      vertex 11.4905 -31.59 47.8905
      vertex 11.4905 -47.89 47.8905
    endloop
  endfacet
  facet normal -0.671545 0 -0.740964
    outer loop
      vertex 11.4905 -31.59 47.8905
      vertex 10.3089 -47.89 48.9614
      vertex 10.3089 -31.59 48.9614
    endloop
  endfacet
  facet normal -0.671545 0 -0.740964
    outer loop
      vertex 10.3089 -57.39 48.9614
      vertex 11.4905 -51.09 47.8905
      vertex 11.4905 -57.39 47.8905
    endloop
  endfacet
  facet normal -0.671545 0 -0.740964
    outer loop
      vertex 11.4905 -51.09 47.8905
      vertex 10.3089 -57.39 48.9614
      vertex 10.3089 -51.09 48.9614
    endloop
  endfacet
  facet normal -0.51406 0 -0.857754
    outer loop
      vertex 8.48089 -47.89 50.2393
      vertex 9.02802 -31.59 49.9114
      vertex 9.02802 -47.89 49.9114
    endloop
  endfacet
  facet normal -0.51406 0 -0.857754
    outer loop
      vertex 9.02802 -31.59 49.9114
      vertex 8.48089 -47.89 50.2393
      vertex 8.48089 -31.59 50.2393
    endloop
  endfacet
  facet normal -0.51406 0 -0.857754
    outer loop
      vertex 8.48089 -57.39 50.2393
      vertex 9.02802 -51.09 49.9114
      vertex 9.02802 -57.39 49.9114
    endloop
  endfacet
  facet normal -0.51406 0 -0.857754
    outer loop
      vertex 9.02802 -51.09 49.9114
      vertex 8.48089 -57.39 50.2393
      vertex 8.48089 -51.09 50.2393
    endloop
  endfacet
  facet normal 0.242993 0 -0.970028
    outer loop
      vertex -3.78898 -47.89 52.1828
      vertex -3.17022 -31.59 52.3378
      vertex -3.17022 -47.89 52.3378
    endloop
  endfacet
  facet normal 0.242993 0 -0.970028
    outer loop
      vertex -3.17022 -31.59 52.3378
      vertex -3.78898 -47.89 52.1828
      vertex -3.78898 -31.59 52.1828
    endloop
  endfacet
  facet normal 0.242993 0 -0.970028
    outer loop
      vertex -3.78898 -57.39 52.1828
      vertex -3.17022 -51.09 52.3378
      vertex -3.17022 -57.39 52.3378
    endloop
  endfacet
  facet normal 0.242993 0 -0.970028
    outer loop
      vertex -3.17022 -51.09 52.3378
      vertex -3.78898 -57.39 52.1828
      vertex -3.78898 -51.09 52.1828
    endloop
  endfacet
  facet normal 0.595713 0 -0.803197
    outer loop
      vertex -10.3089 -47.89 48.9614
      vertex -9.02802 -31.59 49.9114
      vertex -9.02802 -47.89 49.9114
    endloop
  endfacet
  facet normal 0.595713 0 -0.803197
    outer loop
      vertex -9.02802 -31.59 49.9114
      vertex -10.3089 -47.89 48.9614
      vertex -10.3089 -31.59 48.9614
    endloop
  endfacet
  facet normal 0.595713 0 -0.803197
    outer loop
      vertex -10.3089 -57.39 48.9614
      vertex -9.02802 -51.09 49.9114
      vertex -9.02802 -57.39 49.9114
    endloop
  endfacet
  facet normal 0.595713 0 -0.803197
    outer loop
      vertex -9.02802 -51.09 49.9114
      vertex -10.3089 -57.39 48.9614
      vertex -10.3089 -51.09 48.9614
    endloop
  endfacet
  facet normal 0.941543 0 -0.336892
    outer loop
      vertex -15.3354 -47.89 41.7177
      vertex -15.5503 -31.59 41.1171
      vertex -15.3354 -31.59 41.7177
    endloop
  endfacet
  facet normal 0.941543 0 -0.336892
    outer loop
      vertex -15.5503 -31.59 41.1171
      vertex -15.3354 -47.89 41.7177
      vertex -15.5503 -47.89 41.1171
    endloop
  endfacet
  facet normal 0.941543 0 -0.336892
    outer loop
      vertex -15.3354 -57.39 41.7177
      vertex -15.5503 -51.09 41.1171
      vertex -15.3354 -51.09 41.7177
    endloop
  endfacet
  facet normal 0.941543 0 -0.336892
    outer loop
      vertex -15.5503 -51.09 41.1171
      vertex -15.3354 -57.39 41.7177
      vertex -15.5503 -57.39 41.1171
    endloop
  endfacet
  facet normal 0.989175 0 -0.14674
    outer loop
      vertex -15.9378 -47.89 39.5702
      vertex -16.1718 -31.59 37.9928
      vertex -15.9378 -31.59 39.5702
    endloop
  endfacet
  facet normal 0.989175 0 -0.14674
    outer loop
      vertex -16.1718 -31.59 37.9928
      vertex -15.9378 -47.89 39.5702
      vertex -16.1718 -47.89 37.9928
    endloop
  endfacet
  facet normal 0.989175 0 -0.14674
    outer loop
      vertex -15.9378 -57.39 39.5702
      vertex -16.1718 -51.09 37.9928
      vertex -15.9378 -51.09 39.5702
    endloop
  endfacet
  facet normal 0.989175 0 -0.14674
    outer loop
      vertex -16.1718 -51.09 37.9928
      vertex -15.9378 -57.39 39.5702
      vertex -16.1718 -57.39 37.9928
    endloop
  endfacet
  facet normal 0.740964 0 -0.671545
    outer loop
      vertex -11.4905 -47.89 47.8905
      vertex -12.5614 -31.59 46.7089
      vertex -11.4905 -31.59 47.8905
    endloop
  endfacet
  facet normal 0.740964 0 -0.671545
    outer loop
      vertex -12.5614 -31.59 46.7089
      vertex -11.4905 -47.89 47.8905
      vertex -12.5614 -47.89 46.7089
    endloop
  endfacet
  facet normal 0.740964 0 -0.671545
    outer loop
      vertex -11.4905 -57.39 47.8905
      vertex -12.5614 -51.09 46.7089
      vertex -11.4905 -51.09 47.8905
    endloop
  endfacet
  facet normal 0.740964 0 -0.671545
    outer loop
      vertex -12.5614 -51.09 46.7089
      vertex -11.4905 -57.39 47.8905
      vertex -12.5614 -57.39 46.7089
    endloop
  endfacet
  facet normal -0.970028 0 -0.242993
    outer loop
      vertex 15.9378 -47.89 39.5702
      vertex 15.5503 -31.59 41.1171
      vertex 15.9378 -31.59 39.5702
    endloop
  endfacet
  facet normal -0.970028 -0 -0.242993
    outer loop
      vertex 15.5503 -31.59 41.1171
      vertex 15.9378 -47.89 39.5702
      vertex 15.5503 -47.89 41.1171
    endloop
  endfacet
  facet normal -0.970028 0 -0.242993
    outer loop
      vertex 15.9378 -57.39 39.5702
      vertex 15.5503 -51.09 41.1171
      vertex 15.9378 -51.09 39.5702
    endloop
  endfacet
  facet normal -0.970028 -0 -0.242993
    outer loop
      vertex 15.5503 -51.09 41.1171
      vertex 15.9378 -57.39 39.5702
      vertex 15.5503 -57.39 41.1171
    endloop
  endfacet
  facet normal -0.803202 0 -0.595707
    outer loop
      vertex 13.5114 -47.89 45.428
      vertex 12.5614 -31.59 46.7089
      vertex 13.5114 -31.59 45.428
    endloop
  endfacet
  facet normal -0.803202 -0 -0.595707
    outer loop
      vertex 12.5614 -31.59 46.7089
      vertex 13.5114 -47.89 45.428
      vertex 12.5614 -47.89 46.7089
    endloop
  endfacet
  facet normal -0.803202 0 -0.595707
    outer loop
      vertex 13.5114 -57.39 45.428
      vertex 12.5614 -51.09 46.7089
      vertex 13.5114 -51.09 45.428
    endloop
  endfacet
  facet normal -0.803202 -0 -0.595707
    outer loop
      vertex 12.5614 -51.09 46.7089
      vertex 13.5114 -57.39 45.428
      vertex 12.5614 -57.39 46.7089
    endloop
  endfacet
  facet normal 0.242536 -0.970143 0
    outer loop
      vertex 55.9754 -127.404 0
      vertex 56.4514 -127.285 8.2
      vertex 55.9754 -127.404 8.2
    endloop
  endfacet
  facet normal 0.242536 -0.970143 0
    outer loop
      vertex 56.4514 -127.285 8.2
      vertex 55.9754 -127.404 0
      vertex 56.4514 -127.285 0
    endloop
  endfacet
  facet normal 0.146755 -0.989173 0
    outer loop
      vertex 55.4901 -127.476 0
      vertex 55.9754 -127.404 8.2
      vertex 55.4901 -127.476 8.2
    endloop
  endfacet
  facet normal 0.146755 -0.989173 0
    outer loop
      vertex 55.9754 -127.404 8.2
      vertex 55.4901 -127.476 0
      vertex 55.9754 -127.404 0
    endloop
  endfacet
  facet normal 0.998793 -0.0491243 0
    outer loop
      vertex 59.9759 -122.99 8.2
      vertex 60 -122.5 0
      vertex 60 -122.5 8.2
    endloop
  endfacet
  facet normal 0.998793 -0.0491243 0
    outer loop
      vertex 60 -122.5 0
      vertex 59.9759 -122.99 8.2
      vertex 59.9759 -122.99 0
    endloop
  endfacet
  facet normal -1 0 0
    outer loop
      vertex -60 -122.5 0
      vertex -60 -47.5 8.2
      vertex -60 -47.5 0
    endloop
  endfacet
  facet normal -1 -0 0
    outer loop
      vertex -60 -47.5 8.2
      vertex -60 -122.5 0
      vertex -60 -122.5 8.2
    endloop
  endfacet
  facet normal 0.048911 -0.998803 0
    outer loop
      vertex 55 -127.5 0
      vertex 55.4901 -127.476 8.2
      vertex 55 -127.5 8.2
    endloop
  endfacet
  facet normal 0.048911 -0.998803 0
    outer loop
      vertex 55.4901 -127.476 8.2
      vertex 55 -127.5 0
      vertex 55.4901 -127.476 0
    endloop
  endfacet
  facet normal 0.595491 0.803362 -0
    outer loop
      vertex 58.172 -43.6349 0
      vertex 57.7778 -43.3427 8.2
      vertex 58.172 -43.6349 8.2
    endloop
  endfacet
  facet normal 0.595491 0.803362 0
    outer loop
      vertex 57.7778 -43.3427 8.2
      vertex 58.172 -43.6349 0
      vertex 57.7778 -43.3427 0
    endloop
  endfacet
  facet normal 0 -1 0
    outer loop
      vertex -55 -127.5 0
      vertex 55 -127.5 8.2
      vertex -55 -127.5 8.2
    endloop
  endfacet
  facet normal 0 -1 -0
    outer loop
      vertex 55 -127.5 8.2
      vertex -55 -127.5 0
      vertex 55 -127.5 0
    endloop
  endfacet
  facet normal -0.0491143 0.998793 0
    outer loop
      vertex -55 -42.5 0
      vertex -55.4901 -42.5241 8.2
      vertex -55 -42.5 8.2
    endloop
  endfacet
  facet normal -0.0491143 0.998793 0
    outer loop
      vertex -55.4901 -42.5241 8.2
      vertex -55 -42.5 0
      vertex -55.4901 -42.5241 0
    endloop
  endfacet
  facet normal 1 -0 0
    outer loop
      vertex 60 -122.5 8.2
      vertex 60 -47.5 0
      vertex 60 -47.5 8.2
    endloop
  endfacet
  facet normal 1 0 0
    outer loop
      vertex 60 -47.5 0
      vertex 60 -122.5 8.2
      vertex 60 -122.5 0
    endloop
  endfacet
  facet normal -0.803362 0.595491 0
    outer loop
      vertex -59.1573 -44.7222 0
      vertex -58.8651 -44.328 8.2
      vertex -58.8651 -44.328 0
    endloop
  endfacet
  facet normal -0.803362 0.595491 0
    outer loop
      vertex -58.8651 -44.328 8.2
      vertex -59.1573 -44.7222 0
      vertex -59.1573 -44.7222 8.2
    endloop
  endfacet
  facet normal -0.595228 -0.803557 0
    outer loop
      vertex -58.172 -126.365 0
      vertex -57.7778 -126.657 8.2
      vertex -58.172 -126.365 8.2
    endloop
  endfacet
  facet normal -0.595228 -0.803557 -0
    outer loop
      vertex -57.7778 -126.657 8.2
      vertex -58.172 -126.365 0
      vertex -57.7778 -126.657 0
    endloop
  endfacet
  facet normal -0.146755 0.989173 0
    outer loop
      vertex -55.4901 -42.5241 0
      vertex -55.9754 -42.5961 8.2
      vertex -55.4901 -42.5241 8.2
    endloop
  endfacet
  facet normal -0.146755 0.989173 0
    outer loop
      vertex -55.9754 -42.5961 8.2
      vertex -55.4901 -42.5241 0
      vertex -55.9754 -42.5961 0
    endloop
  endfacet
  facet normal 0.427543 0.903995 -0
    outer loop
      vertex 57.357 -43.0904 0
      vertex 56.9134 -42.8806 8.2
      vertex 57.357 -43.0904 8.2
    endloop
  endfacet
  facet normal 0.427543 0.903995 0
    outer loop
      vertex 56.9134 -42.8806 8.2
      vertex 57.357 -43.0904 0
      vertex 56.9134 -42.8806 0
    endloop
  endfacet
  facet normal 0.242919 0.970047 -0
    outer loop
      vertex 56.4514 -42.7153 0
      vertex 55.9754 -42.5961 8.2
      vertex 56.4514 -42.7153 8.2
    endloop
  endfacet
  facet normal 0.242919 0.970047 0
    outer loop
      vertex 55.9754 -42.5961 8.2
      vertex 56.4514 -42.7153 0
      vertex 55.9754 -42.5961 0
    endloop
  endfacet
  facet normal 0 1 -0
    outer loop
      vertex 55 -42.5 0
      vertex -55 -42.5 8.2
      vertex 55 -42.5 8.2
    endloop
  endfacet
  facet normal 0 1 0
    outer loop
      vertex -55 -42.5 8.2
      vertex 55 -42.5 0
      vertex -55 -42.5 0
    endloop
  endfacet
  facet normal -0.740806 0.671719 0
    outer loop
      vertex -58.8651 -44.328 0
      vertex -58.5355 -43.9645 8.2
      vertex -58.5355 -43.9645 0
    endloop
  endfacet
  facet normal -0.740806 0.671719 0
    outer loop
      vertex -58.5355 -43.9645 8.2
      vertex -58.8651 -44.328 0
      vertex -58.8651 -44.328 8.2
    endloop
  endfacet
  facet normal -0.741266 -0.671212 0
    outer loop
      vertex -58.5355 -126.036 0
      vertex -58.8651 -125.672 8.2
      vertex -58.8651 -125.672 0
    endloop
  endfacet
  facet normal -0.741266 -0.671212 0
    outer loop
      vertex -58.8651 -125.672 8.2
      vertex -58.5355 -126.036 0
      vertex -58.5355 -126.036 8.2
    endloop
  endfacet
  facet normal 0 0 -1
    outer loop
      vertex 55.092 -121.038 0
      vertex 60 -122.5 0
      vertex 59.9759 -122.99 0
    endloop
  endfacet
  facet normal 0 0 -1
    outer loop
      vertex 60 -122.5 0
      vertex 56 -118.5 0
      vertex 60 -47.5 0
    endloop
  endfacet
  facet normal 0 0 -1
    outer loop
      vertex 55.092 -121.038 0
      vertex 59.9759 -122.99 0
      vertex 59.9039 -123.475 0
    endloop
  endfacet
  facet normal 0 0 -1
    outer loop
      vertex 56 -51.5 0
      vertex 60 -47.5 0
      vertex 56 -118.5 0
    endloop
  endfacet
  facet normal 0 0 -1
    outer loop
      vertex 55.092 -121.038 0
      vertex 59.9039 -123.475 0
      vertex 59.7847 -123.951 0
    endloop
  endfacet
  facet normal 0 0 -1
    outer loop
      vertex 55.9807 -51.1079 0
      vertex 60 -47.5 0
      vertex 56 -51.5 0
    endloop
  endfacet
  facet normal 0 0 -1
    outer loop
      vertex 54.8284 -121.328 0
      vertex 59.7847 -123.951 0
      vertex 59.6194 -124.413 0
    endloop
  endfacet
  facet normal 0 0 -1
    outer loop
      vertex 55.9231 -50.7196 0
      vertex 60 -47.5 0
      vertex 55.9807 -51.1079 0
    endloop
  endfacet
  facet normal 0 0 -1
    outer loop
      vertex 54.8284 -121.328 0
      vertex 59.6194 -124.413 0
      vertex 59.4096 -124.857 0
    endloop
  endfacet
  facet normal 0 0 -1
    outer loop
      vertex 55.8278 -50.3389 0
      vertex 60 -47.5 0
      vertex 55.9231 -50.7196 0
    endloop
  endfacet
  facet normal 0 0 -1
    outer loop
      vertex 54.8284 -121.328 0
      vertex 59.4096 -124.857 0
      vertex 59.1573 -125.278 0
    endloop
  endfacet
  facet normal 0 0 -1
    outer loop
      vertex 55.6955 -49.9693 0
      vertex 60 -47.5 0
      vertex 55.8278 -50.3389 0
    endloop
  endfacet
  facet normal 0 0 -1
    outer loop
      vertex 54.5376 -121.592 0
      vertex 59.1573 -125.278 0
      vertex 58.8651 -125.672 0
    endloop
  endfacet
  facet normal 0 0 -1
    outer loop
      vertex 55.5277 -49.6144 0
      vertex 60 -47.5 0
      vertex 55.6955 -49.9693 0
    endloop
  endfacet
  facet normal 0 0 -1
    outer loop
      vertex 54.5376 -121.592 0
      vertex 58.8651 -125.672 0
      vertex 58.5355 -126.036 0
    endloop
  endfacet
  facet normal 0 0 -1
    outer loop
      vertex 55.3259 -49.2777 0
      vertex 60 -47.5 0
      vertex 55.5277 -49.6144 0
    endloop
  endfacet
  facet normal 0 0 -1
    outer loop
      vertex 54.5376 -121.592 0
      vertex 58.5355 -126.036 0
      vertex 58.172 -126.365 0
    endloop
  endfacet
  facet normal 0 0 -1
    outer loop
      vertex 55.092 -48.9624 0
      vertex 60 -47.5 0
      vertex 55.3259 -49.2777 0
    endloop
  endfacet
  facet normal 0 0 -1
    outer loop
      vertex 54.5376 -121.592 0
      vertex 58.172 -126.365 0
      vertex 57.7778 -126.657 0
    endloop
  endfacet
  facet normal -0 0 -1
    outer loop
      vertex 60 -47.5 0
      vertex 55.092 -48.9624 0
      vertex 59.9759 -47.0099 0
    endloop
  endfacet
  facet normal 0 0 -1
    outer loop
      vertex 54.2223 -121.826 0
      vertex 57.7778 -126.657 0
      vertex 57.357 -126.91 0
    endloop
  endfacet
  facet normal -0 0 -1
    outer loop
      vertex 59.9759 -47.0099 0
      vertex 55.092 -48.9624 0
      vertex 59.9039 -46.5246 0
    endloop
  endfacet
  facet normal 0 0 -1
    outer loop
      vertex 54.2223 -121.826 0
      vertex 57.357 -126.91 0
      vertex 56.9134 -127.119 0
    endloop
  endfacet
  facet normal -0 0 -1
    outer loop
      vertex 59.9039 -46.5246 0
      vertex 55.092 -48.9624 0
      vertex 59.7847 -46.0486 0
    endloop
  endfacet
  facet normal 0 0 -1
    outer loop
      vertex 54.2223 -121.826 0
      vertex 56.9134 -127.119 0
      vertex 56.4514 -127.285 0
    endloop
  endfacet
  facet normal 0 0 -1
    outer loop
      vertex 54.8284 -48.6716 0
      vertex 59.7847 -46.0486 0
      vertex 55.092 -48.9624 0
    endloop
  endfacet
  facet normal -0 0 -1
    outer loop
      vertex 59.7847 -46.0486 0
      vertex 54.8284 -48.6716 0
      vertex 59.6194 -45.5866 0
    endloop
  endfacet
  facet normal 0 0 -1
    outer loop
      vertex 60 -122.5 0
      vertex 55.9807 -118.892 0
      vertex 56 -118.5 0
    endloop
  endfacet
  facet normal 0 0 -1
    outer loop
      vertex 53.8856 -122.028 0
      vertex 56.4514 -127.285 0
      vertex 55.9754 -127.404 0
    endloop
  endfacet
  facet normal 0 0 -1
    outer loop
      vertex 60 -122.5 0
      vertex 55.9231 -119.28 0
      vertex 55.9807 -118.892 0
    endloop
  endfacet
  facet normal 0 0 -1
    outer loop
      vertex 60 -122.5 0
      vertex 55.8278 -119.661 0
      vertex 55.9231 -119.28 0
    endloop
  endfacet
  facet normal 0 0 -1
    outer loop
      vertex 60 -122.5 0
      vertex 55.6955 -120.031 0
      vertex 55.8278 -119.661 0
    endloop
  endfacet
  facet normal 0 0 -1
    outer loop
      vertex 60 -122.5 0
      vertex 55.5277 -120.386 0
      vertex 55.6955 -120.031 0
    endloop
  endfacet
  facet normal 0 0 -1
    outer loop
      vertex 53.8856 -122.028 0
      vertex 55.9754 -127.404 0
      vertex 55.4901 -127.476 0
    endloop
  endfacet
  facet normal 0 0 -1
    outer loop
      vertex 60 -122.5 0
      vertex 55.3259 -120.722 0
      vertex 55.5277 -120.386 0
    endloop
  endfacet
  facet normal 0 0 -1
    outer loop
      vertex 60 -122.5 0
      vertex 55.092 -121.038 0
      vertex 55.3259 -120.722 0
    endloop
  endfacet
  facet normal 0 0 -1
    outer loop
      vertex 53.8856 -122.028 0
      vertex 55.4901 -127.476 0
      vertex 55 -127.5 0
    endloop
  endfacet
  facet normal 0 0 -1
    outer loop
      vertex 59.7847 -123.951 0
      vertex 54.8284 -121.328 0
      vertex 55.092 -121.038 0
    endloop
  endfacet
  facet normal 0 0 -1
    outer loop
      vertex 59.1573 -125.278 0
      vertex 54.5376 -121.592 0
      vertex 54.8284 -121.328 0
    endloop
  endfacet
  facet normal 0 0 -1
    outer loop
      vertex 57.7778 -126.657 0
      vertex 54.2223 -121.826 0
      vertex 54.5376 -121.592 0
    endloop
  endfacet
  facet normal 0 0 -1
    outer loop
      vertex 56.4514 -127.285 0
      vertex 53.8856 -122.028 0
      vertex 54.2223 -121.826 0
    endloop
  endfacet
  facet normal 0 0 -1
    outer loop
      vertex 55 -127.5 0
      vertex 53.5307 -122.196 0
      vertex 53.8856 -122.028 0
    endloop
  endfacet
  facet normal 0 0 -1
    outer loop
      vertex 55 -127.5 0
      vertex 53.1611 -122.328 0
      vertex 53.5307 -122.196 0
    endloop
  endfacet
  facet normal 0 0 -1
    outer loop
      vertex 55 -127.5 0
      vertex 52.7804 -122.423 0
      vertex 53.1611 -122.328 0
    endloop
  endfacet
  facet normal 0 0 -1
    outer loop
      vertex 55 -127.5 0
      vertex 52.3921 -122.481 0
      vertex 52.7804 -122.423 0
    endloop
  endfacet
  facet normal 0 0 -1
    outer loop
      vertex 55 -127.5 0
      vertex 52 -122.5 0
      vertex 52.3921 -122.481 0
    endloop
  endfacet
  facet normal 0 0 -1
    outer loop
      vertex 55 -127.5 0
      vertex -52 -122.5 0
      vertex 52 -122.5 0
    endloop
  endfacet
  facet normal 0 0 -1
    outer loop
      vertex -55 -127.5 0
      vertex -52 -122.5 0
      vertex 55 -127.5 0
    endloop
  endfacet
  facet normal 0 0 -1
    outer loop
      vertex -55 -127.5 0
      vertex -52.3921 -122.481 0
      vertex -52 -122.5 0
    endloop
  endfacet
  facet normal 0 0 -1
    outer loop
      vertex -55 -127.5 0
      vertex -52.7804 -122.423 0
      vertex -52.3921 -122.481 0
    endloop
  endfacet
  facet normal 0 0 -1
    outer loop
      vertex -55 -127.5 0
      vertex -53.1611 -122.328 0
      vertex -52.7804 -122.423 0
    endloop
  endfacet
  facet normal 0 0 -1
    outer loop
      vertex -55 -127.5 0
      vertex -53.5307 -122.196 0
      vertex -53.1611 -122.328 0
    endloop
  endfacet
  facet normal 0 0 -1
    outer loop
      vertex -55 -127.5 0
      vertex -53.8856 -122.028 0
      vertex -53.5307 -122.196 0
    endloop
  endfacet
  facet normal 0 0 -1
    outer loop
      vertex -55.4901 -127.476 0
      vertex -53.8856 -122.028 0
      vertex -55 -127.5 0
    endloop
  endfacet
  facet normal 0 0 -1
    outer loop
      vertex -55.9754 -127.404 0
      vertex -53.8856 -122.028 0
      vertex -55.4901 -127.476 0
    endloop
  endfacet
  facet normal 0 0 -1
    outer loop
      vertex -56.4514 -127.285 0
      vertex -53.8856 -122.028 0
      vertex -55.9754 -127.404 0
    endloop
  endfacet
  facet normal -0 0 -1
    outer loop
      vertex -53.8856 -122.028 0
      vertex -56.4514 -127.285 0
      vertex -54.2223 -121.826 0
    endloop
  endfacet
  facet normal 0 0 -1
    outer loop
      vertex -56.9134 -127.119 0
      vertex -54.2223 -121.826 0
      vertex -56.4514 -127.285 0
    endloop
  endfacet
  facet normal 0 0 -1
    outer loop
      vertex -57.357 -126.91 0
      vertex -54.2223 -121.826 0
      vertex -56.9134 -127.119 0
    endloop
  endfacet
  facet normal 0 0 -1
    outer loop
      vertex -57.7778 -126.657 0
      vertex -54.2223 -121.826 0
      vertex -57.357 -126.91 0
    endloop
  endfacet
  facet normal -0 0 -1
    outer loop
      vertex -54.2223 -121.826 0
      vertex -57.7778 -126.657 0
      vertex -54.5376 -121.592 0
    endloop
  endfacet
  facet normal 0 0 -1
    outer loop
      vertex -58.172 -126.365 0
      vertex -54.5376 -121.592 0
      vertex -57.7778 -126.657 0
    endloop
  endfacet
  facet normal 0 0 -1
    outer loop
      vertex -58.5355 -126.036 0
      vertex -54.5376 -121.592 0
      vertex -58.172 -126.365 0
    endloop
  endfacet
  facet normal 0 0 -1
    outer loop
      vertex -58.8651 -125.672 0
      vertex -54.5376 -121.592 0
      vertex -58.5355 -126.036 0
    endloop
  endfacet
  facet normal 0 0 -1
    outer loop
      vertex -59.1573 -125.278 0
      vertex -54.5376 -121.592 0
      vertex -58.8651 -125.672 0
    endloop
  endfacet
  facet normal -0 0 -1
    outer loop
      vertex -54.5376 -121.592 0
      vertex -59.1573 -125.278 0
      vertex -54.8284 -121.328 0
    endloop
  endfacet
  facet normal 0 0 -1
    outer loop
      vertex -59.6194 -124.413 0
      vertex -54.8284 -121.328 0
      vertex -59.4096 -124.857 0
    endloop
  endfacet
  facet normal 0 0 -1
    outer loop
      vertex -59.4096 -124.857 0
      vertex -54.8284 -121.328 0
      vertex -59.1573 -125.278 0
    endloop
  endfacet
  facet normal -0 0 -1
    outer loop
      vertex 59.6194 -45.5866 0
      vertex 54.8284 -48.6716 0
      vertex 59.4096 -45.143 0
    endloop
  endfacet
  facet normal -0 0 -1
    outer loop
      vertex 59.4096 -45.143 0
      vertex 54.8284 -48.6716 0
      vertex 59.1573 -44.7222 0
    endloop
  endfacet
  facet normal 0 0 -1
    outer loop
      vertex 54.5376 -48.408 0
      vertex 59.1573 -44.7222 0
      vertex 54.8284 -48.6716 0
    endloop
  endfacet
  facet normal -0 0 -1
    outer loop
      vertex 59.1573 -44.7222 0
      vertex 54.5376 -48.408 0
      vertex 58.8651 -44.328 0
    endloop
  endfacet
  facet normal -0 0 -1
    outer loop
      vertex 58.8651 -44.328 0
      vertex 54.5376 -48.408 0
      vertex 58.5355 -43.9645 0
    endloop
  endfacet
  facet normal -0 0 -1
    outer loop
      vertex 58.5355 -43.9645 0
      vertex 54.5376 -48.408 0
      vertex 58.172 -43.6349 0
    endloop
  endfacet
  facet normal -0 0 -1
    outer loop
      vertex 58.172 -43.6349 0
      vertex 54.5376 -48.408 0
      vertex 57.7778 -43.3427 0
    endloop
  endfacet
  facet normal 0 0 -1
    outer loop
      vertex 54.2223 -48.1741 0
      vertex 57.7778 -43.3427 0
      vertex 54.5376 -48.408 0
    endloop
  endfacet
  facet normal -0 0 -1
    outer loop
      vertex 57.7778 -43.3427 0
      vertex 54.2223 -48.1741 0
      vertex 57.357 -43.0904 0
    endloop
  endfacet
  facet normal -0 0 -1
    outer loop
      vertex 57.357 -43.0904 0
      vertex 54.2223 -48.1741 0
      vertex 56.9134 -42.8806 0
    endloop
  endfacet
  facet normal -0 0 -1
    outer loop
      vertex 56.9134 -42.8806 0
      vertex 54.2223 -48.1741 0
      vertex 56.4514 -42.7153 0
    endloop
  endfacet
  facet normal 0 0 -1
    outer loop
      vertex 53.8856 -47.9723 0
      vertex 56.4514 -42.7153 0
      vertex 54.2223 -48.1741 0
    endloop
  endfacet
  facet normal -0 0 -1
    outer loop
      vertex 56.4514 -42.7153 0
      vertex 53.8856 -47.9723 0
      vertex 55.9754 -42.5961 0
    endloop
  endfacet
  facet normal -0 0 -1
    outer loop
      vertex 55.9754 -42.5961 0
      vertex 53.8856 -47.9723 0
      vertex 55.4901 -42.5241 0
    endloop
  endfacet
  facet normal -0 0 -1
    outer loop
      vertex 55.4901 -42.5241 0
      vertex 53.8856 -47.9723 0
      vertex 55 -42.5 0
    endloop
  endfacet
  facet normal 0 0 -1
    outer loop
      vertex 53.5307 -47.8045 0
      vertex 55 -42.5 0
      vertex 53.8856 -47.9723 0
    endloop
  endfacet
  facet normal 0 0 -1
    outer loop
      vertex 53.1611 -47.6722 0
      vertex 55 -42.5 0
      vertex 53.5307 -47.8045 0
    endloop
  endfacet
  facet normal 0 0 -1
    outer loop
      vertex 52.7804 -47.5769 0
      vertex 55 -42.5 0
      vertex 53.1611 -47.6722 0
    endloop
  endfacet
  facet normal 0 0 -1
    outer loop
      vertex 52.3921 -47.5193 0
      vertex 55 -42.5 0
      vertex 52.7804 -47.5769 0
    endloop
  endfacet
  facet normal 0 0 -1
    outer loop
      vertex 52 -47.5 0
      vertex 55 -42.5 0
      vertex 52.3921 -47.5193 0
    endloop
  endfacet
  facet normal 0 0 -1
    outer loop
      vertex -52 -47.5 0
      vertex 55 -42.5 0
      vertex 52 -47.5 0
    endloop
  endfacet
  facet normal 0 0 -1
    outer loop
      vertex -52 -47.5 0
      vertex -55 -42.5 0
      vertex 55 -42.5 0
    endloop
  endfacet
  facet normal 0 0 -1
    outer loop
      vertex -52.3921 -47.5193 0
      vertex -55 -42.5 0
      vertex -52 -47.5 0
    endloop
  endfacet
  facet normal 0 0 -1
    outer loop
      vertex -52.7804 -47.5769 0
      vertex -55 -42.5 0
      vertex -52.3921 -47.5193 0
    endloop
  endfacet
  facet normal 0 0 -1
    outer loop
      vertex -53.1611 -47.6722 0
      vertex -55 -42.5 0
      vertex -52.7804 -47.5769 0
    endloop
  endfacet
  facet normal 0 0 -1
    outer loop
      vertex -53.5307 -47.8045 0
      vertex -55 -42.5 0
      vertex -53.1611 -47.6722 0
    endloop
  endfacet
  facet normal 0 0 -1
    outer loop
      vertex -53.8856 -47.9723 0
      vertex -55 -42.5 0
      vertex -53.5307 -47.8045 0
    endloop
  endfacet
  facet normal 0 0 -1
    outer loop
      vertex -56.4514 -42.7153 0
      vertex -53.8856 -47.9723 0
      vertex -54.2223 -48.1741 0
    endloop
  endfacet
  facet normal 0 0 -1
    outer loop
      vertex -57.7778 -43.3427 0
      vertex -54.2223 -48.1741 0
      vertex -54.5376 -48.408 0
    endloop
  endfacet
  facet normal 0 0 -1
    outer loop
      vertex -59.1573 -44.7222 0
      vertex -54.5376 -48.408 0
      vertex -54.8284 -48.6716 0
    endloop
  endfacet
  facet normal 0 0 -1
    outer loop
      vertex -59.7847 -46.0486 0
      vertex -54.8284 -48.6716 0
      vertex -55.092 -48.9624 0
    endloop
  endfacet
  facet normal 0 0 -1
    outer loop
      vertex -60 -47.5 0
      vertex -55.092 -48.9624 0
      vertex -55.3259 -49.2777 0
    endloop
  endfacet
  facet normal 0 0 -1
    outer loop
      vertex -53.8856 -47.9723 0
      vertex -55.4901 -42.5241 0
      vertex -55 -42.5 0
    endloop
  endfacet
  facet normal 0 0 -1
    outer loop
      vertex -60 -47.5 0
      vertex -55.3259 -49.2777 0
      vertex -55.5277 -49.6144 0
    endloop
  endfacet
  facet normal 0 0 -1
    outer loop
      vertex -60 -47.5 0
      vertex -55.5277 -49.6144 0
      vertex -55.6955 -49.9693 0
    endloop
  endfacet
  facet normal 0 0 -1
    outer loop
      vertex -60 -47.5 0
      vertex -55.6955 -49.9693 0
      vertex -55.8278 -50.3389 0
    endloop
  endfacet
  facet normal 0 0 -1
    outer loop
      vertex -60 -47.5 0
      vertex -55.8278 -50.3389 0
      vertex -55.9231 -50.7196 0
    endloop
  endfacet
  facet normal 0 0 -1
    outer loop
      vertex -53.8856 -47.9723 0
      vertex -55.9754 -42.5961 0
      vertex -55.4901 -42.5241 0
    endloop
  endfacet
  facet normal 0 0 -1
    outer loop
      vertex -60 -47.5 0
      vertex -55.9231 -50.7196 0
      vertex -55.9807 -51.1079 0
    endloop
  endfacet
  facet normal 0 0 -1
    outer loop
      vertex -60 -47.5 0
      vertex -55.9807 -51.1079 0
      vertex -56 -51.5 0
    endloop
  endfacet
  facet normal -0 0 -1
    outer loop
      vertex -56 -118.5 0
      vertex -60 -122.5 0
      vertex -56 -51.5 0
    endloop
  endfacet
  facet normal 0 0 -1
    outer loop
      vertex -60 -47.5 0
      vertex -56 -51.5 0
      vertex -60 -122.5 0
    endloop
  endfacet
  facet normal 0 0 -1
    outer loop
      vertex -59.7847 -123.951 0
      vertex -54.8284 -121.328 0
      vertex -59.6194 -124.413 0
    endloop
  endfacet
  facet normal 0 0 -1
    outer loop
      vertex -55.092 -48.9624 0
      vertex -60 -47.5 0
      vertex -59.9759 -47.0099 0
    endloop
  endfacet
  facet normal -0 0 -1
    outer loop
      vertex -54.8284 -121.328 0
      vertex -59.7847 -123.951 0
      vertex -55.092 -121.038 0
    endloop
  endfacet
  facet normal 0 0 -1
    outer loop
      vertex -53.8856 -47.9723 0
      vertex -56.4514 -42.7153 0
      vertex -55.9754 -42.5961 0
    endloop
  endfacet
  facet normal 0 0 -1
    outer loop
      vertex -59.9039 -123.475 0
      vertex -55.092 -121.038 0
      vertex -59.7847 -123.951 0
    endloop
  endfacet
  facet normal 0 0 -1
    outer loop
      vertex -54.2223 -48.1741 0
      vertex -56.9134 -42.8806 0
      vertex -56.4514 -42.7153 0
    endloop
  endfacet
  facet normal 0 0 -1
    outer loop
      vertex -59.9759 -122.99 0
      vertex -55.092 -121.038 0
      vertex -59.9039 -123.475 0
    endloop
  endfacet
  facet normal 0 0 -1
    outer loop
      vertex -54.2223 -48.1741 0
      vertex -57.357 -43.0904 0
      vertex -56.9134 -42.8806 0
    endloop
  endfacet
  facet normal 0 0 -1
    outer loop
      vertex -60 -122.5 0
      vertex -55.092 -121.038 0
      vertex -59.9759 -122.99 0
    endloop
  endfacet
  facet normal 0 0 -1
    outer loop
      vertex -54.2223 -48.1741 0
      vertex -57.7778 -43.3427 0
      vertex -57.357 -43.0904 0
    endloop
  endfacet
  facet normal -0 0 -1
    outer loop
      vertex -55.092 -121.038 0
      vertex -60 -122.5 0
      vertex -55.3259 -120.722 0
    endloop
  endfacet
  facet normal 0 0 -1
    outer loop
      vertex -54.5376 -48.408 0
      vertex -58.172 -43.6349 0
      vertex -57.7778 -43.3427 0
    endloop
  endfacet
  facet normal -0 0 -1
    outer loop
      vertex -55.3259 -120.722 0
      vertex -60 -122.5 0
      vertex -55.5277 -120.386 0
    endloop
  endfacet
  facet normal 0 0 -1
    outer loop
      vertex -54.5376 -48.408 0
      vertex -58.5355 -43.9645 0
      vertex -58.172 -43.6349 0
    endloop
  endfacet
  facet normal -0 0 -1
    outer loop
      vertex -55.5277 -120.386 0
      vertex -60 -122.5 0
      vertex -55.6955 -120.031 0
    endloop
  endfacet
  facet normal 0 0 -1
    outer loop
      vertex -54.5376 -48.408 0
      vertex -58.8651 -44.328 0
      vertex -58.5355 -43.9645 0
    endloop
  endfacet
  facet normal -0 0 -1
    outer loop
      vertex -55.6955 -120.031 0
      vertex -60 -122.5 0
      vertex -55.8278 -119.661 0
    endloop
  endfacet
  facet normal 0 0 -1
    outer loop
      vertex -54.5376 -48.408 0
      vertex -59.1573 -44.7222 0
      vertex -58.8651 -44.328 0
    endloop
  endfacet
  facet normal -0 0 -1
    outer loop
      vertex -55.8278 -119.661 0
      vertex -60 -122.5 0
      vertex -55.9231 -119.28 0
    endloop
  endfacet
  facet normal 0 0 -1
    outer loop
      vertex -54.8284 -48.6716 0
      vertex -59.4096 -45.143 0
      vertex -59.1573 -44.7222 0
    endloop
  endfacet
  facet normal -0 0 -1
    outer loop
      vertex -55.9231 -119.28 0
      vertex -60 -122.5 0
      vertex -55.9807 -118.892 0
    endloop
  endfacet
  facet normal 0 0 -1
    outer loop
      vertex -54.8284 -48.6716 0
      vertex -59.6194 -45.5866 0
      vertex -59.4096 -45.143 0
    endloop
  endfacet
  facet normal -0 0 -1
    outer loop
      vertex -55.9807 -118.892 0
      vertex -60 -122.5 0
      vertex -56 -118.5 0
    endloop
  endfacet
  facet normal 0 0 -1
    outer loop
      vertex -54.8284 -48.6716 0
      vertex -59.7847 -46.0486 0
      vertex -59.6194 -45.5866 0
    endloop
  endfacet
  facet normal 0 0 -1
    outer loop
      vertex -55.092 -48.9624 0
      vertex -59.9039 -46.5246 0
      vertex -59.7847 -46.0486 0
    endloop
  endfacet
  facet normal 0 0 -1
    outer loop
      vertex -55.092 -48.9624 0
      vertex -59.9759 -47.0099 0
      vertex -59.9039 -46.5246 0
    endloop
  endfacet
  facet normal -0.515274 -0.857025 0
    outer loop
      vertex -57.7778 -126.657 0
      vertex -57.357 -126.91 8.2
      vertex -57.7778 -126.657 8.2
    endloop
  endfacet
  facet normal -0.515274 -0.857025 -0
    outer loop
      vertex -57.357 -126.91 8.2
      vertex -57.7778 -126.657 0
      vertex -57.357 -126.91 0
    endloop
  endfacet
  facet normal -0.146755 -0.989173 0
    outer loop
      vertex -55.9754 -127.404 0
      vertex -55.4901 -127.476 8.2
      vertex -55.9754 -127.404 8.2
    endloop
  endfacet
  facet normal -0.146755 -0.989173 -0
    outer loop
      vertex -55.4901 -127.476 8.2
      vertex -55.9754 -127.404 0
      vertex -55.4901 -127.476 0
    endloop
  endfacet
  facet normal -0.338142 -0.941095 0
    outer loop
      vertex -56.9134 -127.119 0
      vertex -56.4514 -127.285 8.2
      vertex -56.9134 -127.119 8.2
    endloop
  endfacet
  facet normal -0.338142 -0.941095 -0
    outer loop
      vertex -56.4514 -127.285 8.2
      vertex -56.9134 -127.119 0
      vertex -56.4514 -127.285 0
    endloop
  endfacet
  facet normal 0.514226 0.857655 -0
    outer loop
      vertex 57.7778 -43.3427 0
      vertex 57.357 -43.0904 8.2
      vertex 57.7778 -43.3427 8.2
    endloop
  endfacet
  facet normal 0.514226 0.857655 0
    outer loop
      vertex 57.357 -43.0904 8.2
      vertex 57.7778 -43.3427 0
      vertex 57.357 -43.0904 0
    endloop
  endfacet
  facet normal 0.0491143 0.998793 -0
    outer loop
      vertex 55.4901 -42.5241 0
      vertex 55 -42.5 8.2
      vertex 55.4901 -42.5241 8.2
    endloop
  endfacet
  facet normal 0.0491143 0.998793 0
    outer loop
      vertex 55 -42.5 8.2
      vertex 55.4901 -42.5241 0
      vertex 55 -42.5 0
    endloop
  endfacet
  facet normal 0.146755 0.989173 -0
    outer loop
      vertex 55.9754 -42.5961 0
      vertex 55.4901 -42.5241 8.2
      vertex 55.9754 -42.5961 8.2
    endloop
  endfacet
  facet normal 0.146755 0.989173 0
    outer loop
      vertex 55.4901 -42.5241 8.2
      vertex 55.9754 -42.5961 0
      vertex 55.4901 -42.5241 0
    endloop
  endfacet
  facet normal 0.336879 0.941548 -0
    outer loop
      vertex 56.9134 -42.8806 0
      vertex 56.4514 -42.7153 8.2
      vertex 56.9134 -42.8806 8.2
    endloop
  endfacet
  facet normal 0.336879 0.941548 0
    outer loop
      vertex 56.4514 -42.7153 8.2
      vertex 56.9134 -42.8806 0
      vertex 56.4514 -42.7153 0
    endloop
  endfacet
  facet normal 0.803218 -0.595686 0
    outer loop
      vertex 58.8651 -125.672 8.2
      vertex 59.1573 -125.278 0
      vertex 59.1573 -125.278 8.2
    endloop
  endfacet
  facet normal 0.803218 -0.595686 0
    outer loop
      vertex 59.1573 -125.278 0
      vertex 58.8651 -125.672 8.2
      vertex 58.8651 -125.672 0
    endloop
  endfacet
  facet normal 0.515274 -0.857025 0
    outer loop
      vertex 57.357 -126.91 0
      vertex 57.7778 -126.657 8.2
      vertex 57.357 -126.91 8.2
    endloop
  endfacet
  facet normal 0.515274 -0.857025 0
    outer loop
      vertex 57.7778 -126.657 8.2
      vertex 57.357 -126.91 0
      vertex 57.7778 -126.657 0
    endloop
  endfacet
  facet normal 0.338142 -0.941095 0
    outer loop
      vertex 56.4514 -127.285 0
      vertex 56.9134 -127.119 8.2
      vertex 56.4514 -127.285 8.2
    endloop
  endfacet
  facet normal 0.338142 -0.941095 0
    outer loop
      vertex 56.9134 -127.119 8.2
      vertex 56.4514 -127.285 0
      vertex 56.9134 -127.119 0
    endloop
  endfacet
  facet normal 0.941548 0.336879 0
    outer loop
      vertex 59.7847 -46.0486 8.2
      vertex 59.6194 -45.5866 0
      vertex 59.6194 -45.5866 8.2
    endloop
  endfacet
  facet normal 0.941548 0.336879 0
    outer loop
      vertex 59.6194 -45.5866 0
      vertex 59.7847 -46.0486 8.2
      vertex 59.7847 -46.0486 0
    endloop
  endfacet
  facet normal -0.242919 0.970047 0
    outer loop
      vertex -55.9754 -42.5961 0
      vertex -56.4514 -42.7153 8.2
      vertex -55.9754 -42.5961 8.2
    endloop
  endfacet
  facet normal -0.242919 0.970047 0
    outer loop
      vertex -56.4514 -42.7153 8.2
      vertex -55.9754 -42.5961 0
      vertex -56.4514 -42.7153 0
    endloop
  endfacet
  facet normal -0.336879 0.941548 0
    outer loop
      vertex -56.4514 -42.7153 0
      vertex -56.9134 -42.8806 8.2
      vertex -56.4514 -42.7153 8.2
    endloop
  endfacet
  facet normal -0.336879 0.941548 0
    outer loop
      vertex -56.9134 -42.8806 8.2
      vertex -56.4514 -42.7153 0
      vertex -56.9134 -42.8806 0
    endloop
  endfacet
  facet normal -0.514226 0.857655 0
    outer loop
      vertex -57.357 -43.0904 0
      vertex -57.7778 -43.3427 8.2
      vertex -57.357 -43.0904 8.2
    endloop
  endfacet
  facet normal -0.514226 0.857655 0
    outer loop
      vertex -57.7778 -43.3427 8.2
      vertex -57.357 -43.0904 0
      vertex -57.7778 -43.3427 0
    endloop
  endfacet
  facet normal -0.998793 -0.0491243 0
    outer loop
      vertex -59.9759 -122.99 0
      vertex -60 -122.5 8.2
      vertex -60 -122.5 0
    endloop
  endfacet
  facet normal -0.998793 -0.0491243 0
    outer loop
      vertex -60 -122.5 8.2
      vertex -59.9759 -122.99 0
      vertex -59.9759 -122.99 8.2
    endloop
  endfacet
  facet normal -0.671047 -0.741415 0
    outer loop
      vertex -58.5355 -126.036 0
      vertex -58.172 -126.365 8.2
      vertex -58.5355 -126.036 8.2
    endloop
  endfacet
  facet normal -0.671047 -0.741415 -0
    outer loop
      vertex -58.172 -126.365 8.2
      vertex -58.5355 -126.036 0
      vertex -58.172 -126.365 0
    endloop
  endfacet
  facet normal -0.970047 -0.242919 0
    outer loop
      vertex -59.7847 -123.951 0
      vertex -59.9039 -123.475 8.2
      vertex -59.9039 -123.475 0
    endloop
  endfacet
  facet normal -0.970047 -0.242919 0
    outer loop
      vertex -59.9039 -123.475 8.2
      vertex -59.7847 -123.951 0
      vertex -59.7847 -123.951 8.2
    endloop
  endfacet
  facet normal -0.426209 -0.904625 0
    outer loop
      vertex -57.357 -126.91 0
      vertex -56.9134 -127.119 8.2
      vertex -57.357 -126.91 8.2
    endloop
  endfacet
  facet normal -0.426209 -0.904625 -0
    outer loop
      vertex -56.9134 -127.119 8.2
      vertex -57.357 -126.91 0
      vertex -56.9134 -127.119 0
    endloop
  endfacet
  facet normal -0.048911 -0.998803 0
    outer loop
      vertex -55.4901 -127.476 0
      vertex -55 -127.5 8.2
      vertex -55.4901 -127.476 8.2
    endloop
  endfacet
  facet normal -0.048911 -0.998803 -0
    outer loop
      vertex -55 -127.5 8.2
      vertex -55.4901 -127.476 0
      vertex -55 -127.5 0
    endloop
  endfacet
  facet normal -0.242536 -0.970143 0
    outer loop
      vertex -56.4514 -127.285 0
      vertex -55.9754 -127.404 8.2
      vertex -56.4514 -127.285 8.2
    endloop
  endfacet
  facet normal -0.242536 -0.970143 -0
    outer loop
      vertex -55.9754 -127.404 8.2
      vertex -56.4514 -127.285 0
      vertex -55.9754 -127.404 0
    endloop
  endfacet
  facet normal 0.857762 -0.514046 0
    outer loop
      vertex 59.1573 -125.278 8.2
      vertex 59.4096 -124.857 0
      vertex 59.4096 -124.857 8.2
    endloop
  endfacet
  facet normal 0.857762 -0.514046 0
    outer loop
      vertex 59.4096 -124.857 0
      vertex 59.1573 -125.278 8.2
      vertex 59.1573 -125.278 0
    endloop
  endfacet
  facet normal 0.970047 -0.242919 0
    outer loop
      vertex 59.7847 -123.951 8.2
      vertex 59.9039 -123.475 0
      vertex 59.9039 -123.475 8.2
    endloop
  endfacet
  facet normal 0.970047 -0.242919 0
    outer loop
      vertex 59.9039 -123.475 0
      vertex 59.7847 -123.951 8.2
      vertex 59.7847 -123.951 0
    endloop
  endfacet
  facet normal 0.941548 -0.336879 0
    outer loop
      vertex 59.6194 -124.413 8.2
      vertex 59.7847 -123.951 0
      vertex 59.7847 -123.951 8.2
    endloop
  endfacet
  facet normal 0.941548 -0.336879 0
    outer loop
      vertex 59.7847 -123.951 0
      vertex 59.6194 -124.413 8.2
      vertex 59.6194 -124.413 0
    endloop
  endfacet
  facet normal 0.98916 -0.146844 0
    outer loop
      vertex 59.9039 -123.475 8.2
      vertex 59.9759 -122.99 0
      vertex 59.9759 -122.99 8.2
    endloop
  endfacet
  facet normal 0.98916 -0.146844 0
    outer loop
      vertex 59.9759 -122.99 0
      vertex 59.9039 -123.475 8.2
      vertex 59.9039 -123.475 0
    endloop
  endfacet
  facet normal 0.671047 -0.741415 0
    outer loop
      vertex 58.172 -126.365 0
      vertex 58.5355 -126.036 8.2
      vertex 58.172 -126.365 8.2
    endloop
  endfacet
  facet normal 0.671047 -0.741415 0
    outer loop
      vertex 58.5355 -126.036 8.2
      vertex 58.172 -126.365 0
      vertex 58.5355 -126.036 0
    endloop
  endfacet
  facet normal 0.595228 -0.803557 0
    outer loop
      vertex 57.7778 -126.657 0
      vertex 58.172 -126.365 8.2
      vertex 57.7778 -126.657 8.2
    endloop
  endfacet
  facet normal 0.595228 -0.803557 0
    outer loop
      vertex 58.172 -126.365 8.2
      vertex 57.7778 -126.657 0
      vertex 58.172 -126.365 0
    endloop
  endfacet
  facet normal 0.741266 -0.671212 0
    outer loop
      vertex 58.5355 -126.036 8.2
      vertex 58.8651 -125.672 0
      vertex 58.8651 -125.672 8.2
    endloop
  endfacet
  facet normal 0.741266 -0.671212 0
    outer loop
      vertex 58.8651 -125.672 0
      vertex 58.5355 -126.036 8.2
      vertex 58.5355 -126.036 0
    endloop
  endfacet
  facet normal 0.426209 -0.904625 0
    outer loop
      vertex 56.9134 -127.119 0
      vertex 57.357 -126.91 8.2
      vertex 56.9134 -127.119 8.2
    endloop
  endfacet
  facet normal 0.426209 -0.904625 0
    outer loop
      vertex 57.357 -126.91 8.2
      vertex 56.9134 -127.119 0
      vertex 57.357 -126.91 0
    endloop
  endfacet
  facet normal 0.989173 0.146755 0
    outer loop
      vertex 59.9759 -47.0099 8.2
      vertex 59.9039 -46.5246 0
      vertex 59.9039 -46.5246 8.2
    endloop
  endfacet
  facet normal 0.989173 0.146755 0
    outer loop
      vertex 59.9039 -46.5246 0
      vertex 59.9759 -47.0099 8.2
      vertex 59.9759 -47.0099 0
    endloop
  endfacet
  facet normal 0.970047 0.242919 0
    outer loop
      vertex 59.9039 -46.5246 8.2
      vertex 59.7847 -46.0486 0
      vertex 59.7847 -46.0486 8.2
    endloop
  endfacet
  facet normal 0.970047 0.242919 0
    outer loop
      vertex 59.7847 -46.0486 0
      vertex 59.9039 -46.5246 8.2
      vertex 59.9039 -46.5246 0
    endloop
  endfacet
  facet normal 0.998793 0.0491143 0
    outer loop
      vertex 60 -47.5 8.2
      vertex 59.9759 -47.0099 0
      vertex 59.9759 -47.0099 8.2
    endloop
  endfacet
  facet normal 0.998793 0.0491143 0
    outer loop
      vertex 59.9759 -47.0099 0
      vertex 60 -47.5 8.2
      vertex 60 -47.5 0
    endloop
  endfacet
  facet normal 0.857655 0.514226 0
    outer loop
      vertex 59.4096 -45.143 8.2
      vertex 59.1573 -44.7222 0
      vertex 59.1573 -44.7222 8.2
    endloop
  endfacet
  facet normal 0.857655 0.514226 0
    outer loop
      vertex 59.1573 -44.7222 0
      vertex 59.4096 -45.143 8.2
      vertex 59.4096 -45.143 0
    endloop
  endfacet
  facet normal 0.740806 0.671719 0
    outer loop
      vertex 58.8651 -44.328 8.2
      vertex 58.5355 -43.9645 0
      vertex 58.5355 -43.9645 8.2
    endloop
  endfacet
  facet normal 0.740806 0.671719 0
    outer loop
      vertex 58.5355 -43.9645 0
      vertex 58.8651 -44.328 8.2
      vertex 58.8651 -44.328 0
    endloop
  endfacet
  facet normal 0.803362 0.595491 0
    outer loop
      vertex 59.1573 -44.7222 8.2
      vertex 58.8651 -44.328 0
      vertex 58.8651 -44.328 8.2
    endloop
  endfacet
  facet normal 0.803362 0.595491 0
    outer loop
      vertex 58.8651 -44.328 0
      vertex 59.1573 -44.7222 8.2
      vertex 59.1573 -44.7222 0
    endloop
  endfacet
  facet normal 0.671719 0.740806 -0
    outer loop
      vertex 58.5355 -43.9645 0
      vertex 58.172 -43.6349 8.2
      vertex 58.5355 -43.9645 8.2
    endloop
  endfacet
  facet normal 0.671719 0.740806 0
    outer loop
      vertex 58.172 -43.6349 8.2
      vertex 58.5355 -43.9645 0
      vertex 58.172 -43.6349 0
    endloop
  endfacet
  facet normal -0.903995 0.427543 0
    outer loop
      vertex -59.6194 -45.5866 0
      vertex -59.4096 -45.143 8.2
      vertex -59.4096 -45.143 0
    endloop
  endfacet
  facet normal -0.903995 0.427543 0
    outer loop
      vertex -59.4096 -45.143 8.2
      vertex -59.6194 -45.5866 0
      vertex -59.6194 -45.5866 8.2
    endloop
  endfacet
  facet normal -0.970047 0.242919 0
    outer loop
      vertex -59.9039 -46.5246 0
      vertex -59.7847 -46.0486 8.2
      vertex -59.7847 -46.0486 0
    endloop
  endfacet
  facet normal -0.970047 0.242919 0
    outer loop
      vertex -59.7847 -46.0486 8.2
      vertex -59.9039 -46.5246 0
      vertex -59.9039 -46.5246 8.2
    endloop
  endfacet
  facet normal -0.941548 0.336879 0
    outer loop
      vertex -59.7847 -46.0486 0
      vertex -59.6194 -45.5866 8.2
      vertex -59.6194 -45.5866 0
    endloop
  endfacet
  facet normal -0.941548 0.336879 0
    outer loop
      vertex -59.6194 -45.5866 8.2
      vertex -59.7847 -46.0486 0
      vertex -59.7847 -46.0486 8.2
    endloop
  endfacet
  facet normal -0.998793 0.0491143 0
    outer loop
      vertex -60 -47.5 0
      vertex -59.9759 -47.0099 8.2
      vertex -59.9759 -47.0099 0
    endloop
  endfacet
  facet normal -0.998793 0.0491143 0
    outer loop
      vertex -59.9759 -47.0099 8.2
      vertex -60 -47.5 0
      vertex -60 -47.5 8.2
    endloop
  endfacet
  facet normal -0.989173 0.146755 0
    outer loop
      vertex -59.9759 -47.0099 0
      vertex -59.9039 -46.5246 8.2
      vertex -59.9039 -46.5246 0
    endloop
  endfacet
  facet normal -0.989173 0.146755 0
    outer loop
      vertex -59.9039 -46.5246 8.2
      vertex -59.9759 -47.0099 0
      vertex -59.9759 -47.0099 8.2
    endloop
  endfacet
  facet normal -0.857655 0.514226 0
    outer loop
      vertex -59.4096 -45.143 0
      vertex -59.1573 -44.7222 8.2
      vertex -59.1573 -44.7222 0
    endloop
  endfacet
  facet normal -0.857655 0.514226 0
    outer loop
      vertex -59.1573 -44.7222 8.2
      vertex -59.4096 -45.143 0
      vertex -59.4096 -45.143 8.2
    endloop
  endfacet
  facet normal -0.427543 0.903995 0
    outer loop
      vertex -56.9134 -42.8806 0
      vertex -57.357 -43.0904 8.2
      vertex -56.9134 -42.8806 8.2
    endloop
  endfacet
  facet normal -0.427543 0.903995 0
    outer loop
      vertex -57.357 -43.0904 8.2
      vertex -56.9134 -42.8806 0
      vertex -57.357 -43.0904 0
    endloop
  endfacet
  facet normal -0.671719 0.740806 0
    outer loop
      vertex -58.172 -43.6349 0
      vertex -58.5355 -43.9645 8.2
      vertex -58.172 -43.6349 8.2
    endloop
  endfacet
  facet normal -0.671719 0.740806 0
    outer loop
      vertex -58.5355 -43.9645 8.2
      vertex -58.172 -43.6349 0
      vertex -58.5355 -43.9645 0
    endloop
  endfacet
  facet normal -0.595491 0.803362 0
    outer loop
      vertex -57.7778 -43.3427 0
      vertex -58.172 -43.6349 8.2
      vertex -57.7778 -43.3427 8.2
    endloop
  endfacet
  facet normal -0.595491 0.803362 0
    outer loop
      vertex -58.172 -43.6349 8.2
      vertex -57.7778 -43.3427 0
      vertex -58.172 -43.6349 0
    endloop
  endfacet
  facet normal -0.803218 -0.595686 0
    outer loop
      vertex -58.8651 -125.672 0
      vertex -59.1573 -125.278 8.2
      vertex -59.1573 -125.278 0
    endloop
  endfacet
  facet normal -0.803218 -0.595686 0
    outer loop
      vertex -59.1573 -125.278 8.2
      vertex -58.8651 -125.672 0
      vertex -58.8651 -125.672 8.2
    endloop
  endfacet
  facet normal -0.904144 -0.427228 0
    outer loop
      vertex -59.4096 -124.857 0
      vertex -59.6194 -124.413 8.2
      vertex -59.6194 -124.413 0
    endloop
  endfacet
  facet normal -0.904144 -0.427228 0
    outer loop
      vertex -59.6194 -124.413 8.2
      vertex -59.4096 -124.857 0
      vertex -59.4096 -124.857 8.2
    endloop
  endfacet
  facet normal -0.857762 -0.514046 0
    outer loop
      vertex -59.1573 -125.278 0
      vertex -59.4096 -124.857 8.2
      vertex -59.4096 -124.857 0
    endloop
  endfacet
  facet normal -0.857762 -0.514046 0
    outer loop
      vertex -59.4096 -124.857 8.2
      vertex -59.1573 -125.278 0
      vertex -59.1573 -125.278 8.2
    endloop
  endfacet
  facet normal -0.98916 -0.146844 0
    outer loop
      vertex -59.9039 -123.475 0
      vertex -59.9759 -122.99 8.2
      vertex -59.9759 -122.99 0
    endloop
  endfacet
  facet normal -0.98916 -0.146844 0
    outer loop
      vertex -59.9759 -122.99 8.2
      vertex -59.9039 -123.475 0
      vertex -59.9039 -123.475 8.2
    endloop
  endfacet
  facet normal -0.941548 -0.336879 0
    outer loop
      vertex -59.6194 -124.413 0
      vertex -59.7847 -123.951 8.2
      vertex -59.7847 -123.951 0
    endloop
  endfacet
  facet normal -0.941548 -0.336879 0
    outer loop
      vertex -59.7847 -123.951 8.2
      vertex -59.6194 -124.413 0
      vertex -59.6194 -124.413 8.2
    endloop
  endfacet
  facet normal 0.904144 -0.427228 0
    outer loop
      vertex 59.4096 -124.857 8.2
      vertex 59.6194 -124.413 0
      vertex 59.6194 -124.413 8.2
    endloop
  endfacet
  facet normal 0.904144 -0.427228 0
    outer loop
      vertex 59.6194 -124.413 0
      vertex 59.4096 -124.857 8.2
      vertex 59.4096 -124.857 0
    endloop
  endfacet
  facet normal 0.903995 0.427543 0
    outer loop
      vertex 59.6194 -45.5866 8.2
      vertex 59.4096 -45.143 0
      vertex 59.4096 -45.143 8.2
    endloop
  endfacet
  facet normal 0.903995 0.427543 0
    outer loop
      vertex 59.4096 -45.143 0
      vertex 59.6194 -45.5866 8.2
      vertex 59.6194 -45.5866 0
    endloop
  endfacet
  facet normal 0.273898 -0.164143 0.947648
    outer loop
      vertex 59.4096 -124.857 8.2
      vertex 15.9187 -93.5087 26.2
      vertex 59.1573 -125.278 8.2
    endloop
  endfacet
  facet normal 0.2209 0.243619 0.94438
    outer loop
      vertex 58.172 -43.6349 8.2
      vertex 15.1635 -68.9117 24.7807
      vertex 58.5355 -43.9645 8.2
    endloop
  endfacet
  facet normal 0.220388 0.24443 0.94429
    outer loop
      vertex 15.1635 -68.9117 24.7807
      vertex 58.172 -43.6349 8.2
      vertex 15.1529 -68.8751 24.7737
    endloop
  endfacet
  facet normal 0.106912 -0.427213 0.897808
    outer loop
      vertex 5.23964 -102.273 26.2
      vertex 3.52138 -102.703 26.2
      vertex 55.9754 -127.404 8.2
    endloop
  endfacet
  facet normal -0.273858 0.164198 0.94765
    outer loop
      vertex -59.4096 -45.143 8.2
      vertex -16.8826 -75.7831 25.7987
      vertex -59.1573 -44.7222 8.2
    endloop
  endfacet
  facet normal -0.274685 0.163029 0.947613
    outer loop
      vertex -16.8826 -75.7831 25.7987
      vertex -59.4096 -45.143 8.2
      vertex -16.885 -75.7947 25.8
    endloop
  endfacet
  facet normal 0.106834 -0.427335 0.897759
    outer loop
      vertex 56.4514 -127.285 8.2
      vertex 5.23964 -102.273 26.2
      vertex 55.9754 -127.404 8.2
    endloop
  endfacet
  facet normal -0.0271593 -0.552304 0.8332
    outer loop
      vertex -1.76921 -102.963 26.2
      vertex -55 -127.5 8.2
      vertex 0 -103.05 26.2
    endloop
  endfacet
  facet normal 0.202299 0.27281 0.940558
    outer loop
      vertex 58.172 -43.6349 8.2
      vertex 14.9402 -68.2085 24.6261
      vertex 15.1529 -68.8751 24.7737
    endloop
  endfacet
  facet normal 0.202311 0.272791 0.940561
    outer loop
      vertex 14.9402 -68.2085 24.6261
      vertex 58.172 -43.6349 8.2
      vertex 14.6808 -67.4448 24.4604
    endloop
  endfacet
  facet normal 0.311281 0.111374 0.943769
    outer loop
      vertex 17.5559 -79.5319 26.0796
      vertex 59.7847 -46.0486 8.2
      vertex 59.6194 -45.5866 8.2
    endloop
  endfacet
  facet normal 0.296019 0.131835 0.94604
    outer loop
      vertex 59.7847 -46.0486 8.2
      vertex 17.5559 -79.5319 26.0796
      vertex 17.5565 -79.5354 26.0799
    endloop
  endfacet
  facet normal 0.238691 0.216297 0.946701
    outer loop
      vertex 58.5355 -43.9645 8.2
      vertex 15.6175 -70.4738 25.0776
      vertex 16.0615 -72.1499 25.3486
    endloop
  endfacet
  facet normal 0.160654 -0.339829 0.926664
    outer loop
      vertex 8.50871 -100.919 26.2
      vertex 6.90744 -101.676 26.2
      vertex 56.9134 -127.119 8.2
    endloop
  endfacet
  facet normal 0.136013 -0.37997 0.914945
    outer loop
      vertex 6.90744 -101.676 26.2
      vertex 5.23964 -102.273 26.2
      vertex 56.9134 -127.119 8.2
    endloop
  endfacet
  facet normal 0.0271593 -0.552304 0.8332
    outer loop
      vertex 1.76921 -102.963 26.2
      vertex 0 -103.05 26.2
      vertex 55 -127.5 8.2
    endloop
  endfacet
  facet normal 0 -0.592862 0.805304
    outer loop
      vertex 0 -103.05 26.2
      vertex -55 -127.5 8.2
      vertex 55 -127.5 8.2
    endloop
  endfacet
  facet normal 0.0270537 -0.55246 0.8331
    outer loop
      vertex 55.4901 -127.476 8.2
      vertex 1.76921 -102.963 26.2
      vertex 55 -127.5 8.2
    endloop
  endfacet
  facet normal 0.0717246 -0.483444 0.872432
    outer loop
      vertex 55.9754 -127.404 8.2
      vertex 1.76921 -102.963 26.2
      vertex 55.4901 -127.476 8.2
    endloop
  endfacet
  facet normal -0.380068 0.0187193 0.924769
    outer loop
      vertex -18.05 -84.4961 26.1898
      vertex -60 -47.5 8.2
      vertex -18.05 -85 26.2
    endloop
  endfacet
  facet normal -0.380286 0.0184322 0.924685
    outer loop
      vertex -18.0481 -84.3967 26.1886
      vertex -60 -47.5 8.2
      vertex -18.05 -84.4961 26.1898
    endloop
  endfacet
  facet normal -0.380101 0.0186772 0.924757
    outer loop
      vertex -60 -47.5 8.2
      vertex -18.0481 -84.3967 26.1886
      vertex -17.9897 -83.2082 26.1886
    endloop
  endfacet
  facet normal -0.238679 -0.216312 0.9467
    outer loop
      vertex -13.9528 -96.4508 26.2
      vertex -58.5355 -126.036 8.2
      vertex -12.7633 -97.7633 26.2
    endloop
  endfacet
  facet normal -0.0270537 -0.55246 0.8331
    outer loop
      vertex -1.76921 -102.963 26.2
      vertex -55.4901 -127.476 8.2
      vertex -55 -127.5 8.2
    endloop
  endfacet
  facet normal -0.311275 -0.111386 0.94377
    outer loop
      vertex -17.2728 -90.2396 26.2
      vertex -59.6194 -124.413 8.2
      vertex -16.676 -91.9074 26.2
    endloop
  endfacet
  facet normal 0.394316 0 0.918975
    outer loop
      vertex 60 -47.5 8.2
      vertex 18.05 -85 26.2
      vertex 60 -122.5 8.2
    endloop
  endfacet
  facet normal 0.331935 -0.0831232 0.939633
    outer loop
      vertex 59.9039 -123.475 8.2
      vertex 17.2728 -90.2396 26.2
      vertex 59.7847 -123.951 8.2
    endloop
  endfacet
  facet normal 0.220853 -0.24369 0.944372
    outer loop
      vertex 12.7633 -97.7633 26.2
      vertex 11.4508 -98.9528 26.2
      vertex 58.5355 -126.036 8.2
    endloop
  endfacet
  facet normal 0.182776 -0.304 0.934974
    outer loop
      vertex 57.7778 -126.657 8.2
      vertex 8.50871 -100.919 26.2
      vertex 57.357 -126.91 8.2
    endloop
  endfacet
  facet normal 0.0717346 -0.483428 0.87244
    outer loop
      vertex 3.52138 -102.703 26.2
      vertex 1.76921 -102.963 26.2
      vertex 55.9754 -127.404 8.2
    endloop
  endfacet
  facet normal -0.380091 0.0186905 0.92476
    outer loop
      vertex -60 -47.5 8.2
      vertex -17.9897 -83.2078 26.1886
      vertex -59.9759 -47.0099 8.2
    endloop
  endfacet
  facet normal -0.393627 0 0.91927
    outer loop
      vertex -17.9897 -83.2078 26.1886
      vertex -60 -47.5 8.2
      vertex -17.9897 -83.2082 26.1886
    endloop
  endfacet
  facet normal -0.106912 -0.427213 0.897808
    outer loop
      vertex -5.23964 -102.273 26.2
      vertex -55.9754 -127.404 8.2
      vertex -3.52138 -102.703 26.2
    endloop
  endfacet
  facet normal -0.106834 -0.427335 0.897759
    outer loop
      vertex -5.23964 -102.273 26.2
      vertex -56.4514 -127.285 8.2
      vertex -55.9754 -127.404 8.2
    endloop
  endfacet
  facet normal -0.0720604 0.48291 0.8727
    outer loop
      vertex -55.4901 -42.5241 8.2
      vertex -12.1797 -62.3429 22.743
      vertex -12.1488 -62.3007 22.7222
    endloop
  endfacet
  facet normal -0.071725 0.483446 0.872431
    outer loop
      vertex -12.1797 -62.3429 22.743
      vertex -55.4901 -42.5241 8.2
      vertex -55.9754 -42.5961 8.2
    endloop
  endfacet
  facet normal -0.292165 -0.138055 0.946351
    outer loop
      vertex -15.9187 -93.5087 26.2
      vertex -59.6194 -124.413 8.2
      vertex -59.4096 -124.857 8.2
    endloop
  endfacet
  facet normal 0.2921 0.138148 0.946358
    outer loop
      vertex 16.885 -75.7947 25.8
      vertex 59.6194 -45.5866 8.2
      vertex 59.4096 -45.143 8.2
    endloop
  endfacet
  facet normal 0.287855 0.144369 0.94673
    outer loop
      vertex 59.6194 -45.5866 8.2
      vertex 16.885 -75.7947 25.8
      vertex 16.8872 -75.8063 25.8011
    endloop
  endfacet
  facet normal 0.220861 0.243682 0.944373
    outer loop
      vertex 58.5355 -43.9645 8.2
      vertex 15.1635 -68.9117 24.7807
      vertex 15.6175 -70.4738 25.0776
    endloop
  endfacet
  facet normal 0.182501 0.304453 0.93488
    outer loop
      vertex 57.7778 -43.3427 8.2
      vertex 14.1807 -66.1182 24.1278
      vertex 14.6667 -67.4032 24.4514
    endloop
  endfacet
  facet normal 0.202264 0.272869 0.940549
    outer loop
      vertex 57.7778 -43.3427 8.2
      vertex 14.6808 -67.4448 24.4604
      vertex 58.172 -43.6349 8.2
    endloop
  endfacet
  facet normal 0.202676 0.272202 0.940653
    outer loop
      vertex 14.6808 -67.4448 24.4604
      vertex 57.7778 -43.3427 8.2
      vertex 14.6667 -67.4032 24.4514
    endloop
  endfacet
  facet normal 0.135967 0.380037 0.914923
    outer loop
      vertex 56.9134 -42.8806 8.2
      vertex 13.1895 -63.9046 23.4307
      vertex 13.6613 -64.8876 23.7689
    endloop
  endfacet
  facet normal 0.0271376 0.552338 0.833179
    outer loop
      vertex 55 -42.5 8.2
      vertex 11.6581 -61.7674 22.3846
      vertex 12.1176 -62.2668 22.7007
    endloop
  endfacet
  facet normal -0.311481 0.111109 0.943734
    outer loop
      vertex -17.5019 -79.1979 26.0581
      vertex -59.6194 -45.5866 8.2
      vertex -17.5559 -79.5319 26.0796
    endloop
  endfacet
  facet normal -0.311251 0.111417 0.943774
    outer loop
      vertex -59.6194 -45.5866 8.2
      vertex -17.5019 -79.1979 26.0581
      vertex -17.2402 -77.6655 25.9635
    endloop
  endfacet
  facet normal -0.238691 0.216297 0.946701
    outer loop
      vertex -15.6175 -70.4738 25.0776
      vertex -58.5355 -43.9645 8.2
      vertex -16.0615 -72.1499 25.3486
    endloop
  endfacet
  facet normal 0.311481 0.111109 0.943734
    outer loop
      vertex 59.6194 -45.5866 8.2
      vertex 17.5019 -79.1979 26.0581
      vertex 17.5559 -79.5319 26.0796
    endloop
  endfacet
  facet normal 0.311251 0.111417 0.943774
    outer loop
      vertex 17.5019 -79.1979 26.0581
      vertex 59.6194 -45.5866 8.2
      vertex 17.2402 -77.6655 25.9635
    endloop
  endfacet
  facet normal 0.292116 0.138127 0.946356
    outer loop
      vertex 59.6194 -45.5866 8.2
      vertex 16.8872 -75.8063 25.8011
      vertex 17.2402 -77.6655 25.9635
    endloop
  endfacet
  facet normal 0.380091 0.0186905 0.92476
    outer loop
      vertex 17.9897 -83.2078 26.1886
      vertex 60 -47.5 8.2
      vertex 59.9759 -47.0099 8.2
    endloop
  endfacet
  facet normal 0.393627 0 0.91927
    outer loop
      vertex 60 -47.5 8.2
      vertex 17.9897 -83.2078 26.1886
      vertex 17.9897 -83.2082 26.1886
    endloop
  endfacet
  facet normal 0.256215 -0.190015 0.94776
    outer loop
      vertex 59.1573 -125.278 8.2
      vertex 15.008 -95.028 26.2
      vertex 58.8651 -125.672 8.2
    endloop
  endfacet
  facet normal 0.311275 -0.111386 0.94377
    outer loop
      vertex 17.2728 -90.2396 26.2
      vertex 16.676 -91.9074 26.2
      vertex 59.6194 -124.413 8.2
    endloop
  endfacet
  facet normal 0.136333 -0.379431 0.91512
    outer loop
      vertex 56.9134 -127.119 8.2
      vertex 5.23964 -102.273 26.2
      vertex 56.4514 -127.285 8.2
    endloop
  endfacet
  facet normal 0.273879 -0.164169 0.947649
    outer loop
      vertex 15.9187 -93.5087 26.2
      vertex 15.008 -95.028 26.2
      vertex 59.1573 -125.278 8.2
    endloop
  endfacet
  facet normal 0.238679 -0.216312 0.9467
    outer loop
      vertex 13.9528 -96.4508 26.2
      vertex 12.7633 -97.7633 26.2
      vertex 58.5355 -126.036 8.2
    endloop
  endfacet
  facet normal 0.220735 -0.243881 0.944351
    outer loop
      vertex 58.5355 -126.036 8.2
      vertex 11.4508 -98.9528 26.2
      vertex 58.172 -126.365 8.2
    endloop
  endfacet
  facet normal -0.136013 -0.37997 0.914945
    outer loop
      vertex -6.90744 -101.676 26.2
      vertex -56.9134 -127.119 8.2
      vertex -5.23964 -102.273 26.2
    endloop
  endfacet
  facet normal -0.354607 0.0526102 0.933534
    outer loop
      vertex -59.9759 -47.0099 8.2
      vertex -17.9897 -83.2075 26.1886
      vertex -59.9039 -46.5246 8.2
    endloop
  endfacet
  facet normal -0.393818 0 0.919189
    outer loop
      vertex -17.9897 -83.2075 26.1886
      vertex -59.9759 -47.0099 8.2
      vertex -17.9897 -83.2078 26.1886
    endloop
  endfacet
  facet normal -0.202202 -0.272973 0.940532
    outer loop
      vertex -10.028 -100.008 26.2
      vertex -58.172 -126.365 8.2
      vertex -57.7778 -126.657 8.2
    endloop
  endfacet
  facet normal -0.136333 -0.379431 0.91512
    outer loop
      vertex -5.23964 -102.273 26.2
      vertex -56.9134 -127.119 8.2
      vertex -56.4514 -127.285 8.2
    endloop
  endfacet
  facet normal -0.0717246 -0.483444 0.872432
    outer loop
      vertex -1.76921 -102.963 26.2
      vertex -55.9754 -127.404 8.2
      vertex -55.4901 -127.476 8.2
    endloop
  endfacet
  facet normal -0.238759 -0.216195 0.946707
    outer loop
      vertex -13.9528 -96.4508 26.2
      vertex -58.8651 -125.672 8.2
      vertex -58.5355 -126.036 8.2
    endloop
  endfacet
  facet normal -0.182776 -0.304 0.934974
    outer loop
      vertex -8.50871 -100.919 26.2
      vertex -57.7778 -126.657 8.2
      vertex -57.357 -126.91 8.2
    endloop
  endfacet
  facet normal -0.292104 -0.138144 0.946357
    outer loop
      vertex -16.676 -91.9074 26.2
      vertex -59.6194 -124.413 8.2
      vertex -15.9187 -93.5087 26.2
    endloop
  endfacet
  facet normal 0.160679 0.339784 0.926676
    outer loop
      vertex 56.9134 -42.8806 8.2
      vertex 13.6613 -64.8876 23.7689
      vertex 14.1455 -66.0302 24.1039
    endloop
  endfacet
  facet normal -0.107038 0.427012 0.897888
    outer loop
      vertex -13.0083 -63.5702 23.2969
      vertex -55.9754 -42.5961 8.2
      vertex -13.1423 -63.8128 23.3963
    endloop
  endfacet
  facet normal -0.107006 0.427063 0.897868
    outer loop
      vertex -55.9754 -42.5961 8.2
      vertex -13.0083 -63.5702 23.2969
      vertex -12.6573 -62.9947 23.065
    endloop
  endfacet
  facet normal -0.160679 0.339784 0.926676
    outer loop
      vertex -13.6613 -64.8876 23.7689
      vertex -56.9134 -42.8806 8.2
      vertex -14.1455 -66.0302 24.1039
    endloop
  endfacet
  facet normal -0.292116 0.138127 0.946356
    outer loop
      vertex -16.8872 -75.8063 25.8011
      vertex -59.6194 -45.5866 8.2
      vertex -17.2402 -77.6655 25.9635
    endloop
  endfacet
  facet normal -0.273917 0.164117 0.947647
    outer loop
      vertex -16.589 -74.3767 25.64
      vertex -59.1573 -44.7222 8.2
      vertex -16.8826 -75.7831 25.7987
    endloop
  endfacet
  facet normal -0.27385 0.164213 0.94765
    outer loop
      vertex -59.1573 -44.7222 8.2
      vertex -16.589 -74.3767 25.64
      vertex -16.4964 -73.9522 25.5932
    endloop
  endfacet
  facet normal 0.354607 0.0526102 0.933534
    outer loop
      vertex 17.9897 -83.2075 26.1886
      vertex 59.9759 -47.0099 8.2
      vertex 59.9039 -46.5246 8.2
    endloop
  endfacet
  facet normal 0.393818 0 0.919189
    outer loop
      vertex 59.9759 -47.0099 8.2
      vertex 17.9897 -83.2075 26.1886
      vertex 17.9897 -83.2078 26.1886
    endloop
  endfacet
  facet normal 0.354549 0.0526849 0.933552
    outer loop
      vertex 59.9039 -46.5246 8.2
      vertex 17.9631 -82.7184 26.1711
      vertex 17.9897 -83.2075 26.1886
    endloop
  endfacet
  facet normal 0.354567 0.0526613 0.933546
    outer loop
      vertex 59.9039 -46.5246 8.2
      vertex 17.9568 -82.6033 26.167
      vertex 17.9631 -82.7184 26.1711
    endloop
  endfacet
  facet normal 0.354703 0.0524828 0.933505
    outer loop
      vertex 59.9039 -46.5246 8.2
      vertex 17.9414 -82.4174 26.1624
      vertex 17.9568 -82.6033 26.167
    endloop
  endfacet
  facet normal 0.3546 0.0526197 0.933536
    outer loop
      vertex 59.9039 -46.5246 8.2
      vertex 17.9054 -82.0719 26.1566
      vertex 17.9414 -82.4174 26.1624
    endloop
  endfacet
  facet normal 0.354631 0.0525773 0.933527
    outer loop
      vertex 17.9054 -82.0719 26.1566
      vertex 59.9039 -46.5246 8.2
      vertex 17.823 -81.3794 26.1489
    endloop
  endfacet
  facet normal 0.380286 0.0184322 0.924685
    outer loop
      vertex 60 -47.5 8.2
      vertex 18.0481 -84.3967 26.1886
      vertex 18.05 -84.4961 26.1898
    endloop
  endfacet
  facet normal 0.380101 0.0186772 0.924757
    outer loop
      vertex 18.0481 -84.3967 26.1886
      vertex 60 -47.5 8.2
      vertex 17.9897 -83.2082 26.1886
    endloop
  endfacet
  facet normal 0.380068 0.0187193 0.924769
    outer loop
      vertex 60 -47.5 8.2
      vertex 18.05 -84.4961 26.1898
      vertex 18.05 -85 26.2
    endloop
  endfacet
  facet normal 0.354616 -0.0525994 0.933531
    outer loop
      vertex 17.9631 -86.7692 26.2
      vertex 17.7032 -88.5214 26.2
      vertex 59.9039 -123.475 8.2
    endloop
  endfacet
  facet normal 0.380106 -0.0186701 0.924754
    outer loop
      vertex 18.05 -85 26.2
      vertex 17.9631 -86.7692 26.2
      vertex 60 -122.5 8.2
    endloop
  endfacet
  facet normal 0.311283 -0.111375 0.943768
    outer loop
      vertex 59.7847 -123.951 8.2
      vertex 17.2728 -90.2396 26.2
      vertex 59.6194 -124.413 8.2
    endloop
  endfacet
  facet normal 0.202312 -0.272792 0.940561
    outer loop
      vertex 11.4508 -98.9528 26.2
      vertex 10.028 -100.008 26.2
      vertex 58.172 -126.365 8.2
    endloop
  endfacet
  facet normal 0.160341 -0.340322 0.926538
    outer loop
      vertex 57.357 -126.91 8.2
      vertex 8.50871 -100.919 26.2
      vertex 56.9134 -127.119 8.2
    endloop
  endfacet
  facet normal 0.238759 -0.216195 0.946707
    outer loop
      vertex 58.8651 -125.672 8.2
      vertex 13.9528 -96.4508 26.2
      vertex 58.5355 -126.036 8.2
    endloop
  endfacet
  facet normal 0.256214 -0.190017 0.94776
    outer loop
      vertex 15.008 -95.028 26.2
      vertex 13.9528 -96.4508 26.2
      vertex 58.8651 -125.672 8.2
    endloop
  endfacet
  facet normal 0.202202 -0.272973 0.940532
    outer loop
      vertex 58.172 -126.365 8.2
      vertex 10.028 -100.008 26.2
      vertex 57.7778 -126.657 8.2
    endloop
  endfacet
  facet normal 0.182531 -0.304409 0.934889
    outer loop
      vertex 10.028 -100.008 26.2
      vertex 8.50871 -100.919 26.2
      vertex 57.7778 -126.657 8.2
    endloop
  endfacet
  facet normal -0.332153 0.082834 0.939581
    outer loop
      vertex -17.8074 -81.2624 26.1441
      vertex -59.9039 -46.5246 8.2
      vertex -17.823 -81.3794 26.1489
    endloop
  endfacet
  facet normal -0.331906 0.0831632 0.939639
    outer loop
      vertex -59.9039 -46.5246 8.2
      vertex -17.8074 -81.2624 26.1441
      vertex -17.557 -79.5388 26.08
    endloop
  endfacet
  facet normal -0.354549 0.0526849 0.933552
    outer loop
      vertex -17.9631 -82.7184 26.1711
      vertex -59.9039 -46.5246 8.2
      vertex -17.9897 -83.2075 26.1886
    endloop
  endfacet
  facet normal -0.354567 0.0526613 0.933546
    outer loop
      vertex -17.9568 -82.6033 26.167
      vertex -59.9039 -46.5246 8.2
      vertex -17.9631 -82.7184 26.1711
    endloop
  endfacet
  facet normal -0.354703 0.0524828 0.933505
    outer loop
      vertex -17.9414 -82.4174 26.1624
      vertex -59.9039 -46.5246 8.2
      vertex -17.9568 -82.6033 26.167
    endloop
  endfacet
  facet normal -0.3546 0.0526197 0.933536
    outer loop
      vertex -17.9054 -82.0719 26.1566
      vertex -59.9039 -46.5246 8.2
      vertex -17.9414 -82.4174 26.1624
    endloop
  endfacet
  facet normal -0.354631 0.0525773 0.933527
    outer loop
      vertex -59.9039 -46.5246 8.2
      vertex -17.9054 -82.0719 26.1566
      vertex -17.823 -81.3794 26.1489
    endloop
  endfacet
  facet normal -0.331935 0.0831232 0.939633
    outer loop
      vertex -59.9039 -46.5246 8.2
      vertex -17.5565 -79.5354 26.0799
      vertex -59.7847 -46.0486 8.2
    endloop
  endfacet
  facet normal -0.336239 0.0770533 0.938619
    outer loop
      vertex -17.5565 -79.5354 26.0799
      vertex -59.9039 -46.5246 8.2
      vertex -17.557 -79.5388 26.08
    endloop
  endfacet
  facet normal -0.311281 0.111374 0.943769
    outer loop
      vertex -59.7847 -46.0486 8.2
      vertex -17.5559 -79.5319 26.0796
      vertex -59.6194 -45.5866 8.2
    endloop
  endfacet
  facet normal -0.296019 0.131835 0.94604
    outer loop
      vertex -17.5559 -79.5319 26.0796
      vertex -59.7847 -46.0486 8.2
      vertex -17.5565 -79.5354 26.0799
    endloop
  endfacet
  facet normal -0.160654 -0.339829 0.926664
    outer loop
      vertex -8.50871 -100.919 26.2
      vertex -56.9134 -127.119 8.2
      vertex -6.90744 -101.676 26.2
    endloop
  endfacet
  facet normal -0.160341 -0.340322 0.926538
    outer loop
      vertex -8.50871 -100.919 26.2
      vertex -57.357 -126.91 8.2
      vertex -56.9134 -127.119 8.2
    endloop
  endfacet
  facet normal -0.0717346 -0.483428 0.87244
    outer loop
      vertex -3.52138 -102.703 26.2
      vertex -55.9754 -127.404 8.2
      vertex -1.76921 -102.963 26.2
    endloop
  endfacet
  facet normal -0.256214 -0.190017 0.94776
    outer loop
      vertex -15.008 -95.028 26.2
      vertex -58.8651 -125.672 8.2
      vertex -13.9528 -96.4508 26.2
    endloop
  endfacet
  facet normal -0.256215 -0.190015 0.94776
    outer loop
      vertex -15.008 -95.028 26.2
      vertex -59.1573 -125.278 8.2
      vertex -58.8651 -125.672 8.2
    endloop
  endfacet
  facet normal -0.273879 -0.164169 0.947649
    outer loop
      vertex -15.9187 -93.5087 26.2
      vertex -59.1573 -125.278 8.2
      vertex -15.008 -95.028 26.2
    endloop
  endfacet
  facet normal -0.182531 -0.304409 0.934889
    outer loop
      vertex -10.028 -100.008 26.2
      vertex -57.7778 -126.657 8.2
      vertex -8.50871 -100.919 26.2
    endloop
  endfacet
  facet normal -0.220853 -0.24369 0.944372
    outer loop
      vertex -12.7633 -97.7633 26.2
      vertex -58.5355 -126.036 8.2
      vertex -11.4508 -98.9528 26.2
    endloop
  endfacet
  facet normal -0.380106 -0.0186701 0.924754
    outer loop
      vertex -18.05 -85 26.2
      vertex -60 -122.5 8.2
      vertex -17.9631 -86.7692 26.2
    endloop
  endfacet
  facet normal -0.394316 0 0.918975
    outer loop
      vertex -60 -47.5 8.2
      vertex -60 -122.5 8.2
      vertex -18.05 -85 26.2
    endloop
  endfacet
  facet normal -0.354585 -0.0526394 0.933541
    outer loop
      vertex -17.9631 -86.7692 26.2
      vertex -59.9759 -122.99 8.2
      vertex -59.9039 -123.475 8.2
    endloop
  endfacet
  facet normal -0.33192 -0.0831442 0.939636
    outer loop
      vertex -17.7032 -88.5214 26.2
      vertex -59.9039 -123.475 8.2
      vertex -17.2728 -90.2396 26.2
    endloop
  endfacet
  facet normal 0.238635 0.21638 0.946696
    outer loop
      vertex 16.0615 -72.1499 25.3486
      vertex 58.8651 -44.328 8.2
      vertex 58.5355 -43.9645 8.2
    endloop
  endfacet
  facet normal 0.237775 0.217655 0.94662
    outer loop
      vertex 58.8651 -44.328 8.2
      vertex 16.0615 -72.1499 25.3486
      vertex 16.0677 -72.1732 25.3524
    endloop
  endfacet
  facet normal 0.256228 0.189995 0.94776
    outer loop
      vertex 58.8651 -44.328 8.2
      vertex 16.0677 -72.1732 25.3524
      vertex 16.4922 -73.9349 25.5908
    endloop
  endfacet
  facet normal 0.071725 0.483446 0.872431
    outer loop
      vertex 55.4901 -42.5241 8.2
      vertex 12.1797 -62.3429 22.743
      vertex 55.9754 -42.5961 8.2
    endloop
  endfacet
  facet normal 0.0720604 0.48291 0.8727
    outer loop
      vertex 12.1797 -62.3429 22.743
      vertex 55.4901 -42.5241 8.2
      vertex 12.1488 -62.3007 22.7222
    endloop
  endfacet
  facet normal 0.182521 0.304419 0.934888
    outer loop
      vertex 57.357 -43.0904 8.2
      vertex 14.1807 -66.1182 24.1278
      vertex 57.7778 -43.3427 8.2
    endloop
  endfacet
  facet normal 0.182237 0.304886 0.934791
    outer loop
      vertex 14.1807 -66.1182 24.1278
      vertex 57.357 -43.0904 8.2
      vertex 14.1634 -66.0726 24.1163
    endloop
  endfacet
  facet normal 0.160691 0.339764 0.926682
    outer loop
      vertex 56.9134 -42.8806 8.2
      vertex 14.1634 -66.0726 24.1163
      vertex 57.357 -43.0904 8.2
    endloop
  endfacet
  facet normal 0.161125 0.339084 0.926856
    outer loop
      vertex 14.1634 -66.0726 24.1163
      vertex 56.9134 -42.8806 8.2
      vertex 14.1455 -66.0302 24.1039
    endloop
  endfacet
  facet normal -0.135967 0.380037 0.914923
    outer loop
      vertex -13.1895 -63.9046 23.4307
      vertex -56.9134 -42.8806 8.2
      vertex -13.6613 -64.8876 23.7689
    endloop
  endfacet
  facet normal 1.82107e-05 0.592836 0.805323
    outer loop
      vertex 55 -42.5 8.2
      vertex 11.2555 -61.3873 22.1048
      vertex 11.6581 -61.7674 22.3846
    endloop
  endfacet
  facet normal -0.000166462 0.593113 0.805119
    outer loop
      vertex 55 -42.5 8.2
      vertex 11.1661 -61.3071 22.0457
      vertex 11.2555 -61.3873 22.1048
    endloop
  endfacet
  facet normal 1.5907e-06 0.592859 0.805306
    outer loop
      vertex 55 -42.5 8.2
      vertex 9.35883 -59.85 20.973
      vertex 11.1661 -61.3071 22.0457
    endloop
  endfacet
  facet normal -0.000212417 0.593224 0.805037
    outer loop
      vertex 55 -42.5 8.2
      vertex 9.27155 -59.7815 20.9225
      vertex 9.35883 -59.85 20.973
    endloop
  endfacet
  facet normal -8.82455e-07 0.592861 0.805305
    outer loop
      vertex 55 -42.5 8.2
      vertex 9.20292 -59.7326 20.8865
      vertex 9.27155 -59.7815 20.9225
    endloop
  endfacet
  facet normal 1.87269e-05 0.592827 0.80533
    outer loop
      vertex 55 -42.5 8.2
      vertex 7.20901 -58.3859 19.8952
      vertex 9.20292 -59.7326 20.8865
    endloop
  endfacet
  facet normal -0.000711154 0.59425 0.80428
    outer loop
      vertex 55 -42.5 8.2
      vertex 7.17889 -58.3678 19.8818
      vertex 7.20901 -58.3859 19.8952
    endloop
  endfacet
  facet normal 2.71265e-06 0.592856 0.805308
    outer loop
      vertex 55 -42.5 8.2
      vertex 5.74822 -57.59 19.3092
      vertex 7.17889 -58.3678 19.8818
    endloop
  endfacet
  facet normal 2.96868e-05 0.592799 0.80535
    outer loop
      vertex 55 -42.5 8.2
      vertex 5.33672 -57.39 19.162
      vertex 5.74822 -57.59 19.3092
    endloop
  endfacet
  facet normal -0.000162639 0.593215 0.805044
    outer loop
      vertex 5.23964 -57.3428 19.1272
      vertex 5.33672 -57.39 19.162
      vertex 55 -42.5 8.2
    endloop
  endfacet
  facet normal -4.42522e-06 0.592871 0.805297
    outer loop
      vertex 55 -42.5 8.2
      vertex 3.52138 -56.7582 18.6968
      vertex 5.23964 -57.3428 19.1272
    endloop
  endfacet
  facet normal 1.33208e-05 0.592829 0.805328
    outer loop
      vertex 55 -42.5 8.2
      vertex 1.76921 -56.4051 18.4369
      vertex 3.52138 -56.7582 18.6968
    endloop
  endfacet
  facet normal -1.0404e-05 0.592888 0.805285
    outer loop
      vertex 55 -42.5 8.2
      vertex 0 -56.2871 18.35
      vertex 1.76921 -56.4051 18.4369
    endloop
  endfacet
  facet normal -0 0.592861 0.805304
    outer loop
      vertex -55 -42.5 8.2
      vertex 0 -56.2871 18.35
      vertex 55 -42.5 8.2
    endloop
  endfacet
  facet normal 1.0404e-05 0.592888 0.805285
    outer loop
      vertex 0 -56.2871 18.35
      vertex -55 -42.5 8.2
      vertex -1.76921 -56.4051 18.4369
    endloop
  endfacet
  facet normal -1.82107e-05 0.592836 0.805323
    outer loop
      vertex -11.2555 -61.3873 22.1048
      vertex -55 -42.5 8.2
      vertex -11.6581 -61.7674 22.3846
    endloop
  endfacet
  facet normal 0.000166462 0.593113 0.805119
    outer loop
      vertex -11.1661 -61.3071 22.0457
      vertex -55 -42.5 8.2
      vertex -11.2555 -61.3873 22.1048
    endloop
  endfacet
  facet normal -1.5907e-06 0.592859 0.805306
    outer loop
      vertex -9.35883 -59.85 20.973
      vertex -55 -42.5 8.2
      vertex -11.1661 -61.3071 22.0457
    endloop
  endfacet
  facet normal 0.000212417 0.593224 0.805037
    outer loop
      vertex -9.27155 -59.7815 20.9225
      vertex -55 -42.5 8.2
      vertex -9.35883 -59.85 20.973
    endloop
  endfacet
  facet normal 8.82455e-07 0.592861 0.805305
    outer loop
      vertex -9.20292 -59.7326 20.8865
      vertex -55 -42.5 8.2
      vertex -9.27155 -59.7815 20.9225
    endloop
  endfacet
  facet normal -1.87269e-05 0.592827 0.80533
    outer loop
      vertex -7.20901 -58.3859 19.8952
      vertex -55 -42.5 8.2
      vertex -9.20292 -59.7326 20.8865
    endloop
  endfacet
  facet normal 0.000711154 0.59425 0.80428
    outer loop
      vertex -7.17889 -58.3678 19.8818
      vertex -55 -42.5 8.2
      vertex -7.20901 -58.3859 19.8952
    endloop
  endfacet
  facet normal -2.71265e-06 0.592856 0.805308
    outer loop
      vertex -5.74822 -57.59 19.3092
      vertex -55 -42.5 8.2
      vertex -7.17889 -58.3678 19.8818
    endloop
  endfacet
  facet normal -2.96868e-05 0.592799 0.80535
    outer loop
      vertex -5.33672 -57.39 19.162
      vertex -55 -42.5 8.2
      vertex -5.74822 -57.59 19.3092
    endloop
  endfacet
  facet normal 0.000162639 0.593215 0.805044
    outer loop
      vertex -5.23964 -57.3428 19.1272
      vertex -55 -42.5 8.2
      vertex -5.33672 -57.39 19.162
    endloop
  endfacet
  facet normal 4.42522e-06 0.592871 0.805297
    outer loop
      vertex -3.52138 -56.7582 18.6968
      vertex -55 -42.5 8.2
      vertex -5.23964 -57.3428 19.1272
    endloop
  endfacet
  facet normal -1.33208e-05 0.592829 0.805328
    outer loop
      vertex -1.76921 -56.4051 18.4369
      vertex -55 -42.5 8.2
      vertex -3.52138 -56.7582 18.6968
    endloop
  endfacet
  facet normal -0.202676 0.272202 0.940653
    outer loop
      vertex -57.7778 -43.3427 8.2
      vertex -14.6808 -67.4448 24.4604
      vertex -14.6667 -67.4032 24.4514
    endloop
  endfacet
  facet normal -0.202264 0.272869 0.940549
    outer loop
      vertex -14.6808 -67.4448 24.4604
      vertex -57.7778 -43.3427 8.2
      vertex -58.172 -43.6349 8.2
    endloop
  endfacet
  facet normal -0.256259 0.189951 0.94776
    outer loop
      vertex -59.1573 -44.7222 8.2
      vertex -16.4922 -73.9349 25.5908
      vertex -58.8651 -44.328 8.2
    endloop
  endfacet
  facet normal -0.254048 0.19315 0.947709
    outer loop
      vertex -16.4922 -73.9349 25.5908
      vertex -59.1573 -44.7222 8.2
      vertex -16.4964 -73.9522 25.5932
    endloop
  endfacet
  facet normal -0.2921 0.138148 0.946358
    outer loop
      vertex -59.6194 -45.5866 8.2
      vertex -16.885 -75.7947 25.8
      vertex -59.4096 -45.143 8.2
    endloop
  endfacet
  facet normal -0.287855 0.144369 0.94673
    outer loop
      vertex -16.885 -75.7947 25.8
      vertex -59.6194 -45.5866 8.2
      vertex -16.8872 -75.8063 25.8011
    endloop
  endfacet
  facet normal -0.220861 0.243682 0.944373
    outer loop
      vertex -15.1635 -68.9117 24.7807
      vertex -58.5355 -43.9645 8.2
      vertex -15.6175 -70.4738 25.0776
    endloop
  endfacet
  facet normal 0.332153 0.082834 0.939581
    outer loop
      vertex 59.9039 -46.5246 8.2
      vertex 17.8074 -81.2624 26.1441
      vertex 17.823 -81.3794 26.1489
    endloop
  endfacet
  facet normal 0.331906 0.0831632 0.939639
    outer loop
      vertex 17.8074 -81.2624 26.1441
      vertex 59.9039 -46.5246 8.2
      vertex 17.557 -79.5388 26.08
    endloop
  endfacet
  facet normal 0.292104 -0.138144 0.946357
    outer loop
      vertex 16.676 -91.9074 26.2
      vertex 15.9187 -93.5087 26.2
      vertex 59.6194 -124.413 8.2
    endloop
  endfacet
  facet normal 0.292165 -0.138055 0.946351
    outer loop
      vertex 59.6194 -124.413 8.2
      vertex 15.9187 -93.5087 26.2
      vertex 59.4096 -124.857 8.2
    endloop
  endfacet
  facet normal 0.331935 0.0831232 0.939633
    outer loop
      vertex 17.5565 -79.5354 26.0799
      vertex 59.9039 -46.5246 8.2
      vertex 59.7847 -46.0486 8.2
    endloop
  endfacet
  facet normal 0.336239 0.0770533 0.938619
    outer loop
      vertex 59.9039 -46.5246 8.2
      vertex 17.5565 -79.5354 26.0799
      vertex 17.557 -79.5388 26.08
    endloop
  endfacet
  facet normal -0.273898 -0.164143 0.947648
    outer loop
      vertex -15.9187 -93.5087 26.2
      vertex -59.4096 -124.857 8.2
      vertex -59.1573 -125.278 8.2
    endloop
  endfacet
  facet normal -0.220735 -0.243881 0.944351
    outer loop
      vertex -11.4508 -98.9528 26.2
      vertex -58.5355 -126.036 8.2
      vertex -58.172 -126.365 8.2
    endloop
  endfacet
  facet normal -0.202312 -0.272792 0.940561
    outer loop
      vertex -11.4508 -98.9528 26.2
      vertex -58.172 -126.365 8.2
      vertex -10.028 -100.008 26.2
    endloop
  endfacet
  facet normal -0.354616 -0.0525994 0.933531
    outer loop
      vertex -17.9631 -86.7692 26.2
      vertex -59.9039 -123.475 8.2
      vertex -17.7032 -88.5214 26.2
    endloop
  endfacet
  facet normal -0.331935 -0.0831232 0.939633
    outer loop
      vertex -17.2728 -90.2396 26.2
      vertex -59.9039 -123.475 8.2
      vertex -59.7847 -123.951 8.2
    endloop
  endfacet
  facet normal -0.380089 -0.0186942 0.924761
    outer loop
      vertex -17.9631 -86.7692 26.2
      vertex -60 -122.5 8.2
      vertex -59.9759 -122.99 8.2
    endloop
  endfacet
  facet normal 0.256259 0.189951 0.94776
    outer loop
      vertex 16.4922 -73.9349 25.5908
      vertex 59.1573 -44.7222 8.2
      vertex 58.8651 -44.328 8.2
    endloop
  endfacet
  facet normal 0.254048 0.19315 0.947709
    outer loop
      vertex 59.1573 -44.7222 8.2
      vertex 16.4922 -73.9349 25.5908
      vertex 16.4964 -73.9522 25.5932
    endloop
  endfacet
  facet normal 0.273917 0.164117 0.947647
    outer loop
      vertex 59.1573 -44.7222 8.2
      vertex 16.589 -74.3767 25.64
      vertex 16.8826 -75.7831 25.7987
    endloop
  endfacet
  facet normal 0.27385 0.164213 0.94765
    outer loop
      vertex 16.589 -74.3767 25.64
      vertex 59.1573 -44.7222 8.2
      vertex 16.4964 -73.9522 25.5932
    endloop
  endfacet
  facet normal 0.106963 0.427133 0.89784
    outer loop
      vertex 55.9754 -42.5961 8.2
      vertex 13.1662 -63.8559 23.414
      vertex 56.4514 -42.7153 8.2
    endloop
  endfacet
  facet normal 0.106584 0.427725 0.897603
    outer loop
      vertex 13.1662 -63.8559 23.414
      vertex 55.9754 -42.5961 8.2
      vertex 13.1423 -63.8128 23.3963
    endloop
  endfacet
  facet normal 0.135972 0.38003 0.914926
    outer loop
      vertex 56.4514 -42.7153 8.2
      vertex 13.1895 -63.9046 23.4307
      vertex 56.9134 -42.8806 8.2
    endloop
  endfacet
  facet normal 0.136504 0.379149 0.915212
    outer loop
      vertex 13.1895 -63.9046 23.4307
      vertex 56.4514 -42.7153 8.2
      vertex 13.1662 -63.8559 23.414
    endloop
  endfacet
  facet normal 0.027159 0.552307 0.833198
    outer loop
      vertex 55 -42.5 8.2
      vertex 12.1488 -62.3007 22.7222
      vertex 55.4901 -42.5241 8.2
    endloop
  endfacet
  facet normal 0.0267852 0.552858 0.832845
    outer loop
      vertex 12.1488 -62.3007 22.7222
      vertex 55 -42.5 8.2
      vertex 12.1176 -62.2668 22.7007
    endloop
  endfacet
  facet normal 0.107038 0.427012 0.897888
    outer loop
      vertex 55.9754 -42.5961 8.2
      vertex 13.0083 -63.5702 23.2969
      vertex 13.1423 -63.8128 23.3963
    endloop
  endfacet
  facet normal 0.107006 0.427063 0.897868
    outer loop
      vertex 13.0083 -63.5702 23.2969
      vertex 55.9754 -42.5961 8.2
      vertex 12.6573 -62.9947 23.065
    endloop
  endfacet
  facet normal 0.0716869 0.483508 0.8724
    outer loop
      vertex 55.9754 -42.5961 8.2
      vertex 12.1797 -62.3429 22.743
      vertex 12.6573 -62.9947 23.065
    endloop
  endfacet
  facet normal -0.161125 0.339084 0.926856
    outer loop
      vertex -56.9134 -42.8806 8.2
      vertex -14.1634 -66.0726 24.1163
      vertex -14.1455 -66.0302 24.1039
    endloop
  endfacet
  facet normal -0.160691 0.339764 0.926682
    outer loop
      vertex -14.1634 -66.0726 24.1163
      vertex -56.9134 -42.8806 8.2
      vertex -57.357 -43.0904 8.2
    endloop
  endfacet
  facet normal -0.182501 0.304453 0.93488
    outer loop
      vertex -14.1807 -66.1182 24.1278
      vertex -57.7778 -43.3427 8.2
      vertex -14.6667 -67.4032 24.4514
    endloop
  endfacet
  facet normal -0.0271376 0.552338 0.833179
    outer loop
      vertex -11.6581 -61.7674 22.3846
      vertex -55 -42.5 8.2
      vertex -12.1176 -62.2668 22.7007
    endloop
  endfacet
  facet normal -0.0267852 0.552858 0.832845
    outer loop
      vertex -55 -42.5 8.2
      vertex -12.1488 -62.3007 22.7222
      vertex -12.1176 -62.2668 22.7007
    endloop
  endfacet
  facet normal -0.027159 0.552307 0.833198
    outer loop
      vertex -12.1488 -62.3007 22.7222
      vertex -55 -42.5 8.2
      vertex -55.4901 -42.5241 8.2
    endloop
  endfacet
  facet normal -0.220388 0.24443 0.94429
    outer loop
      vertex -58.172 -43.6349 8.2
      vertex -15.1635 -68.9117 24.7807
      vertex -15.1529 -68.8751 24.7737
    endloop
  endfacet
  facet normal -0.2209 0.243619 0.94438
    outer loop
      vertex -15.1635 -68.9117 24.7807
      vertex -58.172 -43.6349 8.2
      vertex -58.5355 -43.9645 8.2
    endloop
  endfacet
  facet normal -0.202299 0.27281 0.940558
    outer loop
      vertex -14.9402 -68.2085 24.6261
      vertex -58.172 -43.6349 8.2
      vertex -15.1529 -68.8751 24.7737
    endloop
  endfacet
  facet normal -0.202311 0.272791 0.940561
    outer loop
      vertex -58.172 -43.6349 8.2
      vertex -14.9402 -68.2085 24.6261
      vertex -14.6808 -67.4448 24.4604
    endloop
  endfacet
  facet normal -0.238635 0.21638 0.946696
    outer loop
      vertex -58.8651 -44.328 8.2
      vertex -16.0615 -72.1499 25.3486
      vertex -58.5355 -43.9645 8.2
    endloop
  endfacet
  facet normal -0.237775 0.217655 0.94662
    outer loop
      vertex -16.0615 -72.1499 25.3486
      vertex -58.8651 -44.328 8.2
      vertex -16.0677 -72.1732 25.3524
    endloop
  endfacet
  facet normal -0.256228 0.189995 0.94776
    outer loop
      vertex -16.0677 -72.1732 25.3524
      vertex -58.8651 -44.328 8.2
      vertex -16.4922 -73.9349 25.5908
    endloop
  endfacet
  facet normal 0.33192 -0.0831442 0.939636
    outer loop
      vertex 17.7032 -88.5214 26.2
      vertex 17.2728 -90.2396 26.2
      vertex 59.9039 -123.475 8.2
    endloop
  endfacet
  facet normal 0.380089 -0.0186942 0.924761
    outer loop
      vertex 60 -122.5 8.2
      vertex 17.9631 -86.7692 26.2
      vertex 59.9759 -122.99 8.2
    endloop
  endfacet
  facet normal 0.354585 -0.0526394 0.933541
    outer loop
      vertex 59.9759 -122.99 8.2
      vertex 17.9631 -86.7692 26.2
      vertex 59.9039 -123.475 8.2
    endloop
  endfacet
  facet normal -0.311283 -0.111375 0.943768
    outer loop
      vertex -17.2728 -90.2396 26.2
      vertex -59.7847 -123.951 8.2
      vertex -59.6194 -124.413 8.2
    endloop
  endfacet
  facet normal 0.273858 0.164198 0.94765
    outer loop
      vertex 16.8826 -75.7831 25.7987
      vertex 59.4096 -45.143 8.2
      vertex 59.1573 -44.7222 8.2
    endloop
  endfacet
  facet normal 0.274685 0.163029 0.947613
    outer loop
      vertex 59.4096 -45.143 8.2
      vertex 16.8826 -75.7831 25.7987
      vertex 16.885 -75.7947 25.8
    endloop
  endfacet
  facet normal -0.182237 0.304886 0.934791
    outer loop
      vertex -57.357 -43.0904 8.2
      vertex -14.1807 -66.1182 24.1278
      vertex -14.1634 -66.0726 24.1163
    endloop
  endfacet
  facet normal -0.182521 0.304419 0.934888
    outer loop
      vertex -14.1807 -66.1182 24.1278
      vertex -57.357 -43.0904 8.2
      vertex -57.7778 -43.3427 8.2
    endloop
  endfacet
  facet normal -0.0716869 0.483508 0.8724
    outer loop
      vertex -12.1797 -62.3429 22.743
      vertex -55.9754 -42.5961 8.2
      vertex -12.6573 -62.9947 23.065
    endloop
  endfacet
  facet normal -0.136504 0.379149 0.915212
    outer loop
      vertex -56.4514 -42.7153 8.2
      vertex -13.1895 -63.9046 23.4307
      vertex -13.1662 -63.8559 23.414
    endloop
  endfacet
  facet normal -0.135972 0.38003 0.914926
    outer loop
      vertex -13.1895 -63.9046 23.4307
      vertex -56.4514 -42.7153 8.2
      vertex -56.9134 -42.8806 8.2
    endloop
  endfacet
  facet normal -0.106584 0.427725 0.897603
    outer loop
      vertex -55.9754 -42.5961 8.2
      vertex -13.1662 -63.8559 23.414
      vertex -13.1423 -63.8128 23.3963
    endloop
  endfacet
  facet normal -0.106963 0.427133 0.89784
    outer loop
      vertex -13.1662 -63.8559 23.414
      vertex -55.9754 -42.5961 8.2
      vertex -56.4514 -42.7153 8.2
    endloop
  endfacet
  facet normal 0.486065 -0.440514 0.754777
    outer loop
      vertex 13.9528 -96.4508 26.2
      vertex 10.028 -57.59 51.408
      vertex 12.7633 -97.7633 26.2
    endloop
  endfacet
  facet normal 0.630572 -0.377978 0.677873
    outer loop
      vertex 15.9187 -93.5087 26.2
      vertex 12.7633 -57.59 49.1633
      vertex 15.008 -95.028 26.2
    endloop
  endfacet
  facet normal -0.541003 -0.418551 0.729473
    outer loop
      vertex -11.4508 -57.59 50.3528
      vertex -13.9528 -96.4508 26.2
      vertex -10.028 -57.59 51.408
    endloop
  endfacet
  facet normal -0.857725 0 0.514108
    outer loop
      vertex -15.5544 -57.59 45.5164
      vertex -15.008 -57.39 46.428
      vertex -15.5544 -57.39 45.5164
    endloop
  endfacet
  facet normal -0.857725 0 0.514108
    outer loop
      vertex -15.008 -57.39 46.428
      vertex -15.5544 -57.59 45.5164
      vertex -15.008 -57.59 46.428
    endloop
  endfacet
  facet normal 0 1 -0
    outer loop
      vertex -15.5544 -57.59 45.5164
      vertex -15.9187 -57.59 44.9087
      vertex -15.008 -57.59 46.428
    endloop
  endfacet
  facet normal -0.595731 0 0.803184
    outer loop
      vertex -11.4508 -57.39 50.3528
      vertex -10.5971 -57.59 50.986
      vertex -10.5971 -57.39 50.986
    endloop
  endfacet
  facet normal -0.595731 0 0.803184
    outer loop
      vertex -10.5971 -57.59 50.986
      vertex -11.4508 -57.39 50.3528
      vertex -11.4508 -57.59 50.3528
    endloop
  endfacet
  facet normal 0 -1 -0
    outer loop
      vertex -10.5971 -57.59 50.986
      vertex -11.4508 -57.59 50.3528
      vertex -10.028 -57.59 51.408
    endloop
  endfacet
  facet normal -0.297034 -0.495369 0.816321
    outer loop
      vertex -6.90744 -57.59 53.076
      vertex -10.028 -100.008 26.2
      vertex -8.50871 -100.919 26.2
    endloop
  endfacet
  facet normal -0.869608 -0.217832 0.443092
    outer loop
      vertex -15.9187 -57.59 44.9087
      vertex -17.7032 -88.5214 26.2
      vertex -17.2728 -90.2396 26.2
    endloop
  endfacet
  facet normal 0.620414 -0.382694 0.684567
    outer loop
      vertex 12.7633 -57.59 49.1633
      vertex 11.4508 -57.59 50.3528
      vertex 15.008 -95.028 26.2
    endloop
  endfacet
  facet normal -0.0408225 -0.526956 0.848912
    outer loop
      vertex -1.26879 -89.0604 34.854
      vertex -1.76921 -102.963 26.2
      vertex -1.22908 -89.111 34.8245
    endloop
  endfacet
  facet normal -0.0418796 -0.526905 0.848892
    outer loop
      vertex -1.41421 -88.8365 34.9858
      vertex -1.76921 -102.963 26.2
      vertex -1.26879 -89.0604 34.854
    endloop
  endfacet
  facet normal -0.0417687 -0.52691 0.848894
    outer loop
      vertex -1.54602 -88.5918 35.1312
      vertex -1.76921 -102.963 26.2
      vertex -1.41421 -88.8365 34.9858
    endloop
  endfacet
  facet normal -0.0411775 -0.526929 0.848911
    outer loop
      vertex -1.66294 -88.3286 35.2889
      vertex -1.76921 -102.963 26.2
      vertex -1.54602 -88.5918 35.1312
    endloop
  endfacet
  facet normal -0.0420706 -0.526905 0.848882
    outer loop
      vertex -1.76384 -88.0494 35.4572
      vertex -1.76921 -102.963 26.2
      vertex -1.66294 -88.3286 35.2889
    endloop
  endfacet
  facet normal -0.0327719 -0.527091 0.849177
    outer loop
      vertex -1.76921 -102.963 26.2
      vertex -1.76384 -88.0494 35.4572
      vertex -1.76921 -88.0307 35.4686
    endloop
  endfacet
  facet normal -0.0416961 -0.526911 0.848897
    outer loop
      vertex -1.76921 -57.59 54.3631
      vertex -1.02296 -83.8248 38.1158
      vertex 0 -57.59 54.45
    endloop
  endfacet
  facet normal -0.0419771 -0.52691 0.848884
    outer loop
      vertex -1.02296 -83.8248 38.1158
      vertex -1.76921 -57.59 54.3631
      vertex -1.11114 -83.903 38.0629
    endloop
  endfacet
  facet normal -0.0415661 -0.526912 0.848903
    outer loop
      vertex -1.11114 -83.903 38.0629
      vertex -1.76921 -57.59 54.3631
      vertex -1.26879 -84.0789 37.946
    endloop
  endfacet
  facet normal -0.0418128 -0.52691 0.848892
    outer loop
      vertex -1.26879 -84.0789 37.946
      vertex -1.76921 -57.59 54.3631
      vertex -1.41421 -84.2797 37.8142
    endloop
  endfacet
  facet normal -0.0413862 -0.526915 0.84891
    outer loop
      vertex -1.41421 -84.2797 37.8142
      vertex -1.76921 -57.59 54.3631
      vertex -1.54602 -84.5036 37.6688
    endloop
  endfacet
  facet normal -0.0422084 -0.526902 0.848877
    outer loop
      vertex -1.54602 -84.5036 37.6688
      vertex -1.76921 -57.59 54.3631
      vertex -1.66294 -84.7483 37.5111
    endloop
  endfacet
  facet normal -0.0414895 -0.526916 0.848904
    outer loop
      vertex -1.66294 -84.7483 37.5111
      vertex -1.76921 -57.59 54.3631
      vertex -1.76384 -85.0115 37.3428
    endloop
  endfacet
  facet normal -0.045745 -0.526819 0.848746
    outer loop
      vertex -1.76384 -85.0115 37.3428
      vertex -1.76921 -57.59 54.3631
      vertex -1.76921 -85.0294 37.3314
    endloop
  endfacet
  facet normal -0.184515 -0.515467 0.836809
    outer loop
      vertex -3.52138 -57.59 54.1032
      vertex -6.90744 -101.676 26.2
      vertex -5.23964 -102.273 26.2
    endloop
  endfacet
  facet normal 0.184515 -0.515467 0.836809
    outer loop
      vertex 6.90744 -101.676 26.2
      vertex 3.52138 -57.59 54.1032
      vertex 5.23964 -102.273 26.2
    endloop
  endfacet
  facet normal -0.42731 -0.0324405 -0.903523
    outer loop
      vertex -7.20901 -58.3859 19.8952
      vertex -8.50871 -57.59 20.4813
      vertex -6.90744 -57.59 19.724
    endloop
  endfacet
  facet normal -0.427302 -0.0324243 -0.903528
    outer loop
      vertex -8.50871 -57.59 20.4813
      vertex -7.20901 -58.3859 19.8952
      vertex -9.20292 -59.7326 20.8865
    endloop
  endfacet
  facet normal -0.336907 -0 -0.941538
    outer loop
      vertex -6.90744 -57.39 19.724
      vertex -5.74822 -57.59 19.3092
      vertex -6.90744 -57.59 19.724
    endloop
  endfacet
  facet normal -0.336883 0.000158899 -0.941546
    outer loop
      vertex -5.74822 -57.59 19.3092
      vertex -6.90744 -57.39 19.724
      vertex -5.33672 -57.39 19.162
    endloop
  endfacet
  facet normal -0.987391 -0.0600763 0.146458
    outer loop
      vertex -17.9631 -57.59 38.1692
      vertex -17.9631 -86.7692 26.2
      vertex -17.7032 -57.59 39.9214
    endloop
  endfacet
  facet normal 0.857725 -0 0.514108
    outer loop
      vertex 15.008 -57.59 46.428
      vertex 15.5544 -57.39 45.5164
      vertex 15.008 -57.39 46.428
    endloop
  endfacet
  facet normal 0.857725 0 0.514108
    outer loop
      vertex 15.5544 -57.39 45.5164
      vertex 15.008 -57.59 46.428
      vertex 15.5544 -57.59 45.5164
    endloop
  endfacet
  facet normal -0 1 -0
    outer loop
      vertex 15.5544 -57.59 45.5164
      vertex 15.008 -57.59 46.428
      vertex 15.9187 -57.59 44.9087
    endloop
  endfacet
  facet normal 0.419691 -0.463089 0.780645
    outer loop
      vertex 12.7633 -97.7633 26.2
      vertex 8.50871 -57.59 52.3187
      vertex 11.4508 -98.9528 26.2
    endloop
  endfacet
  facet normal -0.930414 -0.153241 0.332936
    outer loop
      vertex -17.2728 -57.59 41.6396
      vertex -17.7032 -88.5214 26.2
      vertex -16.676 -57.59 43.3074
    endloop
  endfacet
  facet normal -0.486065 -0.440514 0.754777
    outer loop
      vertex -10.028 -57.59 51.408
      vertex -13.9528 -96.4508 26.2
      vertex -12.7633 -97.7633 26.2
    endloop
  endfacet
  facet normal 0.0490211 0 0.998798
    outer loop
      vertex 0 -57.39 54.45
      vertex 1.06153 -57.59 54.3979
      vertex 1.06153 -57.39 54.3979
    endloop
  endfacet
  facet normal 0.0490211 0 0.998798
    outer loop
      vertex 1.06153 -57.59 54.3979
      vertex 0 -57.39 54.45
      vertex 0 -57.59 54.45
    endloop
  endfacet
  facet normal -0 -1 -0
    outer loop
      vertex 1.06153 -57.59 54.3979
      vertex 0 -57.59 54.45
      vertex 1.76921 -57.59 54.3631
    endloop
  endfacet
  facet normal 0.0327719 -0.527091 0.849177
    outer loop
      vertex 1.76384 -88.0494 35.4572
      vertex 1.76921 -102.963 26.2
      vertex 1.76921 -88.0307 35.4686
    endloop
  endfacet
  facet normal 0.0420706 -0.526905 0.848882
    outer loop
      vertex 1.66294 -88.3286 35.2889
      vertex 1.76921 -102.963 26.2
      vertex 1.76384 -88.0494 35.4572
    endloop
  endfacet
  facet normal 0.0411775 -0.526929 0.848911
    outer loop
      vertex 1.54602 -88.5918 35.1312
      vertex 1.76921 -102.963 26.2
      vertex 1.66294 -88.3286 35.2889
    endloop
  endfacet
  facet normal 0.0417687 -0.52691 0.848894
    outer loop
      vertex 1.41421 -88.8365 34.9858
      vertex 1.76921 -102.963 26.2
      vertex 1.54602 -88.5918 35.1312
    endloop
  endfacet
  facet normal 0.0418796 -0.526905 0.848892
    outer loop
      vertex 1.26879 -89.0604 34.854
      vertex 1.76921 -102.963 26.2
      vertex 1.41421 -88.8365 34.9858
    endloop
  endfacet
  facet normal 0.0408225 -0.526956 0.848912
    outer loop
      vertex 1.76921 -102.963 26.2
      vertex 1.26879 -89.0604 34.854
      vertex 1.22908 -89.111 34.8245
    endloop
  endfacet
  facet normal 0.045745 -0.526819 0.848746
    outer loop
      vertex 1.76921 -57.59 54.3631
      vertex 1.76384 -85.0115 37.3428
      vertex 1.76921 -85.0294 37.3314
    endloop
  endfacet
  facet normal 0.0414895 -0.526916 0.848904
    outer loop
      vertex 1.76921 -57.59 54.3631
      vertex 1.66294 -84.7483 37.5111
      vertex 1.76384 -85.0115 37.3428
    endloop
  endfacet
  facet normal 0.0422084 -0.526902 0.848877
    outer loop
      vertex 1.76921 -57.59 54.3631
      vertex 1.54602 -84.5036 37.6688
      vertex 1.66294 -84.7483 37.5111
    endloop
  endfacet
  facet normal 0.0413862 -0.526915 0.84891
    outer loop
      vertex 1.76921 -57.59 54.3631
      vertex 1.41421 -84.2797 37.8142
      vertex 1.54602 -84.5036 37.6688
    endloop
  endfacet
  facet normal 0.0418128 -0.52691 0.848892
    outer loop
      vertex 1.76921 -57.59 54.3631
      vertex 1.26879 -84.0789 37.946
      vertex 1.41421 -84.2797 37.8142
    endloop
  endfacet
  facet normal 0.0415661 -0.526912 0.848903
    outer loop
      vertex 1.76921 -57.59 54.3631
      vertex 1.11114 -83.903 38.0629
      vertex 1.26879 -84.0789 37.946
    endloop
  endfacet
  facet normal 0.0419771 -0.52691 0.848884
    outer loop
      vertex 1.76921 -57.59 54.3631
      vertex 1.02296 -83.8248 38.1158
      vertex 1.11114 -83.903 38.0629
    endloop
  endfacet
  facet normal 0.0416961 -0.526911 0.848897
    outer loop
      vertex 1.02296 -83.8248 38.1158
      vertex 1.76921 -57.59 54.3631
      vertex 0 -57.59 54.45
    endloop
  endfacet
  facet normal -0.998629 -0.0182532 0.0490509
    outer loop
      vertex -18.05 -57.59 36.4
      vertex -18.05 -85 26.2
      vertex -17.9631 -57.59 38.1692
    endloop
  endfacet
  facet normal -0.830308 -0.250756 0.497704
    outer loop
      vertex -15.9187 -57.59 44.9087
      vertex -17.2728 -90.2396 26.2
      vertex -15.008 -57.59 46.428
    endloop
  endfacet
  facet normal 0.708887 -0.335253 0.620552
    outer loop
      vertex 16.676 -91.9074 26.2
      vertex 13.9528 -57.59 47.8508
      vertex 15.9187 -93.5087 26.2
    endloop
  endfacet
  facet normal 0.514114 0.00623821 -0.857699
    outer loop
      vertex 9.35883 -59.85 20.973
      vertex 10.028 -57.39 21.392
      vertex 11.1661 -61.3071 22.0457
    endloop
  endfacet
  facet normal 0.514123 0.006235 -0.857694
    outer loop
      vertex 10.028 -57.39 21.392
      vertex 9.35883 -59.85 20.973
      vertex 8.50871 -57.39 20.4813
    endloop
  endfacet
  facet normal 0.297034 -0.495369 0.816321
    outer loop
      vertex 10.028 -100.008 26.2
      vertex 6.90744 -57.59 53.076
      vertex 8.50871 -100.919 26.2
    endloop
  endfacet
  facet normal 0.208785 -0.511521 0.83352
    outer loop
      vertex 5.23964 -57.59 53.6728
      vertex 3.52138 -57.59 54.1032
      vertex 6.90744 -101.676 26.2
    endloop
  endfacet
  facet normal 0.556256 -0.41254 0.721381
    outer loop
      vertex 15.008 -95.028 26.2
      vertex 11.4508 -57.59 50.3528
      vertex 13.9528 -96.4508 26.2
    endloop
  endfacet
  facet normal 0.541003 -0.418551 0.729473
    outer loop
      vertex 11.4508 -57.59 50.3528
      vertex 10.028 -57.59 51.408
      vertex 13.9528 -96.4508 26.2
    endloop
  endfacet
  facet normal 0.292508 -0.496226 0.817434
    outer loop
      vertex 6.90744 -57.59 53.076
      vertex 5.23964 -57.59 53.6728
      vertex 8.50871 -100.919 26.2
    endloop
  endfacet
  facet normal -0.803213 0 0.595692
    outer loop
      vertex -15.008 -57.59 46.428
      vertex -13.9528 -57.39 47.8508
      vertex -15.008 -57.39 46.428
    endloop
  endfacet
  facet normal -0.803213 0 0.595692
    outer loop
      vertex -13.9528 -57.39 47.8508
      vertex -15.008 -57.59 46.428
      vertex -13.9528 -57.59 47.8508
    endloop
  endfacet
  facet normal 0.376123 -0.475437 0.795293
    outer loop
      vertex 8.50871 -57.59 52.3187
      vertex 6.90744 -57.59 53.076
      vertex 11.4508 -98.9528 26.2
    endloop
  endfacet
  facet normal 0.740974 -0 0.671534
    outer loop
      vertex 13.2391 -57.59 48.6383
      vertex 13.9528 -57.39 47.8508
      vertex 13.2391 -57.39 48.6383
    endloop
  endfacet
  facet normal 0.740974 0 0.671534
    outer loop
      vertex 13.9528 -57.39 47.8508
      vertex 13.2391 -57.59 48.6383
      vertex 13.9528 -57.59 47.8508
    endloop
  endfacet
  facet normal 0 -1 0
    outer loop
      vertex 13.9528 -57.59 47.8508
      vertex 13.2391 -57.59 48.6383
      vertex 12.7633 -57.59 49.1633
    endloop
  endfacet
  facet normal -0.208785 -0.511521 0.83352
    outer loop
      vertex -5.23964 -57.59 53.6728
      vertex -6.90744 -101.676 26.2
      vertex -3.52138 -57.59 54.1032
    endloop
  endfacet
  facet normal 0.125158 -0.521893 0.843779
    outer loop
      vertex 3.52138 -57.59 54.1032
      vertex 1.76921 -57.59 54.3631
      vertex 3.52138 -102.703 26.2
    endloop
  endfacet
  facet normal 0.146688 0 0.989183
    outer loop
      vertex 2.47008 -57.39 54.2591
      vertex 3.52138 -57.59 54.1032
      vertex 3.52138 -57.39 54.1032
    endloop
  endfacet
  facet normal 0.146688 0 0.989183
    outer loop
      vertex 3.52138 -57.59 54.1032
      vertex 2.47008 -57.39 54.2591
      vertex 2.47008 -57.59 54.2591
    endloop
  endfacet
  facet normal -0 1 -0
    outer loop
      vertex 2.47008 -57.59 54.2591
      vertex 1.76921 -57.59 54.3631
      vertex 3.52138 -57.59 54.1032
    endloop
  endfacet
  facet normal -0.991728 -0.048712 0.118753
    outer loop
      vertex -17.9631 -57.59 38.1692
      vertex -18.05 -85 26.2
      vertex -17.9631 -86.7692 26.2
    endloop
  endfacet
  facet normal -0.98819 0.0485431 -0.145338
    outer loop
      vertex -17.9897 -83.2075 26.1886
      vertex -17.9631 -57.39 34.6308
      vertex -17.9631 -82.7184 26.1711
    endloop
  endfacet
  facet normal -0.999995 0 0.00315082
    outer loop
      vertex -17.9897 -83.2078 26.1886
      vertex -17.9631 -57.39 34.6308
      vertex -17.9897 -83.2075 26.1886
    endloop
  endfacet
  facet normal -0.999995 0 0.00315082
    outer loop
      vertex -17.9897 -83.2082 26.1886
      vertex -17.9631 -57.39 34.6308
      vertex -17.9897 -83.2078 26.1886
    endloop
  endfacet
  facet normal -0.988183 0.0485569 -0.145385
    outer loop
      vertex -17.9631 -57.39 34.6308
      vertex -17.9897 -83.2082 26.1886
      vertex -18.0481 -84.3967 26.1886
    endloop
  endfacet
  facet normal 0.35681 -0.481112 0.800761
    outer loop
      vertex 11.4508 -98.9528 26.2
      vertex 6.90744 -57.59 53.076
      vertex 10.028 -100.008 26.2
    endloop
  endfacet
  facet normal 0.459267 -0.449493 0.766179
    outer loop
      vertex 10.028 -57.59 51.408
      vertex 8.50871 -57.59 52.3187
      vertex 12.7633 -97.7633 26.2
    endloop
  endfacet
  facet normal -0.556256 -0.41254 0.721381
    outer loop
      vertex -11.4508 -57.59 50.3528
      vertex -15.008 -95.028 26.2
      vertex -13.9528 -96.4508 26.2
    endloop
  endfacet
  facet normal -0.740974 0 0.671534
    outer loop
      vertex -13.9528 -57.59 47.8508
      vertex -13.2391 -57.39 48.6383
      vertex -13.9528 -57.39 47.8508
    endloop
  endfacet
  facet normal -0.740974 0 0.671534
    outer loop
      vertex -13.2391 -57.39 48.6383
      vertex -13.9528 -57.59 47.8508
      vertex -13.2391 -57.59 48.6383
    endloop
  endfacet
  facet normal 0 -1 -0
    outer loop
      vertex -13.2391 -57.59 48.6383
      vertex -13.9528 -57.59 47.8508
      vertex -12.7633 -57.59 49.1633
    endloop
  endfacet
  facet normal 0.243034 0 0.970018
    outer loop
      vertex 3.52138 -57.39 54.1032
      vertex 4.55233 -57.59 53.8449
      vertex 4.55233 -57.39 53.8449
    endloop
  endfacet
  facet normal 0.243034 0 0.970018
    outer loop
      vertex 4.55233 -57.59 53.8449
      vertex 3.52138 -57.39 54.1032
      vertex 3.52138 -57.59 54.1032
    endloop
  endfacet
  facet normal -0 1 -0
    outer loop
      vertex 4.55233 -57.59 53.8449
      vertex 3.52138 -57.59 54.1032
      vertex 5.23964 -57.59 53.6728
    endloop
  endfacet
  facet normal 0.595731 0 0.803184
    outer loop
      vertex 10.5971 -57.39 50.986
      vertex 11.4508 -57.59 50.3528
      vertex 11.4508 -57.39 50.3528
    endloop
  endfacet
  facet normal 0.595731 0 0.803184
    outer loop
      vertex 11.4508 -57.59 50.3528
      vertex 10.5971 -57.39 50.986
      vertex 10.5971 -57.59 50.986
    endloop
  endfacet
  facet normal -0 -1 -0
    outer loop
      vertex 10.5971 -57.59 50.986
      vertex 10.028 -57.59 51.408
      vertex 11.4508 -57.59 50.3528
    endloop
  endfacet
  facet normal 0.989183 -0 0.146688
    outer loop
      vertex 17.7032 -57.59 39.9214
      vertex 17.8591 -57.39 38.8701
      vertex 17.7032 -57.39 39.9214
    endloop
  endfacet
  facet normal 0.989183 0 0.146688
    outer loop
      vertex 17.8591 -57.39 38.8701
      vertex 17.7032 -57.59 39.9214
      vertex 17.8591 -57.59 38.8701
    endloop
  endfacet
  facet normal -0 1 -0
    outer loop
      vertex 17.8591 -57.59 38.8701
      vertex 17.7032 -57.59 39.9214
      vertex 17.9631 -57.59 38.1692
    endloop
  endfacet
  facet normal -0.459267 -0.449493 0.766179
    outer loop
      vertex -10.028 -57.59 51.408
      vertex -12.7633 -97.7633 26.2
      vertex -8.50871 -57.59 52.3187
    endloop
  endfacet
  facet normal -0.125158 -0.521893 0.843779
    outer loop
      vertex -3.52138 -57.59 54.1032
      vertex -3.52138 -102.703 26.2
      vertex -1.76921 -57.59 54.3631
    endloop
  endfacet
  facet normal -0.0772392 -0.525795 0.847097
    outer loop
      vertex -1.76921 -57.59 54.3631
      vertex -1.84776 -85.2853 37.1654
      vertex -1.76921 -85.0294 37.3314
    endloop
  endfacet
  facet normal -0.0781535 -0.525756 0.847038
    outer loop
      vertex -1.76921 -57.59 54.3631
      vertex -1.91388 -85.5732 36.9806
      vertex -1.84776 -85.2853 37.1654
    endloop
  endfacet
  facet normal -0.0777196 -0.525775 0.847066
    outer loop
      vertex -1.76921 -57.59 54.3631
      vertex -1.96157 -85.8729 36.7902
      vertex -1.91388 -85.5732 36.9806
    endloop
  endfacet
  facet normal -0.0799587 -0.525671 0.846922
    outer loop
      vertex -1.76921 -57.59 54.3631
      vertex -1.99037 -86.1814 36.596
      vertex -1.96157 -85.8729 36.7902
    endloop
  endfacet
  facet normal -0.078018 -0.525763 0.847046
    outer loop
      vertex -3.52138 -102.703 26.2
      vertex -1.99037 -86.1814 36.596
      vertex -1.76921 -57.59 54.3631
    endloop
  endfacet
  facet normal -0.0795598 -0.525595 0.847006
    outer loop
      vertex -1.99037 -86.1814 36.596
      vertex -3.52138 -102.703 26.2
      vertex -2 -86.4958 36.4
    endloop
  endfacet
  facet normal -0.0789917 -0.525642 0.84703
    outer loop
      vertex -3.52138 -102.703 26.2
      vertex -1.76921 -88.0307 35.4686
      vertex -1.84776 -87.7514 35.6346
    endloop
  endfacet
  facet normal -0.077808 -0.525787 0.84705
    outer loop
      vertex -3.52138 -102.703 26.2
      vertex -1.84776 -87.7514 35.6346
      vertex -1.91388 -87.4439 35.8194
    endloop
  endfacet
  facet normal -0.0778448 -0.525783 0.847049
    outer loop
      vertex -3.52138 -102.703 26.2
      vertex -1.91388 -87.4439 35.8194
      vertex -1.96157 -87.1301 36.0098
    endloop
  endfacet
  facet normal -0.0767603 -0.525906 0.847072
    outer loop
      vertex -3.52138 -102.703 26.2
      vertex -1.96157 -87.1301 36.0098
      vertex -1.99037 -86.8131 36.204
    endloop
  endfacet
  facet normal -0.0793549 -0.525618 0.847012
    outer loop
      vertex -3.52138 -102.703 26.2
      vertex -1.99037 -86.8131 36.204
      vertex -2 -86.4958 36.4
    endloop
  endfacet
  facet normal -0.0780172 -0.525767 0.847043
    outer loop
      vertex -1.76921 -88.0307 35.4686
      vertex -3.52138 -102.703 26.2
      vertex -1.76921 -102.963 26.2
    endloop
  endfacet
  facet normal -0.964663 -0.105039 0.241643
    outer loop
      vertex -17.7032 -57.59 39.9214
      vertex -17.9631 -86.7692 26.2
      vertex -17.2728 -57.59 41.6396
    endloop
  endfacet
  facet normal -0.941701 -0.139681 0.306085
    outer loop
      vertex -17.2728 -57.59 41.6396
      vertex -17.9631 -86.7692 26.2
      vertex -17.7032 -88.5214 26.2
    endloop
  endfacet
  facet normal -0.885335 -0.202172 0.4187
    outer loop
      vertex -16.676 -57.59 43.3074
      vertex -17.7032 -88.5214 26.2
      vertex -15.9187 -57.59 44.9087
    endloop
  endfacet
  facet normal -0.989183 0 0.146688
    outer loop
      vertex -17.8591 -57.59 38.8701
      vertex -17.7032 -57.39 39.9214
      vertex -17.8591 -57.39 38.8701
    endloop
  endfacet
  facet normal -0.989183 0 0.146688
    outer loop
      vertex -17.7032 -57.39 39.9214
      vertex -17.8591 -57.59 38.8701
      vertex -17.7032 -57.59 39.9214
    endloop
  endfacet
  facet normal 0 1 -0
    outer loop
      vertex -17.8591 -57.59 38.8701
      vertex -17.9631 -57.59 38.1692
      vertex -17.7032 -57.59 39.9214
    endloop
  endfacet
  facet normal -0.937538 0.0920427 -0.335485
    outer loop
      vertex -17.9054 -82.0719 26.1566
      vertex -17.2728 -57.39 31.1604
      vertex -16.676 -57.39 29.4926
    endloop
  endfacet
  facet normal -0.937517 0.0920535 -0.335541
    outer loop
      vertex -17.2728 -57.39 31.1604
      vertex -17.9054 -82.0719 26.1566
      vertex -17.9414 -82.4174 26.1624
    endloop
  endfacet
  facet normal -0.514123 0.006235 -0.857694
    outer loop
      vertex -9.35883 -59.85 20.973
      vertex -10.028 -57.39 21.392
      vertex -8.50871 -57.39 20.4813
    endloop
  endfacet
  facet normal -0.514114 0.00623821 -0.857699
    outer loop
      vertex -10.028 -57.39 21.392
      vertex -9.35883 -59.85 20.973
      vertex -11.1661 -61.3071 22.0457
    endloop
  endfacet
  facet normal -0.427535 0 -0.903999
    outer loop
      vertex -8.50871 -57.59 20.4813
      vertex -6.90744 -57.39 19.724
      vertex -6.90744 -57.59 19.724
    endloop
  endfacet
  facet normal -0.427535 0 -0.903999
    outer loop
      vertex -6.90744 -57.39 19.724
      vertex -8.50871 -57.59 20.4813
      vertex -8.50871 -57.39 20.4813
    endloop
  endfacet
  facet normal 0.98819 0.0485431 -0.145338
    outer loop
      vertex 17.9631 -57.39 34.6308
      vertex 17.9897 -83.2075 26.1886
      vertex 17.9631 -82.7184 26.1711
    endloop
  endfacet
  facet normal 0.999995 0 0.00315082
    outer loop
      vertex 17.9631 -57.39 34.6308
      vertex 17.9897 -83.2078 26.1886
      vertex 17.9897 -83.2075 26.1886
    endloop
  endfacet
  facet normal 0.999995 0 0.00315082
    outer loop
      vertex 17.9631 -57.39 34.6308
      vertex 17.9897 -83.2082 26.1886
      vertex 17.9897 -83.2078 26.1886
    endloop
  endfacet
  facet normal 0.988183 0.0485569 -0.145385
    outer loop
      vertex 17.9897 -83.2082 26.1886
      vertex 17.9631 -57.39 34.6308
      vertex 18.0481 -84.3967 26.1886
    endloop
  endfacet
  facet normal 0.869608 -0.217832 0.443092
    outer loop
      vertex 17.7032 -88.5214 26.2
      vertex 15.9187 -57.59 44.9087
      vertex 17.2728 -90.2396 26.2
    endloop
  endfacet
  facet normal 0.500866 9.64021e-05 -0.865525
    outer loop
      vertex 8.50871 -57.59 20.4813
      vertex 9.35883 -59.85 20.973
      vertex 9.27155 -59.7815 20.9225
    endloop
  endfacet
  facet normal 0.500674 0 -0.865636
    outer loop
      vertex 9.35883 -59.85 20.973
      vertex 8.50871 -57.59 20.4813
      vertex 8.50871 -57.39 20.4813
    endloop
  endfacet
  facet normal 0.0795598 -0.525595 0.847006
    outer loop
      vertex 3.52138 -102.703 26.2
      vertex 1.99037 -86.1814 36.596
      vertex 2 -86.4958 36.4
    endloop
  endfacet
  facet normal 0.078018 -0.525763 0.847046
    outer loop
      vertex 1.76921 -57.59 54.3631
      vertex 1.99037 -86.1814 36.596
      vertex 3.52138 -102.703 26.2
    endloop
  endfacet
  facet normal 0.0799587 -0.525671 0.846922
    outer loop
      vertex 1.76921 -57.59 54.3631
      vertex 1.96157 -85.8729 36.7902
      vertex 1.99037 -86.1814 36.596
    endloop
  endfacet
  facet normal 0.0777196 -0.525775 0.847066
    outer loop
      vertex 1.76921 -57.59 54.3631
      vertex 1.91388 -85.5732 36.9806
      vertex 1.96157 -85.8729 36.7902
    endloop
  endfacet
  facet normal 0.0781535 -0.525756 0.847038
    outer loop
      vertex 1.76921 -57.59 54.3631
      vertex 1.84776 -85.2853 37.1654
      vertex 1.91388 -85.5732 36.9806
    endloop
  endfacet
  facet normal 0.0772392 -0.525795 0.847097
    outer loop
      vertex 1.84776 -85.2853 37.1654
      vertex 1.76921 -57.59 54.3631
      vertex 1.76921 -85.0294 37.3314
    endloop
  endfacet
  facet normal 0.0793549 -0.525618 0.847012
    outer loop
      vertex 1.99037 -86.8131 36.204
      vertex 3.52138 -102.703 26.2
      vertex 2 -86.4958 36.4
    endloop
  endfacet
  facet normal 0.0767603 -0.525906 0.847072
    outer loop
      vertex 1.96157 -87.1301 36.0098
      vertex 3.52138 -102.703 26.2
      vertex 1.99037 -86.8131 36.204
    endloop
  endfacet
  facet normal 0.0778448 -0.525783 0.847049
    outer loop
      vertex 1.91388 -87.4439 35.8194
      vertex 3.52138 -102.703 26.2
      vertex 1.96157 -87.1301 36.0098
    endloop
  endfacet
  facet normal 0.077808 -0.525787 0.84705
    outer loop
      vertex 1.84776 -87.7514 35.6346
      vertex 3.52138 -102.703 26.2
      vertex 1.91388 -87.4439 35.8194
    endloop
  endfacet
  facet normal 0.0789917 -0.525642 0.84703
    outer loop
      vertex 1.76921 -88.0307 35.4686
      vertex 3.52138 -102.703 26.2
      vertex 1.84776 -87.7514 35.6346
    endloop
  endfacet
  facet normal 0.0780172 -0.525767 0.847043
    outer loop
      vertex 3.52138 -102.703 26.2
      vertex 1.76921 -88.0307 35.4686
      vertex 1.76921 -102.963 26.2
    endloop
  endfacet
  facet normal 0.130514 -0.521529 0.843192
    outer loop
      vertex 3.52138 -57.59 54.1032
      vertex 3.52138 -102.703 26.2
      vertex 5.23964 -102.273 26.2
    endloop
  endfacet
  facet normal -0.671534 0 0.740974
    outer loop
      vertex -12.2383 -57.39 49.6391
      vertex -11.4508 -57.59 50.3528
      vertex -11.4508 -57.39 50.3528
    endloop
  endfacet
  facet normal -0.671534 0 0.740974
    outer loop
      vertex -11.4508 -57.59 50.3528
      vertex -12.2383 -57.39 49.6391
      vertex -12.2383 -57.59 49.6391
    endloop
  endfacet
  facet normal 0 1 -0
    outer loop
      vertex -12.2383 -57.59 49.6391
      vertex -12.7633 -57.59 49.1633
      vertex -11.4508 -57.59 50.3528
    endloop
  endfacet
  facet normal 0.671534 0 0.740974
    outer loop
      vertex 11.4508 -57.39 50.3528
      vertex 12.2383 -57.59 49.6391
      vertex 12.2383 -57.39 49.6391
    endloop
  endfacet
  facet normal 0.671534 0 0.740974
    outer loop
      vertex 12.2383 -57.59 49.6391
      vertex 11.4508 -57.39 50.3528
      vertex 11.4508 -57.59 50.3528
    endloop
  endfacet
  facet normal -0 1 -0
    outer loop
      vertex 12.2383 -57.59 49.6391
      vertex 11.4508 -57.59 50.3528
      vertex 12.7633 -57.59 49.1633
    endloop
  endfacet
  facet normal 0.885335 -0.202172 0.4187
    outer loop
      vertex 16.676 -57.59 43.3074
      vertex 15.9187 -57.59 44.9087
      vertex 17.7032 -88.5214 26.2
    endloop
  endfacet
  facet normal -0.243034 0 0.970018
    outer loop
      vertex -4.55233 -57.39 53.8449
      vertex -3.52138 -57.59 54.1032
      vertex -3.52138 -57.39 54.1032
    endloop
  endfacet
  facet normal -0.243034 0 0.970018
    outer loop
      vertex -3.52138 -57.59 54.1032
      vertex -4.55233 -57.39 53.8449
      vertex -4.55233 -57.59 53.8449
    endloop
  endfacet
  facet normal 0 1 -0
    outer loop
      vertex -4.55233 -57.59 53.8449
      vertex -5.23964 -57.59 53.6728
      vertex -3.52138 -57.59 54.1032
    endloop
  endfacet
  facet normal -0.336003 -0.0732421 -0.939009
    outer loop
      vertex -5.74822 -57.59 19.3092
      vertex -7.17889 -58.3678 19.8818
      vertex -6.90744 -57.59 19.724
    endloop
  endfacet
  facet normal -0.130514 -0.521529 0.843192
    outer loop
      vertex -3.52138 -57.59 54.1032
      vertex -5.23964 -102.273 26.2
      vertex -3.52138 -102.703 26.2
    endloop
  endfacet
  facet normal -0.146688 0 0.989183
    outer loop
      vertex -3.52138 -57.39 54.1032
      vertex -2.47008 -57.59 54.2591
      vertex -2.47008 -57.39 54.2591
    endloop
  endfacet
  facet normal -0.146688 0 0.989183
    outer loop
      vertex -2.47008 -57.59 54.2591
      vertex -3.52138 -57.39 54.1032
      vertex -3.52138 -57.59 54.1032
    endloop
  endfacet
  facet normal 0 1 -0
    outer loop
      vertex -2.47008 -57.59 54.2591
      vertex -3.52138 -57.59 54.1032
      vertex -1.76921 -57.59 54.3631
    endloop
  endfacet
  facet normal -0.0259774 -0.527632 0.849076
    outer loop
      vertex -1.76921 -102.963 26.2
      vertex 0 -89.8545 34.4
      vertex -0.196033 -89.8294 34.4096
    endloop
  endfacet
  facet normal -0.0259663 -0.527633 0.849075
    outer loop
      vertex -1.76921 -102.963 26.2
      vertex -0.196033 -89.8294 34.4096
      vertex -0.390181 -89.7735 34.4384
    endloop
  endfacet
  facet normal -0.0258891 -0.52764 0.849074
    outer loop
      vertex -1.76921 -102.963 26.2
      vertex -0.390181 -89.7735 34.4384
      vertex -0.580569 -89.6874 34.4861
    endloop
  endfacet
  facet normal -0.0260654 -0.527626 0.849077
    outer loop
      vertex -1.76921 -102.963 26.2
      vertex -0.580569 -89.6874 34.4861
      vertex -0.765367 -89.5719 34.5522
    endloop
  endfacet
  facet normal -0.0253889 -0.527672 0.849069
    outer loop
      vertex -1.76921 -102.963 26.2
      vertex -0.765367 -89.5719 34.5522
      vertex -0.942793 -89.4282 34.6362
    endloop
  endfacet
  facet normal -0.0261072 -0.52763 0.849073
    outer loop
      vertex -1.76921 -102.963 26.2
      vertex -0.942793 -89.4282 34.6362
      vertex -1.11114 -89.2575 34.7371
    endloop
  endfacet
  facet normal -0.0261857 -0.527627 0.849073
    outer loop
      vertex -1.76921 -102.963 26.2
      vertex -1.11114 -89.2575 34.7371
      vertex -1.22908 -89.111 34.8245
    endloop
  endfacet
  facet normal -0.0259462 -0.527635 0.849075
    outer loop
      vertex 0 -89.8545 34.4
      vertex -1.76921 -102.963 26.2
      vertex 0 -103.05 26.2
    endloop
  endfacet
  facet normal -0.0257002 -0.52764 0.849079
    outer loop
      vertex 0 -57.59 54.45
      vertex -0.196033 -83.4236 38.3904
      vertex 0 -83.4177 38.4
    endloop
  endfacet
  facet normal -0.0259409 -0.527635 0.849075
    outer loop
      vertex 0 -57.59 54.45
      vertex -0.390181 -83.4604 38.3616
      vertex -0.196033 -83.4236 38.3904
    endloop
  endfacet
  facet normal -0.0259378 -0.527635 0.849075
    outer loop
      vertex 0 -57.59 54.45
      vertex -0.580569 -83.5278 38.3139
      vertex -0.390181 -83.4604 38.3616
    endloop
  endfacet
  facet normal -0.0258923 -0.527637 0.849075
    outer loop
      vertex 0 -57.59 54.45
      vertex -0.765367 -83.6251 38.2478
      vertex -0.580569 -83.5278 38.3139
    endloop
  endfacet
  facet normal -0.0263979 -0.527619 0.849071
    outer loop
      vertex 0 -57.59 54.45
      vertex -0.942793 -83.7514 38.1638
      vertex -0.765367 -83.6251 38.2478
    endloop
  endfacet
  facet normal -0.025262 -0.527664 0.849077
    outer loop
      vertex -0.942793 -83.7514 38.1638
      vertex 0 -57.59 54.45
      vertex -1.02296 -83.8248 38.1158
    endloop
  endfacet
  facet normal -0.998625 0.0184761 -0.0490507
    outer loop
      vertex -18.0481 -84.3967 26.1886
      vertex -18.05 -57.39 36.4
      vertex -17.9631 -57.39 34.6308
    endloop
  endfacet
  facet normal -0.998622 0.0184956 -0.0491022
    outer loop
      vertex -18.05 -57.39 36.4
      vertex -18.0481 -84.3967 26.1886
      vertex -18.05 -84.4961 26.1898
    endloop
  endfacet
  facet normal -0.970015 0 0.243045
    outer loop
      vertex -17.7032 -57.59 39.9214
      vertex -17.4449 -57.39 40.9523
      vertex -17.7032 -57.39 39.9214
    endloop
  endfacet
  facet normal -0.970015 0 0.243045
    outer loop
      vertex -17.4449 -57.39 40.9523
      vertex -17.7032 -57.59 39.9214
      vertex -17.4449 -57.59 40.9523
    endloop
  endfacet
  facet normal 0 1 -0
    outer loop
      vertex -17.4449 -57.59 40.9523
      vertex -17.7032 -57.59 39.9214
      vertex -17.2728 -57.59 41.6396
    endloop
  endfacet
  facet normal -0.852979 0.104904 -0.511294
    outer loop
      vertex -17.5019 -79.1979 26.0581
      vertex -15.9187 -57.39 27.8913
      vertex -15.008 -57.39 26.372
    endloop
  endfacet
  facet normal -0.85271 0.104922 -0.511739
    outer loop
      vertex -17.5559 -79.5319 26.0796
      vertex -15.9187 -57.39 27.8913
      vertex -17.5019 -79.1979 26.0581
    endloop
  endfacet
  facet normal -0.859592 0.104486 -0.500185
    outer loop
      vertex -17.5565 -79.5354 26.0799
      vertex -15.9187 -57.39 27.8913
      vertex -17.5559 -79.5319 26.0796
    endloop
  endfacet
  facet normal -0.830907 0.106128 -0.546196
    outer loop
      vertex -17.557 -79.5388 26.08
      vertex -15.9187 -57.39 27.8913
      vertex -17.5565 -79.5354 26.0799
    endloop
  endfacet
  facet normal -0.852988 0.104905 -0.51128
    outer loop
      vertex -15.9187 -57.39 27.8913
      vertex -17.557 -79.5388 26.08
      vertex -17.8074 -81.2624 26.1441
    endloop
  endfacet
  facet normal -0.899262 0.102273 -0.425286
    outer loop
      vertex -17.8074 -81.2624 26.1441
      vertex -16.676 -57.39 29.4926
      vertex -15.9187 -57.39 27.8913
    endloop
  endfacet
  facet normal -0.898867 0.102368 -0.426098
    outer loop
      vertex -17.823 -81.3794 26.1489
      vertex -16.676 -57.39 29.4926
      vertex -17.8074 -81.2624 26.1441
    endloop
  endfacet
  facet normal -0.899262 0.102274 -0.425286
    outer loop
      vertex -16.676 -57.39 29.4926
      vertex -17.823 -81.3794 26.1489
      vertex -17.9054 -82.0719 26.1566
    endloop
  endfacet
  facet normal -0.738142 0.0873489 -0.668967
    outer loop
      vertex -14.9402 -68.2085 24.6261
      vertex -13.9528 -57.39 24.9492
      vertex -12.7633 -57.39 23.6367
    endloop
  endfacet
  facet normal -0.738034 0.0873427 -0.669087
    outer loop
      vertex -15.1529 -68.8751 24.7737
      vertex -13.9528 -57.39 24.9492
      vertex -14.9402 -68.2085 24.6261
    endloop
  endfacet
  facet normal -0.741785 0.0876703 -0.664883
    outer loop
      vertex -15.1635 -68.9117 24.7807
      vertex -13.9528 -57.39 24.9492
      vertex -15.1529 -68.8751 24.7737
    endloop
  endfacet
  facet normal -0.738057 0.0873398 -0.669062
    outer loop
      vertex -15.6175 -70.4738 25.0776
      vertex -13.9528 -57.39 24.9492
      vertex -15.1635 -68.9117 24.7807
    endloop
  endfacet
  facet normal -0.738074 0.0873421 -0.669043
    outer loop
      vertex -16.0615 -72.1499 25.3486
      vertex -13.9528 -57.39 24.9492
      vertex -15.6175 -70.4738 25.0776
    endloop
  endfacet
  facet normal -0.738287 0.0873791 -0.668802
    outer loop
      vertex -16.0677 -72.1732 25.3524
      vertex -13.9528 -57.39 24.9492
      vertex -16.0615 -72.1499 25.3486
    endloop
  endfacet
  facet normal -0.738223 0.087368 -0.668874
    outer loop
      vertex -16.4922 -73.9349 25.5908
      vertex -13.9528 -57.39 24.9492
      vertex -16.0677 -72.1732 25.3524
    endloop
  endfacet
  facet normal -0.742844 0.0882811 -0.663618
    outer loop
      vertex -16.4964 -73.9522 25.5932
      vertex -13.9528 -57.39 24.9492
      vertex -16.4922 -73.9349 25.5908
    endloop
  endfacet
  facet normal -0.738728 0.0874668 -0.668304
    outer loop
      vertex -13.9528 -57.39 24.9492
      vertex -16.4964 -73.9522 25.5932
      vertex -16.589 -74.3767 25.64
    endloop
  endfacet
  facet normal -0.799193 0.0999245 -0.59271
    outer loop
      vertex -16.589 -74.3767 25.64
      vertex -15.008 -57.39 26.372
      vertex -13.9528 -57.39 24.9492
    endloop
  endfacet
  facet normal -0.799093 0.0999211 -0.592846
    outer loop
      vertex -16.8826 -75.7831 25.7987
      vertex -15.008 -57.39 26.372
      vertex -16.589 -74.3767 25.64
    endloop
  endfacet
  facet normal -0.802522 0.100125 -0.588161
    outer loop
      vertex -16.885 -75.7947 25.8
      vertex -15.008 -57.39 26.372
      vertex -16.8826 -75.7831 25.7987
    endloop
  endfacet
  facet normal -0.81646 0.100935 -0.568511
    outer loop
      vertex -16.8872 -75.8063 25.8011
      vertex -15.008 -57.39 26.372
      vertex -16.885 -75.7947 25.8
    endloop
  endfacet
  facet normal -0.799018 0.099913 -0.592949
    outer loop
      vertex -17.2402 -77.6655 25.9635
      vertex -15.008 -57.39 26.372
      vertex -16.8872 -75.8063 25.8011
    endloop
  endfacet
  facet normal -0.799384 0.0999433 -0.592449
    outer loop
      vertex -15.008 -57.39 26.372
      vertex -17.2402 -77.6655 25.9635
      vertex -17.5019 -79.1979 26.0581
    endloop
  endfacet
  facet normal -0.670016 0.0672094 -0.739298
    outer loop
      vertex -13.0083 -63.5702 23.2969
      vertex -12.7633 -57.39 23.6367
      vertex -11.4508 -57.39 22.4472
    endloop
  endfacet
  facet normal -0.670056 0.067209 -0.739262
    outer loop
      vertex -13.1423 -63.8128 23.3963
      vertex -12.7633 -57.39 23.6367
      vertex -13.0083 -63.5702 23.2969
    endloop
  endfacet
  facet normal -0.669215 0.0671879 -0.740025
    outer loop
      vertex -13.1662 -63.8559 23.414
      vertex -12.7633 -57.39 23.6367
      vertex -13.1423 -63.8128 23.3963
    endloop
  endfacet
  facet normal -0.670237 0.0672196 -0.739097
    outer loop
      vertex -13.1895 -63.9046 23.4307
      vertex -12.7633 -57.39 23.6367
      vertex -13.1662 -63.8559 23.414
    endloop
  endfacet
  facet normal -0.669997 0.0672108 -0.739315
    outer loop
      vertex -13.6613 -64.8876 23.7689
      vertex -12.7633 -57.39 23.6367
      vertex -13.1895 -63.9046 23.4307
    endloop
  endfacet
  facet normal -0.67008 0.0672222 -0.739238
    outer loop
      vertex -14.1455 -66.0302 24.1039
      vertex -12.7633 -57.39 23.6367
      vertex -13.6613 -64.8876 23.7689
    endloop
  endfacet
  facet normal -0.671171 0.0674512 -0.738228
    outer loop
      vertex -14.1634 -66.0726 24.1163
      vertex -12.7633 -57.39 23.6367
      vertex -14.1455 -66.0302 24.1039
    endloop
  endfacet
  facet normal -0.668659 0.0669178 -0.740552
    outer loop
      vertex -14.1807 -66.1182 24.1278
      vertex -12.7633 -57.39 23.6367
      vertex -14.1634 -66.0726 24.1163
    endloop
  endfacet
  facet normal -0.669962 0.0671971 -0.739348
    outer loop
      vertex -14.6667 -67.4032 24.4514
      vertex -12.7633 -57.39 23.6367
      vertex -14.1807 -66.1182 24.1278
    endloop
  endfacet
  facet normal -0.670231 0.0672687 -0.739098
    outer loop
      vertex -14.6808 -67.4448 24.4604
      vertex -12.7633 -57.39 23.6367
      vertex -14.6667 -67.4032 24.4514
    endloop
  endfacet
  facet normal -0.670153 0.0672479 -0.73917
    outer loop
      vertex -12.7633 -57.39 23.6367
      vertex -14.6808 -67.4448 24.4604
      vertex -14.9402 -68.2085 24.6261
    endloop
  endfacet
  facet normal -0.967353 0.0742335 -0.242317
    outer loop
      vertex -17.9414 -82.4174 26.1624
      vertex -17.7032 -57.39 32.8786
      vertex -17.2728 -57.39 31.1604
    endloop
  endfacet
  facet normal -0.967434 0.0741539 -0.242017
    outer loop
      vertex -17.7032 -57.39 32.8786
      vertex -17.9414 -82.4174 26.1624
      vertex -17.9568 -82.6033 26.167
    endloop
  endfacet
  facet normal 0.987391 -0.0600763 0.146458
    outer loop
      vertex 17.9631 -57.59 38.1692
      vertex 17.7032 -57.59 39.9214
      vertex 17.9631 -86.7692 26.2
    endloop
  endfacet
  facet normal 0.998629 -0.0182532 0.0490509
    outer loop
      vertex 18.05 -57.59 36.4
      vertex 17.9631 -57.59 38.1692
      vertex 18.05 -85 26.2
    endloop
  endfacet
  facet normal 0.336003 -0.0732421 -0.939009
    outer loop
      vertex 7.17889 -58.3678 19.8818
      vertex 5.74822 -57.59 19.3092
      vertex 6.90744 -57.59 19.724
    endloop
  endfacet
  facet normal 0.336907 0 -0.941538
    outer loop
      vertex 5.74822 -57.59 19.3092
      vertex 6.90744 -57.39 19.724
      vertex 6.90744 -57.59 19.724
    endloop
  endfacet
  facet normal 0.336883 0.000158899 -0.941546
    outer loop
      vertex 6.90744 -57.39 19.724
      vertex 5.74822 -57.59 19.3092
      vertex 5.33672 -57.39 19.162
    endloop
  endfacet
  facet normal 0.239646 -0.50692 0.828011
    outer loop
      vertex 8.50871 -100.919 26.2
      vertex 5.23964 -57.59 53.6728
      vertex 6.90744 -101.676 26.2
    endloop
  endfacet
  facet normal 0.69623 -0.342233 0.630983
    outer loop
      vertex 13.9528 -57.59 47.8508
      vertex 12.7633 -57.59 49.1633
      vertex 15.9187 -93.5087 26.2
    endloop
  endfacet
  facet normal 0.766742 -0.297913 0.568643
    outer loop
      vertex 15.008 -57.59 46.428
      vertex 13.9528 -57.59 47.8508
      vertex 16.676 -91.9074 26.2
    endloop
  endfacet
  facet normal 0.930414 -0.153241 0.332936
    outer loop
      vertex 17.2728 -57.59 41.6396
      vertex 16.676 -57.59 43.3074
      vertex 17.7032 -88.5214 26.2
    endloop
  endfacet
  facet normal 0.991728 -0.048712 0.118753
    outer loop
      vertex 17.9631 -57.59 38.1692
      vertex 17.9631 -86.7692 26.2
      vertex 18.05 -85 26.2
    endloop
  endfacet
  facet normal -0.376123 -0.475437 0.795293
    outer loop
      vertex -8.50871 -57.59 52.3187
      vertex -11.4508 -98.9528 26.2
      vertex -6.90744 -57.59 53.076
    endloop
  endfacet
  facet normal -0.419691 -0.463089 0.780645
    outer loop
      vertex -8.50871 -57.59 52.3187
      vertex -12.7633 -97.7633 26.2
      vertex -11.4508 -98.9528 26.2
    endloop
  endfacet
  facet normal -0.239646 -0.50692 0.828011
    outer loop
      vertex -5.23964 -57.59 53.6728
      vertex -8.50871 -100.919 26.2
      vertex -6.90744 -101.676 26.2
    endloop
  endfacet
  facet normal -0.292508 -0.496226 0.817434
    outer loop
      vertex -6.90744 -57.59 53.076
      vertex -8.50871 -100.919 26.2
      vertex -5.23964 -57.59 53.6728
    endloop
  endfacet
  facet normal -0.789703 -0.282585 0.544532
    outer loop
      vertex -15.008 -57.59 46.428
      vertex -17.2728 -90.2396 26.2
      vertex -16.676 -91.9074 26.2
    endloop
  endfacet
  facet normal -0.708887 -0.335253 0.620552
    outer loop
      vertex -13.9528 -57.59 47.8508
      vertex -16.676 -91.9074 26.2
      vertex -15.9187 -93.5087 26.2
    endloop
  endfacet
  facet normal -0.0490211 0 0.998798
    outer loop
      vertex -1.06153 -57.39 54.3979
      vertex 0 -57.59 54.45
      vertex 0 -57.39 54.45
    endloop
  endfacet
  facet normal -0.0490211 0 0.998798
    outer loop
      vertex 0 -57.59 54.45
      vertex -1.06153 -57.39 54.3979
      vertex -1.06153 -57.59 54.3979
    endloop
  endfacet
  facet normal 0 -1 0
    outer loop
      vertex 0 -57.59 54.45
      vertex -1.06153 -57.59 54.3979
      vertex -1.76921 -57.59 54.3631
    endloop
  endfacet
  facet normal 0.0261857 -0.527627 0.849073
    outer loop
      vertex 1.11114 -89.2575 34.7371
      vertex 1.76921 -102.963 26.2
      vertex 1.22908 -89.111 34.8245
    endloop
  endfacet
  facet normal 0.0261072 -0.52763 0.849073
    outer loop
      vertex 0.942793 -89.4282 34.6362
      vertex 1.76921 -102.963 26.2
      vertex 1.11114 -89.2575 34.7371
    endloop
  endfacet
  facet normal 0.0253889 -0.527672 0.849069
    outer loop
      vertex 0.765367 -89.5719 34.5522
      vertex 1.76921 -102.963 26.2
      vertex 0.942793 -89.4282 34.6362
    endloop
  endfacet
  facet normal 0.0260654 -0.527626 0.849077
    outer loop
      vertex 0.580569 -89.6874 34.4861
      vertex 1.76921 -102.963 26.2
      vertex 0.765367 -89.5719 34.5522
    endloop
  endfacet
  facet normal 0.0258891 -0.52764 0.849074
    outer loop
      vertex 0.390181 -89.7735 34.4384
      vertex 1.76921 -102.963 26.2
      vertex 0.580569 -89.6874 34.4861
    endloop
  endfacet
  facet normal 0.0259663 -0.527633 0.849075
    outer loop
      vertex 0.196033 -89.8294 34.4096
      vertex 1.76921 -102.963 26.2
      vertex 0.390181 -89.7735 34.4384
    endloop
  endfacet
  facet normal 0.0259774 -0.527632 0.849076
    outer loop
      vertex 0 -89.8545 34.4
      vertex 1.76921 -102.963 26.2
      vertex 0.196033 -89.8294 34.4096
    endloop
  endfacet
  facet normal 0.0259462 -0.527635 0.849075
    outer loop
      vertex 1.76921 -102.963 26.2
      vertex 0 -89.8545 34.4
      vertex 0 -103.05 26.2
    endloop
  endfacet
  facet normal 0.025262 -0.527664 0.849077
    outer loop
      vertex 0 -57.59 54.45
      vertex 0.942793 -83.7514 38.1638
      vertex 1.02296 -83.8248 38.1158
    endloop
  endfacet
  facet normal 0.0263979 -0.527619 0.849071
    outer loop
      vertex 0 -57.59 54.45
      vertex 0.765367 -83.6251 38.2478
      vertex 0.942793 -83.7514 38.1638
    endloop
  endfacet
  facet normal 0.0258923 -0.527637 0.849075
    outer loop
      vertex 0 -57.59 54.45
      vertex 0.580569 -83.5278 38.3139
      vertex 0.765367 -83.6251 38.2478
    endloop
  endfacet
  facet normal 0.0259378 -0.527635 0.849075
    outer loop
      vertex 0 -57.59 54.45
      vertex 0.390181 -83.4604 38.3616
      vertex 0.580569 -83.5278 38.3139
    endloop
  endfacet
  facet normal 0.0259409 -0.527635 0.849075
    outer loop
      vertex 0 -57.59 54.45
      vertex 0.196033 -83.4236 38.3904
      vertex 0.390181 -83.4604 38.3616
    endloop
  endfacet
  facet normal 0.0257002 -0.52764 0.849079
    outer loop
      vertex 0.196033 -83.4236 38.3904
      vertex 0 -57.59 54.45
      vertex 0 -83.4177 38.4
    endloop
  endfacet
  facet normal -0.987992 0.0489471 -0.146547
    outer loop
      vertex -17.9568 -82.6033 26.167
      vertex -17.9631 -57.39 34.6308
      vertex -17.7032 -57.39 32.8786
    endloop
  endfacet
  facet normal -0.988031 0.0488681 -0.146311
    outer loop
      vertex -17.9631 -57.39 34.6308
      vertex -17.9568 -82.6033 26.167
      vertex -17.9631 -82.7184 26.1711
    endloop
  endfacet
  facet normal -1 0 0
    outer loop
      vertex -18.05 -84.4961 26.1898
      vertex -18.05 -57.59 36.4
      vertex -18.05 -57.39 36.4
    endloop
  endfacet
  facet normal -1 0 0
    outer loop
      vertex -18.05 -57.59 36.4
      vertex -18.05 -84.4961 26.1898
      vertex -18.05 -85 26.2
    endloop
  endfacet
  facet normal -0.568614 0.0280091 -0.822128
    outer loop
      vertex -11.1661 -61.3071 22.0457
      vertex -11.2555 -61.3873 22.1048
      vertex -10.028 -57.39 21.392
    endloop
  endfacet
  facet normal -0.595223 0.0396659 -0.802581
    outer loop
      vertex -11.2555 -61.3873 22.1048
      vertex -11.4508 -57.39 22.4472
      vertex -10.028 -57.39 21.392
    endloop
  endfacet
  facet normal -0.595227 0.0396655 -0.802578
    outer loop
      vertex -11.6581 -61.7674 22.3846
      vertex -11.4508 -57.39 22.4472
      vertex -11.2555 -61.3873 22.1048
    endloop
  endfacet
  facet normal -0.595223 0.0396654 -0.802581
    outer loop
      vertex -12.1176 -62.2668 22.7007
      vertex -11.4508 -57.39 22.4472
      vertex -11.6581 -61.7674 22.3846
    endloop
  endfacet
  facet normal -0.595928 0.0397894 -0.802051
    outer loop
      vertex -12.1488 -62.3007 22.7222
      vertex -11.4508 -57.39 22.4472
      vertex -12.1176 -62.2668 22.7007
    endloop
  endfacet
  facet normal -0.594576 0.0395403 -0.803067
    outer loop
      vertex -12.1797 -62.3429 22.743
      vertex -11.4508 -57.39 22.4472
      vertex -12.1488 -62.3007 22.7222
    endloop
  endfacet
  facet normal -0.595233 0.0396665 -0.802574
    outer loop
      vertex -12.6573 -62.9947 23.065
      vertex -11.4508 -57.39 22.4472
      vertex -12.1797 -62.3429 22.743
    endloop
  endfacet
  facet normal -0.595284 0.0396817 -0.802535
    outer loop
      vertex -11.4508 -57.39 22.4472
      vertex -12.6573 -62.9947 23.065
      vertex -13.0083 -63.5702 23.2969
    endloop
  endfacet
  facet normal 0.970015 -0 0.243045
    outer loop
      vertex 17.4449 -57.59 40.9523
      vertex 17.7032 -57.39 39.9214
      vertex 17.4449 -57.39 40.9523
    endloop
  endfacet
  facet normal 0.970015 0 0.243045
    outer loop
      vertex 17.7032 -57.39 39.9214
      vertex 17.4449 -57.59 40.9523
      vertex 17.7032 -57.59 39.9214
    endloop
  endfacet
  facet normal -0 1 -0
    outer loop
      vertex 17.4449 -57.59 40.9523
      vertex 17.2728 -57.59 41.6396
      vertex 17.7032 -57.59 39.9214
    endloop
  endfacet
  facet normal 1 -0 0
    outer loop
      vertex 18.05 -57.59 36.4
      vertex 18.05 -84.4961 26.1898
      vertex 18.05 -57.39 36.4
    endloop
  endfacet
  facet normal 1 0 -0
    outer loop
      vertex 18.05 -84.4961 26.1898
      vertex 18.05 -57.59 36.4
      vertex 18.05 -85 26.2
    endloop
  endfacet
  facet normal 0.595284 0.0396817 -0.802535
    outer loop
      vertex 12.6573 -62.9947 23.065
      vertex 11.4508 -57.39 22.4472
      vertex 13.0083 -63.5702 23.2969
    endloop
  endfacet
  facet normal 0.595233 0.0396665 -0.802574
    outer loop
      vertex 12.1797 -62.3429 22.743
      vertex 11.4508 -57.39 22.4472
      vertex 12.6573 -62.9947 23.065
    endloop
  endfacet
  facet normal 0.594576 0.0395403 -0.803067
    outer loop
      vertex 12.1488 -62.3007 22.7222
      vertex 11.4508 -57.39 22.4472
      vertex 12.1797 -62.3429 22.743
    endloop
  endfacet
  facet normal 0.595928 0.0397894 -0.802051
    outer loop
      vertex 12.1176 -62.2668 22.7007
      vertex 11.4508 -57.39 22.4472
      vertex 12.1488 -62.3007 22.7222
    endloop
  endfacet
  facet normal 0.595223 0.0396654 -0.802581
    outer loop
      vertex 11.6581 -61.7674 22.3846
      vertex 11.4508 -57.39 22.4472
      vertex 12.1176 -62.2668 22.7007
    endloop
  endfacet
  facet normal 0.595227 0.0396655 -0.802578
    outer loop
      vertex 11.2555 -61.3873 22.1048
      vertex 11.4508 -57.39 22.4472
      vertex 11.6581 -61.7674 22.3846
    endloop
  endfacet
  facet normal 0.595223 0.0396659 -0.802581
    outer loop
      vertex 11.4508 -57.39 22.4472
      vertex 11.2555 -61.3873 22.1048
      vertex 10.028 -57.39 21.392
    endloop
  endfacet
  facet normal 0.670056 0.067209 -0.739262
    outer loop
      vertex 12.7633 -57.39 23.6367
      vertex 13.1423 -63.8128 23.3963
      vertex 13.0083 -63.5702 23.2969
    endloop
  endfacet
  facet normal 0.670153 0.0672479 -0.73917
    outer loop
      vertex 14.6808 -67.4448 24.4604
      vertex 12.7633 -57.39 23.6367
      vertex 14.9402 -68.2085 24.6261
    endloop
  endfacet
  facet normal 0.670231 0.0672687 -0.739098
    outer loop
      vertex 14.6667 -67.4032 24.4514
      vertex 12.7633 -57.39 23.6367
      vertex 14.6808 -67.4448 24.4604
    endloop
  endfacet
  facet normal 0.669962 0.0671971 -0.739348
    outer loop
      vertex 14.1807 -66.1182 24.1278
      vertex 12.7633 -57.39 23.6367
      vertex 14.6667 -67.4032 24.4514
    endloop
  endfacet
  facet normal 0.668659 0.0669178 -0.740552
    outer loop
      vertex 14.1634 -66.0726 24.1163
      vertex 12.7633 -57.39 23.6367
      vertex 14.1807 -66.1182 24.1278
    endloop
  endfacet
  facet normal 0.671171 0.0674512 -0.738228
    outer loop
      vertex 14.1455 -66.0302 24.1039
      vertex 12.7633 -57.39 23.6367
      vertex 14.1634 -66.0726 24.1163
    endloop
  endfacet
  facet normal 0.67008 0.0672222 -0.739238
    outer loop
      vertex 13.6613 -64.8876 23.7689
      vertex 12.7633 -57.39 23.6367
      vertex 14.1455 -66.0302 24.1039
    endloop
  endfacet
  facet normal 0.669997 0.0672108 -0.739315
    outer loop
      vertex 13.1895 -63.9046 23.4307
      vertex 12.7633 -57.39 23.6367
      vertex 13.6613 -64.8876 23.7689
    endloop
  endfacet
  facet normal 0.670237 0.0672196 -0.739097
    outer loop
      vertex 13.1662 -63.8559 23.414
      vertex 12.7633 -57.39 23.6367
      vertex 13.1895 -63.9046 23.4307
    endloop
  endfacet
  facet normal 0.669215 0.0671879 -0.740025
    outer loop
      vertex 13.1423 -63.8128 23.3963
      vertex 12.7633 -57.39 23.6367
      vertex 13.1662 -63.8559 23.414
    endloop
  endfacet
  facet normal 0.670016 0.0672094 -0.739298
    outer loop
      vertex 12.7633 -57.39 23.6367
      vertex 13.0083 -63.5702 23.2969
      vertex 11.4508 -57.39 22.4472
    endloop
  endfacet
  facet normal 0.799193 0.0999245 -0.59271
    outer loop
      vertex 15.008 -57.39 26.372
      vertex 16.589 -74.3767 25.64
      vertex 13.9528 -57.39 24.9492
    endloop
  endfacet
  facet normal 0.799093 0.0999211 -0.592846
    outer loop
      vertex 15.008 -57.39 26.372
      vertex 16.8826 -75.7831 25.7987
      vertex 16.589 -74.3767 25.64
    endloop
  endfacet
  facet normal 0.802522 0.100125 -0.588161
    outer loop
      vertex 15.008 -57.39 26.372
      vertex 16.885 -75.7947 25.8
      vertex 16.8826 -75.7831 25.7987
    endloop
  endfacet
  facet normal 0.81646 0.100935 -0.568511
    outer loop
      vertex 15.008 -57.39 26.372
      vertex 16.8872 -75.8063 25.8011
      vertex 16.885 -75.7947 25.8
    endloop
  endfacet
  facet normal 0.799018 0.099913 -0.592949
    outer loop
      vertex 15.008 -57.39 26.372
      vertex 17.2402 -77.6655 25.9635
      vertex 16.8872 -75.8063 25.8011
    endloop
  endfacet
  facet normal 0.799384 0.0999433 -0.592449
    outer loop
      vertex 17.2402 -77.6655 25.9635
      vertex 15.008 -57.39 26.372
      vertex 17.5019 -79.1979 26.0581
    endloop
  endfacet
  facet normal 0.427535 0 -0.903999
    outer loop
      vertex 6.90744 -57.59 19.724
      vertex 8.50871 -57.39 20.4813
      vertex 8.50871 -57.59 20.4813
    endloop
  endfacet
  facet normal 0.427535 0 -0.903999
    outer loop
      vertex 8.50871 -57.39 20.4813
      vertex 6.90744 -57.59 19.724
      vertex 6.90744 -57.39 19.724
    endloop
  endfacet
  facet normal 0.45195 -0.0222139 -0.891767
    outer loop
      vertex 9.20292 -59.7326 20.8865
      vertex 8.50871 -57.59 20.4813
      vertex 9.27155 -59.7815 20.9225
    endloop
  endfacet
  facet normal 0.803213 -0 0.595692
    outer loop
      vertex 13.9528 -57.59 47.8508
      vertex 15.008 -57.39 46.428
      vertex 13.9528 -57.39 47.8508
    endloop
  endfacet
  facet normal 0.803213 0 0.595692
    outer loop
      vertex 15.008 -57.39 46.428
      vertex 13.9528 -57.59 47.8508
      vertex 15.008 -57.59 46.428
    endloop
  endfacet
  facet normal 0.998625 0.0184761 -0.0490507
    outer loop
      vertex 18.05 -57.39 36.4
      vertex 18.0481 -84.3967 26.1886
      vertex 17.9631 -57.39 34.6308
    endloop
  endfacet
  facet normal 0.998622 0.0184956 -0.0491022
    outer loop
      vertex 18.0481 -84.3967 26.1886
      vertex 18.05 -57.39 36.4
      vertex 18.05 -84.4961 26.1898
    endloop
  endfacet
  facet normal 0.937538 0.0920427 -0.335485
    outer loop
      vertex 17.2728 -57.39 31.1604
      vertex 17.9054 -82.0719 26.1566
      vertex 16.676 -57.39 29.4926
    endloop
  endfacet
  facet normal 0.937517 0.0920535 -0.335541
    outer loop
      vertex 17.9054 -82.0719 26.1566
      vertex 17.2728 -57.39 31.1604
      vertex 17.9414 -82.4174 26.1624
    endloop
  endfacet
  facet normal 0.987992 0.0489471 -0.146547
    outer loop
      vertex 17.9631 -57.39 34.6308
      vertex 17.9568 -82.6033 26.167
      vertex 17.7032 -57.39 32.8786
    endloop
  endfacet
  facet normal 0.988031 0.0488681 -0.146311
    outer loop
      vertex 17.9568 -82.6033 26.167
      vertex 17.9631 -57.39 34.6308
      vertex 17.9631 -82.7184 26.1711
    endloop
  endfacet
  facet normal -0.35681 -0.481112 0.800761
    outer loop
      vertex -6.90744 -57.59 53.076
      vertex -11.4508 -98.9528 26.2
      vertex -10.028 -100.008 26.2
    endloop
  endfacet
  facet normal -0.766742 -0.297913 0.568643
    outer loop
      vertex -15.008 -57.59 46.428
      vertex -16.676 -91.9074 26.2
      vertex -13.9528 -57.59 47.8508
    endloop
  endfacet
  facet normal -0.500866 9.64021e-05 -0.865525
    outer loop
      vertex -9.35883 -59.85 20.973
      vertex -8.50871 -57.59 20.4813
      vertex -9.27155 -59.7815 20.9225
    endloop
  endfacet
  facet normal -0.500674 0 -0.865636
    outer loop
      vertex -8.50871 -57.59 20.4813
      vertex -9.35883 -59.85 20.973
      vertex -8.50871 -57.39 20.4813
    endloop
  endfacet
  facet normal -0.45195 -0.0222139 -0.891767
    outer loop
      vertex -9.20292 -59.7326 20.8865
      vertex -9.27155 -59.7815 20.9225
      vertex -8.50871 -57.59 20.4813
    endloop
  endfacet
  facet normal 0.37772 -0.0556873 -0.924244
    outer loop
      vertex 7.17889 -58.3678 19.8818
      vertex 6.90744 -57.59 19.724
      vertex 7.20901 -58.3859 19.8952
    endloop
  endfacet
  facet normal 0.427302 -0.0324243 -0.903528
    outer loop
      vertex 7.20901 -58.3859 19.8952
      vertex 8.50871 -57.59 20.4813
      vertex 9.20292 -59.7326 20.8865
    endloop
  endfacet
  facet normal 0.42731 -0.0324405 -0.903523
    outer loop
      vertex 8.50871 -57.59 20.4813
      vertex 7.20901 -58.3859 19.8952
      vertex 6.90744 -57.59 19.724
    endloop
  endfacet
  facet normal 0.941701 -0.139681 0.306085
    outer loop
      vertex 17.9631 -86.7692 26.2
      vertex 17.2728 -57.59 41.6396
      vertex 17.7032 -88.5214 26.2
    endloop
  endfacet
  facet normal 0.964663 -0.105039 0.241643
    outer loop
      vertex 17.7032 -57.59 39.9214
      vertex 17.2728 -57.59 41.6396
      vertex 17.9631 -86.7692 26.2
    endloop
  endfacet
  facet normal 0.568614 0.0280091 -0.822128
    outer loop
      vertex 11.1661 -61.3071 22.0457
      vertex 10.028 -57.39 21.392
      vertex 11.2555 -61.3873 22.1048
    endloop
  endfacet
  facet normal 0.738142 0.0873489 -0.668967
    outer loop
      vertex 13.9528 -57.39 24.9492
      vertex 14.9402 -68.2085 24.6261
      vertex 12.7633 -57.39 23.6367
    endloop
  endfacet
  facet normal 0.738034 0.0873427 -0.669087
    outer loop
      vertex 13.9528 -57.39 24.9492
      vertex 15.1529 -68.8751 24.7737
      vertex 14.9402 -68.2085 24.6261
    endloop
  endfacet
  facet normal 0.741785 0.0876703 -0.664883
    outer loop
      vertex 13.9528 -57.39 24.9492
      vertex 15.1635 -68.9117 24.7807
      vertex 15.1529 -68.8751 24.7737
    endloop
  endfacet
  facet normal 0.738057 0.0873398 -0.669062
    outer loop
      vertex 13.9528 -57.39 24.9492
      vertex 15.6175 -70.4738 25.0776
      vertex 15.1635 -68.9117 24.7807
    endloop
  endfacet
  facet normal 0.738074 0.0873421 -0.669043
    outer loop
      vertex 13.9528 -57.39 24.9492
      vertex 16.0615 -72.1499 25.3486
      vertex 15.6175 -70.4738 25.0776
    endloop
  endfacet
  facet normal 0.738287 0.0873791 -0.668802
    outer loop
      vertex 13.9528 -57.39 24.9492
      vertex 16.0677 -72.1732 25.3524
      vertex 16.0615 -72.1499 25.3486
    endloop
  endfacet
  facet normal 0.738223 0.087368 -0.668874
    outer loop
      vertex 13.9528 -57.39 24.9492
      vertex 16.4922 -73.9349 25.5908
      vertex 16.0677 -72.1732 25.3524
    endloop
  endfacet
  facet normal 0.742844 0.0882811 -0.663618
    outer loop
      vertex 13.9528 -57.39 24.9492
      vertex 16.4964 -73.9522 25.5932
      vertex 16.4922 -73.9349 25.5908
    endloop
  endfacet
  facet normal 0.738728 0.0874668 -0.668304
    outer loop
      vertex 16.4964 -73.9522 25.5932
      vertex 13.9528 -57.39 24.9492
      vertex 16.589 -74.3767 25.64
    endloop
  endfacet
  facet normal 0.789703 -0.282585 0.544532
    outer loop
      vertex 17.2728 -90.2396 26.2
      vertex 15.008 -57.59 46.428
      vertex 16.676 -91.9074 26.2
    endloop
  endfacet
  facet normal 0.830308 -0.250756 0.497704
    outer loop
      vertex 15.9187 -57.59 44.9087
      vertex 15.008 -57.59 46.428
      vertex 17.2728 -90.2396 26.2
    endloop
  endfacet
  facet normal 0.967353 0.0742335 -0.242317
    outer loop
      vertex 17.7032 -57.39 32.8786
      vertex 17.9414 -82.4174 26.1624
      vertex 17.2728 -57.39 31.1604
    endloop
  endfacet
  facet normal 0.967434 0.0741539 -0.242017
    outer loop
      vertex 17.9414 -82.4174 26.1624
      vertex 17.7032 -57.39 32.8786
      vertex 17.9568 -82.6033 26.167
    endloop
  endfacet
  facet normal -0.37772 -0.0556873 -0.924244
    outer loop
      vertex -7.17889 -58.3678 19.8818
      vertex -7.20901 -58.3859 19.8952
      vertex -6.90744 -57.59 19.724
    endloop
  endfacet
  facet normal -0.620414 -0.382694 0.684567
    outer loop
      vertex -12.7633 -57.59 49.1633
      vertex -15.008 -95.028 26.2
      vertex -11.4508 -57.59 50.3528
    endloop
  endfacet
  facet normal 0.852979 0.104904 -0.511294
    outer loop
      vertex 15.9187 -57.39 27.8913
      vertex 17.5019 -79.1979 26.0581
      vertex 15.008 -57.39 26.372
    endloop
  endfacet
  facet normal 0.85271 0.104922 -0.511739
    outer loop
      vertex 15.9187 -57.39 27.8913
      vertex 17.5559 -79.5319 26.0796
      vertex 17.5019 -79.1979 26.0581
    endloop
  endfacet
  facet normal 0.859592 0.104486 -0.500185
    outer loop
      vertex 15.9187 -57.39 27.8913
      vertex 17.5565 -79.5354 26.0799
      vertex 17.5559 -79.5319 26.0796
    endloop
  endfacet
  facet normal 0.830907 0.106128 -0.546196
    outer loop
      vertex 15.9187 -57.39 27.8913
      vertex 17.557 -79.5388 26.08
      vertex 17.5565 -79.5354 26.0799
    endloop
  endfacet
  facet normal 0.852988 0.104905 -0.51128
    outer loop
      vertex 17.557 -79.5388 26.08
      vertex 15.9187 -57.39 27.8913
      vertex 17.8074 -81.2624 26.1441
    endloop
  endfacet
  facet normal 0.899262 0.102273 -0.425286
    outer loop
      vertex 16.676 -57.39 29.4926
      vertex 17.8074 -81.2624 26.1441
      vertex 15.9187 -57.39 27.8913
    endloop
  endfacet
  facet normal 0.898867 0.102368 -0.426098
    outer loop
      vertex 16.676 -57.39 29.4926
      vertex 17.823 -81.3794 26.1489
      vertex 17.8074 -81.2624 26.1441
    endloop
  endfacet
  facet normal 0.899262 0.102274 -0.425286
    outer loop
      vertex 17.823 -81.3794 26.1489
      vertex 16.676 -57.39 29.4926
      vertex 17.9054 -82.0719 26.1566
    endloop
  endfacet
  facet normal -0.630572 -0.377978 0.677873
    outer loop
      vertex -12.7633 -57.59 49.1633
      vertex -15.9187 -93.5087 26.2
      vertex -15.008 -95.028 26.2
    endloop
  endfacet
  facet normal -0.69623 -0.342233 0.630983
    outer loop
      vertex -13.9528 -57.59 47.8508
      vertex -15.9187 -93.5087 26.2
      vertex -12.7633 -57.59 49.1633
    endloop
  endfacet
  facet normal 0.857673 0 -0.514196
    outer loop
      vertex 1.76384 -152.5 35.4572
      vertex 1.66294 -88.3286 35.2889
      vertex 1.76384 -88.0494 35.4572
    endloop
  endfacet
  facet normal 0.857673 0 -0.514196
    outer loop
      vertex 1.66294 -88.3286 35.2889
      vertex 1.76384 -152.5 35.4572
      vertex 1.66294 -152.5 35.2889
    endloop
  endfacet
  facet normal 0.336791 0 -0.941579
    outer loop
      vertex 0.580569 -89.6874 34.4861
      vertex 0.765367 -152.5 34.5522
      vertex 0.580569 -152.5 34.4861
    endloop
  endfacet
  facet normal 0.336791 0 -0.941579
    outer loop
      vertex 0.765367 -152.5 34.5522
      vertex 0.580569 -89.6874 34.4861
      vertex 0.765367 -89.5719 34.5522
    endloop
  endfacet
  facet normal -0.336791 0 -0.941579
    outer loop
      vertex -0.765367 -152.5 34.5522
      vertex -0.580569 -89.6874 34.4861
      vertex -0.580569 -152.5 34.4861
    endloop
  endfacet
  facet normal -0.336791 0 -0.941579
    outer loop
      vertex -0.580569 -89.6874 34.4861
      vertex -0.765367 -152.5 34.5522
      vertex -0.765367 -89.5719 34.5522
    endloop
  endfacet
  facet normal -0.903958 0 -0.427622
    outer loop
      vertex -1.84776 -152.5 35.6346
      vertex -1.76384 -88.0494 35.4572
      vertex -1.76384 -152.5 35.4572
    endloop
  endfacet
  facet normal -0.904654 4.9642e-06 -0.426148
    outer loop
      vertex -1.76384 -88.0494 35.4572
      vertex -1.84776 -152.5 35.6346
      vertex -1.76921 -88.0307 35.4686
    endloop
  endfacet
  facet normal -0.90391 0 -0.427723
    outer loop
      vertex -1.76921 -88.0307 35.4686
      vertex -1.84776 -152.5 35.6346
      vertex -1.84776 -87.7514 35.6346
    endloop
  endfacet
  facet normal 0.998795 -0 0.0490735
    outer loop
      vertex 1.99037 -152.5 36.596
      vertex 2 -86.4958 36.4
      vertex 1.99037 -86.1814 36.596
    endloop
  endfacet
  facet normal 0.998795 0 0.0490735
    outer loop
      vertex 2 -86.4958 36.4
      vertex 1.99037 -152.5 36.596
      vertex 2 -152.5 36.4
    endloop
  endfacet
  facet normal 0.427904 -0 0.903824
    outer loop
      vertex 0.765367 -152.5 38.2478
      vertex 0.942793 -83.7514 38.1638
      vertex 0.765367 -83.6251 38.2478
    endloop
  endfacet
  facet normal 0.427904 0 0.903824
    outer loop
      vertex 0.942793 -83.7514 38.1638
      vertex 0.765367 -152.5 38.2478
      vertex 0.942793 -152.5 38.1638
    endloop
  endfacet
  facet normal -0.146735 0 -0.989176
    outer loop
      vertex -0.390181 -152.5 34.4384
      vertex -0.196033 -89.8294 34.4096
      vertex -0.196033 -152.5 34.4096
    endloop
  endfacet
  facet normal -0.146735 0 -0.989176
    outer loop
      vertex -0.196033 -89.8294 34.4096
      vertex -0.390181 -152.5 34.4384
      vertex -0.390181 -89.7735 34.4384
    endloop
  endfacet
  facet normal -0.59563 0 -0.803259
    outer loop
      vertex -1.26879 -152.5 34.854
      vertex -1.11114 -89.2575 34.7371
      vertex -1.11114 -152.5 34.7371
    endloop
  endfacet
  facet normal -0.595391 -9.20923e-07 -0.803436
    outer loop
      vertex -1.11114 -89.2575 34.7371
      vertex -1.26879 -152.5 34.854
      vertex -1.22908 -89.111 34.8245
    endloop
  endfacet
  facet normal -0.596339 0 -0.802733
    outer loop
      vertex -1.22908 -89.111 34.8245
      vertex -1.26879 -152.5 34.854
      vertex -1.26879 -89.0604 34.854
    endloop
  endfacet
  facet normal 0.941548 -0 0.336879
    outer loop
      vertex 1.84776 -152.5 37.1654
      vertex 1.91388 -85.5732 36.9806
      vertex 1.84776 -85.2853 37.1654
    endloop
  endfacet
  facet normal 0.941548 0 0.336879
    outer loop
      vertex 1.91388 -85.5732 36.9806
      vertex 1.84776 -152.5 37.1654
      vertex 1.91388 -152.5 36.9806
    endloop
  endfacet
  facet normal 0.514438 -1.15915e-06 0.857528
    outer loop
      vertex 0.942793 -152.5 38.1638
      vertex 1.11114 -83.903 38.0629
      vertex 1.02296 -83.8248 38.1158
    endloop
  endfacet
  facet normal 0.513707 -0 0.857966
    outer loop
      vertex 0.942793 -152.5 38.1638
      vertex 1.02296 -83.8248 38.1158
      vertex 0.942793 -83.7514 38.1638
    endloop
  endfacet
  facet normal 0.51409 0 0.857736
    outer loop
      vertex 1.11114 -83.903 38.0629
      vertex 0.942793 -152.5 38.1638
      vertex 1.11114 -152.5 38.0629
    endloop
  endfacet
  facet normal 0.989182 0 -0.146696
    outer loop
      vertex 1.99037 -152.5 36.204
      vertex 1.96157 -87.1301 36.0098
      vertex 1.99037 -86.8131 36.204
    endloop
  endfacet
  facet normal 0.989182 0 -0.146696
    outer loop
      vertex 1.96157 -87.1301 36.0098
      vertex 1.99037 -152.5 36.204
      vertex 1.96157 -152.5 36.0098
    endloop
  endfacet
  facet normal 0.803301 0 -0.595573
    outer loop
      vertex 1.66294 -152.5 35.2889
      vertex 1.54602 -88.5918 35.1312
      vertex 1.66294 -88.3286 35.2889
    endloop
  endfacet
  facet normal 0.803301 0 -0.595573
    outer loop
      vertex 1.54602 -88.5918 35.1312
      vertex 1.66294 -152.5 35.2889
      vertex 1.54602 -152.5 35.1312
    endloop
  endfacet
  facet normal 0.671556 0 -0.740954
    outer loop
      vertex 1.26879 -89.0604 34.854
      vertex 1.41421 -152.5 34.9858
      vertex 1.26879 -152.5 34.854
    endloop
  endfacet
  facet normal 0.671556 0 -0.740954
    outer loop
      vertex 1.41421 -152.5 34.9858
      vertex 1.26879 -89.0604 34.854
      vertex 1.41421 -88.8365 34.9858
    endloop
  endfacet
  facet normal -0.0489127 0 -0.998803
    outer loop
      vertex -0.196033 -152.5 34.4096
      vertex 0 -89.8545 34.4
      vertex 0 -152.5 34.4
    endloop
  endfacet
  facet normal -0.0489127 0 -0.998803
    outer loop
      vertex 0 -89.8545 34.4
      vertex -0.196033 -152.5 34.4096
      vertex -0.196033 -89.8294 34.4096
    endloop
  endfacet
  facet normal 0.146735 0 -0.989176
    outer loop
      vertex 0.196033 -89.8294 34.4096
      vertex 0.390181 -152.5 34.4384
      vertex 0.196033 -152.5 34.4096
    endloop
  endfacet
  facet normal 0.146735 0 -0.989176
    outer loop
      vertex 0.390181 -152.5 34.4384
      vertex 0.196033 -89.8294 34.4096
      vertex 0.390181 -89.7735 34.4384
    endloop
  endfacet
  facet normal 0.596339 0 -0.802733
    outer loop
      vertex 1.26879 -152.5 34.854
      vertex 1.22908 -89.111 34.8245
      vertex 1.26879 -89.0604 34.854
    endloop
  endfacet
  facet normal 0.59563 0 -0.803259
    outer loop
      vertex 1.11114 -89.2575 34.7371
      vertex 1.26879 -152.5 34.854
      vertex 1.11114 -152.5 34.7371
    endloop
  endfacet
  facet normal 0.595391 -9.20923e-07 -0.803436
    outer loop
      vertex 1.26879 -152.5 34.854
      vertex 1.11114 -89.2575 34.7371
      vertex 1.22908 -89.111 34.8245
    endloop
  endfacet
  facet normal 0.51409 0 -0.857736
    outer loop
      vertex 0.942793 -89.4282 34.6362
      vertex 1.11114 -152.5 34.7371
      vertex 0.942793 -152.5 34.6362
    endloop
  endfacet
  facet normal 0.51409 0 -0.857736
    outer loop
      vertex 1.11114 -152.5 34.7371
      vertex 0.942793 -89.4282 34.6362
      vertex 1.11114 -89.2575 34.7371
    endloop
  endfacet
  facet normal -0.998795 0 -0.0490735
    outer loop
      vertex -2 -152.5 36.4
      vertex -1.99037 -86.8131 36.204
      vertex -1.99037 -152.5 36.204
    endloop
  endfacet
  facet normal -0.998795 0 -0.0490735
    outer loop
      vertex -1.99037 -86.8131 36.204
      vertex -2 -152.5 36.4
      vertex -2 -86.4958 36.4
    endloop
  endfacet
  facet normal -0.970035 0 -0.242967
    outer loop
      vertex -1.96157 -152.5 36.0098
      vertex -1.91388 -87.4439 35.8194
      vertex -1.91388 -152.5 35.8194
    endloop
  endfacet
  facet normal -0.970035 0 -0.242967
    outer loop
      vertex -1.91388 -87.4439 35.8194
      vertex -1.96157 -152.5 36.0098
      vertex -1.96157 -87.1301 36.0098
    endloop
  endfacet
  facet normal -0.740882 0 -0.671635
    outer loop
      vertex -1.54602 -152.5 35.1312
      vertex -1.41421 -88.8365 34.9858
      vertex -1.41421 -152.5 34.9858
    endloop
  endfacet
  facet normal -0.740882 0 -0.671635
    outer loop
      vertex -1.41421 -88.8365 34.9858
      vertex -1.54602 -152.5 35.1312
      vertex -1.54602 -88.5918 35.1312
    endloop
  endfacet
  facet normal -0.803301 0 -0.595573
    outer loop
      vertex -1.66294 -152.5 35.2889
      vertex -1.54602 -88.5918 35.1312
      vertex -1.54602 -152.5 35.1312
    endloop
  endfacet
  facet normal -0.803301 0 -0.595573
    outer loop
      vertex -1.54602 -88.5918 35.1312
      vertex -1.66294 -152.5 35.2889
      vertex -1.66294 -88.3286 35.2889
    endloop
  endfacet
  facet normal -0.427904 0 -0.903824
    outer loop
      vertex -0.942793 -152.5 34.6362
      vertex -0.765367 -89.5719 34.5522
      vertex -0.765367 -152.5 34.5522
    endloop
  endfacet
  facet normal -0.427904 0 -0.903824
    outer loop
      vertex -0.765367 -89.5719 34.5522
      vertex -0.942793 -152.5 34.6362
      vertex -0.942793 -89.4282 34.6362
    endloop
  endfacet
  facet normal -0.51409 0 -0.857736
    outer loop
      vertex -1.11114 -152.5 34.7371
      vertex -0.942793 -89.4282 34.6362
      vertex -0.942793 -152.5 34.6362
    endloop
  endfacet
  facet normal -0.51409 0 -0.857736
    outer loop
      vertex -0.942793 -89.4282 34.6362
      vertex -1.11114 -152.5 34.7371
      vertex -1.11114 -89.2575 34.7371
    endloop
  endfacet
  facet normal -0.671556 0 -0.740954
    outer loop
      vertex -1.41421 -152.5 34.9858
      vertex -1.26879 -89.0604 34.854
      vertex -1.26879 -152.5 34.854
    endloop
  endfacet
  facet normal -0.671556 0 -0.740954
    outer loop
      vertex -1.26879 -89.0604 34.854
      vertex -1.41421 -152.5 34.9858
      vertex -1.41421 -88.8365 34.9858
    endloop
  endfacet
  facet normal 0.998795 0 -0.0490735
    outer loop
      vertex 2 -152.5 36.4
      vertex 1.99037 -86.8131 36.204
      vertex 2 -86.4958 36.4
    endloop
  endfacet
  facet normal 0.998795 0 -0.0490735
    outer loop
      vertex 1.99037 -86.8131 36.204
      vertex 2 -152.5 36.4
      vertex 1.99037 -152.5 36.204
    endloop
  endfacet
  facet normal 0.857673 -0 0.514196
    outer loop
      vertex 1.66294 -152.5 37.5111
      vertex 1.76384 -85.0115 37.3428
      vertex 1.66294 -84.7483 37.5111
    endloop
  endfacet
  facet normal 0.857673 0 0.514196
    outer loop
      vertex 1.76384 -85.0115 37.3428
      vertex 1.66294 -152.5 37.5111
      vertex 1.76384 -152.5 37.3428
    endloop
  endfacet
  facet normal -0.740882 0 0.671635
    outer loop
      vertex -1.41421 -152.5 37.8142
      vertex -1.54602 -84.5036 37.6688
      vertex -1.54602 -152.5 37.6688
    endloop
  endfacet
  facet normal -0.740882 0 0.671635
    outer loop
      vertex -1.54602 -84.5036 37.6688
      vertex -1.41421 -152.5 37.8142
      vertex -1.41421 -84.2797 37.8142
    endloop
  endfacet
  facet normal 0.146735 -0 0.989176
    outer loop
      vertex 0.196033 -152.5 38.3904
      vertex 0.390181 -83.4604 38.3616
      vertex 0.196033 -83.4236 38.3904
    endloop
  endfacet
  facet normal 0.146735 0 0.989176
    outer loop
      vertex 0.390181 -83.4604 38.3616
      vertex 0.196033 -152.5 38.3904
      vertex 0.390181 -152.5 38.3616
    endloop
  endfacet
  facet normal 0.90391 0 -0.427723
    outer loop
      vertex 1.84776 -152.5 35.6346
      vertex 1.76921 -88.0307 35.4686
      vertex 1.84776 -87.7514 35.6346
    endloop
  endfacet
  facet normal 0.904654 4.9642e-06 -0.426148
    outer loop
      vertex 1.84776 -152.5 35.6346
      vertex 1.76384 -88.0494 35.4572
      vertex 1.76921 -88.0307 35.4686
    endloop
  endfacet
  facet normal 0.903958 0 -0.427622
    outer loop
      vertex 1.76384 -88.0494 35.4572
      vertex 1.84776 -152.5 35.6346
      vertex 1.76384 -152.5 35.4572
    endloop
  endfacet
  facet normal 0.941548 0 -0.336879
    outer loop
      vertex 1.91388 -152.5 35.8194
      vertex 1.84776 -87.7514 35.6346
      vertex 1.91388 -87.4439 35.8194
    endloop
  endfacet
  facet normal 0.941548 0 -0.336879
    outer loop
      vertex 1.84776 -87.7514 35.6346
      vertex 1.91388 -152.5 35.8194
      vertex 1.84776 -152.5 35.6346
    endloop
  endfacet
  facet normal 0.970035 0 -0.242967
    outer loop
      vertex 1.96157 -152.5 36.0098
      vertex 1.91388 -87.4439 35.8194
      vertex 1.96157 -87.1301 36.0098
    endloop
  endfacet
  facet normal 0.970035 0 -0.242967
    outer loop
      vertex 1.91388 -87.4439 35.8194
      vertex 1.96157 -152.5 36.0098
      vertex 1.91388 -152.5 35.8194
    endloop
  endfacet
  facet normal 0.740882 0 -0.671635
    outer loop
      vertex 1.54602 -152.5 35.1312
      vertex 1.41421 -88.8365 34.9858
      vertex 1.54602 -88.5918 35.1312
    endloop
  endfacet
  facet normal 0.740882 0 -0.671635
    outer loop
      vertex 1.41421 -88.8365 34.9858
      vertex 1.54602 -152.5 35.1312
      vertex 1.41421 -152.5 34.9858
    endloop
  endfacet
  facet normal 0.0489127 0 -0.998803
    outer loop
      vertex 0 -89.8545 34.4
      vertex 0.196033 -152.5 34.4096
      vertex 0 -152.5 34.4
    endloop
  endfacet
  facet normal 0.0489127 0 -0.998803
    outer loop
      vertex 0.196033 -152.5 34.4096
      vertex 0 -89.8545 34.4
      vertex 0.196033 -89.8294 34.4096
    endloop
  endfacet
  facet normal 0.24303 0 -0.970019
    outer loop
      vertex 0.390181 -89.7735 34.4384
      vertex 0.580569 -152.5 34.4861
      vertex 0.390181 -152.5 34.4384
    endloop
  endfacet
  facet normal 0.24303 0 -0.970019
    outer loop
      vertex 0.580569 -152.5 34.4861
      vertex 0.390181 -89.7735 34.4384
      vertex 0.580569 -89.6874 34.4861
    endloop
  endfacet
  facet normal 0.427904 0 -0.903824
    outer loop
      vertex 0.765367 -89.5719 34.5522
      vertex 0.942793 -152.5 34.6362
      vertex 0.765367 -152.5 34.5522
    endloop
  endfacet
  facet normal 0.427904 0 -0.903824
    outer loop
      vertex 0.942793 -152.5 34.6362
      vertex 0.765367 -89.5719 34.5522
      vertex 0.942793 -89.4282 34.6362
    endloop
  endfacet
  facet normal -0.989182 0 -0.146696
    outer loop
      vertex -1.99037 -152.5 36.204
      vertex -1.96157 -87.1301 36.0098
      vertex -1.96157 -152.5 36.0098
    endloop
  endfacet
  facet normal -0.989182 0 -0.146696
    outer loop
      vertex -1.96157 -87.1301 36.0098
      vertex -1.99037 -152.5 36.204
      vertex -1.99037 -86.8131 36.204
    endloop
  endfacet
  facet normal -0.941548 0 -0.336879
    outer loop
      vertex -1.91388 -152.5 35.8194
      vertex -1.84776 -87.7514 35.6346
      vertex -1.84776 -152.5 35.6346
    endloop
  endfacet
  facet normal -0.941548 0 -0.336879
    outer loop
      vertex -1.84776 -87.7514 35.6346
      vertex -1.91388 -152.5 35.8194
      vertex -1.91388 -87.4439 35.8194
    endloop
  endfacet
  facet normal -0.857673 0 -0.514196
    outer loop
      vertex -1.76384 -152.5 35.4572
      vertex -1.66294 -88.3286 35.2889
      vertex -1.66294 -152.5 35.2889
    endloop
  endfacet
  facet normal -0.857673 0 -0.514196
    outer loop
      vertex -1.66294 -88.3286 35.2889
      vertex -1.76384 -152.5 35.4572
      vertex -1.76384 -88.0494 35.4572
    endloop
  endfacet
  facet normal -0.24303 0 -0.970019
    outer loop
      vertex -0.580569 -152.5 34.4861
      vertex -0.390181 -89.7735 34.4384
      vertex -0.390181 -152.5 34.4384
    endloop
  endfacet
  facet normal -0.24303 0 -0.970019
    outer loop
      vertex -0.390181 -89.7735 34.4384
      vertex -0.580569 -152.5 34.4861
      vertex -0.580569 -89.6874 34.4861
    endloop
  endfacet
  facet normal 0.970035 -0 0.242967
    outer loop
      vertex 1.91388 -152.5 36.9806
      vertex 1.96157 -85.8729 36.7902
      vertex 1.91388 -85.5732 36.9806
    endloop
  endfacet
  facet normal 0.970035 0 0.242967
    outer loop
      vertex 1.96157 -85.8729 36.7902
      vertex 1.91388 -152.5 36.9806
      vertex 1.96157 -152.5 36.7902
    endloop
  endfacet
  facet normal 0.671556 -0 0.740954
    outer loop
      vertex 1.26879 -152.5 37.946
      vertex 1.41421 -84.2797 37.8142
      vertex 1.26879 -84.0789 37.946
    endloop
  endfacet
  facet normal 0.671556 0 0.740954
    outer loop
      vertex 1.41421 -84.2797 37.8142
      vertex 1.26879 -152.5 37.946
      vertex 1.41421 -152.5 37.8142
    endloop
  endfacet
  facet normal 0.59563 -0 0.803259
    outer loop
      vertex 1.11114 -152.5 38.0629
      vertex 1.26879 -84.0789 37.946
      vertex 1.11114 -83.903 38.0629
    endloop
  endfacet
  facet normal 0.59563 0 0.803259
    outer loop
      vertex 1.26879 -84.0789 37.946
      vertex 1.11114 -152.5 38.0629
      vertex 1.26879 -152.5 37.946
    endloop
  endfacet
  facet normal 0.904657 -0 0.426141
    outer loop
      vertex 1.76384 -152.5 37.3428
      vertex 1.76921 -85.0294 37.3314
      vertex 1.76384 -85.0115 37.3428
    endloop
  endfacet
  facet normal 0.90391 3.26772e-07 0.427723
    outer loop
      vertex 1.76384 -152.5 37.3428
      vertex 1.84776 -85.2853 37.1654
      vertex 1.76921 -85.0294 37.3314
    endloop
  endfacet
  facet normal 0.903958 0 0.427622
    outer loop
      vertex 1.84776 -85.2853 37.1654
      vertex 1.76384 -152.5 37.3428
      vertex 1.84776 -152.5 37.1654
    endloop
  endfacet
  facet normal -0.146735 0 0.989176
    outer loop
      vertex -0.390181 -83.4604 38.3616
      vertex -0.196033 -152.5 38.3904
      vertex -0.196033 -83.4236 38.3904
    endloop
  endfacet
  facet normal -0.146735 0 0.989176
    outer loop
      vertex -0.196033 -152.5 38.3904
      vertex -0.390181 -83.4604 38.3616
      vertex -0.390181 -152.5 38.3616
    endloop
  endfacet
  facet normal -0.998795 0 0.0490735
    outer loop
      vertex -1.99037 -152.5 36.596
      vertex -2 -86.4958 36.4
      vertex -2 -152.5 36.4
    endloop
  endfacet
  facet normal -0.998795 0 0.0490735
    outer loop
      vertex -2 -86.4958 36.4
      vertex -1.99037 -152.5 36.596
      vertex -1.99037 -86.1814 36.596
    endloop
  endfacet
  facet normal -0.941548 0 0.336879
    outer loop
      vertex -1.84776 -152.5 37.1654
      vertex -1.91388 -85.5732 36.9806
      vertex -1.91388 -152.5 36.9806
    endloop
  endfacet
  facet normal -0.941548 0 0.336879
    outer loop
      vertex -1.91388 -85.5732 36.9806
      vertex -1.84776 -152.5 37.1654
      vertex -1.84776 -85.2853 37.1654
    endloop
  endfacet
  facet normal 0 -1 0
    outer loop
      vertex -0.196033 -152.5 38.3904
      vertex 0.196033 -152.5 38.3904
      vertex 0 -152.5 38.4
    endloop
  endfacet
  facet normal 0 -1 0
    outer loop
      vertex -0.390181 -152.5 38.3616
      vertex 0.196033 -152.5 38.3904
      vertex -0.196033 -152.5 38.3904
    endloop
  endfacet
  facet normal 0 -1 0
    outer loop
      vertex -0.390181 -152.5 38.3616
      vertex 0.390181 -152.5 38.3616
      vertex 0.196033 -152.5 38.3904
    endloop
  endfacet
  facet normal 0 -1 0
    outer loop
      vertex -0.580569 -152.5 38.3139
      vertex 0.390181 -152.5 38.3616
      vertex -0.390181 -152.5 38.3616
    endloop
  endfacet
  facet normal 0 -1 0
    outer loop
      vertex -0.580569 -152.5 38.3139
      vertex 0.580569 -152.5 38.3139
      vertex 0.390181 -152.5 38.3616
    endloop
  endfacet
  facet normal 0 -1 0
    outer loop
      vertex -0.765367 -152.5 38.2478
      vertex 0.580569 -152.5 38.3139
      vertex -0.580569 -152.5 38.3139
    endloop
  endfacet
  facet normal 0 -1 0
    outer loop
      vertex -0.765367 -152.5 38.2478
      vertex 0.765367 -152.5 38.2478
      vertex 0.580569 -152.5 38.3139
    endloop
  endfacet
  facet normal 0 -1 0
    outer loop
      vertex -0.942793 -152.5 38.1638
      vertex 0.765367 -152.5 38.2478
      vertex -0.765367 -152.5 38.2478
    endloop
  endfacet
  facet normal 0 -1 0
    outer loop
      vertex -0.942793 -152.5 38.1638
      vertex 0.942793 -152.5 38.1638
      vertex 0.765367 -152.5 38.2478
    endloop
  endfacet
  facet normal 0 -1 0
    outer loop
      vertex -1.11114 -152.5 38.0629
      vertex 0.942793 -152.5 38.1638
      vertex -0.942793 -152.5 38.1638
    endloop
  endfacet
  facet normal 0 -1 0
    outer loop
      vertex -1.11114 -152.5 38.0629
      vertex 1.11114 -152.5 38.0629
      vertex 0.942793 -152.5 38.1638
    endloop
  endfacet
  facet normal 0 -1 0
    outer loop
      vertex -1.26879 -152.5 37.946
      vertex 1.11114 -152.5 38.0629
      vertex -1.11114 -152.5 38.0629
    endloop
  endfacet
  facet normal 0 -1 0
    outer loop
      vertex -1.26879 -152.5 37.946
      vertex 1.26879 -152.5 37.946
      vertex 1.11114 -152.5 38.0629
    endloop
  endfacet
  facet normal 0 -1 0
    outer loop
      vertex -1.41421 -152.5 37.8142
      vertex 1.26879 -152.5 37.946
      vertex -1.26879 -152.5 37.946
    endloop
  endfacet
  facet normal 0 -1 0
    outer loop
      vertex -1.41421 -152.5 37.8142
      vertex 1.41421 -152.5 37.8142
      vertex 1.26879 -152.5 37.946
    endloop
  endfacet
  facet normal 0 -1 0
    outer loop
      vertex -1.54602 -152.5 37.6688
      vertex 1.41421 -152.5 37.8142
      vertex -1.41421 -152.5 37.8142
    endloop
  endfacet
  facet normal 0 -1 0
    outer loop
      vertex -1.54602 -152.5 37.6688
      vertex 1.54602 -152.5 37.6688
      vertex 1.41421 -152.5 37.8142
    endloop
  endfacet
  facet normal 0 -1 0
    outer loop
      vertex -1.66294 -152.5 37.5111
      vertex 1.54602 -152.5 37.6688
      vertex -1.54602 -152.5 37.6688
    endloop
  endfacet
  facet normal 0 -1 0
    outer loop
      vertex -1.66294 -152.5 37.5111
      vertex 1.66294 -152.5 37.5111
      vertex 1.54602 -152.5 37.6688
    endloop
  endfacet
  facet normal 0 -1 0
    outer loop
      vertex -1.76384 -152.5 37.3428
      vertex 1.66294 -152.5 37.5111
      vertex -1.66294 -152.5 37.5111
    endloop
  endfacet
  facet normal 0 -1 0
    outer loop
      vertex -1.76384 -152.5 37.3428
      vertex 1.76384 -152.5 37.3428
      vertex 1.66294 -152.5 37.5111
    endloop
  endfacet
  facet normal 0 -1 0
    outer loop
      vertex -1.84776 -152.5 37.1654
      vertex 1.76384 -152.5 37.3428
      vertex -1.76384 -152.5 37.3428
    endloop
  endfacet
  facet normal 0 -1 0
    outer loop
      vertex -1.84776 -152.5 37.1654
      vertex 1.84776 -152.5 37.1654
      vertex 1.76384 -152.5 37.3428
    endloop
  endfacet
  facet normal 0 -1 0
    outer loop
      vertex -1.91388 -152.5 36.9806
      vertex 1.84776 -152.5 37.1654
      vertex -1.84776 -152.5 37.1654
    endloop
  endfacet
  facet normal 0 -1 0
    outer loop
      vertex -1.91388 -152.5 36.9806
      vertex 1.91388 -152.5 36.9806
      vertex 1.84776 -152.5 37.1654
    endloop
  endfacet
  facet normal 0 -1 0
    outer loop
      vertex -1.96157 -152.5 36.7902
      vertex 1.91388 -152.5 36.9806
      vertex -1.91388 -152.5 36.9806
    endloop
  endfacet
  facet normal 0 -1 0
    outer loop
      vertex -1.96157 -152.5 36.7902
      vertex 1.96157 -152.5 36.7902
      vertex 1.91388 -152.5 36.9806
    endloop
  endfacet
  facet normal 0 -1 0
    outer loop
      vertex -1.99037 -152.5 36.596
      vertex 1.96157 -152.5 36.7902
      vertex -1.96157 -152.5 36.7902
    endloop
  endfacet
  facet normal 0 -1 0
    outer loop
      vertex -1.99037 -152.5 36.596
      vertex 1.99037 -152.5 36.596
      vertex 1.96157 -152.5 36.7902
    endloop
  endfacet
  facet normal 0 -1 0
    outer loop
      vertex -2 -152.5 36.4
      vertex 1.99037 -152.5 36.596
      vertex -1.99037 -152.5 36.596
    endloop
  endfacet
  facet normal 0 -1 0
    outer loop
      vertex -2 -152.5 36.4
      vertex 2 -152.5 36.4
      vertex 1.99037 -152.5 36.596
    endloop
  endfacet
  facet normal 0 -1 0
    outer loop
      vertex -1.99037 -152.5 36.204
      vertex 2 -152.5 36.4
      vertex -2 -152.5 36.4
    endloop
  endfacet
  facet normal 0 -1 0
    outer loop
      vertex -1.99037 -152.5 36.204
      vertex 1.99037 -152.5 36.204
      vertex 2 -152.5 36.4
    endloop
  endfacet
  facet normal 0 -1 0
    outer loop
      vertex -1.96157 -152.5 36.0098
      vertex 1.99037 -152.5 36.204
      vertex -1.99037 -152.5 36.204
    endloop
  endfacet
  facet normal 0 -1 0
    outer loop
      vertex -1.96157 -152.5 36.0098
      vertex 1.96157 -152.5 36.0098
      vertex 1.99037 -152.5 36.204
    endloop
  endfacet
  facet normal 0 -1 0
    outer loop
      vertex -1.91388 -152.5 35.8194
      vertex 1.96157 -152.5 36.0098
      vertex -1.96157 -152.5 36.0098
    endloop
  endfacet
  facet normal 0 -1 0
    outer loop
      vertex -1.91388 -152.5 35.8194
      vertex 1.91388 -152.5 35.8194
      vertex 1.96157 -152.5 36.0098
    endloop
  endfacet
  facet normal 0 -1 0
    outer loop
      vertex -1.84776 -152.5 35.6346
      vertex 1.91388 -152.5 35.8194
      vertex -1.91388 -152.5 35.8194
    endloop
  endfacet
  facet normal 0 -1 0
    outer loop
      vertex -1.84776 -152.5 35.6346
      vertex 1.84776 -152.5 35.6346
      vertex 1.91388 -152.5 35.8194
    endloop
  endfacet
  facet normal 0 -1 0
    outer loop
      vertex -1.76384 -152.5 35.4572
      vertex 1.84776 -152.5 35.6346
      vertex -1.84776 -152.5 35.6346
    endloop
  endfacet
  facet normal 0 -1 0
    outer loop
      vertex -1.76384 -152.5 35.4572
      vertex 1.76384 -152.5 35.4572
      vertex 1.84776 -152.5 35.6346
    endloop
  endfacet
  facet normal 0 -1 0
    outer loop
      vertex -1.66294 -152.5 35.2889
      vertex 1.76384 -152.5 35.4572
      vertex -1.76384 -152.5 35.4572
    endloop
  endfacet
  facet normal 0 -1 0
    outer loop
      vertex -1.66294 -152.5 35.2889
      vertex 1.66294 -152.5 35.2889
      vertex 1.76384 -152.5 35.4572
    endloop
  endfacet
  facet normal 0 -1 0
    outer loop
      vertex -1.54602 -152.5 35.1312
      vertex 1.66294 -152.5 35.2889
      vertex -1.66294 -152.5 35.2889
    endloop
  endfacet
  facet normal 0 -1 0
    outer loop
      vertex -1.54602 -152.5 35.1312
      vertex 1.54602 -152.5 35.1312
      vertex 1.66294 -152.5 35.2889
    endloop
  endfacet
  facet normal 0 -1 0
    outer loop
      vertex -1.41421 -152.5 34.9858
      vertex 1.54602 -152.5 35.1312
      vertex -1.54602 -152.5 35.1312
    endloop
  endfacet
  facet normal 0 -1 0
    outer loop
      vertex -1.41421 -152.5 34.9858
      vertex 1.41421 -152.5 34.9858
      vertex 1.54602 -152.5 35.1312
    endloop
  endfacet
  facet normal 0 -1 0
    outer loop
      vertex -1.26879 -152.5 34.854
      vertex 1.41421 -152.5 34.9858
      vertex -1.41421 -152.5 34.9858
    endloop
  endfacet
  facet normal 0 -1 0
    outer loop
      vertex -1.26879 -152.5 34.854
      vertex 1.26879 -152.5 34.854
      vertex 1.41421 -152.5 34.9858
    endloop
  endfacet
  facet normal 0 -1 0
    outer loop
      vertex -1.11114 -152.5 34.7371
      vertex 1.26879 -152.5 34.854
      vertex -1.26879 -152.5 34.854
    endloop
  endfacet
  facet normal 0 -1 0
    outer loop
      vertex -1.11114 -152.5 34.7371
      vertex 1.11114 -152.5 34.7371
      vertex 1.26879 -152.5 34.854
    endloop
  endfacet
  facet normal 0 -1 0
    outer loop
      vertex -0.942793 -152.5 34.6362
      vertex 1.11114 -152.5 34.7371
      vertex -1.11114 -152.5 34.7371
    endloop
  endfacet
  facet normal 0 -1 0
    outer loop
      vertex -0.942793 -152.5 34.6362
      vertex 0.942793 -152.5 34.6362
      vertex 1.11114 -152.5 34.7371
    endloop
  endfacet
  facet normal 0 -1 0
    outer loop
      vertex -0.765367 -152.5 34.5522
      vertex 0.942793 -152.5 34.6362
      vertex -0.942793 -152.5 34.6362
    endloop
  endfacet
  facet normal 0 -1 0
    outer loop
      vertex -0.765367 -152.5 34.5522
      vertex 0.765367 -152.5 34.5522
      vertex 0.942793 -152.5 34.6362
    endloop
  endfacet
  facet normal 0 -1 0
    outer loop
      vertex -0.580569 -152.5 34.4861
      vertex 0.765367 -152.5 34.5522
      vertex -0.765367 -152.5 34.5522
    endloop
  endfacet
  facet normal 0 -1 0
    outer loop
      vertex -0.580569 -152.5 34.4861
      vertex 0.580569 -152.5 34.4861
      vertex 0.765367 -152.5 34.5522
    endloop
  endfacet
  facet normal 0 -1 0
    outer loop
      vertex -0.390181 -152.5 34.4384
      vertex 0.580569 -152.5 34.4861
      vertex -0.580569 -152.5 34.4861
    endloop
  endfacet
  facet normal 0 -1 0
    outer loop
      vertex -0.390181 -152.5 34.4384
      vertex 0.390181 -152.5 34.4384
      vertex 0.580569 -152.5 34.4861
    endloop
  endfacet
  facet normal 0 -1 0
    outer loop
      vertex -0.196033 -152.5 34.4096
      vertex 0.390181 -152.5 34.4384
      vertex -0.390181 -152.5 34.4384
    endloop
  endfacet
  facet normal 0 -1 0
    outer loop
      vertex -0.196033 -152.5 34.4096
      vertex 0.196033 -152.5 34.4096
      vertex 0.390181 -152.5 34.4384
    endloop
  endfacet
  facet normal -0 -1 0
    outer loop
      vertex 0.196033 -152.5 34.4096
      vertex -0.196033 -152.5 34.4096
      vertex 0 -152.5 34.4
    endloop
  endfacet
  facet normal 0.989182 -0 0.146696
    outer loop
      vertex 1.96157 -152.5 36.7902
      vertex 1.99037 -86.1814 36.596
      vertex 1.96157 -85.8729 36.7902
    endloop
  endfacet
  facet normal 0.989182 0 0.146696
    outer loop
      vertex 1.99037 -86.1814 36.596
      vertex 1.96157 -152.5 36.7902
      vertex 1.99037 -152.5 36.596
    endloop
  endfacet
  facet normal 0.803301 -0 0.595573
    outer loop
      vertex 1.54602 -152.5 37.6688
      vertex 1.66294 -84.7483 37.5111
      vertex 1.54602 -84.5036 37.6688
    endloop
  endfacet
  facet normal 0.803301 0 0.595573
    outer loop
      vertex 1.66294 -84.7483 37.5111
      vertex 1.54602 -152.5 37.6688
      vertex 1.66294 -152.5 37.5111
    endloop
  endfacet
  facet normal -0.0489127 0 0.998803
    outer loop
      vertex -0.196033 -83.4236 38.3904
      vertex 0 -152.5 38.4
      vertex 0 -83.4177 38.4
    endloop
  endfacet
  facet normal -0.0489127 0 0.998803
    outer loop
      vertex 0 -152.5 38.4
      vertex -0.196033 -83.4236 38.3904
      vertex -0.196033 -152.5 38.3904
    endloop
  endfacet
  facet normal 0.0489127 -0 0.998803
    outer loop
      vertex 0 -152.5 38.4
      vertex 0.196033 -83.4236 38.3904
      vertex 0 -83.4177 38.4
    endloop
  endfacet
  facet normal 0.0489127 0 0.998803
    outer loop
      vertex 0.196033 -83.4236 38.3904
      vertex 0 -152.5 38.4
      vertex 0.196033 -152.5 38.3904
    endloop
  endfacet
  facet normal -0.970035 0 0.242967
    outer loop
      vertex -1.91388 -152.5 36.9806
      vertex -1.96157 -85.8729 36.7902
      vertex -1.96157 -152.5 36.7902
    endloop
  endfacet
  facet normal -0.970035 0 0.242967
    outer loop
      vertex -1.96157 -85.8729 36.7902
      vertex -1.91388 -152.5 36.9806
      vertex -1.91388 -85.5732 36.9806
    endloop
  endfacet
  facet normal -0.989182 0 0.146696
    outer loop
      vertex -1.96157 -152.5 36.7902
      vertex -1.99037 -86.1814 36.596
      vertex -1.99037 -152.5 36.596
    endloop
  endfacet
  facet normal -0.989182 0 0.146696
    outer loop
      vertex -1.99037 -86.1814 36.596
      vertex -1.96157 -152.5 36.7902
      vertex -1.96157 -85.8729 36.7902
    endloop
  endfacet
  facet normal -0.903958 0 0.427622
    outer loop
      vertex -1.76384 -152.5 37.3428
      vertex -1.84776 -85.2853 37.1654
      vertex -1.84776 -152.5 37.1654
    endloop
  endfacet
  facet normal -0.90391 3.26772e-07 0.427723
    outer loop
      vertex -1.84776 -85.2853 37.1654
      vertex -1.76384 -152.5 37.3428
      vertex -1.76921 -85.0294 37.3314
    endloop
  endfacet
  facet normal -0.904657 0 0.426141
    outer loop
      vertex -1.76921 -85.0294 37.3314
      vertex -1.76384 -152.5 37.3428
      vertex -1.76384 -85.0115 37.3428
    endloop
  endfacet
  facet normal -0.671556 0 0.740954
    outer loop
      vertex -1.41421 -84.2797 37.8142
      vertex -1.26879 -152.5 37.946
      vertex -1.26879 -84.0789 37.946
    endloop
  endfacet
  facet normal -0.671556 0 0.740954
    outer loop
      vertex -1.26879 -152.5 37.946
      vertex -1.41421 -84.2797 37.8142
      vertex -1.41421 -152.5 37.8142
    endloop
  endfacet
  facet normal -0.857673 0 0.514196
    outer loop
      vertex -1.66294 -152.5 37.5111
      vertex -1.76384 -85.0115 37.3428
      vertex -1.76384 -152.5 37.3428
    endloop
  endfacet
  facet normal -0.857673 0 0.514196
    outer loop
      vertex -1.76384 -85.0115 37.3428
      vertex -1.66294 -152.5 37.5111
      vertex -1.66294 -84.7483 37.5111
    endloop
  endfacet
  facet normal -0.803301 0 0.595573
    outer loop
      vertex -1.54602 -152.5 37.6688
      vertex -1.66294 -84.7483 37.5111
      vertex -1.66294 -152.5 37.5111
    endloop
  endfacet
  facet normal -0.803301 0 0.595573
    outer loop
      vertex -1.66294 -84.7483 37.5111
      vertex -1.54602 -152.5 37.6688
      vertex -1.54602 -84.5036 37.6688
    endloop
  endfacet
  facet normal 0.740882 -0 0.671635
    outer loop
      vertex 1.41421 -152.5 37.8142
      vertex 1.54602 -84.5036 37.6688
      vertex 1.41421 -84.2797 37.8142
    endloop
  endfacet
  facet normal 0.740882 0 0.671635
    outer loop
      vertex 1.54602 -84.5036 37.6688
      vertex 1.41421 -152.5 37.8142
      vertex 1.54602 -152.5 37.6688
    endloop
  endfacet
  facet normal -0.59563 0 0.803259
    outer loop
      vertex -1.26879 -84.0789 37.946
      vertex -1.11114 -152.5 38.0629
      vertex -1.11114 -83.903 38.0629
    endloop
  endfacet
  facet normal -0.59563 0 0.803259
    outer loop
      vertex -1.11114 -152.5 38.0629
      vertex -1.26879 -84.0789 37.946
      vertex -1.26879 -152.5 37.946
    endloop
  endfacet
  facet normal -0.513707 0 0.857966
    outer loop
      vertex -1.02296 -83.8248 38.1158
      vertex -0.942793 -152.5 38.1638
      vertex -0.942793 -83.7514 38.1638
    endloop
  endfacet
  facet normal -0.514438 -1.15915e-06 0.857528
    outer loop
      vertex -1.11114 -83.903 38.0629
      vertex -0.942793 -152.5 38.1638
      vertex -1.02296 -83.8248 38.1158
    endloop
  endfacet
  facet normal -0.51409 0 0.857736
    outer loop
      vertex -0.942793 -152.5 38.1638
      vertex -1.11114 -83.903 38.0629
      vertex -1.11114 -152.5 38.0629
    endloop
  endfacet
  facet normal 0.336791 -0 0.941579
    outer loop
      vertex 0.580569 -152.5 38.3139
      vertex 0.765367 -83.6251 38.2478
      vertex 0.580569 -83.5278 38.3139
    endloop
  endfacet
  facet normal 0.336791 0 0.941579
    outer loop
      vertex 0.765367 -83.6251 38.2478
      vertex 0.580569 -152.5 38.3139
      vertex 0.765367 -152.5 38.2478
    endloop
  endfacet
  facet normal 0.24303 -0 0.970019
    outer loop
      vertex 0.390181 -152.5 38.3616
      vertex 0.580569 -83.5278 38.3139
      vertex 0.390181 -83.4604 38.3616
    endloop
  endfacet
  facet normal 0.24303 0 0.970019
    outer loop
      vertex 0.580569 -83.5278 38.3139
      vertex 0.390181 -152.5 38.3616
      vertex 0.580569 -152.5 38.3139
    endloop
  endfacet
  facet normal -0.336791 0 0.941579
    outer loop
      vertex -0.765367 -83.6251 38.2478
      vertex -0.580569 -152.5 38.3139
      vertex -0.580569 -83.5278 38.3139
    endloop
  endfacet
  facet normal -0.336791 0 0.941579
    outer loop
      vertex -0.580569 -152.5 38.3139
      vertex -0.765367 -83.6251 38.2478
      vertex -0.765367 -152.5 38.2478
    endloop
  endfacet
  facet normal -0.427904 0 0.903824
    outer loop
      vertex -0.942793 -83.7514 38.1638
      vertex -0.765367 -152.5 38.2478
      vertex -0.765367 -83.6251 38.2478
    endloop
  endfacet
  facet normal -0.427904 0 0.903824
    outer loop
      vertex -0.765367 -152.5 38.2478
      vertex -0.942793 -83.7514 38.1638
      vertex -0.942793 -152.5 38.1638
    endloop
  endfacet
  facet normal -0.24303 0 0.970019
    outer loop
      vertex -0.580569 -83.5278 38.3139
      vertex -0.390181 -152.5 38.3616
      vertex -0.390181 -83.4604 38.3616
    endloop
  endfacet
  facet normal -0.24303 0 0.970019
    outer loop
      vertex -0.390181 -152.5 38.3616
      vertex -0.580569 -83.5278 38.3139
      vertex -0.580569 -152.5 38.3139
    endloop
  endfacet
  facet normal 0 1 -0
    outer loop
      vertex 52 -122.5 0
      vertex -52 -122.5 8.5
      vertex 52 -122.5 8.5
    endloop
  endfacet
  facet normal 0 1 0
    outer loop
      vertex -52 -122.5 8.5
      vertex 52 -122.5 0
      vertex -52 -122.5 0
    endloop
  endfacet
  facet normal -0.0484002 0.998828 0
    outer loop
      vertex 52.3921 -122.481 0
      vertex 52 -122.5 8.5
      vertex 52.3921 -122.481 8.5
    endloop
  endfacet
  facet normal -0.0484002 0.998828 0
    outer loop
      vertex 52 -122.5 8.5
      vertex 52.3921 -122.481 0
      vertex 52 -122.5 0
    endloop
  endfacet
  facet normal -0.14773 0.989028 0
    outer loop
      vertex 52.7804 -122.423 0
      vertex 52.3921 -122.481 8.5
      vertex 52.7804 -122.423 8.5
    endloop
  endfacet
  facet normal -0.14773 0.989028 0
    outer loop
      vertex 52.3921 -122.481 8.5
      vertex 52.7804 -122.423 0
      vertex 52.3921 -122.481 0
    endloop
  endfacet
  facet normal 0.0491626 -0.998791 0
    outer loop
      vertex -52.3921 -47.5193 0
      vertex -52 -47.5 8.5
      vertex -52.3921 -47.5193 8.5
    endloop
  endfacet
  facet normal 0.0491626 -0.998791 0
    outer loop
      vertex -52 -47.5 8.5
      vertex -52.3921 -47.5193 0
      vertex -52 -47.5 0
    endloop
  endfacet
  facet normal -1 0 0
    outer loop
      vertex 56 -118.5 0
      vertex 56 -51.5 8.5
      vertex 56 -51.5 0
    endloop
  endfacet
  facet normal -1 -0 0
    outer loop
      vertex 56 -51.5 8.5
      vertex 56 -118.5 0
      vertex 56 -118.5 8.5
    endloop
  endfacet
  facet normal 0.99879 0.0491751 0
    outer loop
      vertex -55.9807 -118.892 8.5
      vertex -56 -118.5 0
      vertex -56 -118.5 8.5
    endloop
  endfacet
  facet normal 0.99879 0.0491751 0
    outer loop
      vertex -56 -118.5 0
      vertex -55.9807 -118.892 8.5
      vertex -55.9807 -118.892 0
    endloop
  endfacet
  facet normal 0 0 -1
    outer loop
      vertex 51.4001 -118.368 8.5
      vertex 56 -118.5 8.5
      vertex 55.9807 -118.892 8.5
    endloop
  endfacet
  facet normal 0 0 -1
    outer loop
      vertex 56 -118.5 8.5
      vertex 51.4203 -117.957 8.5
      vertex 56 -51.5 8.5
    endloop
  endfacet
  facet normal 0 0 -1
    outer loop
      vertex 51.3963 -118.394 8.5
      vertex 55.9807 -118.892 8.5
      vertex 55.9231 -119.28 8.5
    endloop
  endfacet
  facet normal 0 0 -1
    outer loop
      vertex 51.4203 -52.0432 8.5
      vertex 56 -51.5 8.5
      vertex 51.4203 -117.957 8.5
    endloop
  endfacet
  facet normal 0 0 -1
    outer loop
      vertex 51.3963 -118.394 8.5
      vertex 55.9231 -119.28 8.5
      vertex 55.8278 -119.661 8.5
    endloop
  endfacet
  facet normal 0 0 -1
    outer loop
      vertex 51.4013 -51.6575 8.5
      vertex 56 -51.5 8.5
      vertex 51.4203 -52.0432 8.5
    endloop
  endfacet
  facet normal 0 0 -1
    outer loop
      vertex 51.3396 -118.776 8.5
      vertex 55.8278 -119.661 8.5
      vertex 55.6955 -120.031 8.5
    endloop
  endfacet
  facet normal 0 0 -1
    outer loop
      vertex 51.4001 -51.6317 8.5
      vertex 56 -51.5 8.5
      vertex 51.4013 -51.6575 8.5
    endloop
  endfacet
  facet normal 0 0 -1
    outer loop
      vertex 51.3396 -118.776 8.5
      vertex 55.6955 -120.031 8.5
      vertex 55.5277 -120.386 8.5
    endloop
  endfacet
  facet normal -0 0 -1
    outer loop
      vertex 56 -51.5 8.5
      vertex 51.4001 -51.6317 8.5
      vertex 55.9807 -51.1079 8.5
    endloop
  endfacet
  facet normal 0 0 -1
    outer loop
      vertex 51.3333 -118.801 8.5
      vertex 55.5277 -120.386 8.5
      vertex 55.3259 -120.722 8.5
    endloop
  endfacet
  facet normal 0 0 -1
    outer loop
      vertex 51.3963 -51.6061 8.5
      vertex 55.9807 -51.1079 8.5
      vertex 51.4001 -51.6317 8.5
    endloop
  endfacet
  facet normal 0 0 -1
    outer loop
      vertex 51.2395 -119.176 8.5
      vertex 55.3259 -120.722 8.5
      vertex 55.092 -121.038 8.5
    endloop
  endfacet
  facet normal -0 0 -1
    outer loop
      vertex 55.9807 -51.1079 8.5
      vertex 51.3963 -51.6061 8.5
      vertex 55.9231 -50.7196 8.5
    endloop
  endfacet
  facet normal 0 0 -1
    outer loop
      vertex 51.2395 -119.176 8.5
      vertex 55.092 -121.038 8.5
      vertex 54.8284 -121.328 8.5
    endloop
  endfacet
  facet normal -0 0 -1
    outer loop
      vertex 55.9231 -50.7196 8.5
      vertex 51.3963 -51.6061 8.5
      vertex 55.8278 -50.3389 8.5
    endloop
  endfacet
  facet normal 0 0 -1
    outer loop
      vertex 51.2395 -119.176 8.5
      vertex 54.8284 -121.328 8.5
      vertex 54.5376 -121.592 8.5
    endloop
  endfacet
  facet normal 0 0 -1
    outer loop
      vertex 51.3396 -51.2241 8.5
      vertex 55.8278 -50.3389 8.5
      vertex 51.3963 -51.6061 8.5
    endloop
  endfacet
  facet normal 0 0 -1
    outer loop
      vertex 51.2308 -119.2 8.5
      vertex 54.5376 -121.592 8.5
      vertex 54.2223 -121.826 8.5
    endloop
  endfacet
  facet normal -0 0 -1
    outer loop
      vertex 55.8278 -50.3389 8.5
      vertex 51.3396 -51.2241 8.5
      vertex 55.6955 -49.9693 8.5
    endloop
  endfacet
  facet normal 0 0 -1
    outer loop
      vertex 51.1007 -119.564 8.5
      vertex 54.2223 -121.826 8.5
      vertex 53.8856 -122.028 8.5
    endloop
  endfacet
  facet normal -0 0 -1
    outer loop
      vertex 55.6955 -49.9693 8.5
      vertex 51.3396 -51.2241 8.5
      vertex 55.5277 -49.6144 8.5
    endloop
  endfacet
  facet normal 0 0 -1
    outer loop
      vertex 51.1007 -119.564 8.5
      vertex 53.8856 -122.028 8.5
      vertex 53.5307 -122.196 8.5
    endloop
  endfacet
  facet normal 0 0 -1
    outer loop
      vertex 51.3333 -51.199 8.5
      vertex 55.5277 -49.6144 8.5
      vertex 51.3396 -51.2241 8.5
    endloop
  endfacet
  facet normal 0 0 -1
    outer loop
      vertex 51.1007 -119.564 8.5
      vertex 53.5307 -122.196 8.5
      vertex 53.1611 -122.328 8.5
    endloop
  endfacet
  facet normal -0 0 -1
    outer loop
      vertex 55.5277 -49.6144 8.5
      vertex 51.3333 -51.199 8.5
      vertex 55.3259 -49.2777 8.5
    endloop
  endfacet
  facet normal 0 0 -1
    outer loop
      vertex 50.9356 -119.913 8.5
      vertex 53.1611 -122.328 8.5
      vertex 52.7804 -122.423 8.5
    endloop
  endfacet
  facet normal 0 0 -1
    outer loop
      vertex 51.2395 -50.8244 8.5
      vertex 55.3259 -49.2777 8.5
      vertex 51.3333 -51.199 8.5
    endloop
  endfacet
  facet normal 0 0 -1
    outer loop
      vertex 50.9245 -119.936 8.5
      vertex 52.7804 -122.423 8.5
      vertex 52.3921 -122.481 8.5
    endloop
  endfacet
  facet normal -0 0 -1
    outer loop
      vertex 55.3259 -49.2777 8.5
      vertex 51.2395 -50.8244 8.5
      vertex 55.092 -48.9624 8.5
    endloop
  endfacet
  facet normal 0 0 -1
    outer loop
      vertex 50.726 -120.267 8.5
      vertex 52.3921 -122.481 8.5
      vertex 52 -122.5 8.5
    endloop
  endfacet
  facet normal -0 0 -1
    outer loop
      vertex 55.092 -48.9624 8.5
      vertex 51.2395 -50.8244 8.5
      vertex 54.8284 -48.6716 8.5
    endloop
  endfacet
  facet normal -0 0 -1
    outer loop
      vertex 54.8284 -48.6716 8.5
      vertex 51.2395 -50.8244 8.5
      vertex 54.5376 -48.408 8.5
    endloop
  endfacet
  facet normal 0 0 -1
    outer loop
      vertex 56 -118.5 8.5
      vertex 51.4013 -118.342 8.5
      vertex 51.4203 -117.957 8.5
    endloop
  endfacet
  facet normal 0 0 -1
    outer loop
      vertex 56 -118.5 8.5
      vertex 51.4001 -118.368 8.5
      vertex 51.4013 -118.342 8.5
    endloop
  endfacet
  facet normal 0 0 -1
    outer loop
      vertex 55.9807 -118.892 8.5
      vertex 51.3963 -118.394 8.5
      vertex 51.4001 -118.368 8.5
    endloop
  endfacet
  facet normal 0 0 -1
    outer loop
      vertex 55.8278 -119.661 8.5
      vertex 51.3396 -118.776 8.5
      vertex 51.3963 -118.394 8.5
    endloop
  endfacet
  facet normal 0 0 -1
    outer loop
      vertex 55.5277 -120.386 8.5
      vertex 51.3333 -118.801 8.5
      vertex 51.3396 -118.776 8.5
    endloop
  endfacet
  facet normal 0 0 -1
    outer loop
      vertex 55.3259 -120.722 8.5
      vertex 51.2395 -119.176 8.5
      vertex 51.3333 -118.801 8.5
    endloop
  endfacet
  facet normal 0 0 -1
    outer loop
      vertex 54.5376 -121.592 8.5
      vertex 51.2308 -119.2 8.5
      vertex 51.2395 -119.176 8.5
    endloop
  endfacet
  facet normal 0 0 -1
    outer loop
      vertex 54.2223 -121.826 8.5
      vertex 51.1007 -119.564 8.5
      vertex 51.2308 -119.2 8.5
    endloop
  endfacet
  facet normal 0 0 -1
    outer loop
      vertex 53.1611 -122.328 8.5
      vertex 50.9356 -119.913 8.5
      vertex 51.1007 -119.564 8.5
    endloop
  endfacet
  facet normal 0 0 -1
    outer loop
      vertex 52.7804 -122.423 8.5
      vertex 50.9245 -119.936 8.5
      vertex 50.9356 -119.913 8.5
    endloop
  endfacet
  facet normal 0 0 -1
    outer loop
      vertex 52.3921 -122.481 8.5
      vertex 50.726 -120.267 8.5
      vertex 50.9245 -119.936 8.5
    endloop
  endfacet
  facet normal 0 0 -1
    outer loop
      vertex 52 -122.5 8.5
      vertex 50.7127 -120.289 8.5
      vertex 50.726 -120.267 8.5
    endloop
  endfacet
  facet normal 0 0 -1
    outer loop
      vertex 52 -122.5 8.5
      vertex 50.6973 -120.31 8.5
      vertex 50.7127 -120.289 8.5
    endloop
  endfacet
  facet normal 0 0 -1
    outer loop
      vertex 52 -122.5 8.5
      vertex 50.4672 -120.62 8.5
      vertex 50.6973 -120.31 8.5
    endloop
  endfacet
  facet normal 0 0 -1
    outer loop
      vertex 52 -122.5 8.5
      vertex 50.2079 -120.906 8.5
      vertex 50.4672 -120.62 8.5
    endloop
  endfacet
  facet normal 0 0 -1
    outer loop
      vertex 52 -122.5 8.5
      vertex 50.1905 -120.926 8.5
      vertex 50.2079 -120.906 8.5
    endloop
  endfacet
  facet normal 0 0 -1
    outer loop
      vertex 52 -122.5 8.5
      vertex 50.1714 -120.943 8.5
      vertex 50.1905 -120.926 8.5
    endloop
  endfacet
  facet normal 0 0 -1
    outer loop
      vertex 52 -122.5 8.5
      vertex 49.8852 -121.202 8.5
      vertex 50.1714 -120.943 8.5
    endloop
  endfacet
  facet normal 0 0 -1
    outer loop
      vertex 52 -122.5 8.5
      vertex 49.575 -121.432 8.5
      vertex 49.8852 -121.202 8.5
    endloop
  endfacet
  facet normal 0 0 -1
    outer loop
      vertex 52 -122.5 8.5
      vertex 49.5543 -121.448 8.5
      vertex 49.575 -121.432 8.5
    endloop
  endfacet
  facet normal 0 0 -1
    outer loop
      vertex 52 -122.5 8.5
      vertex 49.5321 -121.461 8.5
      vertex 49.5543 -121.448 8.5
    endloop
  endfacet
  facet normal 0 0 -1
    outer loop
      vertex 52 -122.5 8.5
      vertex 49.2009 -121.66 8.5
      vertex 49.5321 -121.461 8.5
    endloop
  endfacet
  facet normal 0 0 -1
    outer loop
      vertex 52 -122.5 8.5
      vertex 49.1775 -121.671 8.5
      vertex 49.2009 -121.66 8.5
    endloop
  endfacet
  facet normal 0 0 -1
    outer loop
      vertex 52 -122.5 8.5
      vertex 48.8284 -121.836 8.5
      vertex 49.1775 -121.671 8.5
    endloop
  endfacet
  facet normal 0 0 -1
    outer loop
      vertex 52 -122.5 8.5
      vertex 48.4648 -121.966 8.5
      vertex 48.8284 -121.836 8.5
    endloop
  endfacet
  facet normal 0 0 -1
    outer loop
      vertex 52 -122.5 8.5
      vertex 48.4404 -121.975 8.5
      vertex 48.4648 -121.966 8.5
    endloop
  endfacet
  facet normal 0 0 -1
    outer loop
      vertex 52 -122.5 8.5
      vertex 48.0658 -122.068 8.5
      vertex 48.4404 -121.975 8.5
    endloop
  endfacet
  facet normal 0 0 -1
    outer loop
      vertex 52 -122.5 8.5
      vertex 48.0407 -122.075 8.5
      vertex 48.0658 -122.068 8.5
    endloop
  endfacet
  facet normal 0 0 -1
    outer loop
      vertex 52 -122.5 8.5
      vertex 47.6587 -122.131 8.5
      vertex 48.0407 -122.075 8.5
    endloop
  endfacet
  facet normal 0 0 -1
    outer loop
      vertex 52 -122.5 8.5
      vertex 47.6332 -122.135 8.5
      vertex 47.6587 -122.131 8.5
    endloop
  endfacet
  facet normal 0 0 -1
    outer loop
      vertex 52 -122.5 8.5
      vertex 47.6073 -122.136 8.5
      vertex 47.6332 -122.135 8.5
    endloop
  endfacet
  facet normal 0 0 -1
    outer loop
      vertex 52 -122.5 8.5
      vertex 47.2216 -122.155 8.5
      vertex 47.6073 -122.136 8.5
    endloop
  endfacet
  facet normal 0 0 -1
    outer loop
      vertex 52 -122.5 8.5
      vertex -47.2216 -122.155 8.5
      vertex 47.2216 -122.155 8.5
    endloop
  endfacet
  facet normal 0 0 -1
    outer loop
      vertex -52 -122.5 8.5
      vertex -47.6073 -122.136 8.5
      vertex -47.2216 -122.155 8.5
    endloop
  endfacet
  facet normal 0 0 -1
    outer loop
      vertex -52 -122.5 8.5
      vertex -48.0658 -122.068 8.5
      vertex -48.0407 -122.075 8.5
    endloop
  endfacet
  facet normal 0 0 -1
    outer loop
      vertex -52 -122.5 8.5
      vertex -48.4648 -121.966 8.5
      vertex -48.4404 -121.975 8.5
    endloop
  endfacet
  facet normal 0 0 -1
    outer loop
      vertex -52 -122.5 8.5
      vertex -49.1775 -121.671 8.5
      vertex -48.8284 -121.836 8.5
    endloop
  endfacet
  facet normal 0 0 -1
    outer loop
      vertex -52 -122.5 8.5
      vertex -50.1714 -120.943 8.5
      vertex -49.8852 -121.202 8.5
    endloop
  endfacet
  facet normal 0 0 -1
    outer loop
      vertex -52 -122.5 8.5
      vertex -50.6973 -120.31 8.5
      vertex -50.4672 -120.62 8.5
    endloop
  endfacet
  facet normal 0 0 -1
    outer loop
      vertex -52 -122.5 8.5
      vertex -50.726 -120.267 8.5
      vertex -50.7127 -120.289 8.5
    endloop
  endfacet
  facet normal 0 0 -1
    outer loop
      vertex -55.3259 -120.722 8.5
      vertex -51.3333 -118.801 8.5
      vertex -51.2395 -119.176 8.5
    endloop
  endfacet
  facet normal 0 0 -1
    outer loop
      vertex -54.5376 -121.592 8.5
      vertex -51.2308 -119.2 8.5
      vertex -54.2223 -121.826 8.5
    endloop
  endfacet
  facet normal -0 0 -1
    outer loop
      vertex -51.1007 -119.564 8.5
      vertex -54.2223 -121.826 8.5
      vertex -51.2308 -119.2 8.5
    endloop
  endfacet
  facet normal 0 0 -1
    outer loop
      vertex -54.2223 -121.826 8.5
      vertex -51.1007 -119.564 8.5
      vertex -53.8856 -122.028 8.5
    endloop
  endfacet
  facet normal 0 0 -1
    outer loop
      vertex -53.8856 -122.028 8.5
      vertex -51.1007 -119.564 8.5
      vertex -53.5307 -122.196 8.5
    endloop
  endfacet
  facet normal 0 0 -1
    outer loop
      vertex -53.5307 -122.196 8.5
      vertex -51.1007 -119.564 8.5
      vertex -53.1611 -122.328 8.5
    endloop
  endfacet
  facet normal -0 0 -1
    outer loop
      vertex -50.9356 -119.913 8.5
      vertex -53.1611 -122.328 8.5
      vertex -51.1007 -119.564 8.5
    endloop
  endfacet
  facet normal 0 0 -1
    outer loop
      vertex -53.1611 -122.328 8.5
      vertex -50.9356 -119.913 8.5
      vertex -52.7804 -122.423 8.5
    endloop
  endfacet
  facet normal -0 0 -1
    outer loop
      vertex -50.9245 -119.936 8.5
      vertex -52.7804 -122.423 8.5
      vertex -50.9356 -119.913 8.5
    endloop
  endfacet
  facet normal 0 0 -1
    outer loop
      vertex -52.7804 -122.423 8.5
      vertex -50.9245 -119.936 8.5
      vertex -52.3921 -122.481 8.5
    endloop
  endfacet
  facet normal -0 0 -1
    outer loop
      vertex -50.726 -120.267 8.5
      vertex -52.3921 -122.481 8.5
      vertex -50.9245 -119.936 8.5
    endloop
  endfacet
  facet normal 0 0 -1
    outer loop
      vertex -50.726 -120.267 8.5
      vertex -52 -122.5 8.5
      vertex -52.3921 -122.481 8.5
    endloop
  endfacet
  facet normal -0 0 -1
    outer loop
      vertex -50.6973 -120.31 8.5
      vertex -52 -122.5 8.5
      vertex -50.7127 -120.289 8.5
    endloop
  endfacet
  facet normal -0 0 -1
    outer loop
      vertex -50.2079 -120.906 8.5
      vertex -52 -122.5 8.5
      vertex -50.4672 -120.62 8.5
    endloop
  endfacet
  facet normal -0 0 -1
    outer loop
      vertex -50.1905 -120.926 8.5
      vertex -52 -122.5 8.5
      vertex -50.2079 -120.906 8.5
    endloop
  endfacet
  facet normal -0 0 -1
    outer loop
      vertex -50.1714 -120.943 8.5
      vertex -52 -122.5 8.5
      vertex -50.1905 -120.926 8.5
    endloop
  endfacet
  facet normal -0 0 -1
    outer loop
      vertex -49.575 -121.432 8.5
      vertex -52 -122.5 8.5
      vertex -49.8852 -121.202 8.5
    endloop
  endfacet
  facet normal -0 0 -1
    outer loop
      vertex -49.5543 -121.448 8.5
      vertex -52 -122.5 8.5
      vertex -49.575 -121.432 8.5
    endloop
  endfacet
  facet normal -0 0 -1
    outer loop
      vertex -49.5321 -121.461 8.5
      vertex -52 -122.5 8.5
      vertex -49.5543 -121.448 8.5
    endloop
  endfacet
  facet normal -0 0 -1
    outer loop
      vertex -49.2009 -121.66 8.5
      vertex -52 -122.5 8.5
      vertex -49.5321 -121.461 8.5
    endloop
  endfacet
  facet normal -0 0 -1
    outer loop
      vertex -49.1775 -121.671 8.5
      vertex -52 -122.5 8.5
      vertex -49.2009 -121.66 8.5
    endloop
  endfacet
  facet normal -0 0 -1
    outer loop
      vertex -48.4648 -121.966 8.5
      vertex -52 -122.5 8.5
      vertex -48.8284 -121.836 8.5
    endloop
  endfacet
  facet normal -0 0 -1
    outer loop
      vertex -48.0658 -122.068 8.5
      vertex -52 -122.5 8.5
      vertex -48.4404 -121.975 8.5
    endloop
  endfacet
  facet normal -0 0 -1
    outer loop
      vertex -47.6587 -122.131 8.5
      vertex -52 -122.5 8.5
      vertex -48.0407 -122.075 8.5
    endloop
  endfacet
  facet normal -0 0 -1
    outer loop
      vertex -47.6332 -122.135 8.5
      vertex -52 -122.5 8.5
      vertex -47.6587 -122.131 8.5
    endloop
  endfacet
  facet normal -0 0 -1
    outer loop
      vertex -47.6073 -122.136 8.5
      vertex -52 -122.5 8.5
      vertex -47.6332 -122.135 8.5
    endloop
  endfacet
  facet normal 0 0 -1
    outer loop
      vertex -52 -122.5 8.5
      vertex -47.2216 -122.155 8.5
      vertex 52 -122.5 8.5
    endloop
  endfacet
  facet normal 0 0 -1
    outer loop
      vertex 51.2308 -50.8001 8.5
      vertex 54.5376 -48.408 8.5
      vertex 51.2395 -50.8244 8.5
    endloop
  endfacet
  facet normal -0 0 -1
    outer loop
      vertex 54.5376 -48.408 8.5
      vertex 51.2308 -50.8001 8.5
      vertex 54.2223 -48.1741 8.5
    endloop
  endfacet
  facet normal 0 0 -1
    outer loop
      vertex 51.1007 -50.4365 8.5
      vertex 54.2223 -48.1741 8.5
      vertex 51.2308 -50.8001 8.5
    endloop
  endfacet
  facet normal -0 0 -1
    outer loop
      vertex 54.2223 -48.1741 8.5
      vertex 51.1007 -50.4365 8.5
      vertex 53.8856 -47.9723 8.5
    endloop
  endfacet
  facet normal -0 0 -1
    outer loop
      vertex 53.8856 -47.9723 8.5
      vertex 51.1007 -50.4365 8.5
      vertex 53.5307 -47.8045 8.5
    endloop
  endfacet
  facet normal -0 0 -1
    outer loop
      vertex 53.5307 -47.8045 8.5
      vertex 51.1007 -50.4365 8.5
      vertex 53.1611 -47.6722 8.5
    endloop
  endfacet
  facet normal 0 0 -1
    outer loop
      vertex 50.9356 -50.0874 8.5
      vertex 53.1611 -47.6722 8.5
      vertex 51.1007 -50.4365 8.5
    endloop
  endfacet
  facet normal -0 0 -1
    outer loop
      vertex 53.1611 -47.6722 8.5
      vertex 50.9356 -50.0874 8.5
      vertex 52.7804 -47.5769 8.5
    endloop
  endfacet
  facet normal 0 0 -1
    outer loop
      vertex 50.9245 -50.064 8.5
      vertex 52.7804 -47.5769 8.5
      vertex 50.9356 -50.0874 8.5
    endloop
  endfacet
  facet normal -0 0 -1
    outer loop
      vertex 52.7804 -47.5769 8.5
      vertex 50.9245 -50.064 8.5
      vertex 52.3921 -47.5193 8.5
    endloop
  endfacet
  facet normal 0 0 -1
    outer loop
      vertex 50.726 -49.7328 8.5
      vertex 52.3921 -47.5193 8.5
      vertex 50.9245 -50.064 8.5
    endloop
  endfacet
  facet normal -0 0 -1
    outer loop
      vertex 52.3921 -47.5193 8.5
      vertex 50.726 -49.7328 8.5
      vertex 52 -47.5 8.5
    endloop
  endfacet
  facet normal 0 0 -1
    outer loop
      vertex 50.7127 -49.7106 8.5
      vertex 52 -47.5 8.5
      vertex 50.726 -49.7328 8.5
    endloop
  endfacet
  facet normal 0 0 -1
    outer loop
      vertex 50.6973 -49.6898 8.5
      vertex 52 -47.5 8.5
      vertex 50.7127 -49.7106 8.5
    endloop
  endfacet
  facet normal 0 0 -1
    outer loop
      vertex 50.4672 -49.3797 8.5
      vertex 52 -47.5 8.5
      vertex 50.6973 -49.6898 8.5
    endloop
  endfacet
  facet normal 0 0 -1
    outer loop
      vertex 50.2079 -49.0935 8.5
      vertex 52 -47.5 8.5
      vertex 50.4672 -49.3797 8.5
    endloop
  endfacet
  facet normal 0 0 -1
    outer loop
      vertex 50.1905 -49.0743 8.5
      vertex 52 -47.5 8.5
      vertex 50.2079 -49.0935 8.5
    endloop
  endfacet
  facet normal 0 0 -1
    outer loop
      vertex 50.1714 -49.057 8.5
      vertex 52 -47.5 8.5
      vertex 50.1905 -49.0743 8.5
    endloop
  endfacet
  facet normal 0 0 -1
    outer loop
      vertex 49.8852 -48.7976 8.5
      vertex 52 -47.5 8.5
      vertex 50.1714 -49.057 8.5
    endloop
  endfacet
  facet normal 0 0 -1
    outer loop
      vertex 49.575 -48.5676 8.5
      vertex 52 -47.5 8.5
      vertex 49.8852 -48.7976 8.5
    endloop
  endfacet
  facet normal 0 0 -1
    outer loop
      vertex 49.5543 -48.5522 8.5
      vertex 52 -47.5 8.5
      vertex 49.575 -48.5676 8.5
    endloop
  endfacet
  facet normal 0 0 -1
    outer loop
      vertex 49.5321 -48.5389 8.5
      vertex 52 -47.5 8.5
      vertex 49.5543 -48.5522 8.5
    endloop
  endfacet
  facet normal 0 0 -1
    outer loop
      vertex 49.2009 -48.3404 8.5
      vertex 52 -47.5 8.5
      vertex 49.5321 -48.5389 8.5
    endloop
  endfacet
  facet normal 0 0 -1
    outer loop
      vertex 49.1775 -48.3293 8.5
      vertex 52 -47.5 8.5
      vertex 49.2009 -48.3404 8.5
    endloop
  endfacet
  facet normal 0 0 -1
    outer loop
      vertex 48.8284 -48.1642 8.5
      vertex 52 -47.5 8.5
      vertex 49.1775 -48.3293 8.5
    endloop
  endfacet
  facet normal 0 0 -1
    outer loop
      vertex 48.4648 -48.0341 8.5
      vertex 52 -47.5 8.5
      vertex 48.8284 -48.1642 8.5
    endloop
  endfacet
  facet normal 0 0 -1
    outer loop
      vertex 48.4404 -48.0254 8.5
      vertex 52 -47.5 8.5
      vertex 48.4648 -48.0341 8.5
    endloop
  endfacet
  facet normal 0 0 -1
    outer loop
      vertex 48.0658 -47.9316 8.5
      vertex 52 -47.5 8.5
      vertex 48.4404 -48.0254 8.5
    endloop
  endfacet
  facet normal 0 0 -1
    outer loop
      vertex 48.0407 -47.9253 8.5
      vertex 52 -47.5 8.5
      vertex 48.0658 -47.9316 8.5
    endloop
  endfacet
  facet normal 0 0 -1
    outer loop
      vertex 47.6587 -47.8686 8.5
      vertex 52 -47.5 8.5
      vertex 48.0407 -47.9253 8.5
    endloop
  endfacet
  facet normal 0 0 -1
    outer loop
      vertex 47.6332 -47.8648 8.5
      vertex 52 -47.5 8.5
      vertex 47.6587 -47.8686 8.5
    endloop
  endfacet
  facet normal 0 0 -1
    outer loop
      vertex 47.6073 -47.8635 8.5
      vertex 52 -47.5 8.5
      vertex 47.6332 -47.8648 8.5
    endloop
  endfacet
  facet normal 0 0 -1
    outer loop
      vertex 47.2216 -47.8446 8.5
      vertex 52 -47.5 8.5
      vertex 47.6073 -47.8635 8.5
    endloop
  endfacet
  facet normal 0 0 -1
    outer loop
      vertex -47.2216 -47.8446 8.5
      vertex 52 -47.5 8.5
      vertex 47.2216 -47.8446 8.5
    endloop
  endfacet
  facet normal 0 0 -1
    outer loop
      vertex -52 -47.5 8.5
      vertex -47.6073 -47.8635 8.5
      vertex -47.6332 -47.8648 8.5
    endloop
  endfacet
  facet normal 0 0 -1
    outer loop
      vertex -52 -47.5 8.5
      vertex -47.6587 -47.8686 8.5
      vertex -48.0407 -47.9253 8.5
    endloop
  endfacet
  facet normal 0 0 -1
    outer loop
      vertex -52 -47.5 8.5
      vertex -48.4648 -48.0341 8.5
      vertex -48.8284 -48.1642 8.5
    endloop
  endfacet
  facet normal 0 0 -1
    outer loop
      vertex -52 -47.5 8.5
      vertex -49.1775 -48.3293 8.5
      vertex -49.2009 -48.3404 8.5
    endloop
  endfacet
  facet normal 0 0 -1
    outer loop
      vertex -52 -47.5 8.5
      vertex -49.5321 -48.5389 8.5
      vertex -49.5543 -48.5522 8.5
    endloop
  endfacet
  facet normal 0 0 -1
    outer loop
      vertex -52 -47.5 8.5
      vertex -50.2079 -49.0935 8.5
      vertex -50.4672 -49.3797 8.5
    endloop
  endfacet
  facet normal 0 0 -1
    outer loop
      vertex -52.3921 -47.5193 8.5
      vertex -50.726 -49.7328 8.5
      vertex -50.9245 -50.064 8.5
    endloop
  endfacet
  facet normal 0 0 -1
    outer loop
      vertex -54.5376 -48.408 8.5
      vertex -51.2308 -50.8001 8.5
      vertex -51.2395 -50.8244 8.5
    endloop
  endfacet
  facet normal 0 0 -1
    outer loop
      vertex -55.5277 -49.6144 8.5
      vertex -51.3333 -51.199 8.5
      vertex -51.3396 -51.2241 8.5
    endloop
  endfacet
  facet normal 0 0 -1
    outer loop
      vertex -47.2216 -47.8446 8.5
      vertex -52 -47.5 8.5
      vertex 52 -47.5 8.5
    endloop
  endfacet
  facet normal 0 0 -1
    outer loop
      vertex -47.6073 -47.8635 8.5
      vertex -52 -47.5 8.5
      vertex -47.2216 -47.8446 8.5
    endloop
  endfacet
  facet normal 0 0 -1
    outer loop
      vertex -47.6587 -47.8686 8.5
      vertex -52 -47.5 8.5
      vertex -47.6332 -47.8648 8.5
    endloop
  endfacet
  facet normal 0 0 -1
    outer loop
      vertex -48.0658 -47.9316 8.5
      vertex -52 -47.5 8.5
      vertex -48.0407 -47.9253 8.5
    endloop
  endfacet
  facet normal 0 0 -1
    outer loop
      vertex -48.4404 -48.0254 8.5
      vertex -52 -47.5 8.5
      vertex -48.0658 -47.9316 8.5
    endloop
  endfacet
  facet normal 0 0 -1
    outer loop
      vertex -48.4648 -48.0341 8.5
      vertex -52 -47.5 8.5
      vertex -48.4404 -48.0254 8.5
    endloop
  endfacet
  facet normal 0 0 -1
    outer loop
      vertex -49.1775 -48.3293 8.5
      vertex -52 -47.5 8.5
      vertex -48.8284 -48.1642 8.5
    endloop
  endfacet
  facet normal 0 0 -1
    outer loop
      vertex -49.5321 -48.5389 8.5
      vertex -52 -47.5 8.5
      vertex -49.2009 -48.3404 8.5
    endloop
  endfacet
  facet normal 0 0 -1
    outer loop
      vertex -49.575 -48.5676 8.5
      vertex -52 -47.5 8.5
      vertex -49.5543 -48.5522 8.5
    endloop
  endfacet
  facet normal 0 0 -1
    outer loop
      vertex -49.8852 -48.7976 8.5
      vertex -52 -47.5 8.5
      vertex -49.575 -48.5676 8.5
    endloop
  endfacet
  facet normal 0 0 -1
    outer loop
      vertex -50.1714 -49.057 8.5
      vertex -52 -47.5 8.5
      vertex -49.8852 -48.7976 8.5
    endloop
  endfacet
  facet normal 0 0 -1
    outer loop
      vertex -50.1905 -49.0743 8.5
      vertex -52 -47.5 8.5
      vertex -50.1714 -49.057 8.5
    endloop
  endfacet
  facet normal 0 0 -1
    outer loop
      vertex -50.2079 -49.0935 8.5
      vertex -52 -47.5 8.5
      vertex -50.1905 -49.0743 8.5
    endloop
  endfacet
  facet normal 0 0 -1
    outer loop
      vertex -50.6973 -49.6898 8.5
      vertex -52 -47.5 8.5
      vertex -50.4672 -49.3797 8.5
    endloop
  endfacet
  facet normal 0 0 -1
    outer loop
      vertex -50.7127 -49.7106 8.5
      vertex -52 -47.5 8.5
      vertex -50.6973 -49.6898 8.5
    endloop
  endfacet
  facet normal 0 -0 -1
    outer loop
      vertex -52 -47.5 8.5
      vertex -50.726 -49.7328 8.5
      vertex -52.3921 -47.5193 8.5
    endloop
  endfacet
  facet normal 0 0 -1
    outer loop
      vertex -52.7804 -47.5769 8.5
      vertex -50.9245 -50.064 8.5
      vertex -50.9356 -50.0874 8.5
    endloop
  endfacet
  facet normal 0 0 -1
    outer loop
      vertex -53.1611 -47.6722 8.5
      vertex -50.9356 -50.0874 8.5
      vertex -51.1007 -50.4365 8.5
    endloop
  endfacet
  facet normal 0 0 -1
    outer loop
      vertex -51.2308 -50.8001 8.5
      vertex -54.2223 -48.1741 8.5
      vertex -51.1007 -50.4365 8.5
    endloop
  endfacet
  facet normal 0 0 -1
    outer loop
      vertex -51.3333 -51.199 8.5
      vertex -55.3259 -49.2777 8.5
      vertex -51.2395 -50.8244 8.5
    endloop
  endfacet
  facet normal 0 0 -1
    outer loop
      vertex -55.8278 -50.3389 8.5
      vertex -51.3396 -51.2241 8.5
      vertex -51.3963 -51.6061 8.5
    endloop
  endfacet
  facet normal 0 0 -1
    outer loop
      vertex -55.9807 -51.1079 8.5
      vertex -51.3963 -51.6061 8.5
      vertex -51.4001 -51.6317 8.5
    endloop
  endfacet
  facet normal 0 0 -1
    outer loop
      vertex -56 -51.5 8.5
      vertex -51.4001 -51.6317 8.5
      vertex -51.4013 -51.6575 8.5
    endloop
  endfacet
  facet normal 0 0 -1
    outer loop
      vertex -56 -51.5 8.5
      vertex -51.4013 -51.6575 8.5
      vertex -51.4203 -52.0432 8.5
    endloop
  endfacet
  facet normal -0 0 -1
    outer loop
      vertex -51.4203 -117.957 8.5
      vertex -56 -118.5 8.5
      vertex -51.4203 -52.0432 8.5
    endloop
  endfacet
  facet normal -0 0 -1
    outer loop
      vertex -51.2308 -119.2 8.5
      vertex -54.5376 -121.592 8.5
      vertex -51.2395 -119.176 8.5
    endloop
  endfacet
  facet normal 0 0 -1
    outer loop
      vertex -56 -51.5 8.5
      vertex -51.4203 -52.0432 8.5
      vertex -56 -118.5 8.5
    endloop
  endfacet
  facet normal 0 0 -1
    outer loop
      vertex -54.8284 -121.328 8.5
      vertex -51.2395 -119.176 8.5
      vertex -54.5376 -121.592 8.5
    endloop
  endfacet
  facet normal 0 0 -1
    outer loop
      vertex -51.4001 -51.6317 8.5
      vertex -56 -51.5 8.5
      vertex -55.9807 -51.1079 8.5
    endloop
  endfacet
  facet normal 0 0 -1
    outer loop
      vertex -55.092 -121.038 8.5
      vertex -51.2395 -119.176 8.5
      vertex -54.8284 -121.328 8.5
    endloop
  endfacet
  facet normal 0 0 -1
    outer loop
      vertex -50.726 -49.7328 8.5
      vertex -52 -47.5 8.5
      vertex -50.7127 -49.7106 8.5
    endloop
  endfacet
  facet normal 0 0 -1
    outer loop
      vertex -55.3259 -120.722 8.5
      vertex -51.2395 -119.176 8.5
      vertex -55.092 -121.038 8.5
    endloop
  endfacet
  facet normal 0 0 -1
    outer loop
      vertex -50.9245 -50.064 8.5
      vertex -52.7804 -47.5769 8.5
      vertex -52.3921 -47.5193 8.5
    endloop
  endfacet
  facet normal 0 0 -1
    outer loop
      vertex -55.5277 -120.386 8.5
      vertex -51.3333 -118.801 8.5
      vertex -55.3259 -120.722 8.5
    endloop
  endfacet
  facet normal 0 0 -1
    outer loop
      vertex -50.9356 -50.0874 8.5
      vertex -53.1611 -47.6722 8.5
      vertex -52.7804 -47.5769 8.5
    endloop
  endfacet
  facet normal -0 0 -1
    outer loop
      vertex -51.3333 -118.801 8.5
      vertex -55.5277 -120.386 8.5
      vertex -51.3396 -118.776 8.5
    endloop
  endfacet
  facet normal 0 0 -1
    outer loop
      vertex -51.1007 -50.4365 8.5
      vertex -53.5307 -47.8045 8.5
      vertex -53.1611 -47.6722 8.5
    endloop
  endfacet
  facet normal 0 0 -1
    outer loop
      vertex -55.6955 -120.031 8.5
      vertex -51.3396 -118.776 8.5
      vertex -55.5277 -120.386 8.5
    endloop
  endfacet
  facet normal 0 0 -1
    outer loop
      vertex -51.1007 -50.4365 8.5
      vertex -53.8856 -47.9723 8.5
      vertex -53.5307 -47.8045 8.5
    endloop
  endfacet
  facet normal 0 0 -1
    outer loop
      vertex -55.8278 -119.661 8.5
      vertex -51.3396 -118.776 8.5
      vertex -55.6955 -120.031 8.5
    endloop
  endfacet
  facet normal 0 0 -1
    outer loop
      vertex -51.1007 -50.4365 8.5
      vertex -54.2223 -48.1741 8.5
      vertex -53.8856 -47.9723 8.5
    endloop
  endfacet
  facet normal -0 0 -1
    outer loop
      vertex -51.3396 -118.776 8.5
      vertex -55.8278 -119.661 8.5
      vertex -51.3963 -118.394 8.5
    endloop
  endfacet
  facet normal 0 0 -1
    outer loop
      vertex -51.2308 -50.8001 8.5
      vertex -54.5376 -48.408 8.5
      vertex -54.2223 -48.1741 8.5
    endloop
  endfacet
  facet normal 0 0 -1
    outer loop
      vertex -55.9231 -119.28 8.5
      vertex -51.3963 -118.394 8.5
      vertex -55.8278 -119.661 8.5
    endloop
  endfacet
  facet normal 0 0 -1
    outer loop
      vertex -51.2395 -50.8244 8.5
      vertex -54.8284 -48.6716 8.5
      vertex -54.5376 -48.408 8.5
    endloop
  endfacet
  facet normal 0 0 -1
    outer loop
      vertex -55.9807 -118.892 8.5
      vertex -51.3963 -118.394 8.5
      vertex -55.9231 -119.28 8.5
    endloop
  endfacet
  facet normal 0 0 -1
    outer loop
      vertex -51.2395 -50.8244 8.5
      vertex -55.092 -48.9624 8.5
      vertex -54.8284 -48.6716 8.5
    endloop
  endfacet
  facet normal -0 0 -1
    outer loop
      vertex -51.3963 -118.394 8.5
      vertex -55.9807 -118.892 8.5
      vertex -51.4001 -118.368 8.5
    endloop
  endfacet
  facet normal 0 0 -1
    outer loop
      vertex -51.2395 -50.8244 8.5
      vertex -55.3259 -49.2777 8.5
      vertex -55.092 -48.9624 8.5
    endloop
  endfacet
  facet normal 0 0 -1
    outer loop
      vertex -56 -118.5 8.5
      vertex -51.4001 -118.368 8.5
      vertex -55.9807 -118.892 8.5
    endloop
  endfacet
  facet normal 0 0 -1
    outer loop
      vertex -51.3333 -51.199 8.5
      vertex -55.5277 -49.6144 8.5
      vertex -55.3259 -49.2777 8.5
    endloop
  endfacet
  facet normal -0 0 -1
    outer loop
      vertex -51.4001 -118.368 8.5
      vertex -56 -118.5 8.5
      vertex -51.4013 -118.342 8.5
    endloop
  endfacet
  facet normal 0 0 -1
    outer loop
      vertex -51.3396 -51.2241 8.5
      vertex -55.6955 -49.9693 8.5
      vertex -55.5277 -49.6144 8.5
    endloop
  endfacet
  facet normal -0 0 -1
    outer loop
      vertex -51.4013 -118.342 8.5
      vertex -56 -118.5 8.5
      vertex -51.4203 -117.957 8.5
    endloop
  endfacet
  facet normal 0 0 -1
    outer loop
      vertex -51.3396 -51.2241 8.5
      vertex -55.8278 -50.3389 8.5
      vertex -55.6955 -49.9693 8.5
    endloop
  endfacet
  facet normal 0 0 -1
    outer loop
      vertex -51.3963 -51.6061 8.5
      vertex -55.9231 -50.7196 8.5
      vertex -55.8278 -50.3389 8.5
    endloop
  endfacet
  facet normal 0 0 -1
    outer loop
      vertex -51.3963 -51.6061 8.5
      vertex -55.9807 -51.1079 8.5
      vertex -55.9231 -50.7196 8.5
    endloop
  endfacet
  facet normal 0.0484002 0.998828 -0
    outer loop
      vertex -52 -122.5 0
      vertex -52.3921 -122.481 8.5
      vertex -52 -122.5 8.5
    endloop
  endfacet
  facet normal 0.0484002 0.998828 0
    outer loop
      vertex -52.3921 -122.481 8.5
      vertex -52 -122.5 0
      vertex -52.3921 -122.481 0
    endloop
  endfacet
  facet normal 0 -1 0
    outer loop
      vertex -52 -47.5 0
      vertex 52 -47.5 8.5
      vertex -52 -47.5 8.5
    endloop
  endfacet
  facet normal 0 -1 -0
    outer loop
      vertex 52 -47.5 8.5
      vertex -52 -47.5 0
      vertex 52 -47.5 0
    endloop
  endfacet
  facet normal 0.998791 -0.0491626 0
    outer loop
      vertex -56 -51.5 8.5
      vertex -55.9807 -51.1079 0
      vertex -55.9807 -51.1079 8.5
    endloop
  endfacet
  facet normal 0.998791 -0.0491626 0
    outer loop
      vertex -55.9807 -51.1079 0
      vertex -56 -51.5 8.5
      vertex -56 -51.5 0
    endloop
  endfacet
  facet normal 1 -0 0
    outer loop
      vertex -56 -118.5 8.5
      vertex -56 -51.5 0
      vertex -56 -51.5 8.5
    endloop
  endfacet
  facet normal 1 0 0
    outer loop
      vertex -56 -51.5 0
      vertex -56 -118.5 8.5
      vertex -56 -118.5 0
    endloop
  endfacet
  facet normal 0.514458 0.857515 -0
    outer loop
      vertex -53.8856 -122.028 0
      vertex -54.2223 -121.826 8.5
      vertex -53.8856 -122.028 8.5
    endloop
  endfacet
  facet normal 0.514458 0.857515 0
    outer loop
      vertex -54.2223 -121.826 8.5
      vertex -53.8856 -122.028 0
      vertex -54.2223 -121.826 0
    endloop
  endfacet
  facet normal 0.595794 -0.803137 0
    outer loop
      vertex -54.5376 -48.408 0
      vertex -54.2223 -48.1741 8.5
      vertex -54.5376 -48.408 8.5
    endloop
  endfacet
  facet normal 0.595794 -0.803137 0
    outer loop
      vertex -54.2223 -48.1741 8.5
      vertex -54.5376 -48.408 0
      vertex -54.2223 -48.1741 0
    endloop
  endfacet
  facet normal 0.740908 -0.671607 0
    outer loop
      vertex -55.092 -48.9624 8.5
      vertex -54.8284 -48.6716 0
      vertex -54.8284 -48.6716 8.5
    endloop
  endfacet
  facet normal 0.740908 -0.671607 0
    outer loop
      vertex -54.8284 -48.6716 0
      vertex -55.092 -48.9624 8.5
      vertex -55.092 -48.9624 0
    endloop
  endfacet
  facet normal 0.595958 0.803015 -0
    outer loop
      vertex -54.2223 -121.826 0
      vertex -54.5376 -121.592 8.5
      vertex -54.2223 -121.826 8.5
    endloop
  endfacet
  facet normal 0.595958 0.803015 0
    outer loop
      vertex -54.5376 -121.592 8.5
      vertex -54.2223 -121.826 0
      vertex -54.5376 -121.592 0
    endloop
  endfacet
  facet normal 0.336336 0.941742 -0
    outer loop
      vertex -53.1611 -122.328 0
      vertex -53.5307 -122.196 8.5
      vertex -53.1611 -122.328 8.5
    endloop
  endfacet
  facet normal 0.336336 0.941742 0
    outer loop
      vertex -53.5307 -122.196 8.5
      vertex -53.1611 -122.328 0
      vertex -53.5307 -122.196 0
    endloop
  endfacet
  facet normal 0.14773 0.989028 -0
    outer loop
      vertex -52.3921 -122.481 0
      vertex -52.7804 -122.423 8.5
      vertex -52.3921 -122.481 8.5
    endloop
  endfacet
  facet normal 0.14773 0.989028 0
    outer loop
      vertex -52.7804 -122.423 8.5
      vertex -52.3921 -122.481 0
      vertex -52.7804 -122.423 0
    endloop
  endfacet
  facet normal 0.242116 0.970247 -0
    outer loop
      vertex -52.7804 -122.423 0
      vertex -53.1611 -122.328 8.5
      vertex -52.7804 -122.423 8.5
    endloop
  endfacet
  facet normal 0.242116 0.970247 0
    outer loop
      vertex -53.1611 -122.328 8.5
      vertex -52.7804 -122.423 0
      vertex -53.1611 -122.328 0
    endloop
  endfacet
  facet normal -0.514084 -0.85774 0
    outer loop
      vertex 53.8856 -47.9723 0
      vertex 54.2223 -48.1741 8.5
      vertex 53.8856 -47.9723 8.5
    endloop
  endfacet
  facet normal -0.514084 -0.85774 -0
    outer loop
      vertex 54.2223 -48.1741 8.5
      vertex 53.8856 -47.9723 0
      vertex 54.2223 -48.1741 0
    endloop
  endfacet
  facet normal -0.42744 -0.904044 0
    outer loop
      vertex 53.5307 -47.8045 0
      vertex 53.8856 -47.9723 8.5
      vertex 53.5307 -47.8045 8.5
    endloop
  endfacet
  facet normal -0.42744 -0.904044 -0
    outer loop
      vertex 53.8856 -47.9723 8.5
      vertex 53.5307 -47.8045 0
      vertex 53.8856 -47.9723 0
    endloop
  endfacet
  facet normal -0.0491626 -0.998791 0
    outer loop
      vertex 52 -47.5 0
      vertex 52.3921 -47.5193 8.5
      vertex 52 -47.5 8.5
    endloop
  endfacet
  facet normal -0.0491626 -0.998791 -0
    outer loop
      vertex 52.3921 -47.5193 8.5
      vertex 52 -47.5 0
      vertex 52.3921 -47.5193 0
    endloop
  endfacet
  facet normal 0.146733 -0.989176 0
    outer loop
      vertex -52.7804 -47.5769 0
      vertex -52.3921 -47.5193 8.5
      vertex -52.7804 -47.5769 8.5
    endloop
  endfacet
  facet normal 0.146733 -0.989176 0
    outer loop
      vertex -52.3921 -47.5193 8.5
      vertex -52.7804 -47.5769 0
      vertex -52.3921 -47.5193 0
    endloop
  endfacet
  facet normal 0.671607 -0.740908 0
    outer loop
      vertex -54.8284 -48.6716 0
      vertex -54.5376 -48.408 8.5
      vertex -54.8284 -48.6716 8.5
    endloop
  endfacet
  facet normal 0.671607 -0.740908 0
    outer loop
      vertex -54.5376 -48.408 8.5
      vertex -54.8284 -48.6716 0
      vertex -54.5376 -48.408 0
    endloop
  endfacet
  facet normal 0.85774 -0.514084 0
    outer loop
      vertex -55.5277 -49.6144 8.5
      vertex -55.3259 -49.2777 0
      vertex -55.3259 -49.2777 8.5
    endloop
  endfacet
  facet normal 0.85774 -0.514084 0
    outer loop
      vertex -55.3259 -49.2777 0
      vertex -55.5277 -49.6144 8.5
      vertex -55.5277 -49.6144 0
    endloop
  endfacet
  facet normal 0.904044 -0.42744 0
    outer loop
      vertex -55.6955 -49.9693 8.5
      vertex -55.5277 -49.6144 0
      vertex -55.5277 -49.6144 8.5
    endloop
  endfacet
  facet normal 0.904044 -0.42744 0
    outer loop
      vertex -55.5277 -49.6144 0
      vertex -55.6955 -49.9693 8.5
      vertex -55.6955 -49.9693 0
    endloop
  endfacet
  facet normal 0.803137 -0.595794 0
    outer loop
      vertex -55.3259 -49.2777 8.5
      vertex -55.092 -48.9624 0
      vertex -55.092 -48.9624 8.5
    endloop
  endfacet
  facet normal 0.803137 -0.595794 0
    outer loop
      vertex -55.092 -48.9624 0
      vertex -55.3259 -49.2777 8.5
      vertex -55.3259 -49.2777 0
    endloop
  endfacet
  facet normal 0.970068 -0.242835 0
    outer loop
      vertex -55.9231 -50.7196 8.5
      vertex -55.8278 -50.3389 0
      vertex -55.8278 -50.3389 8.5
    endloop
  endfacet
  facet normal 0.970068 -0.242835 0
    outer loop
      vertex -55.8278 -50.3389 0
      vertex -55.9231 -50.7196 8.5
      vertex -55.9231 -50.7196 0
    endloop
  endfacet
  facet normal 0.9415 -0.337014 0
    outer loop
      vertex -55.8278 -50.3389 8.5
      vertex -55.6955 -49.9693 0
      vertex -55.6955 -49.9693 8.5
    endloop
  endfacet
  facet normal 0.9415 -0.337014 0
    outer loop
      vertex -55.6955 -49.9693 0
      vertex -55.8278 -50.3389 8.5
      vertex -55.8278 -50.3389 0
    endloop
  endfacet
  facet normal 0.989176 -0.146733 0
    outer loop
      vertex -55.9807 -51.1079 8.5
      vertex -55.9231 -50.7196 0
      vertex -55.9231 -50.7196 8.5
    endloop
  endfacet
  facet normal 0.989176 -0.146733 0
    outer loop
      vertex -55.9231 -50.7196 0
      vertex -55.9807 -51.1079 8.5
      vertex -55.9807 -51.1079 0
    endloop
  endfacet
  facet normal 0.941615 0.336691 0
    outer loop
      vertex -55.6955 -120.031 8.5
      vertex -55.8278 -119.661 0
      vertex -55.8278 -119.661 8.5
    endloop
  endfacet
  facet normal 0.941615 0.336691 0
    outer loop
      vertex -55.8278 -119.661 0
      vertex -55.6955 -120.031 8.5
      vertex -55.6955 -120.031 0
    endloop
  endfacet
  facet normal 0.672166 0.740401 -0
    outer loop
      vertex -54.5376 -121.592 0
      vertex -54.8284 -121.328 8.5
      vertex -54.5376 -121.592 8.5
    endloop
  endfacet
  facet normal 0.672166 0.740401 0
    outer loop
      vertex -54.8284 -121.328 8.5
      vertex -54.5376 -121.592 0
      vertex -54.8284 -121.328 0
    endloop
  endfacet
  facet normal 0.98916 0.146844 0
    outer loop
      vertex -55.9231 -119.28 8.5
      vertex -55.9807 -118.892 0
      vertex -55.9807 -118.892 8.5
    endloop
  endfacet
  facet normal 0.98916 0.146844 0
    outer loop
      vertex -55.9807 -118.892 0
      vertex -55.9231 -119.28 8.5
      vertex -55.9231 -119.28 0
    endloop
  endfacet
  facet normal 0.427856 0.903847 -0
    outer loop
      vertex -53.5307 -122.196 0
      vertex -53.8856 -122.028 8.5
      vertex -53.5307 -122.196 8.5
    endloop
  endfacet
  facet normal 0.427856 0.903847 0
    outer loop
      vertex -53.8856 -122.028 8.5
      vertex -53.5307 -122.196 0
      vertex -53.8856 -122.028 0
    endloop
  endfacet
  facet normal -0.739986 0.672622 0
    outer loop
      vertex 54.8284 -121.328 0
      vertex 55.092 -121.038 8.5
      vertex 55.092 -121.038 0
    endloop
  endfacet
  facet normal -0.739986 0.672622 0
    outer loop
      vertex 55.092 -121.038 8.5
      vertex 54.8284 -121.328 0
      vertex 54.8284 -121.328 8.5
    endloop
  endfacet
  facet normal -0.337014 -0.9415 0
    outer loop
      vertex 53.1611 -47.6722 0
      vertex 53.5307 -47.8045 8.5
      vertex 53.1611 -47.6722 8.5
    endloop
  endfacet
  facet normal -0.337014 -0.9415 -0
    outer loop
      vertex 53.5307 -47.8045 8.5
      vertex 53.1611 -47.6722 0
      vertex 53.5307 -47.8045 0
    endloop
  endfacet
  facet normal -0.146733 -0.989176 0
    outer loop
      vertex 52.3921 -47.5193 0
      vertex 52.7804 -47.5769 8.5
      vertex 52.3921 -47.5193 8.5
    endloop
  endfacet
  facet normal -0.146733 -0.989176 -0
    outer loop
      vertex 52.7804 -47.5769 8.5
      vertex 52.3921 -47.5193 0
      vertex 52.7804 -47.5769 0
    endloop
  endfacet
  facet normal 0.242835 -0.970068 0
    outer loop
      vertex -53.1611 -47.6722 0
      vertex -52.7804 -47.5769 8.5
      vertex -53.1611 -47.6722 8.5
    endloop
  endfacet
  facet normal 0.242835 -0.970068 0
    outer loop
      vertex -52.7804 -47.5769 8.5
      vertex -53.1611 -47.6722 0
      vertex -52.7804 -47.5769 0
    endloop
  endfacet
  facet normal 0.42744 -0.904044 0
    outer loop
      vertex -53.8856 -47.9723 0
      vertex -53.5307 -47.8045 8.5
      vertex -53.8856 -47.9723 8.5
    endloop
  endfacet
  facet normal 0.42744 -0.904044 0
    outer loop
      vertex -53.5307 -47.8045 8.5
      vertex -53.8856 -47.9723 0
      vertex -53.5307 -47.8045 0
    endloop
  endfacet
  facet normal 0.514084 -0.85774 0
    outer loop
      vertex -54.2223 -48.1741 0
      vertex -53.8856 -47.9723 8.5
      vertex -54.2223 -48.1741 8.5
    endloop
  endfacet
  facet normal 0.514084 -0.85774 0
    outer loop
      vertex -53.8856 -47.9723 8.5
      vertex -54.2223 -48.1741 0
      vertex -53.8856 -47.9723 0
    endloop
  endfacet
  facet normal 0.803769 0.594942 0
    outer loop
      vertex -55.092 -121.038 8.5
      vertex -55.3259 -120.722 0
      vertex -55.3259 -120.722 8.5
    endloop
  endfacet
  facet normal 0.803769 0.594942 0
    outer loop
      vertex -55.3259 -120.722 0
      vertex -55.092 -121.038 8.5
      vertex -55.092 -121.038 0
    endloop
  endfacet
  facet normal 0.739986 0.672622 0
    outer loop
      vertex -54.8284 -121.328 8.5
      vertex -55.092 -121.038 0
      vertex -55.092 -121.038 8.5
    endloop
  endfacet
  facet normal 0.739986 0.672622 0
    outer loop
      vertex -55.092 -121.038 0
      vertex -54.8284 -121.328 8.5
      vertex -54.8284 -121.328 0
    endloop
  endfacet
  facet normal 0.970113 0.242655 0
    outer loop
      vertex -55.8278 -119.661 8.5
      vertex -55.9231 -119.28 0
      vertex -55.9231 -119.28 8.5
    endloop
  endfacet
  facet normal 0.970113 0.242655 0
    outer loop
      vertex -55.9231 -119.28 0
      vertex -55.8278 -119.661 8.5
      vertex -55.8278 -119.661 0
    endloop
  endfacet
  facet normal 0.857268 0.514871 0
    outer loop
      vertex -55.3259 -120.722 8.5
      vertex -55.5277 -120.386 0
      vertex -55.5277 -120.386 8.5
    endloop
  endfacet
  facet normal 0.857268 0.514871 0
    outer loop
      vertex -55.5277 -120.386 0
      vertex -55.3259 -120.722 8.5
      vertex -55.3259 -120.722 0
    endloop
  endfacet
  facet normal -0.242116 0.970247 0
    outer loop
      vertex 53.1611 -122.328 0
      vertex 52.7804 -122.423 8.5
      vertex 53.1611 -122.328 8.5
    endloop
  endfacet
  facet normal -0.242116 0.970247 0
    outer loop
      vertex 52.7804 -122.423 8.5
      vertex 53.1611 -122.328 0
      vertex 52.7804 -122.423 0
    endloop
  endfacet
  facet normal -0.99879 0.0491751 0
    outer loop
      vertex 55.9807 -118.892 0
      vertex 56 -118.5 8.5
      vertex 56 -118.5 0
    endloop
  endfacet
  facet normal -0.99879 0.0491751 0
    outer loop
      vertex 56 -118.5 8.5
      vertex 55.9807 -118.892 0
      vertex 55.9807 -118.892 8.5
    endloop
  endfacet
  facet normal -0.941615 0.336691 0
    outer loop
      vertex 55.6955 -120.031 0
      vertex 55.8278 -119.661 8.5
      vertex 55.8278 -119.661 0
    endloop
  endfacet
  facet normal -0.941615 0.336691 0
    outer loop
      vertex 55.8278 -119.661 8.5
      vertex 55.6955 -120.031 0
      vertex 55.6955 -120.031 8.5
    endloop
  endfacet
  facet normal -0.242835 -0.970068 0
    outer loop
      vertex 52.7804 -47.5769 0
      vertex 53.1611 -47.6722 8.5
      vertex 52.7804 -47.5769 8.5
    endloop
  endfacet
  facet normal -0.242835 -0.970068 -0
    outer loop
      vertex 53.1611 -47.6722 8.5
      vertex 52.7804 -47.5769 0
      vertex 53.1611 -47.6722 0
    endloop
  endfacet
  facet normal 0.337014 -0.9415 0
    outer loop
      vertex -53.5307 -47.8045 0
      vertex -53.1611 -47.6722 8.5
      vertex -53.5307 -47.8045 8.5
    endloop
  endfacet
  facet normal 0.337014 -0.9415 0
    outer loop
      vertex -53.1611 -47.6722 8.5
      vertex -53.5307 -47.8045 0
      vertex -53.1611 -47.6722 0
    endloop
  endfacet
  facet normal 0.90409 0.427342 0
    outer loop
      vertex -55.5277 -120.386 8.5
      vertex -55.6955 -120.031 0
      vertex -55.6955 -120.031 8.5
    endloop
  endfacet
  facet normal 0.90409 0.427342 0
    outer loop
      vertex -55.6955 -120.031 0
      vertex -55.5277 -120.386 8.5
      vertex -55.5277 -120.386 0
    endloop
  endfacet
  facet normal -0.740908 -0.671607 0
    outer loop
      vertex 55.092 -48.9624 0
      vertex 54.8284 -48.6716 8.5
      vertex 54.8284 -48.6716 0
    endloop
  endfacet
  facet normal -0.740908 -0.671607 0
    outer loop
      vertex 54.8284 -48.6716 8.5
      vertex 55.092 -48.9624 0
      vertex 55.092 -48.9624 8.5
    endloop
  endfacet
  facet normal -0.85774 -0.514084 0
    outer loop
      vertex 55.5277 -49.6144 0
      vertex 55.3259 -49.2777 8.5
      vertex 55.3259 -49.2777 0
    endloop
  endfacet
  facet normal -0.85774 -0.514084 0
    outer loop
      vertex 55.3259 -49.2777 8.5
      vertex 55.5277 -49.6144 0
      vertex 55.5277 -49.6144 8.5
    endloop
  endfacet
  facet normal -0.595794 -0.803137 0
    outer loop
      vertex 54.2223 -48.1741 0
      vertex 54.5376 -48.408 8.5
      vertex 54.2223 -48.1741 8.5
    endloop
  endfacet
  facet normal -0.595794 -0.803137 -0
    outer loop
      vertex 54.5376 -48.408 8.5
      vertex 54.2223 -48.1741 0
      vertex 54.5376 -48.408 0
    endloop
  endfacet
  facet normal -0.671607 -0.740908 0
    outer loop
      vertex 54.5376 -48.408 0
      vertex 54.8284 -48.6716 8.5
      vertex 54.5376 -48.408 8.5
    endloop
  endfacet
  facet normal -0.671607 -0.740908 -0
    outer loop
      vertex 54.8284 -48.6716 8.5
      vertex 54.5376 -48.408 0
      vertex 54.8284 -48.6716 0
    endloop
  endfacet
  facet normal -0.970068 -0.242835 0
    outer loop
      vertex 55.9231 -50.7196 0
      vertex 55.8278 -50.3389 8.5
      vertex 55.8278 -50.3389 0
    endloop
  endfacet
  facet normal -0.970068 -0.242835 0
    outer loop
      vertex 55.8278 -50.3389 8.5
      vertex 55.9231 -50.7196 0
      vertex 55.9231 -50.7196 8.5
    endloop
  endfacet
  facet normal -0.904044 -0.42744 0
    outer loop
      vertex 55.6955 -49.9693 0
      vertex 55.5277 -49.6144 8.5
      vertex 55.5277 -49.6144 0
    endloop
  endfacet
  facet normal -0.904044 -0.42744 0
    outer loop
      vertex 55.5277 -49.6144 8.5
      vertex 55.6955 -49.9693 0
      vertex 55.6955 -49.9693 8.5
    endloop
  endfacet
  facet normal -0.989176 -0.146733 0
    outer loop
      vertex 55.9807 -51.1079 0
      vertex 55.9231 -50.7196 8.5
      vertex 55.9231 -50.7196 0
    endloop
  endfacet
  facet normal -0.989176 -0.146733 0
    outer loop
      vertex 55.9231 -50.7196 8.5
      vertex 55.9807 -51.1079 0
      vertex 55.9807 -51.1079 8.5
    endloop
  endfacet
  facet normal -0.998791 -0.0491626 0
    outer loop
      vertex 56 -51.5 0
      vertex 55.9807 -51.1079 8.5
      vertex 55.9807 -51.1079 0
    endloop
  endfacet
  facet normal -0.998791 -0.0491626 0
    outer loop
      vertex 55.9807 -51.1079 8.5
      vertex 56 -51.5 0
      vertex 56 -51.5 8.5
    endloop
  endfacet
  facet normal -0.514458 0.857515 0
    outer loop
      vertex 54.2223 -121.826 0
      vertex 53.8856 -122.028 8.5
      vertex 54.2223 -121.826 8.5
    endloop
  endfacet
  facet normal -0.514458 0.857515 0
    outer loop
      vertex 53.8856 -122.028 8.5
      vertex 54.2223 -121.826 0
      vertex 53.8856 -122.028 0
    endloop
  endfacet
  facet normal -0.595958 0.803015 0
    outer loop
      vertex 54.5376 -121.592 0
      vertex 54.2223 -121.826 8.5
      vertex 54.5376 -121.592 8.5
    endloop
  endfacet
  facet normal -0.595958 0.803015 0
    outer loop
      vertex 54.2223 -121.826 8.5
      vertex 54.5376 -121.592 0
      vertex 54.2223 -121.826 0
    endloop
  endfacet
  facet normal -0.970113 0.242655 0
    outer loop
      vertex 55.8278 -119.661 0
      vertex 55.9231 -119.28 8.5
      vertex 55.9231 -119.28 0
    endloop
  endfacet
  facet normal -0.970113 0.242655 0
    outer loop
      vertex 55.9231 -119.28 8.5
      vertex 55.8278 -119.661 0
      vertex 55.8278 -119.661 8.5
    endloop
  endfacet
  facet normal -0.803137 -0.595794 0
    outer loop
      vertex 55.3259 -49.2777 0
      vertex 55.092 -48.9624 8.5
      vertex 55.092 -48.9624 0
    endloop
  endfacet
  facet normal -0.803137 -0.595794 0
    outer loop
      vertex 55.092 -48.9624 8.5
      vertex 55.3259 -49.2777 0
      vertex 55.3259 -49.2777 8.5
    endloop
  endfacet
  facet normal -0.9415 -0.337014 0
    outer loop
      vertex 55.8278 -50.3389 0
      vertex 55.6955 -49.9693 8.5
      vertex 55.6955 -49.9693 0
    endloop
  endfacet
  facet normal -0.9415 -0.337014 0
    outer loop
      vertex 55.6955 -49.9693 8.5
      vertex 55.8278 -50.3389 0
      vertex 55.8278 -50.3389 8.5
    endloop
  endfacet
  facet normal -0.427856 0.903847 0
    outer loop
      vertex 53.8856 -122.028 0
      vertex 53.5307 -122.196 8.5
      vertex 53.8856 -122.028 8.5
    endloop
  endfacet
  facet normal -0.427856 0.903847 0
    outer loop
      vertex 53.5307 -122.196 8.5
      vertex 53.8856 -122.028 0
      vertex 53.5307 -122.196 0
    endloop
  endfacet
  facet normal -0.336336 0.941742 0
    outer loop
      vertex 53.5307 -122.196 0
      vertex 53.1611 -122.328 8.5
      vertex 53.5307 -122.196 8.5
    endloop
  endfacet
  facet normal -0.336336 0.941742 0
    outer loop
      vertex 53.1611 -122.328 8.5
      vertex 53.5307 -122.196 0
      vertex 53.1611 -122.328 0
    endloop
  endfacet
  facet normal -0.672166 0.740401 0
    outer loop
      vertex 54.8284 -121.328 0
      vertex 54.5376 -121.592 8.5
      vertex 54.8284 -121.328 8.5
    endloop
  endfacet
  facet normal -0.672166 0.740401 0
    outer loop
      vertex 54.5376 -121.592 8.5
      vertex 54.8284 -121.328 0
      vertex 54.5376 -121.592 0
    endloop
  endfacet
  facet normal -0.90409 0.427342 0
    outer loop
      vertex 55.5277 -120.386 0
      vertex 55.6955 -120.031 8.5
      vertex 55.6955 -120.031 0
    endloop
  endfacet
  facet normal -0.90409 0.427342 0
    outer loop
      vertex 55.6955 -120.031 8.5
      vertex 55.5277 -120.386 0
      vertex 55.5277 -120.386 8.5
    endloop
  endfacet
  facet normal -0.803769 0.594942 0
    outer loop
      vertex 55.092 -121.038 0
      vertex 55.3259 -120.722 8.5
      vertex 55.3259 -120.722 0
    endloop
  endfacet
  facet normal -0.803769 0.594942 0
    outer loop
      vertex 55.3259 -120.722 8.5
      vertex 55.092 -121.038 0
      vertex 55.092 -121.038 8.5
    endloop
  endfacet
  facet normal -0.98916 0.146844 0
    outer loop
      vertex 55.9231 -119.28 0
      vertex 55.9807 -118.892 8.5
      vertex 55.9807 -118.892 0
    endloop
  endfacet
  facet normal -0.98916 0.146844 0
    outer loop
      vertex 55.9807 -118.892 8.5
      vertex 55.9231 -119.28 0
      vertex 55.9231 -119.28 8.5
    endloop
  endfacet
  facet normal -0.857268 0.514871 0
    outer loop
      vertex 55.3259 -120.722 0
      vertex 55.5277 -120.386 8.5
      vertex 55.5277 -120.386 0
    endloop
  endfacet
  facet normal -0.857268 0.514871 0
    outer loop
      vertex 55.5277 -120.386 8.5
      vertex 55.3259 -120.722 0
      vertex 55.3259 -120.722 8.5
    endloop
  endfacet
  facet normal -0.0241185 0.62467 -0.780516
    outer loop
      vertex 47.6073 -122.136 8.5
      vertex 1.59278 -101.172 26.7
      vertex 47.6332 -122.135 8.5
    endloop
  endfacet
  facet normal -0.0301982 0.616655 -0.786654
    outer loop
      vertex 1.59278 -101.172 26.7
      vertex 47.6073 -122.136 8.5
      vertex 0 -101.25 26.7
    endloop
  endfacet
  facet normal 0.362855 -0.130472 -0.922666
    outer loop
      vertex -51.2308 -50.8001 8.5
      vertex -15.8435 -78.1291 26.2812
      vertex -15.8451 -78.1385 26.2819
    endloop
  endfacet
  facet normal 0.363214 -0.129962 -0.922597
    outer loop
      vertex -15.8435 -78.1291 26.2812
      vertex -51.2308 -50.8001 8.5
      vertex -51.1007 -50.4365 8.5
    endloop
  endfacet
  facet normal -0.0303657 0.616425 -0.786828
    outer loop
      vertex 47.6073 -122.136 8.5
      vertex 47.2216 -122.155 8.5
      vertex 0 -101.25 26.7
    endloop
  endfacet
  facet normal 0 0.656625 -0.754217
    outer loop
      vertex 0 -101.25 26.7
      vertex 47.2216 -122.155 8.5
      vertex -47.2216 -122.155 8.5
    endloop
  endfacet
  facet normal -0.281777 0.245146 -0.927634
    outer loop
      vertex 50.1905 -120.926 8.5
      vertex 12.5614 -95.3089 26.7
      vertex 50.2079 -120.906 8.5
    endloop
  endfacet
  facet normal -0.277367 0.251382 -0.927294
    outer loop
      vertex 12.5614 -95.3089 26.7
      vertex 50.1905 -120.926 8.5
      vertex 11.4905 -96.4905 26.7
    endloop
  endfacet
  facet normal 0.256055 0.282946 -0.924325
    outer loop
      vertex -10.3089 -97.5614 26.7
      vertex -49.8852 -121.202 8.5
      vertex -50.1714 -120.943 8.5
    endloop
  endfacet
  facet normal -0.459592 -0 -0.88813
    outer loop
      vertex 51.4203 -52.0432 8.5
      vertex 51.4203 -117.957 8.5
      vertex 16.25 -85 26.7
    endloop
  endfacet
  facet normal -0.443237 0.0218741 -0.896137
    outer loop
      vertex 51.4203 -117.957 8.5
      vertex 51.4013 -118.342 8.5
      vertex 16.25 -85 26.7
    endloop
  endfacet
  facet normal -0.18424 0.391928 -0.901359
    outer loop
      vertex 49.1775 -121.671 8.5
      vertex 7.6602 -99.3312 26.7
      vertex 49.2009 -121.66 8.5
    endloop
  endfacet
  facet normal -0.184897 0.390945 -0.901651
    outer loop
      vertex 7.6602 -99.3312 26.7
      vertex 49.1775 -121.671 8.5
      vertex 6.21861 -100.013 26.7
    endloop
  endfacet
  facet normal -0.363293 0.129847 -0.922582
    outer loop
      vertex 51.2308 -119.2 8.5
      vertex 51.1007 -119.564 8.5
      vertex 15.013 -91.2186 26.7
    endloop
  endfacet
  facet normal 0.0802095 0.547143 -0.833187
    outer loop
      vertex -3.17022 -100.938 26.7
      vertex -47.6587 -122.131 8.5
      vertex -48.0407 -122.075 8.5
    endloop
  endfacet
  facet normal 0.459592 0 -0.88813
    outer loop
      vertex -51.4203 -52.0432 8.5
      vertex -16.25 -85 26.7
      vertex -51.4203 -117.957 8.5
    endloop
  endfacet
  facet normal -0.210643 -0.351599 -0.912144
    outer loop
      vertex 13.1877 -69.1344 24.8319
      vertex 49.5321 -48.5389 8.5
      vertex 49.5543 -48.5522 8.5
    endloop
  endfacet
  facet normal -0.210729 -0.351471 -0.912174
    outer loop
      vertex 12.7126 -68.113 24.5481
      vertex 49.5321 -48.5389 8.5
      vertex 13.1877 -69.1344 24.8319
    endloop
  endfacet
  facet normal -0.21065 -0.351595 -0.912145
    outer loop
      vertex 49.5321 -48.5389 8.5
      vertex 12.7126 -68.113 24.5481
      vertex 12.6681 -68.022 24.5233
    endloop
  endfacet
  facet normal -0.413819 -0.0614503 -0.908283
    outer loop
      vertex 16.25 -82.2916 26.5889
      vertex 51.4001 -51.6317 8.5
      vertex 16.25 -83.3366 26.6596
    endloop
  endfacet
  facet normal -0.41394 -0.0612852 -0.908239
    outer loop
      vertex 16.241 -81.8944 26.5662
      vertex 51.4001 -51.6317 8.5
      vertex 16.25 -82.2916 26.5889
    endloop
  endfacet
  facet normal -0.41379 -0.0614918 -0.908293
    outer loop
      vertex 16.2241 -81.5857 26.553
      vertex 51.4001 -51.6317 8.5
      vertex 16.241 -81.8944 26.5662
    endloop
  endfacet
  facet normal -0.413836 -0.0614287 -0.908277
    outer loop
      vertex 51.4001 -51.6317 8.5
      vertex 16.2241 -81.5857 26.553
      vertex 51.3963 -51.6061 8.5
    endloop
  endfacet
  facet normal -0.318296 0.192424 -0.928257
    outer loop
      vertex 13.5114 -94.028 26.7
      vertex 50.726 -120.267 8.5
      vertex 50.7127 -120.289 8.5
    endloop
  endfacet
  facet normal -0.319102 0.191256 -0.928221
    outer loop
      vertex 50.726 -120.267 8.5
      vertex 13.5114 -94.028 26.7
      vertex 14.3312 -92.6602 26.7
    endloop
  endfacet
  facet normal -0.277331 0.25144 -0.927289
    outer loop
      vertex 50.4672 -120.62 8.5
      vertex 50.2079 -120.906 8.5
      vertex 12.5614 -95.3089 26.7
    endloop
  endfacet
  facet normal -0.158883 0.430749 -0.888376
    outer loop
      vertex 48.4404 -121.975 8.5
      vertex 6.21861 -100.013 26.7
      vertex 48.4648 -121.966 8.5
    endloop
  endfacet
  facet normal -0.155722 0.435407 -0.886663
    outer loop
      vertex 6.21861 -100.013 26.7
      vertex 48.4404 -121.975 8.5
      vertex 4.71713 -100.55 26.7
    endloop
  endfacet
  facet normal -0.279021 -0.249012 -0.927437
    outer loop
      vertex 14.6898 -73.2439 25.6711
      vertex 50.4672 -49.3797 8.5
      vertex 14.6966 -73.2653 25.6748
    endloop
  endfacet
  facet normal -0.277406 -0.251332 -0.927296
    outer loop
      vertex 50.4672 -49.3797 8.5
      vertex 14.6898 -73.2439 25.6711
      vertex 50.2079 -49.0935 8.5
    endloop
  endfacet
  facet normal 0.277331 0.25144 -0.927289
    outer loop
      vertex -12.5614 -95.3089 26.7
      vertex -50.2079 -120.906 8.5
      vertex -50.4672 -120.62 8.5
    endloop
  endfacet
  facet normal 0.298165 0.221139 -0.928545
    outer loop
      vertex -50.6973 -120.31 8.5
      vertex -13.5114 -94.028 26.7
      vertex -12.5614 -95.3089 26.7
    endloop
  endfacet
  facet normal 0.299326 0.219506 -0.928559
    outer loop
      vertex -13.5114 -94.028 26.7
      vertex -50.6973 -120.31 8.5
      vertex -50.7127 -120.289 8.5
    endloop
  endfacet
  facet normal 0.298086 0.221257 -0.928542
    outer loop
      vertex -12.5614 -95.3089 26.7
      vertex -50.4672 -120.62 8.5
      vertex -50.6973 -120.31 8.5
    endloop
  endfacet
  facet normal 0.0809999 0.546036 -0.833837
    outer loop
      vertex -47.6332 -122.135 8.5
      vertex -3.17022 -100.938 26.7
      vertex -1.59278 -101.172 26.7
    endloop
  endfacet
  facet normal 0.0848146 0.540693 -0.836933
    outer loop
      vertex -3.17022 -100.938 26.7
      vertex -47.6332 -122.135 8.5
      vertex -47.6587 -122.131 8.5
    endloop
  endfacet
  facet normal 0.0301982 0.616655 -0.786654
    outer loop
      vertex -47.6073 -122.136 8.5
      vertex -1.59278 -101.172 26.7
      vertex 0 -101.25 26.7
    endloop
  endfacet
  facet normal 0.0241185 0.62467 -0.780516
    outer loop
      vertex -1.59278 -101.172 26.7
      vertex -47.6073 -122.136 8.5
      vertex -47.6332 -122.135 8.5
    endloop
  endfacet
  facet normal -0.210688 -0.351535 -0.912159
    outer loop
      vertex 12.6681 -68.022 24.5233
      vertex 49.2009 -48.3404 8.5
      vertex 49.5321 -48.5389 8.5
    endloop
  endfacet
  facet normal -0.210698 -0.35152 -0.912162
    outer loop
      vertex 49.2009 -48.3404 8.5
      vertex 12.6681 -68.022 24.5233
      vertex 12.6507 -67.9864 24.5136
    endloop
  endfacet
  facet normal -0.387461 -0.0969885 -0.91677
    outer loop
      vertex 16.1718 -80.7126 26.4829
      vertex 51.3396 -51.2241 8.5
      vertex 16.2239 -81.5824 26.5529
    endloop
  endfacet
  facet normal -0.387283 -0.0972301 -0.916819
    outer loop
      vertex 16.143 -80.2754 26.4487
      vertex 51.3396 -51.2241 8.5
      vertex 16.1718 -80.7126 26.4829
    endloop
  endfacet
  facet normal -0.387457 -0.0969895 -0.916771
    outer loop
      vertex 16.0988 -79.837 26.421
      vertex 51.3396 -51.2241 8.5
      vertex 16.143 -80.2754 26.4487
    endloop
  endfacet
  facet normal -0.3873 -0.0972107 -0.916815
    outer loop
      vertex 51.3396 -51.2241 8.5
      vertex 16.0988 -79.837 26.421
      vertex 51.3333 -51.199 8.5
    endloop
  endfacet
  facet normal -0.21096 0.351105 -0.912262
    outer loop
      vertex 49.5321 -121.461 8.5
      vertex 49.2009 -121.66 8.5
      vertex 7.6602 -99.3312 26.7
    endloop
  endfacet
  facet normal -0.256219 -0.282691 -0.924358
    outer loop
      vertex 13.7307 -70.4315 25.1377
      vertex 49.8852 -48.7976 8.5
      vertex 50.1714 -49.057 8.5
    endloop
  endfacet
  facet normal -0.255356 -0.284008 -0.924193
    outer loop
      vertex 49.8852 -48.7976 8.5
      vertex 13.7307 -70.4315 25.1377
      vertex 13.7193 -70.4014 25.1316
    endloop
  endfacet
  facet normal 0.155722 0.435407 -0.886663
    outer loop
      vertex -48.4404 -121.975 8.5
      vertex -6.21861 -100.013 26.7
      vertex -4.71713 -100.55 26.7
    endloop
  endfacet
  facet normal 0.158883 0.430749 -0.888376
    outer loop
      vertex -6.21861 -100.013 26.7
      vertex -48.4404 -121.975 8.5
      vertex -48.4648 -121.966 8.5
    endloop
  endfacet
  facet normal 0.234206 0.315779 -0.919473
    outer loop
      vertex -49.5543 -121.448 8.5
      vertex -10.3089 -97.5614 26.7
      vertex -9.02802 -98.5114 26.7
    endloop
  endfacet
  facet normal 0.238844 0.309004 -0.920581
    outer loop
      vertex -10.3089 -97.5614 26.7
      vertex -49.5543 -121.448 8.5
      vertex -49.575 -121.432 8.5
    endloop
  endfacet
  facet normal 0.184829 0.391053 -0.901619
    outer loop
      vertex -6.21861 -100.013 26.7
      vertex -48.8284 -121.836 8.5
      vertex -49.1775 -121.671 8.5
    endloop
  endfacet
  facet normal 0.0303657 0.616425 -0.786828
    outer loop
      vertex 0 -101.25 26.7
      vertex -47.2216 -122.155 8.5
      vertex -47.6073 -122.136 8.5
    endloop
  endfacet
  facet normal 0.155691 0.435456 -0.886644
    outer loop
      vertex -6.21861 -100.013 26.7
      vertex -48.4648 -121.966 8.5
      vertex -48.8284 -121.836 8.5
    endloop
  endfacet
  facet normal -0.0810388 -0.545975 -0.833873
    outer loop
      vertex 10.9454 -65.3996 23.5463
      vertex 47.6587 -47.8686 8.5
      vertex 48.0407 -47.9253 8.5
    endloop
  endfacet
  facet normal -0.0805897 -0.546601 -0.833506
    outer loop
      vertex 47.6587 -47.8686 8.5
      vertex 10.9454 -65.3996 23.5463
      vertex 10.9168 -65.3719 23.5309
    endloop
  endfacet
  facet normal -0.15577 -0.435341 -0.886687
    outer loop
      vertex 12.0816 -66.9842 24.1957
      vertex 48.4648 -48.0341 8.5
      vertex 48.8284 -48.1642 8.5
    endloop
  endfacet
  facet normal -0.156287 -0.434581 -0.886969
    outer loop
      vertex 48.4648 -48.0341 8.5
      vertex 12.0816 -66.9842 24.1957
      vertex 12.0602 -66.9514 24.1834
    endloop
  endfacet
  facet normal -0.340578 -0.161157 -0.926302
    outer loop
      vertex 15.7568 -77.6541 26.2304
      vertex 50.9356 -50.0874 8.5
      vertex 15.8418 -78.1194 26.2801
    endloop
  endfacet
  facet normal -0.340627 -0.161091 -0.926295
    outer loop
      vertex 15.51 -76.4612 26.1137
      vertex 50.9356 -50.0874 8.5
      vertex 15.7568 -77.6541 26.2304
    endloop
  endfacet
  facet normal -0.340369 -0.161457 -0.926326
    outer loop
      vertex 50.9356 -50.0874 8.5
      vertex 15.51 -76.4612 26.1137
      vertex 50.9245 -50.064 8.5
    endloop
  endfacet
  facet normal -0.234173 -0.315828 -0.919465
    outer loop
      vertex 13.7193 -70.4014 25.1316
      vertex 49.575 -48.5676 8.5
      vertex 49.8852 -48.7976 8.5
    endloop
  endfacet
  facet normal -0.234774 -0.314953 -0.919612
    outer loop
      vertex 49.575 -48.5676 8.5
      vertex 13.7193 -70.4014 25.1316
      vertex 13.7073 -70.3726 25.1248
    endloop
  endfacet
  facet normal -0.444239 0.0205033 -0.895674
    outer loop
      vertex 16.1718 -86.5928 26.7
      vertex 51.4013 -118.342 8.5
      vertex 51.4001 -118.368 8.5
    endloop
  endfacet
  facet normal -0.443321 0.0217652 -0.896099
    outer loop
      vertex 51.4013 -118.342 8.5
      vertex 16.1718 -86.5928 26.7
      vertex 16.25 -85 26.7
    endloop
  endfacet
  facet normal -0.413839 0.0614258 -0.908276
    outer loop
      vertex 51.3963 -118.394 8.5
      vertex 51.3396 -118.776 8.5
      vertex 15.9378 -88.1702 26.7
    endloop
  endfacet
  facet normal -0.387065 0.0975403 -0.916879
    outer loop
      vertex 15.5503 -89.7171 26.7
      vertex 51.3396 -118.776 8.5
      vertex 51.3333 -118.801 8.5
    endloop
  endfacet
  facet normal -0.387416 0.097048 -0.916783
    outer loop
      vertex 51.3396 -118.776 8.5
      vertex 15.5503 -89.7171 26.7
      vertex 15.9378 -88.1702 26.7
    endloop
  endfacet
  facet normal -0.298086 0.221257 -0.928542
    outer loop
      vertex 50.6973 -120.31 8.5
      vertex 50.4672 -120.62 8.5
      vertex 12.5614 -95.3089 26.7
    endloop
  endfacet
  facet normal -0.299326 0.219506 -0.928559
    outer loop
      vertex 50.6973 -120.31 8.5
      vertex 13.5114 -94.028 26.7
      vertex 50.7127 -120.289 8.5
    endloop
  endfacet
  facet normal -0.298165 0.221139 -0.928545
    outer loop
      vertex 13.5114 -94.028 26.7
      vertex 50.6973 -120.31 8.5
      vertex 12.5614 -95.3089 26.7
    endloop
  endfacet
  facet normal -0.184829 0.391053 -0.901619
    outer loop
      vertex 49.1775 -121.671 8.5
      vertex 48.8284 -121.836 8.5
      vertex 6.21861 -100.013 26.7
    endloop
  endfacet
  facet normal -0.155691 0.435456 -0.886644
    outer loop
      vertex 48.8284 -121.836 8.5
      vertex 48.4648 -121.966 8.5
      vertex 6.21861 -100.013 26.7
    endloop
  endfacet
  facet normal -0.254211 0.285613 -0.924014
    outer loop
      vertex 50.1714 -120.943 8.5
      vertex 11.4905 -96.4905 26.7
      vertex 50.1905 -120.926 8.5
    endloop
  endfacet
  facet normal -0.256214 0.282699 -0.924357
    outer loop
      vertex 11.4905 -96.4905 26.7
      vertex 50.1714 -120.943 8.5
      vertex 10.3089 -97.5614 26.7
    endloop
  endfacet
  facet normal -0.363235 -0.129934 -0.922593
    outer loop
      vertex 16.0808 -79.6719 26.4051
      vertex 51.2395 -50.8244 8.5
      vertex 16.0982 -79.8306 26.4206
    endloop
  endfacet
  facet normal -0.363199 -0.129981 -0.9226
    outer loop
      vertex 15.965 -78.8536 26.3354
      vertex 51.2395 -50.8244 8.5
      vertex 16.0808 -79.6719 26.4051
    endloop
  endfacet
  facet normal -0.363238 -0.129927 -0.922592
    outer loop
      vertex 15.8451 -78.1385 26.2819
      vertex 51.2395 -50.8244 8.5
      vertex 15.965 -78.8536 26.3354
    endloop
  endfacet
  facet normal -0.36317 -0.130024 -0.922606
    outer loop
      vertex 51.2395 -50.8244 8.5
      vertex 15.8451 -78.1385 26.2819
      vertex 51.2308 -50.8001 8.5
    endloop
  endfacet
  facet normal -0.299033 -0.219835 -0.928575
    outer loop
      vertex 14.6966 -73.2653 25.6748
      vertex 50.6973 -49.6898 8.5
      vertex 14.703 -73.2871 25.6779
    endloop
  endfacet
  facet normal -0.298117 -0.221209 -0.928543
    outer loop
      vertex 50.6973 -49.6898 8.5
      vertex 14.6966 -73.2653 25.6748
      vertex 50.4672 -49.3797 8.5
    endloop
  endfacet
  facet normal -0.443321 -0.0217641 -0.896098
    outer loop
      vertex 16.25 -83.3366 26.6596
      vertex 51.4013 -51.6575 8.5
      vertex 16.25 -85 26.7
    endloop
  endfacet
  facet normal -0.444127 -0.0206571 -0.895726
    outer loop
      vertex 51.4013 -51.6575 8.5
      vertex 16.25 -83.3366 26.6596
      vertex 51.4001 -51.6317 8.5
    endloop
  endfacet
  facet normal -0.443267 -0.0218358 -0.896124
    outer loop
      vertex 51.4013 -51.6575 8.5
      vertex 51.4203 -52.0432 8.5
      vertex 16.25 -85 26.7
    endloop
  endfacet
  facet normal 0.387457 -0.0969895 -0.916771
    outer loop
      vertex -51.3396 -51.2241 8.5
      vertex -16.0988 -79.837 26.421
      vertex -16.143 -80.2754 26.4487
    endloop
  endfacet
  facet normal 0.387283 -0.0972301 -0.916819
    outer loop
      vertex -51.3396 -51.2241 8.5
      vertex -16.143 -80.2754 26.4487
      vertex -16.1718 -80.7126 26.4829
    endloop
  endfacet
  facet normal 0.387461 -0.0969885 -0.91677
    outer loop
      vertex -51.3396 -51.2241 8.5
      vertex -16.1718 -80.7126 26.4829
      vertex -16.2239 -81.5824 26.5529
    endloop
  endfacet
  facet normal 0.3873 -0.0972107 -0.916815
    outer loop
      vertex -16.0988 -79.837 26.421
      vertex -51.3396 -51.2241 8.5
      vertex -51.3333 -51.199 8.5
    endloop
  endfacet
  facet normal 0.256214 0.282699 -0.924357
    outer loop
      vertex -50.1714 -120.943 8.5
      vertex -11.4905 -96.4905 26.7
      vertex -10.3089 -97.5614 26.7
    endloop
  endfacet
  facet normal 0.254211 0.285613 -0.924014
    outer loop
      vertex -11.4905 -96.4905 26.7
      vertex -50.1714 -120.943 8.5
      vertex -50.1905 -120.926 8.5
    endloop
  endfacet
  facet normal 0.277367 0.251382 -0.927294
    outer loop
      vertex -50.1905 -120.926 8.5
      vertex -12.5614 -95.3089 26.7
      vertex -11.4905 -96.4905 26.7
    endloop
  endfacet
  facet normal 0.281777 0.245146 -0.927634
    outer loop
      vertex -12.5614 -95.3089 26.7
      vertex -50.1905 -120.926 8.5
      vertex -50.2079 -120.906 8.5
    endloop
  endfacet
  facet normal 0.318296 0.192424 -0.928257
    outer loop
      vertex -50.726 -120.267 8.5
      vertex -13.5114 -94.028 26.7
      vertex -50.7127 -120.289 8.5
    endloop
  endfacet
  facet normal 0.319102 0.191256 -0.928221
    outer loop
      vertex -13.5114 -94.028 26.7
      vertex -50.726 -120.267 8.5
      vertex -14.3312 -92.6602 26.7
    endloop
  endfacet
  facet normal 0.363293 0.129847 -0.922582
    outer loop
      vertex -15.013 -91.2186 26.7
      vertex -51.1007 -119.564 8.5
      vertex -51.2308 -119.2 8.5
    endloop
  endfacet
  facet normal -0.234553 -0.315276 -0.919558
    outer loop
      vertex 13.7073 -70.3726 25.1248
      vertex 49.5543 -48.5522 8.5
      vertex 49.575 -48.5676 8.5
    endloop
  endfacet
  facet normal -0.234203 -0.315785 -0.919472
    outer loop
      vertex 49.5543 -48.5522 8.5
      vertex 13.7073 -70.3726 25.1248
      vertex 13.1877 -69.1344 24.8319
    endloop
  endfacet
  facet normal 7.03911e-06 -0.656628 -0.754215
    outer loop
      vertex 8.49579 -63.7281 22.328
      vertex 47.2216 -47.8446 8.5
      vertex 9.7931 -64.4145 22.9256
    endloop
  endfacet
  facet normal 0.000117131 -0.656781 -0.754082
    outer loop
      vertex 8.35039 -63.6512 22.261
      vertex 47.2216 -47.8446 8.5
      vertex 8.49579 -63.7281 22.328
    endloop
  endfacet
  facet normal -0.000253458 -0.656262 -0.754533
    outer loop
      vertex 8.27917 -63.6176 22.2318
      vertex 47.2216 -47.8446 8.5
      vertex 8.35039 -63.6512 22.261
    endloop
  endfacet
  facet normal 2.81857e-05 -0.656658 -0.754189
    outer loop
      vertex 8.12615 -63.5526 22.1752
      vertex 47.2216 -47.8446 8.5
      vertex 8.27917 -63.6176 22.2318
    endloop
  endfacet
  facet normal 8.31454e-06 -0.65663 -0.754213
    outer loop
      vertex 6.66573 -62.9388 21.6408
      vertex 47.2216 -47.8446 8.5
      vertex 8.12615 -63.5526 22.1752
    endloop
  endfacet
  facet normal -0.000223472 -0.656275 -0.754521
    outer loop
      vertex 6.50422 -62.8808 21.5904
      vertex 47.2216 -47.8446 8.5
      vertex 6.66573 -62.9388 21.6408
    endloop
  endfacet
  facet normal 1.49606e-05 -0.656643 -0.754202
    outer loop
      vertex 5.00702 -62.4175 21.187
      vertex 47.2216 -47.8446 8.5
      vertex 6.50422 -62.8808 21.5904
    endloop
  endfacet
  facet normal 0.000109905 -0.656799 -0.754066
    outer loop
      vertex 4.84466 -62.3677 21.1436
      vertex 47.2216 -47.8446 8.5
      vertex 5.00702 -62.4175 21.187
    endloop
  endfacet
  facet normal -9.27477e-05 -0.656463 -0.754358
    outer loop
      vertex 4.68403 -62.3247 21.1062
      vertex 47.2216 -47.8446 8.5
      vertex 4.84466 -62.3677 21.1436
    endloop
  endfacet
  facet normal 3.34997e-06 -0.656623 -0.754219
    outer loop
      vertex 4.52543 -62.2876 21.0739
      vertex 47.2216 -47.8446 8.5
      vertex 4.68403 -62.3247 21.1062
    endloop
  endfacet
  facet normal 4.60804e-05 -0.656695 -0.754156
    outer loop
      vertex 4.36892 -62.2558 21.0462
      vertex 47.2216 -47.8446 8.5
      vertex 4.52543 -62.2876 21.0739
    endloop
  endfacet
  facet normal -4.41653e-06 -0.65661 -0.75423
    outer loop
      vertex 2.87955 -61.97 20.7974
      vertex 47.2216 -47.8446 8.5
      vertex 4.36892 -62.2558 21.0462
    endloop
  endfacet
  facet normal -6.02051e-05 -0.65651 -0.754317
    outer loop
      vertex 2.72832 -61.9431 20.774
      vertex 47.2216 -47.8446 8.5
      vertex 2.87955 -61.97 20.7974
    endloop
  endfacet
  facet normal -0.000124806 -0.656394 -0.754418
    outer loop
      vertex 2.58002 -61.9202 20.7541
      vertex 47.2216 -47.8446 8.5
      vertex 2.72832 -61.9431 20.774
    endloop
  endfacet
  facet normal 0.000355399 -0.65726 -0.753664
    outer loop
      vertex 2.4343 -61.9009 20.7372
      vertex 47.2216 -47.8446 8.5
      vertex 2.58002 -61.9202 20.7541
    endloop
  endfacet
  facet normal -0.000400285 -0.655891 -0.754856
    outer loop
      vertex 2.29079 -61.8847 20.7232
      vertex 47.2216 -47.8446 8.5
      vertex 2.4343 -61.9009 20.7372
    endloop
  endfacet
  facet normal 0.000443225 -0.657426 -0.753519
    outer loop
      vertex 2.14911 -61.8715 20.7116
      vertex 47.2216 -47.8446 8.5
      vertex 2.29079 -61.8847 20.7232
    endloop
  endfacet
  facet normal -0.000122026 -0.656393 -0.754419
    outer loop
      vertex 2.00886 -61.8609 20.7024
      vertex 47.2216 -47.8446 8.5
      vertex 2.14911 -61.8715 20.7116
    endloop
  endfacet
  facet normal -9.25807e-07 -0.656615 -0.754226
    outer loop
      vertex 0.545135 -61.7651 20.619
      vertex 47.2216 -47.8446 8.5
      vertex 2.00886 -61.8609 20.7024
    endloop
  endfacet
  facet normal -0.000296688 -0.656051 -0.754716
    outer loop
      vertex 0.407395 -61.7571 20.6121
      vertex 47.2216 -47.8446 8.5
      vertex 0.545135 -61.7651 20.619
    endloop
  endfacet
  facet normal 0.000119848 -0.656849 -0.754022
    outer loop
      vertex 0.270906 -61.7515 20.6072
      vertex 47.2216 -47.8446 8.5
      vertex 0.407395 -61.7571 20.6121
    endloop
  endfacet
  facet normal 0.000138958 -0.656885 -0.753991
    outer loop
      vertex 0.135246 -61.7482 20.6043
      vertex 47.2216 -47.8446 8.5
      vertex 0.270906 -61.7515 20.6072
    endloop
  endfacet
  facet normal 0.000229745 -0.65706 -0.753838
    outer loop
      vertex 0 -61.7471 20.6033
      vertex 47.2216 -47.8446 8.5
      vertex 0.135246 -61.7482 20.6043
    endloop
  endfacet
  facet normal -0.000243055 -0.656147 -0.754633
    outer loop
      vertex -0.135246 -61.7482 20.6043
      vertex 47.2216 -47.8446 8.5
      vertex 0 -61.7471 20.6033
    endloop
  endfacet
  facet normal -0.000138958 -0.656885 -0.753991
    outer loop
      vertex -47.2216 -47.8446 8.5
      vertex -0.135246 -61.7482 20.6043
      vertex -0.270906 -61.7515 20.6072
    endloop
  endfacet
  facet normal -0.000119848 -0.656849 -0.754022
    outer loop
      vertex -47.2216 -47.8446 8.5
      vertex -0.270906 -61.7515 20.6072
      vertex -0.407395 -61.7571 20.6121
    endloop
  endfacet
  facet normal 0.000296688 -0.656051 -0.754716
    outer loop
      vertex -47.2216 -47.8446 8.5
      vertex -0.407395 -61.7571 20.6121
      vertex -0.545135 -61.7651 20.619
    endloop
  endfacet
  facet normal 9.25807e-07 -0.656615 -0.754226
    outer loop
      vertex -47.2216 -47.8446 8.5
      vertex -0.545135 -61.7651 20.619
      vertex -2.00886 -61.8609 20.7024
    endloop
  endfacet
  facet normal 0.000122026 -0.656393 -0.754419
    outer loop
      vertex -47.2216 -47.8446 8.5
      vertex -2.00886 -61.8609 20.7024
      vertex -2.14911 -61.8715 20.7116
    endloop
  endfacet
  facet normal -0.000443225 -0.657426 -0.753519
    outer loop
      vertex -47.2216 -47.8446 8.5
      vertex -2.14911 -61.8715 20.7116
      vertex -2.29079 -61.8847 20.7232
    endloop
  endfacet
  facet normal 0.000400285 -0.655891 -0.754856
    outer loop
      vertex -47.2216 -47.8446 8.5
      vertex -2.29079 -61.8847 20.7232
      vertex -2.4343 -61.9009 20.7372
    endloop
  endfacet
  facet normal -0.000355399 -0.65726 -0.753664
    outer loop
      vertex -47.2216 -47.8446 8.5
      vertex -2.4343 -61.9009 20.7372
      vertex -2.58002 -61.9202 20.7541
    endloop
  endfacet
  facet normal 0.000124806 -0.656394 -0.754418
    outer loop
      vertex -47.2216 -47.8446 8.5
      vertex -2.58002 -61.9202 20.7541
      vertex -2.72832 -61.9431 20.774
    endloop
  endfacet
  facet normal 6.02051e-05 -0.65651 -0.754317
    outer loop
      vertex -47.2216 -47.8446 8.5
      vertex -2.72832 -61.9431 20.774
      vertex -2.87955 -61.97 20.7974
    endloop
  endfacet
  facet normal 4.41653e-06 -0.65661 -0.75423
    outer loop
      vertex -47.2216 -47.8446 8.5
      vertex -2.87955 -61.97 20.7974
      vertex -4.36892 -62.2558 21.0462
    endloop
  endfacet
  facet normal -4.60804e-05 -0.656695 -0.754156
    outer loop
      vertex -47.2216 -47.8446 8.5
      vertex -4.36892 -62.2558 21.0462
      vertex -4.52543 -62.2876 21.0739
    endloop
  endfacet
  facet normal -3.34997e-06 -0.656623 -0.754219
    outer loop
      vertex -47.2216 -47.8446 8.5
      vertex -4.52543 -62.2876 21.0739
      vertex -4.68403 -62.3247 21.1062
    endloop
  endfacet
  facet normal 9.27477e-05 -0.656463 -0.754358
    outer loop
      vertex -47.2216 -47.8446 8.5
      vertex -4.68403 -62.3247 21.1062
      vertex -4.84466 -62.3677 21.1436
    endloop
  endfacet
  facet normal 0 -0.656618 -0.754224
    outer loop
      vertex -0.135246 -61.7482 20.6043
      vertex -47.2216 -47.8446 8.5
      vertex 47.2216 -47.8446 8.5
    endloop
  endfacet
  facet normal -0.000109905 -0.656799 -0.754066
    outer loop
      vertex -5.00702 -62.4175 21.187
      vertex -47.2216 -47.8446 8.5
      vertex -4.84466 -62.3677 21.1436
    endloop
  endfacet
  facet normal -1.49606e-05 -0.656643 -0.754202
    outer loop
      vertex -6.50422 -62.8808 21.5904
      vertex -47.2216 -47.8446 8.5
      vertex -5.00702 -62.4175 21.187
    endloop
  endfacet
  facet normal 0.000223472 -0.656275 -0.754521
    outer loop
      vertex -6.66573 -62.9388 21.6408
      vertex -47.2216 -47.8446 8.5
      vertex -6.50422 -62.8808 21.5904
    endloop
  endfacet
  facet normal -8.31454e-06 -0.65663 -0.754213
    outer loop
      vertex -8.12615 -63.5526 22.1752
      vertex -47.2216 -47.8446 8.5
      vertex -6.66573 -62.9388 21.6408
    endloop
  endfacet
  facet normal -2.81857e-05 -0.656658 -0.754189
    outer loop
      vertex -8.27917 -63.6176 22.2318
      vertex -47.2216 -47.8446 8.5
      vertex -8.12615 -63.5526 22.1752
    endloop
  endfacet
  facet normal 0.000253458 -0.656262 -0.754533
    outer loop
      vertex -8.35039 -63.6512 22.261
      vertex -47.2216 -47.8446 8.5
      vertex -8.27917 -63.6176 22.2318
    endloop
  endfacet
  facet normal -0.000117131 -0.656781 -0.754082
    outer loop
      vertex -8.49579 -63.7281 22.328
      vertex -47.2216 -47.8446 8.5
      vertex -8.35039 -63.6512 22.261
    endloop
  endfacet
  facet normal -7.03911e-06 -0.656628 -0.754215
    outer loop
      vertex -47.2216 -47.8446 8.5
      vertex -8.49579 -63.7281 22.328
      vertex -9.7931 -64.4145 22.9256
    endloop
  endfacet
  facet normal -0.155412 -0.435869 -0.88649
    outer loop
      vertex 12.0602 -66.9514 24.1834
      vertex 48.4404 -48.0254 8.5
      vertex 48.4648 -48.0341 8.5
    endloop
  endfacet
  facet normal -0.155766 -0.43535 -0.886684
    outer loop
      vertex 48.4404 -48.0254 8.5
      vertex 12.0602 -66.9514 24.1834
      vertex 11.5181 -66.1173 23.8691
    endloop
  endfacet
  facet normal 0.234203 -0.315785 -0.919472
    outer loop
      vertex -13.7073 -70.3726 25.1248
      vertex -49.5543 -48.5522 8.5
      vertex -13.1877 -69.1344 24.8319
    endloop
  endfacet
  facet normal 0.234553 -0.315276 -0.919558
    outer loop
      vertex -49.5543 -48.5522 8.5
      vertex -13.7073 -70.3726 25.1248
      vertex -49.575 -48.5676 8.5
    endloop
  endfacet
  facet normal -0.414451 0.0605736 -0.908054
    outer loop
      vertex 15.9378 -88.1702 26.7
      vertex 51.4001 -118.368 8.5
      vertex 51.3963 -118.394 8.5
    endloop
  endfacet
  facet normal -0.413862 0.0613945 -0.908267
    outer loop
      vertex 51.4001 -118.368 8.5
      vertex 15.9378 -88.1702 26.7
      vertex 16.1718 -86.5928 26.7
    endloop
  endfacet
  facet normal -0.13165 0.472059 -0.871682
    outer loop
      vertex 48.0407 -122.075 8.5
      vertex 4.71713 -100.55 26.7
      vertex 48.0658 -122.068 8.5
    endloop
  endfacet
  facet normal -0.121948 0.486191 -0.865301
    outer loop
      vertex 4.71713 -100.55 26.7
      vertex 48.0407 -122.075 8.5
      vertex 3.17022 -100.938 26.7
    endloop
  endfacet
  facet normal -0.121035 0.487522 -0.864681
    outer loop
      vertex 48.4404 -121.975 8.5
      vertex 48.0658 -122.068 8.5
      vertex 4.71713 -100.55 26.7
    endloop
  endfacet
  facet normal -0.256055 0.282946 -0.924325
    outer loop
      vertex 50.1714 -120.943 8.5
      vertex 49.8852 -121.202 8.5
      vertex 10.3089 -97.5614 26.7
    endloop
  endfacet
  facet normal -0.234175 0.315831 -0.919463
    outer loop
      vertex 49.8852 -121.202 8.5
      vertex 49.575 -121.432 8.5
      vertex 10.3089 -97.5614 26.7
    endloop
  endfacet
  facet normal -0.3406 0.161126 -0.926299
    outer loop
      vertex 51.1007 -119.564 8.5
      vertex 50.9356 -119.913 8.5
      vertex 15.013 -91.2186 26.7
    endloop
  endfacet
  facet normal -0.362257 0.131318 -0.922781
    outer loop
      vertex 15.013 -91.2186 26.7
      vertex 51.2395 -119.176 8.5
      vertex 51.2308 -119.2 8.5
    endloop
  endfacet
  facet normal -0.363206 0.12997 -0.922599
    outer loop
      vertex 51.2395 -119.176 8.5
      vertex 15.013 -91.2186 26.7
      vertex 15.5503 -89.7171 26.7
    endloop
  endfacet
  facet normal -0.387502 0.0969272 -0.916759
    outer loop
      vertex 51.3333 -118.801 8.5
      vertex 51.2395 -119.176 8.5
      vertex 15.5503 -89.7171 26.7
    endloop
  endfacet
  facet normal -0.238844 0.309004 -0.920581
    outer loop
      vertex 49.5543 -121.448 8.5
      vertex 10.3089 -97.5614 26.7
      vertex 49.575 -121.432 8.5
    endloop
  endfacet
  facet normal -0.234206 0.315779 -0.919473
    outer loop
      vertex 10.3089 -97.5614 26.7
      vertex 49.5543 -121.448 8.5
      vertex 9.02802 -98.5114 26.7
    endloop
  endfacet
  facet normal -0.298174 -0.221126 -0.928545
    outer loop
      vertex 14.7606 -73.4829 25.7061
      vertex 50.7127 -49.7106 8.5
      vertex 15.1266 -74.8318 25.9098
    endloop
  endfacet
  facet normal -0.297993 -0.221395 -0.928539
    outer loop
      vertex 14.703 -73.2871 25.6779
      vertex 50.7127 -49.7106 8.5
      vertex 14.7606 -73.4829 25.7061
    endloop
  endfacet
  facet normal -0.298334 -0.220882 -0.928551
    outer loop
      vertex 50.7127 -49.7106 8.5
      vertex 14.703 -73.2871 25.6779
      vertex 50.6973 -49.6898 8.5
    endloop
  endfacet
  facet normal -0.389732 -0.0937961 -0.916139
    outer loop
      vertex 16.0982 -79.8306 26.4206
      vertex 51.3333 -51.199 8.5
      vertex 16.0988 -79.837 26.421
    endloop
  endfacet
  facet normal -0.38744 -0.0970151 -0.916776
    outer loop
      vertex 51.3333 -51.199 8.5
      vertex 16.0982 -79.8306 26.4206
      vertex 51.2395 -50.8244 8.5
    endloop
  endfacet
  facet normal 0.277324 -0.251447 -0.927289
    outer loop
      vertex -50.2079 -49.0935 8.5
      vertex -14.2204 -71.7858 25.4161
      vertex -14.6898 -73.2439 25.6711
    endloop
  endfacet
  facet normal 0.277375 -0.251371 -0.927295
    outer loop
      vertex -14.2204 -71.7858 25.4161
      vertex -50.2079 -49.0935 8.5
      vertex -50.1905 -49.0743 8.5
    endloop
  endfacet
  facet normal 0.297993 -0.221395 -0.928539
    outer loop
      vertex -50.7127 -49.7106 8.5
      vertex -14.703 -73.2871 25.6779
      vertex -14.7606 -73.4829 25.7061
    endloop
  endfacet
  facet normal 0.298174 -0.221126 -0.928545
    outer loop
      vertex -50.7127 -49.7106 8.5
      vertex -14.7606 -73.4829 25.7061
      vertex -15.1266 -74.8318 25.9098
    endloop
  endfacet
  facet normal 0.298334 -0.220882 -0.928551
    outer loop
      vertex -14.703 -73.2871 25.6779
      vertex -50.7127 -49.7106 8.5
      vertex -50.6973 -49.6898 8.5
    endloop
  endfacet
  facet normal 0.279021 -0.249012 -0.927437
    outer loop
      vertex -50.4672 -49.3797 8.5
      vertex -14.6898 -73.2439 25.6711
      vertex -14.6966 -73.2653 25.6748
    endloop
  endfacet
  facet normal 0.277406 -0.251332 -0.927296
    outer loop
      vertex -14.6898 -73.2439 25.6711
      vertex -50.4672 -49.3797 8.5
      vertex -50.2079 -49.0935 8.5
    endloop
  endfacet
  facet normal 0.0810133 -0.546009 -0.833853
    outer loop
      vertex -10.9168 -65.3719 23.5309
      vertex -47.6332 -47.8648 8.5
      vertex -10.362 -64.8354 23.2335
    endloop
  endfacet
  facet normal 0.0813053 -0.545602 -0.834091
    outer loop
      vertex -47.6332 -47.8648 8.5
      vertex -10.9168 -65.3719 23.5309
      vertex -47.6587 -47.8686 8.5
    endloop
  endfacet
  facet normal 0.234175 0.315831 -0.919463
    outer loop
      vertex -10.3089 -97.5614 26.7
      vertex -49.575 -121.432 8.5
      vertex -49.8852 -121.202 8.5
    endloop
  endfacet
  facet normal 0.387065 0.0975403 -0.916879
    outer loop
      vertex -51.3396 -118.776 8.5
      vertex -15.5503 -89.7171 26.7
      vertex -51.3333 -118.801 8.5
    endloop
  endfacet
  facet normal 0.387416 0.097048 -0.916783
    outer loop
      vertex -15.5503 -89.7171 26.7
      vertex -51.3396 -118.776 8.5
      vertex -15.9378 -88.1702 26.7
    endloop
  endfacet
  facet normal 0.387502 0.0969272 -0.916759
    outer loop
      vertex -15.5503 -89.7171 26.7
      vertex -51.2395 -119.176 8.5
      vertex -51.3333 -118.801 8.5
    endloop
  endfacet
  facet normal -0.184894 -0.390954 -0.901648
    outer loop
      vertex 12.1023 -67.0207 24.2073
      vertex 48.8284 -48.1642 8.5
      vertex 49.1775 -48.3293 8.5
    endloop
  endfacet
  facet normal -0.184694 -0.391265 -0.901554
    outer loop
      vertex 48.8284 -48.1642 8.5
      vertex 12.1023 -67.0207 24.2073
      vertex 12.0816 -66.9842 24.1957
    endloop
  endfacet
  facet normal -0.185221 -0.390466 -0.901793
    outer loop
      vertex 12.6507 -67.9864 24.5136
      vertex 49.1775 -48.3293 8.5
      vertex 49.2009 -48.3404 8.5
    endloop
  endfacet
  facet normal -0.184913 -0.390926 -0.901656
    outer loop
      vertex 12.6128 -67.9175 24.4915
      vertex 49.1775 -48.3293 8.5
      vertex 12.6507 -67.9864 24.5136
    endloop
  endfacet
  facet normal -0.18488 -0.390976 -0.901641
    outer loop
      vertex 49.1775 -48.3293 8.5
      vertex 12.6128 -67.9175 24.4915
      vertex 12.1023 -67.0207 24.2073
    endloop
  endfacet
  facet normal -0.0302155 -0.61662 -0.786681
    outer loop
      vertex 9.82949 -64.4376 22.9422
      vertex 47.2216 -47.8446 8.5
      vertex 47.6073 -47.8635 8.5
    endloop
  endfacet
  facet normal -0.031223 -0.615249 -0.787714
    outer loop
      vertex 47.2216 -47.8446 8.5
      vertex 9.82949 -64.4376 22.9422
      vertex 9.7931 -64.4145 22.9256
    endloop
  endfacet
  facet normal -0.0309041 -0.615705 -0.78737
    outer loop
      vertex 10.362 -64.8354 23.2335
      vertex 47.6073 -47.8635 8.5
      vertex 47.6332 -47.8648 8.5
    endloop
  endfacet
  facet normal -0.0302873 -0.616524 -0.786754
    outer loop
      vertex 9.84816 -64.4494 22.9508
      vertex 47.6073 -47.8635 8.5
      vertex 10.362 -64.8354 23.2335
    endloop
  endfacet
  facet normal -0.0289954 -0.618295 -0.785411
    outer loop
      vertex 47.6073 -47.8635 8.5
      vertex 9.84816 -64.4494 22.9508
      vertex 9.82949 -64.4376 22.9422
    endloop
  endfacet
  facet normal 0.121827 -0.486376 -0.865215
    outer loop
      vertex -11.2216 -65.7253 23.6905
      vertex -48.0407 -47.9253 8.5
      vertex -10.9454 -65.3996 23.5463
    endloop
  endfacet
  facet normal 0.1218 -0.486416 -0.865196
    outer loop
      vertex -11.4941 -66.0856 23.8547
      vertex -48.0407 -47.9253 8.5
      vertex -11.2216 -65.7253 23.6905
    endloop
  endfacet
  facet normal 0.122012 -0.48611 -0.865338
    outer loop
      vertex -48.0407 -47.9253 8.5
      vertex -11.4941 -66.0856 23.8547
      vertex -48.0658 -47.9316 8.5
    endloop
  endfacet
  facet normal -0.338221 -0.164355 -0.926604
    outer loop
      vertex 15.8418 -78.1194 26.2801
      vertex 51.1007 -50.4365 8.5
      vertex 15.8435 -78.1291 26.2812
    endloop
  endfacet
  facet normal -0.340626 -0.161093 -0.926295
    outer loop
      vertex 51.1007 -50.4365 8.5
      vertex 15.8418 -78.1194 26.2801
      vertex 50.9356 -50.0874 8.5
    endloop
  endfacet
  facet normal -0.362855 -0.130472 -0.922666
    outer loop
      vertex 15.8435 -78.1291 26.2812
      vertex 51.2308 -50.8001 8.5
      vertex 15.8451 -78.1385 26.2819
    endloop
  endfacet
  facet normal -0.363214 -0.129962 -0.922597
    outer loop
      vertex 51.2308 -50.8001 8.5
      vertex 15.8435 -78.1291 26.2812
      vertex 51.1007 -50.4365 8.5
    endloop
  endfacet
  facet normal -0.0848146 0.540693 -0.836933
    outer loop
      vertex 47.6332 -122.135 8.5
      vertex 3.17022 -100.938 26.7
      vertex 47.6587 -122.131 8.5
    endloop
  endfacet
  facet normal -0.0809999 0.546036 -0.833837
    outer loop
      vertex 3.17022 -100.938 26.7
      vertex 47.6332 -122.135 8.5
      vertex 1.59278 -101.172 26.7
    endloop
  endfacet
  facet normal -0.0802095 0.547143 -0.833187
    outer loop
      vertex 48.0407 -122.075 8.5
      vertex 47.6587 -122.131 8.5
      vertex 3.17022 -100.938 26.7
    endloop
  endfacet
  facet normal -0.338894 0.163553 -0.926499
    outer loop
      vertex 14.3312 -92.6602 26.7
      vertex 50.9356 -119.913 8.5
      vertex 50.9245 -119.936 8.5
    endloop
  endfacet
  facet normal -0.340622 0.161096 -0.926296
    outer loop
      vertex 50.9356 -119.913 8.5
      vertex 14.3312 -92.6602 26.7
      vertex 15.013 -91.2186 26.7
    endloop
  endfacet
  facet normal -0.319047 0.191332 -0.928225
    outer loop
      vertex 50.9245 -119.936 8.5
      vertex 50.726 -120.267 8.5
      vertex 14.3312 -92.6602 26.7
    endloop
  endfacet
  facet normal -0.208106 0.35538 -0.911261
    outer loop
      vertex 49.5321 -121.461 8.5
      vertex 9.02802 -98.5114 26.7
      vertex 49.5543 -121.448 8.5
    endloop
  endfacet
  facet normal -0.21069 0.351532 -0.91216
    outer loop
      vertex 9.02802 -98.5114 26.7
      vertex 49.5321 -121.461 8.5
      vertex 7.6602 -99.3312 26.7
    endloop
  endfacet
  facet normal -0.277324 -0.251447 -0.927289
    outer loop
      vertex 14.2204 -71.7858 25.4161
      vertex 50.2079 -49.0935 8.5
      vertex 14.6898 -73.2439 25.6711
    endloop
  endfacet
  facet normal -0.277375 -0.251371 -0.927295
    outer loop
      vertex 50.2079 -49.0935 8.5
      vertex 14.2204 -71.7858 25.4161
      vertex 50.1905 -49.0743 8.5
    endloop
  endfacet
  facet normal -0.319497 -0.190709 -0.928198
    outer loop
      vertex 15.507 -76.4479 26.112
      vertex 50.9245 -50.064 8.5
      vertex 15.51 -76.4612 26.1137
    endloop
  endfacet
  facet normal -0.319105 -0.191251 -0.928222
    outer loop
      vertex 50.9245 -50.064 8.5
      vertex 15.507 -76.4479 26.112
      vertex 50.726 -49.7328 8.5
    endloop
  endfacet
  facet normal -0.319103 -0.191253 -0.928222
    outer loop
      vertex 15.3938 -75.9455 26.0474
      vertex 50.726 -49.7328 8.5
      vertex 15.507 -76.4479 26.112
    endloop
  endfacet
  facet normal -0.319081 -0.191284 -0.928223
    outer loop
      vertex 15.2986 -75.5232 25.9931
      vertex 50.726 -49.7328 8.5
      vertex 15.3938 -75.9455 26.0474
    endloop
  endfacet
  facet normal -0.319125 -0.191221 -0.928221
    outer loop
      vertex 15.1266 -74.8318 25.9098
      vertex 50.726 -49.7328 8.5
      vertex 15.2986 -75.5232 25.9931
    endloop
  endfacet
  facet normal -0.319142 -0.191198 -0.92822
    outer loop
      vertex 50.726 -49.7328 8.5
      vertex 15.1266 -74.8318 25.9098
      vertex 50.7127 -49.7106 8.5
    endloop
  endfacet
  facet normal 0.21065 -0.351595 -0.912145
    outer loop
      vertex -12.7126 -68.113 24.5481
      vertex -49.5321 -48.5389 8.5
      vertex -12.6681 -68.022 24.5233
    endloop
  endfacet
  facet normal 0.210729 -0.351471 -0.912174
    outer loop
      vertex -13.1877 -69.1344 24.8319
      vertex -49.5321 -48.5389 8.5
      vertex -12.7126 -68.113 24.5481
    endloop
  endfacet
  facet normal 0.210643 -0.351599 -0.912144
    outer loop
      vertex -49.5321 -48.5389 8.5
      vertex -13.1877 -69.1344 24.8319
      vertex -49.5543 -48.5522 8.5
    endloop
  endfacet
  facet normal 0.256267 -0.282617 -0.924367
    outer loop
      vertex -13.906 -70.893 25.2302
      vertex -50.1714 -49.057 8.5
      vertex -13.7307 -70.4315 25.1377
    endloop
  endfacet
  facet normal 0.256214 -0.282697 -0.924357
    outer loop
      vertex -14.2204 -71.7858 25.4161
      vertex -50.1714 -49.057 8.5
      vertex -13.906 -70.893 25.2302
    endloop
  endfacet
  facet normal 0.256146 -0.282797 -0.924346
    outer loop
      vertex -50.1714 -49.057 8.5
      vertex -14.2204 -71.7858 25.4161
      vertex -50.1905 -49.0743 8.5
    endloop
  endfacet
  facet normal 0.319125 -0.191221 -0.928221
    outer loop
      vertex -50.726 -49.7328 8.5
      vertex -15.1266 -74.8318 25.9098
      vertex -15.2986 -75.5232 25.9931
    endloop
  endfacet
  facet normal 0.319081 -0.191284 -0.928223
    outer loop
      vertex -50.726 -49.7328 8.5
      vertex -15.2986 -75.5232 25.9931
      vertex -15.3938 -75.9455 26.0474
    endloop
  endfacet
  facet normal 0.319103 -0.191253 -0.928222
    outer loop
      vertex -50.726 -49.7328 8.5
      vertex -15.3938 -75.9455 26.0474
      vertex -15.507 -76.4479 26.112
    endloop
  endfacet
  facet normal 0.319142 -0.191198 -0.92822
    outer loop
      vertex -15.1266 -74.8318 25.9098
      vertex -50.726 -49.7328 8.5
      vertex -50.7127 -49.7106 8.5
    endloop
  endfacet
  facet normal 0.443267 -0.0218358 -0.896124
    outer loop
      vertex -51.4013 -51.6575 8.5
      vertex -16.25 -85 26.7
      vertex -51.4203 -52.0432 8.5
    endloop
  endfacet
  facet normal 0.443321 -0.0217641 -0.896098
    outer loop
      vertex -51.4013 -51.6575 8.5
      vertex -16.25 -83.3366 26.6596
      vertex -16.25 -85 26.7
    endloop
  endfacet
  facet normal 0.444127 -0.0206571 -0.895726
    outer loop
      vertex -16.25 -83.3366 26.6596
      vertex -51.4013 -51.6575 8.5
      vertex -51.4001 -51.6317 8.5
    endloop
  endfacet
  facet normal 0.0805897 -0.546601 -0.833506
    outer loop
      vertex -10.9454 -65.3996 23.5463
      vertex -47.6587 -47.8686 8.5
      vertex -10.9168 -65.3719 23.5309
    endloop
  endfacet
  facet normal 0.0810388 -0.545975 -0.833873
    outer loop
      vertex -47.6587 -47.8686 8.5
      vertex -10.9454 -65.3996 23.5463
      vertex -48.0407 -47.9253 8.5
    endloop
  endfacet
  facet normal 0.184694 -0.391265 -0.901554
    outer loop
      vertex -12.1023 -67.0207 24.2073
      vertex -48.8284 -48.1642 8.5
      vertex -12.0816 -66.9842 24.1957
    endloop
  endfacet
  facet normal 0.184894 -0.390954 -0.901648
    outer loop
      vertex -48.8284 -48.1642 8.5
      vertex -12.1023 -67.0207 24.2073
      vertex -49.1775 -48.3293 8.5
    endloop
  endfacet
  facet normal 0.184897 0.390945 -0.901651
    outer loop
      vertex -49.1775 -121.671 8.5
      vertex -7.6602 -99.3312 26.7
      vertex -6.21861 -100.013 26.7
    endloop
  endfacet
  facet normal 0.18424 0.391928 -0.901359
    outer loop
      vertex -7.6602 -99.3312 26.7
      vertex -49.1775 -121.671 8.5
      vertex -49.2009 -121.66 8.5
    endloop
  endfacet
  facet normal 0.21096 0.351105 -0.912262
    outer loop
      vertex -7.6602 -99.3312 26.7
      vertex -49.2009 -121.66 8.5
      vertex -49.5321 -121.461 8.5
    endloop
  endfacet
  facet normal 0.21069 0.351532 -0.91216
    outer loop
      vertex -49.5321 -121.461 8.5
      vertex -9.02802 -98.5114 26.7
      vertex -7.6602 -99.3312 26.7
    endloop
  endfacet
  facet normal 0.208106 0.35538 -0.911261
    outer loop
      vertex -9.02802 -98.5114 26.7
      vertex -49.5321 -121.461 8.5
      vertex -49.5543 -121.448 8.5
    endloop
  endfacet
  facet normal 0.413839 0.0614258 -0.908276
    outer loop
      vertex -15.9378 -88.1702 26.7
      vertex -51.3396 -118.776 8.5
      vertex -51.3963 -118.394 8.5
    endloop
  endfacet
  facet normal 0.362257 0.131318 -0.922781
    outer loop
      vertex -51.2395 -119.176 8.5
      vertex -15.013 -91.2186 26.7
      vertex -51.2308 -119.2 8.5
    endloop
  endfacet
  facet normal 0.363206 0.12997 -0.922599
    outer loop
      vertex -15.013 -91.2186 26.7
      vertex -51.2395 -119.176 8.5
      vertex -15.5503 -89.7171 26.7
    endloop
  endfacet
  facet normal 0.444239 0.0205033 -0.895674
    outer loop
      vertex -51.4013 -118.342 8.5
      vertex -16.1718 -86.5928 26.7
      vertex -51.4001 -118.368 8.5
    endloop
  endfacet
  facet normal 0.443321 0.0217652 -0.896099
    outer loop
      vertex -16.1718 -86.5928 26.7
      vertex -51.4013 -118.342 8.5
      vertex -16.25 -85 26.7
    endloop
  endfacet
  facet normal 0.443237 0.0218741 -0.896137
    outer loop
      vertex -16.25 -85 26.7
      vertex -51.4013 -118.342 8.5
      vertex -51.4203 -117.957 8.5
    endloop
  endfacet
  facet normal 0.121948 0.486191 -0.865301
    outer loop
      vertex -48.0407 -122.075 8.5
      vertex -4.71713 -100.55 26.7
      vertex -3.17022 -100.938 26.7
    endloop
  endfacet
  facet normal 0.13165 0.472059 -0.871682
    outer loop
      vertex -4.71713 -100.55 26.7
      vertex -48.0407 -122.075 8.5
      vertex -48.0658 -122.068 8.5
    endloop
  endfacet
  facet normal 0.121035 0.487522 -0.864681
    outer loop
      vertex -4.71713 -100.55 26.7
      vertex -48.0658 -122.068 8.5
      vertex -48.4404 -121.975 8.5
    endloop
  endfacet
  facet normal 0.156287 -0.434581 -0.886969
    outer loop
      vertex -12.0816 -66.9842 24.1957
      vertex -48.4648 -48.0341 8.5
      vertex -12.0602 -66.9514 24.1834
    endloop
  endfacet
  facet normal 0.15577 -0.435341 -0.886687
    outer loop
      vertex -48.4648 -48.0341 8.5
      vertex -12.0816 -66.9842 24.1957
      vertex -48.8284 -48.1642 8.5
    endloop
  endfacet
  facet normal 0.155766 -0.43535 -0.886684
    outer loop
      vertex -12.0602 -66.9514 24.1834
      vertex -48.4404 -48.0254 8.5
      vertex -11.5181 -66.1173 23.8691
    endloop
  endfacet
  facet normal 0.155412 -0.435869 -0.88649
    outer loop
      vertex -48.4404 -48.0254 8.5
      vertex -12.0602 -66.9514 24.1834
      vertex -48.4648 -48.0341 8.5
    endloop
  endfacet
  facet normal -0.0813053 -0.545602 -0.834091
    outer loop
      vertex 10.9168 -65.3719 23.5309
      vertex 47.6332 -47.8648 8.5
      vertex 47.6587 -47.8686 8.5
    endloop
  endfacet
  facet normal -0.0810133 -0.546009 -0.833853
    outer loop
      vertex 47.6332 -47.8648 8.5
      vertex 10.9168 -65.3719 23.5309
      vertex 10.362 -64.8354 23.2335
    endloop
  endfacet
  facet normal -0.256146 -0.282797 -0.924346
    outer loop
      vertex 14.2204 -71.7858 25.4161
      vertex 50.1714 -49.057 8.5
      vertex 50.1905 -49.0743 8.5
    endloop
  endfacet
  facet normal -0.256214 -0.282697 -0.924357
    outer loop
      vertex 13.906 -70.893 25.2302
      vertex 50.1714 -49.057 8.5
      vertex 14.2204 -71.7858 25.4161
    endloop
  endfacet
  facet normal -0.256267 -0.282617 -0.924367
    outer loop
      vertex 50.1714 -49.057 8.5
      vertex 13.906 -70.893 25.2302
      vertex 13.7307 -70.4315 25.1377
    endloop
  endfacet
  facet normal -0.419937 -0.0529056 -0.90601
    outer loop
      vertex 16.2239 -81.5824 26.5529
      vertex 51.3963 -51.6061 8.5
      vertex 16.2241 -81.5857 26.553
    endloop
  endfacet
  facet normal -0.413838 -0.0614258 -0.908276
    outer loop
      vertex 51.3963 -51.6061 8.5
      vertex 16.2239 -81.5824 26.5529
      vertex 51.3396 -51.2241 8.5
    endloop
  endfacet
  facet normal 0.340627 -0.161091 -0.926295
    outer loop
      vertex -50.9356 -50.0874 8.5
      vertex -15.51 -76.4612 26.1137
      vertex -15.7568 -77.6541 26.2304
    endloop
  endfacet
  facet normal 0.340578 -0.161157 -0.926302
    outer loop
      vertex -50.9356 -50.0874 8.5
      vertex -15.7568 -77.6541 26.2304
      vertex -15.8418 -78.1194 26.2801
    endloop
  endfacet
  facet normal 0.340369 -0.161457 -0.926326
    outer loop
      vertex -15.51 -76.4612 26.1137
      vertex -50.9356 -50.0874 8.5
      vertex -50.9245 -50.064 8.5
    endloop
  endfacet
  facet normal 0.319497 -0.190709 -0.928198
    outer loop
      vertex -50.9245 -50.064 8.5
      vertex -15.507 -76.4479 26.112
      vertex -15.51 -76.4612 26.1137
    endloop
  endfacet
  facet normal 0.319105 -0.191251 -0.928222
    outer loop
      vertex -15.507 -76.4479 26.112
      vertex -50.9245 -50.064 8.5
      vertex -50.726 -49.7328 8.5
    endloop
  endfacet
  facet normal 0.299033 -0.219835 -0.928575
    outer loop
      vertex -50.6973 -49.6898 8.5
      vertex -14.6966 -73.2653 25.6748
      vertex -14.703 -73.2871 25.6779
    endloop
  endfacet
  facet normal 0.298117 -0.221209 -0.928543
    outer loop
      vertex -14.6966 -73.2653 25.6748
      vertex -50.6973 -49.6898 8.5
      vertex -50.4672 -49.3797 8.5
    endloop
  endfacet
  facet normal 0.389732 -0.0937961 -0.916139
    outer loop
      vertex -51.3333 -51.199 8.5
      vertex -16.0982 -79.8306 26.4206
      vertex -16.0988 -79.837 26.421
    endloop
  endfacet
  facet normal 0.38744 -0.0970151 -0.916776
    outer loop
      vertex -16.0982 -79.8306 26.4206
      vertex -51.3333 -51.199 8.5
      vertex -51.2395 -50.8244 8.5
    endloop
  endfacet
  facet normal 0.363238 -0.129927 -0.922592
    outer loop
      vertex -51.2395 -50.8244 8.5
      vertex -15.8451 -78.1385 26.2819
      vertex -15.965 -78.8536 26.3354
    endloop
  endfacet
  facet normal 0.363199 -0.129981 -0.9226
    outer loop
      vertex -51.2395 -50.8244 8.5
      vertex -15.965 -78.8536 26.3354
      vertex -16.0808 -79.6719 26.4051
    endloop
  endfacet
  facet normal 0.363235 -0.129934 -0.922593
    outer loop
      vertex -51.2395 -50.8244 8.5
      vertex -16.0808 -79.6719 26.4051
      vertex -16.0982 -79.8306 26.4206
    endloop
  endfacet
  facet normal 0.36317 -0.130024 -0.922606
    outer loop
      vertex -15.8451 -78.1385 26.2819
      vertex -51.2395 -50.8244 8.5
      vertex -51.2308 -50.8001 8.5
    endloop
  endfacet
  facet normal 0.419937 -0.0529056 -0.90601
    outer loop
      vertex -51.3963 -51.6061 8.5
      vertex -16.2239 -81.5824 26.5529
      vertex -16.2241 -81.5857 26.553
    endloop
  endfacet
  facet normal 0.413838 -0.0614258 -0.908276
    outer loop
      vertex -16.2239 -81.5824 26.5529
      vertex -51.3963 -51.6061 8.5
      vertex -51.3396 -51.2241 8.5
    endloop
  endfacet
  facet normal 0.413819 -0.0614503 -0.908283
    outer loop
      vertex -51.4001 -51.6317 8.5
      vertex -16.25 -82.2916 26.5889
      vertex -16.25 -83.3366 26.6596
    endloop
  endfacet
  facet normal 0.413835 -0.0614286 -0.908277
    outer loop
      vertex -16.25 -82.2916 26.5889
      vertex -51.4001 -51.6317 8.5
      vertex -51.3963 -51.6061 8.5
    endloop
  endfacet
  facet normal 0.41379 -0.0614918 -0.908293
    outer loop
      vertex -16.241 -81.8944 26.5662
      vertex -51.3963 -51.6061 8.5
      vertex -16.2241 -81.5857 26.553
    endloop
  endfacet
  facet normal 0.41394 -0.0612852 -0.908239
    outer loop
      vertex -51.3963 -51.6061 8.5
      vertex -16.241 -81.8944 26.5662
      vertex -16.25 -82.2916 26.5889
    endloop
  endfacet
  facet normal 0.234774 -0.314953 -0.919612
    outer loop
      vertex -13.7193 -70.4014 25.1316
      vertex -49.575 -48.5676 8.5
      vertex -13.7073 -70.3726 25.1248
    endloop
  endfacet
  facet normal 0.234173 -0.315828 -0.919465
    outer loop
      vertex -49.575 -48.5676 8.5
      vertex -13.7193 -70.4014 25.1316
      vertex -49.8852 -48.7976 8.5
    endloop
  endfacet
  facet normal 0.210698 -0.35152 -0.912162
    outer loop
      vertex -12.6681 -68.022 24.5233
      vertex -49.2009 -48.3404 8.5
      vertex -12.6507 -67.9864 24.5136
    endloop
  endfacet
  facet normal 0.210688 -0.351535 -0.912159
    outer loop
      vertex -49.2009 -48.3404 8.5
      vertex -12.6681 -68.022 24.5233
      vertex -49.5321 -48.5389 8.5
    endloop
  endfacet
  facet normal 0.18488 -0.390976 -0.901641
    outer loop
      vertex -12.6128 -67.9175 24.4915
      vertex -49.1775 -48.3293 8.5
      vertex -12.1023 -67.0207 24.2073
    endloop
  endfacet
  facet normal 0.184913 -0.390926 -0.901656
    outer loop
      vertex -12.6507 -67.9864 24.5136
      vertex -49.1775 -48.3293 8.5
      vertex -12.6128 -67.9175 24.4915
    endloop
  endfacet
  facet normal 0.185221 -0.390466 -0.901793
    outer loop
      vertex -49.1775 -48.3293 8.5
      vertex -12.6507 -67.9864 24.5136
      vertex -49.2009 -48.3404 8.5
    endloop
  endfacet
  facet normal 0.319047 0.191332 -0.928225
    outer loop
      vertex -14.3312 -92.6602 26.7
      vertex -50.726 -120.267 8.5
      vertex -50.9245 -119.936 8.5
    endloop
  endfacet
  facet normal 0.338894 0.163553 -0.926499
    outer loop
      vertex -50.9356 -119.913 8.5
      vertex -14.3312 -92.6602 26.7
      vertex -50.9245 -119.936 8.5
    endloop
  endfacet
  facet normal 0.340622 0.161096 -0.926296
    outer loop
      vertex -14.3312 -92.6602 26.7
      vertex -50.9356 -119.913 8.5
      vertex -15.013 -91.2186 26.7
    endloop
  endfacet
  facet normal 0.414451 0.0605736 -0.908054
    outer loop
      vertex -51.4001 -118.368 8.5
      vertex -15.9378 -88.1702 26.7
      vertex -51.3963 -118.394 8.5
    endloop
  endfacet
  facet normal 0.413862 0.0613945 -0.908267
    outer loop
      vertex -15.9378 -88.1702 26.7
      vertex -51.4001 -118.368 8.5
      vertex -16.1718 -86.5928 26.7
    endloop
  endfacet
  facet normal 0.0289954 -0.618295 -0.785411
    outer loop
      vertex -9.84816 -64.4494 22.9508
      vertex -47.6073 -47.8635 8.5
      vertex -9.82949 -64.4376 22.9422
    endloop
  endfacet
  facet normal 0.0302873 -0.616524 -0.786754
    outer loop
      vertex -10.362 -64.8354 23.2335
      vertex -47.6073 -47.8635 8.5
      vertex -9.84816 -64.4494 22.9508
    endloop
  endfacet
  facet normal 0.0309041 -0.615705 -0.78737
    outer loop
      vertex -47.6073 -47.8635 8.5
      vertex -10.362 -64.8354 23.2335
      vertex -47.6332 -47.8648 8.5
    endloop
  endfacet
  facet normal 0.031223 -0.615249 -0.787714
    outer loop
      vertex -9.82949 -64.4376 22.9422
      vertex -47.2216 -47.8446 8.5
      vertex -9.7931 -64.4145 22.9256
    endloop
  endfacet
  facet normal 0.0302155 -0.61662 -0.786681
    outer loop
      vertex -47.2216 -47.8446 8.5
      vertex -9.82949 -64.4376 22.9422
      vertex -47.6073 -47.8635 8.5
    endloop
  endfacet
  facet normal -0.122012 -0.48611 -0.865338
    outer loop
      vertex 11.4941 -66.0856 23.8547
      vertex 48.0407 -47.9253 8.5
      vertex 48.0658 -47.9316 8.5
    endloop
  endfacet
  facet normal -0.1218 -0.486416 -0.865196
    outer loop
      vertex 11.2216 -65.7253 23.6905
      vertex 48.0407 -47.9253 8.5
      vertex 11.4941 -66.0856 23.8547
    endloop
  endfacet
  facet normal -0.121827 -0.486376 -0.865215
    outer loop
      vertex 48.0407 -47.9253 8.5
      vertex 11.2216 -65.7253 23.6905
      vertex 10.9454 -65.3996 23.5463
    endloop
  endfacet
  facet normal -0.121799 -0.486416 -0.865196
    outer loop
      vertex 11.5181 -66.1173 23.8691
      vertex 48.0658 -47.9316 8.5
      vertex 48.4404 -48.0254 8.5
    endloop
  endfacet
  facet normal -0.12227 -0.485736 -0.865512
    outer loop
      vertex 48.0658 -47.9316 8.5
      vertex 11.5181 -66.1173 23.8691
      vertex 11.4941 -66.0856 23.8547
    endloop
  endfacet
  facet normal 0.338221 -0.164355 -0.926604
    outer loop
      vertex -51.1007 -50.4365 8.5
      vertex -15.8418 -78.1194 26.2801
      vertex -15.8435 -78.1291 26.2812
    endloop
  endfacet
  facet normal 0.340626 -0.161093 -0.926295
    outer loop
      vertex -15.8418 -78.1194 26.2801
      vertex -51.1007 -50.4365 8.5
      vertex -50.9356 -50.0874 8.5
    endloop
  endfacet
  facet normal 0.255356 -0.284008 -0.924193
    outer loop
      vertex -13.7307 -70.4315 25.1377
      vertex -49.8852 -48.7976 8.5
      vertex -13.7193 -70.4014 25.1316
    endloop
  endfacet
  facet normal 0.256219 -0.282691 -0.924358
    outer loop
      vertex -49.8852 -48.7976 8.5
      vertex -13.7307 -70.4315 25.1377
      vertex -50.1714 -49.057 8.5
    endloop
  endfacet
  facet normal 0.3406 0.161126 -0.926299
    outer loop
      vertex -15.013 -91.2186 26.7
      vertex -50.9356 -119.913 8.5
      vertex -51.1007 -119.564 8.5
    endloop
  endfacet
  facet normal 0.12227 -0.485736 -0.865512
    outer loop
      vertex -11.5181 -66.1173 23.8691
      vertex -48.0658 -47.9316 8.5
      vertex -11.4941 -66.0856 23.8547
    endloop
  endfacet
  facet normal 0.121799 -0.486416 -0.865196
    outer loop
      vertex -48.0658 -47.9316 8.5
      vertex -11.5181 -66.1173 23.8691
      vertex -48.4404 -48.0254 8.5
    endloop
  endfacet
  facet normal 0.283761 0.0422594 0.957963
    outer loop
      vertex -6.50422 -62.8808 21.5904
      vertex -4.71713 -58.09 20.8497
      vertex -6.66573 -62.9388 21.6408
    endloop
  endfacet
  facet normal 0.863853 0.216396 -0.454897
    outer loop
      vertex -14.3312 -58.09 44.0602
      vertex -15.5503 -89.7171 26.7
      vertex -15.9378 -88.1702 26.7
    endloop
  endfacet
  facet normal 0.207242 0.0742618 0.975467
    outer loop
      vertex -4.68403 -62.3247 21.1062
      vertex -3.17022 -58.09 20.4622
      vertex -4.84466 -62.3677 21.1436
    endloop
  endfacet
  facet normal 0.903996 0 -0.427542
    outer loop
      vertex -14.3312 -58.09 44.0602
      vertex -15.013 -51.09 42.6186
      vertex -14.3312 -51.09 44.0602
    endloop
  endfacet
  facet normal 0.903996 0 -0.427542
    outer loop
      vertex -15.013 -51.09 42.6186
      vertex -14.3312 -58.09 44.0602
      vertex -15.013 -58.09 42.6186
    endloop
  endfacet
  facet normal 0.903996 0 -0.427542
    outer loop
      vertex -14.3312 -47.89 44.0602
      vertex -15.013 -31.59 42.6186
      vertex -14.3312 -31.59 44.0602
    endloop
  endfacet
  facet normal 0.903996 0 -0.427542
    outer loop
      vertex -15.013 -31.59 42.6186
      vertex -14.3312 -47.89 44.0602
      vertex -15.013 -47.89 42.6186
    endloop
  endfacet
  facet normal 0.00633718 0.123007 0.992386
    outer loop
      vertex 0 -61.7471 20.6033
      vertex 0 -58.09 20.15
      vertex -0.135246 -61.7482 20.6043
    endloop
  endfacet
  facet normal 0.290387 0.484505 -0.825185
    outer loop
      vertex -4.71713 -58.09 51.9503
      vertex -7.6602 -99.3312 26.7
      vertex -9.02802 -98.5114 26.7
    endloop
  endfacet
  facet normal 0.620828 0.372097 -0.690012
    outer loop
      vertex -10.3089 -58.09 48.9614
      vertex -13.5114 -94.028 26.7
      vertex -14.3312 -92.6602 26.7
    endloop
  endfacet
  facet normal 0.796702 -0.126955 0.590887
    outer loop
      vertex -13.5114 -57.89 27.372
      vertex -14.7606 -73.4829 25.7061
      vertex -12.5614 -57.89 26.0911
    endloop
  endfacet
  facet normal 0.796731 -0.126953 0.590849
    outer loop
      vertex -13.5114 -57.89 27.372
      vertex -15.1266 -74.8318 25.9098
      vertex -14.7606 -73.4829 25.7061
    endloop
  endfacet
  facet normal 0.796582 -0.126956 0.591049
    outer loop
      vertex -15.1266 -74.8318 25.9098
      vertex -13.5114 -57.89 27.372
      vertex -15.2986 -75.5232 25.9931
    endloop
  endfacet
  facet normal 0.970028 0 -0.242993
    outer loop
      vertex -15.5503 -58.09 41.1171
      vertex -15.9378 -57.39 39.5702
      vertex -15.5503 -57.39 41.1171
    endloop
  endfacet
  facet normal 0.970028 0 -0.242993
    outer loop
      vertex -15.9378 -57.39 39.5702
      vertex -15.5503 -58.09 41.1171
      vertex -15.9378 -58.09 39.5702
    endloop
  endfacet
  facet normal 0.941527 0 -0.336939
    outer loop
      vertex -15.013 -51.09 42.6186
      vertex -15.3354 -57.39 41.7177
      vertex -15.3354 -51.09 41.7177
    endloop
  endfacet
  facet normal 0.941527 0 -0.336939
    outer loop
      vertex -15.013 -58.09 42.6186
      vertex -15.3354 -57.39 41.7177
      vertex -15.013 -51.09 42.6186
    endloop
  endfacet
  facet normal 0.941533 2.69009e-05 -0.33692
    outer loop
      vertex -15.5503 -58.09 41.1171
      vertex -15.3354 -57.39 41.7177
      vertex -15.013 -58.09 42.6186
    endloop
  endfacet
  facet normal 0.941543 0 -0.336892
    outer loop
      vertex -15.3354 -57.39 41.7177
      vertex -15.5503 -58.09 41.1171
      vertex -15.5503 -57.39 41.1171
    endloop
  endfacet
  facet normal 0.941527 0 -0.336939
    outer loop
      vertex -15.013 -47.89 42.6186
      vertex -15.3354 -31.59 41.7177
      vertex -15.013 -31.59 42.6186
    endloop
  endfacet
  facet normal 0.941527 0 -0.336939
    outer loop
      vertex -15.3354 -31.59 41.7177
      vertex -15.013 -47.89 42.6186
      vertex -15.3354 -47.89 41.7177
    endloop
  endfacet
  facet normal 0.042053 0.514371 -0.856536
    outer loop
      vertex -1.59278 -58.09 52.5718
      vertex 0 -58.09 52.65
      vertex -1.59278 -101.172 26.7
    endloop
  endfacet
  facet normal -0.146735 0 -0.989176
    outer loop
      vertex 3.17022 -58.09 52.3378
      vertex 2.53924 -57.39 52.4314
      vertex 3.17022 -57.39 52.3378
    endloop
  endfacet
  facet normal -0.146736 -8.38491e-07 -0.989176
    outer loop
      vertex 1.59278 -58.09 52.5718
      vertex 2.53924 -57.39 52.4314
      vertex 3.17022 -58.09 52.3378
    endloop
  endfacet
  facet normal -0.146737 -0 -0.989176
    outer loop
      vertex 1.59278 -51.09 52.5718
      vertex 2.53924 -57.39 52.4314
      vertex 1.59278 -58.09 52.5718
    endloop
  endfacet
  facet normal -0.146737 0 -0.989176
    outer loop
      vertex 2.53924 -57.39 52.4314
      vertex 1.59278 -51.09 52.5718
      vertex 2.53924 -51.09 52.4314
    endloop
  endfacet
  facet normal -0.146737 0 -0.989176
    outer loop
      vertex 1.59278 -47.89 52.5718
      vertex 2.53924 -31.59 52.4314
      vertex 2.53924 -47.89 52.4314
    endloop
  endfacet
  facet normal -0.146737 0 -0.989176
    outer loop
      vertex 2.53924 -31.59 52.4314
      vertex 1.59278 -47.89 52.5718
      vertex 1.59278 -31.59 52.5718
    endloop
  endfacet
  facet normal 0.210601 0.498827 -0.840725
    outer loop
      vertex -4.71713 -58.09 51.9503
      vertex -3.17022 -58.09 52.3378
      vertex -6.21861 -100.013 26.7
    endloop
  endfacet
  facet normal 0.965045 0.101235 -0.241745
    outer loop
      vertex -15.9378 -58.09 39.5702
      vertex -15.5503 -58.09 41.1171
      vertex -16.1718 -86.5928 26.7
    endloop
  endfacet
  facet normal -0.180119 0.503621 -0.84494
    outer loop
      vertex 6.21861 -100.013 26.7
      vertex 4.71713 -100.55 26.7
      vertex 3.17022 -58.09 52.3378
    endloop
  endfacet
  facet normal 0.349308 0.47097 -0.810044
    outer loop
      vertex -6.21861 -58.09 51.413
      vertex -9.02802 -98.5114 26.7
      vertex -10.3089 -97.5614 26.7
    endloop
  endfacet
  facet normal 0.0560765 0.11848 0.991372
    outer loop
      vertex -2.00886 -61.8609 20.7024
      vertex -1.59278 -58.09 20.2282
      vertex -2.14911 -61.8715 20.7116
    endloop
  endfacet
  facet normal 0.931205 0.147715 -0.333224
    outer loop
      vertex -15.5503 -58.09 41.1171
      vertex -15.013 -58.09 42.6186
      vertex -15.9378 -88.1702 26.7
    endloop
  endfacet
  facet normal 0.936427 -0.104002 0.335093
    outer loop
      vertex -15.5503 -57.89 31.6829
      vertex -15.965 -78.8536 26.3354
      vertex -15.013 -57.89 30.1814
    endloop
  endfacet
  facet normal 0.936454 -0.103984 0.335023
    outer loop
      vertex -15.965 -78.8536 26.3354
      vertex -15.5503 -57.89 31.6829
      vertex -16.0808 -79.6719 26.4051
    endloop
  endfacet
  facet normal 0.462462 0.436747 -0.771609
    outer loop
      vertex -9.02802 -58.09 49.9114
      vertex -7.6602 -58.09 50.7312
      vertex -11.4905 -96.4905 26.7
    endloop
  endfacet
  facet normal 0.514101 0 -0.85773
    outer loop
      vertex -7.6602 -58.09 50.7312
      vertex -8.48089 -57.39 50.2393
      vertex -7.6602 -51.09 50.7312
    endloop
  endfacet
  facet normal 0.514084 -2.59757e-05 -0.85774
    outer loop
      vertex -9.02802 -58.09 49.9114
      vertex -8.48089 -57.39 50.2393
      vertex -7.6602 -58.09 50.7312
    endloop
  endfacet
  facet normal 0.51406 0 -0.857754
    outer loop
      vertex -8.48089 -57.39 50.2393
      vertex -9.02802 -58.09 49.9114
      vertex -9.02802 -57.39 49.9114
    endloop
  endfacet
  facet normal 0.514101 0 -0.85773
    outer loop
      vertex -7.6602 -51.09 50.7312
      vertex -8.48089 -57.39 50.2393
      vertex -8.48089 -51.09 50.2393
    endloop
  endfacet
  facet normal 0.514101 0 -0.85773
    outer loop
      vertex -8.48089 -47.89 50.2393
      vertex -7.6602 -31.59 50.7312
      vertex -7.6602 -47.89 50.7312
    endloop
  endfacet
  facet normal 0.514101 0 -0.85773
    outer loop
      vertex -7.6602 -31.59 50.7312
      vertex -8.48089 -47.89 50.2393
      vertex -8.48089 -31.59 50.2393
    endloop
  endfacet
  facet normal 0.546454 0.405286 -0.732892
    outer loop
      vertex -10.3089 -58.09 48.9614
      vertex -12.5614 -95.3089 26.7
      vertex -13.5114 -94.028 26.7
    endloop
  endfacet
  facet normal 0.336924 0 -0.941532
    outer loop
      vertex -6.21861 -58.09 51.413
      vertex -4.71713 -51.09 51.9503
      vertex -4.71713 -58.09 51.9503
    endloop
  endfacet
  facet normal 0.336924 0 -0.941532
    outer loop
      vertex -4.71713 -51.09 51.9503
      vertex -6.21861 -58.09 51.413
      vertex -6.21861 -51.09 51.413
    endloop
  endfacet
  facet normal 0.336924 0 -0.941532
    outer loop
      vertex -6.21861 -47.89 51.413
      vertex -4.71713 -31.59 51.9503
      vertex -4.71713 -47.89 51.9503
    endloop
  endfacet
  facet normal 0.336924 0 -0.941532
    outer loop
      vertex -4.71713 -31.59 51.9503
      vertex -6.21861 -47.89 51.413
      vertex -6.21861 -31.59 51.413
    endloop
  endfacet
  facet normal 0.0252259 0.51512 -0.856747
    outer loop
      vertex 0 -58.09 52.65
      vertex 0 -101.25 26.7
      vertex -1.59278 -101.172 26.7
    endloop
  endfacet
  facet normal -0.411224 0.453732 -0.790583
    outer loop
      vertex 11.4905 -96.4905 26.7
      vertex 10.3089 -97.5614 26.7
      vertex 7.6602 -58.09 50.7312
    endloop
  endfacet
  facet normal -0.116209 0.105647 0.98759
    outer loop
      vertex 2.58002 -61.9202 20.7541
      vertex 2.72832 -61.9431 20.774
      vertex 1.59278 -58.09 20.2282
    endloop
  endfacet
  facet normal -0.965045 0.101235 -0.241745
    outer loop
      vertex 15.9378 -58.09 39.5702
      vertex 16.1718 -86.5928 26.7
      vertex 15.5503 -58.09 41.1171
    endloop
  endfacet
  facet normal 1 -0 0
    outer loop
      vertex -16.25 -58.09 36.4
      vertex -16.25 -82.2916 26.5889
      vertex -16.25 -57.89 36.4
    endloop
  endfacet
  facet normal 1 0 0
    outer loop
      vertex -16.25 -58.09 36.4
      vertex -16.25 -83.3366 26.6596
      vertex -16.25 -82.2916 26.5889
    endloop
  endfacet
  facet normal 1 0 -0
    outer loop
      vertex -16.25 -83.3366 26.6596
      vertex -16.25 -58.09 36.4
      vertex -16.25 -85 26.7
    endloop
  endfacet
  facet normal 0.998641 0.0176731 -0.0490292
    outer loop
      vertex -16.25 -58.09 36.4
      vertex -16.1718 -58.09 37.9928
      vertex -16.25 -85 26.7
    endloop
  endfacet
  facet normal 0.146736 0 0.989176
    outer loop
      vertex -3.17022 -51.09 20.4622
      vertex -1.59278 -58.09 20.2282
      vertex -1.59278 -51.09 20.2282
    endloop
  endfacet
  facet normal 0.146736 0 0.989176
    outer loop
      vertex -1.59278 -58.09 20.2282
      vertex -3.17022 -51.09 20.4622
      vertex -3.17022 -58.09 20.4622
    endloop
  endfacet
  facet normal 0.146736 0 0.989176
    outer loop
      vertex -3.17022 -31.59 20.4622
      vertex -1.59278 -47.89 20.2282
      vertex -1.59278 -31.59 20.2282
    endloop
  endfacet
  facet normal 0.146736 0 0.989176
    outer loop
      vertex -1.59278 -47.89 20.2282
      vertex -3.17022 -31.59 20.4622
      vertex -3.17022 -47.89 20.4622
    endloop
  endfacet
  facet normal 0.242992 0 0.970028
    outer loop
      vertex -4.71713 -51.09 20.8497
      vertex -3.17022 -58.09 20.4622
      vertex -3.17022 -51.09 20.4622
    endloop
  endfacet
  facet normal 0.242992 0 0.970028
    outer loop
      vertex -3.17022 -58.09 20.4622
      vertex -4.71713 -51.09 20.8497
      vertex -4.71713 -58.09 20.8497
    endloop
  endfacet
  facet normal 0.242992 0 0.970028
    outer loop
      vertex -4.71713 -31.59 20.8497
      vertex -3.17022 -47.89 20.4622
      vertex -3.17022 -31.59 20.4622
    endloop
  endfacet
  facet normal 0.242992 0 0.970028
    outer loop
      vertex -3.17022 -47.89 20.4622
      vertex -4.71713 -31.59 20.8497
      vertex -4.71713 -47.89 20.8497
    endloop
  endfacet
  facet normal 0.336924 -0 0.941532
    outer loop
      vertex -6.21861 -57.89 21.387
      vertex -4.71713 -51.09 20.8497
      vertex -6.21861 -51.09 21.387
    endloop
  endfacet
  facet normal 0.336924 0 0.941532
    outer loop
      vertex -4.71713 -51.09 20.8497
      vertex -6.21861 -57.89 21.387
      vertex -4.71713 -58.09 20.8497
    endloop
  endfacet
  facet normal 0.336924 0 0.941532
    outer loop
      vertex -4.71713 -58.09 20.8497
      vertex -6.21861 -57.89 21.387
      vertex -6.21861 -58.09 21.387
    endloop
  endfacet
  facet normal 0.336924 0 0.941532
    outer loop
      vertex -6.21861 -31.59 21.387
      vertex -4.71713 -47.89 20.8497
      vertex -4.71713 -31.59 20.8497
    endloop
  endfacet
  facet normal 0.336924 0 0.941532
    outer loop
      vertex -4.71713 -47.89 20.8497
      vertex -6.21861 -31.59 21.387
      vertex -6.21861 -47.89 21.387
    endloop
  endfacet
  facet normal 0.938579 0.139234 -0.315728
    outer loop
      vertex -15.5503 -58.09 41.1171
      vertex -15.9378 -88.1702 26.7
      vertex -16.1718 -86.5928 26.7
    endloop
  endfacet
  facet normal 0.769253 0.287659 -0.570528
    outer loop
      vertex -13.5114 -58.09 45.428
      vertex -12.5614 -58.09 46.7089
      vertex -15.013 -91.2186 26.7
    endloop
  endfacet
  facet normal 0.740964 0 -0.671545
    outer loop
      vertex -11.4905 -58.09 47.8905
      vertex -12.5614 -57.39 46.7089
      vertex -11.4905 -57.39 47.8905
    endloop
  endfacet
  facet normal 0.740964 0 -0.671545
    outer loop
      vertex -12.5614 -57.39 46.7089
      vertex -11.4905 -58.09 47.8905
      vertex -12.5614 -58.09 46.7089
    endloop
  endfacet
  facet normal 0.623728 0.370595 -0.688203
    outer loop
      vertex -11.4905 -58.09 47.8905
      vertex -10.3089 -58.09 48.9614
      vertex -14.3312 -92.6602 26.7
    endloop
  endfacet
  facet normal 0.699201 0.330981 -0.633695
    outer loop
      vertex -12.5614 -58.09 46.7089
      vertex -11.4905 -58.09 47.8905
      vertex -14.3312 -92.6602 26.7
    endloop
  endfacet
  facet normal 0.699497 0.330825 -0.63345
    outer loop
      vertex -12.5614 -58.09 46.7089
      vertex -14.3312 -92.6602 26.7
      vertex -15.013 -91.2186 26.7
    endloop
  endfacet
  facet normal 0.100121 0.10997 0.988879
    outer loop
      vertex -2.4343 -61.9009 20.7372
      vertex -1.59278 -58.09 20.2282
      vertex -2.58002 -61.9202 20.7541
    endloop
  endfacet
  facet normal 0.294941 0.48341 -0.824211
    outer loop
      vertex -6.21861 -58.09 51.413
      vertex -4.71713 -58.09 51.9503
      vertex -9.02802 -98.5114 26.7
    endloop
  endfacet
  facet normal 0.146737 0 -0.989176
    outer loop
      vertex -1.59278 -58.09 52.5718
      vertex -2.53924 -57.39 52.4314
      vertex -1.59278 -51.09 52.5718
    endloop
  endfacet
  facet normal 0.146736 -8.38491e-07 -0.989176
    outer loop
      vertex -3.17022 -58.09 52.3378
      vertex -2.53924 -57.39 52.4314
      vertex -1.59278 -58.09 52.5718
    endloop
  endfacet
  facet normal 0.146735 0 -0.989176
    outer loop
      vertex -2.53924 -57.39 52.4314
      vertex -3.17022 -58.09 52.3378
      vertex -3.17022 -57.39 52.3378
    endloop
  endfacet
  facet normal 0.146737 0 -0.989176
    outer loop
      vertex -1.59278 -51.09 52.5718
      vertex -2.53924 -57.39 52.4314
      vertex -2.53924 -51.09 52.4314
    endloop
  endfacet
  facet normal 0.146737 0 -0.989176
    outer loop
      vertex -2.53924 -47.89 52.4314
      vertex -1.59278 -31.59 52.5718
      vertex -1.59278 -47.89 52.5718
    endloop
  endfacet
  facet normal 0.146737 0 -0.989176
    outer loop
      vertex -1.59278 -31.59 52.5718
      vertex -2.53924 -47.89 52.4314
      vertex -2.53924 -31.59 52.4314
    endloop
  endfacet
  facet normal 0.126276 0.50934 -0.85125
    outer loop
      vertex -3.17022 -58.09 52.3378
      vertex -1.59278 -58.09 52.5718
      vertex -3.17022 -100.938 26.7
    endloop
  endfacet
  facet normal 0.0761484 0.513332 -0.854805
    outer loop
      vertex -1.59278 -58.09 52.5718
      vertex -1.59278 -101.172 26.7
      vertex -3.17022 -100.938 26.7
    endloop
  endfacet
  facet normal 0.180119 0.503621 -0.84494
    outer loop
      vertex -3.17022 -58.09 52.3378
      vertex -4.71713 -100.55 26.7
      vertex -6.21861 -100.013 26.7
    endloop
  endfacet
  facet normal -0.12773 0.509244 -0.851091
    outer loop
      vertex 3.17022 -58.09 52.3378
      vertex 4.71713 -100.55 26.7
      vertex 3.17022 -100.938 26.7
    endloop
  endfacet
  facet normal 0.134763 0.0999286 0.985826
    outer loop
      vertex -2.72832 -61.9431 20.774
      vertex -1.59278 -58.09 20.2282
      vertex -2.87955 -61.97 20.7974
    endloop
  endfacet
  facet normal 0.018231 0.122556 0.992294
    outer loop
      vertex -0.135246 -61.7482 20.6043
      vertex 0 -58.09 20.15
      vertex -0.270906 -61.7515 20.6072
    endloop
  endfacet
  facet normal -0.781662 0.279711 -0.557464
    outer loop
      vertex 15.5503 -89.7171 26.7
      vertex 15.013 -91.2186 26.7
      vertex 13.5114 -58.09 45.428
    endloop
  endfacet
  facet normal -0.931205 0.147715 -0.333224
    outer loop
      vertex 15.5503 -58.09 41.1171
      vertex 15.9378 -88.1702 26.7
      vertex 15.013 -58.09 42.6186
    endloop
  endfacet
  facet normal -0.938579 0.139234 -0.315728
    outer loop
      vertex 16.1718 -86.5928 26.7
      vertex 15.9378 -88.1702 26.7
      vertex 15.5503 -58.09 41.1171
    endloop
  endfacet
  facet normal -0.283761 0.0422594 0.957963
    outer loop
      vertex 6.50422 -62.8808 21.5904
      vertex 6.66573 -62.9388 21.6408
      vertex 4.71713 -58.09 20.8497
    endloop
  endfacet
  facet normal -0.903996 0 -0.427542
    outer loop
      vertex 15.013 -58.09 42.6186
      vertex 14.3312 -51.09 44.0602
      vertex 15.013 -51.09 42.6186
    endloop
  endfacet
  facet normal -0.903996 -0 -0.427542
    outer loop
      vertex 14.3312 -51.09 44.0602
      vertex 15.013 -58.09 42.6186
      vertex 14.3312 -58.09 44.0602
    endloop
  endfacet
  facet normal -0.903996 0 -0.427542
    outer loop
      vertex 15.013 -47.89 42.6186
      vertex 14.3312 -31.59 44.0602
      vertex 15.013 -31.59 42.6186
    endloop
  endfacet
  facet normal -0.903996 -0 -0.427542
    outer loop
      vertex 14.3312 -31.59 44.0602
      vertex 15.013 -47.89 42.6186
      vertex 14.3312 -47.89 44.0602
    endloop
  endfacet
  facet normal -0.667502 -0.10582 0.73705
    outer loop
      vertex 11.4905 -57.89 24.9095
      vertex 13.7307 -70.4315 25.1377
      vertex 13.906 -70.893 25.2302
    endloop
  endfacet
  facet normal -0.67387 -0.107067 0.731051
    outer loop
      vertex 11.4905 -57.89 24.9095
      vertex 13.7193 -70.4014 25.1316
      vertex 13.7307 -70.4315 25.1377
    endloop
  endfacet
  facet normal -0.671393 -0.106584 0.733397
    outer loop
      vertex 11.4905 -57.89 24.9095
      vertex 13.7073 -70.3726 25.1248
      vertex 13.7193 -70.4014 25.1316
    endloop
  endfacet
  facet normal -0.667658 -0.10586 0.736904
    outer loop
      vertex 11.4905 -57.89 24.9095
      vertex 13.1877 -69.1344 24.8319
      vertex 13.7073 -70.3726 25.1248
    endloop
  endfacet
  facet normal -0.66775 -0.105873 0.736818
    outer loop
      vertex 11.4905 -57.89 24.9095
      vertex 12.7126 -68.113 24.5481
      vertex 13.1877 -69.1344 24.8319
    endloop
  endfacet
  facet normal -0.667771 -0.105875 0.736799
    outer loop
      vertex 12.7126 -68.113 24.5481
      vertex 11.4905 -57.89 24.9095
      vertex 10.3089 -57.89 23.8386
    endloop
  endfacet
  facet normal -0.623728 0.370595 -0.688203
    outer loop
      vertex 11.4905 -58.09 47.8905
      vertex 14.3312 -92.6602 26.7
      vertex 10.3089 -58.09 48.9614
    endloop
  endfacet
  facet normal 0.671545 0 -0.740964
    outer loop
      vertex -11.4905 -58.09 47.8905
      vertex -10.3089 -57.39 48.9614
      vertex -10.3089 -58.09 48.9614
    endloop
  endfacet
  facet normal 0.671545 0 -0.740964
    outer loop
      vertex -10.3089 -57.39 48.9614
      vertex -11.4905 -58.09 47.8905
      vertex -11.4905 -57.39 47.8905
    endloop
  endfacet
  facet normal 0.595713 0 -0.803197
    outer loop
      vertex -10.3089 -58.09 48.9614
      vertex -9.02802 -57.39 49.9114
      vertex -9.02802 -58.09 49.9114
    endloop
  endfacet
  facet normal 0.595713 0 -0.803197
    outer loop
      vertex -9.02802 -57.39 49.9114
      vertex -10.3089 -58.09 48.9614
      vertex -10.3089 -57.39 48.9614
    endloop
  endfacet
  facet normal -0.0490375 0 0.998797
    outer loop
      vertex 0 -51.09 20.15
      vertex 1.59278 -58.09 20.2282
      vertex 1.59278 -51.09 20.2282
    endloop
  endfacet
  facet normal -0.0490375 0 0.998797
    outer loop
      vertex 1.59278 -58.09 20.2282
      vertex 0 -51.09 20.15
      vertex 0 -58.09 20.15
    endloop
  endfacet
  facet normal -0.0490375 0 0.998797
    outer loop
      vertex 0 -31.59 20.15
      vertex 1.59278 -47.89 20.2282
      vertex 1.59278 -31.59 20.2282
    endloop
  endfacet
  facet normal -0.0490375 0 0.998797
    outer loop
      vertex 1.59278 -47.89 20.2282
      vertex 0 -31.59 20.15
      vertex 0 -47.89 20.15
    endloop
  endfacet
  facet normal 0.998603 -0.0197105 0.0490273
    outer loop
      vertex -16.25 -57.89 36.4
      vertex -16.241 -81.8944 26.5662
      vertex -16.1718 -57.89 34.8072
    endloop
  endfacet
  facet normal 0.998589 -0.0198107 0.0492721
    outer loop
      vertex -16.241 -81.8944 26.5662
      vertex -16.25 -57.89 36.4
      vertex -16.25 -82.2916 26.5889
    endloop
  endfacet
  facet normal 0.735591 -0.120204 0.666676
    outer loop
      vertex -12.5614 -57.89 26.0911
      vertex -13.906 -70.893 25.2302
      vertex -11.4905 -57.89 24.9095
    endloop
  endfacet
  facet normal 0.735558 -0.120203 0.666713
    outer loop
      vertex -12.5614 -57.89 26.0911
      vertex -14.2204 -71.7858 25.4161
      vertex -13.906 -70.893 25.2302
    endloop
  endfacet
  facet normal 0.735572 -0.120204 0.666697
    outer loop
      vertex -12.5614 -57.89 26.0911
      vertex -14.6898 -73.2439 25.6711
      vertex -14.2204 -71.7858 25.4161
    endloop
  endfacet
  facet normal 0.739866 -0.120667 0.661844
    outer loop
      vertex -12.5614 -57.89 26.0911
      vertex -14.6966 -73.2653 25.6748
      vertex -14.6898 -73.2439 25.6711
    endloop
  endfacet
  facet normal 0.732839 -0.119905 0.669754
    outer loop
      vertex -12.5614 -57.89 26.0911
      vertex -14.703 -73.2871 25.6779
      vertex -14.6966 -73.2653 25.6748
    endloop
  endfacet
  facet normal 0.735096 -0.120151 0.667231
    outer loop
      vertex -14.703 -73.2871 25.6779
      vertex -12.5614 -57.89 26.0911
      vertex -14.7606 -73.4829 25.7061
    endloop
  endfacet
  facet normal 0.513276 -0.0560555 0.856391
    outer loop
      vertex -9.02802 -57.89 22.8886
      vertex -9.84816 -64.4494 22.9508
      vertex -7.6602 -57.89 22.0688
    endloop
  endfacet
  facet normal 0.513272 -0.056055 0.856393
    outer loop
      vertex -9.02802 -57.89 22.8886
      vertex -10.362 -64.8354 23.2335
      vertex -9.84816 -64.4494 22.9508
    endloop
  endfacet
  facet normal 0.513275 -0.0560556 0.856392
    outer loop
      vertex -9.02802 -57.89 22.8886
      vertex -10.9168 -65.3719 23.5309
      vertex -10.362 -64.8354 23.2335
    endloop
  endfacet
  facet normal 0.515346 -0.0566891 0.855105
    outer loop
      vertex -9.02802 -57.89 22.8886
      vertex -10.9454 -65.3996 23.5463
      vertex -10.9168 -65.3719 23.5309
    endloop
  endfacet
  facet normal 0.513199 -0.0560239 0.856439
    outer loop
      vertex -10.9454 -65.3996 23.5463
      vertex -9.02802 -57.89 22.8886
      vertex -11.2216 -65.7253 23.6905
    endloop
  endfacet
  facet normal 0.987762 -0.0534421 0.14653
    outer loop
      vertex -16.1718 -57.89 34.8072
      vertex -16.143 -80.2754 26.4487
      vertex -15.9378 -57.89 33.2298
    endloop
  endfacet
  facet normal 0.987702 -0.0535738 0.146882
    outer loop
      vertex -16.143 -80.2754 26.4487
      vertex -16.1718 -57.89 34.8072
      vertex -16.1718 -80.7126 26.4829
    endloop
  endfacet
  facet normal 0.427449 -0.0210529 0.903794
    outer loop
      vertex -7.6602 -57.89 22.0688
      vertex -8.49579 -63.7281 22.328
      vertex -6.21861 -57.89 21.387
    endloop
  endfacet
  facet normal 0.427466 -0.0210556 0.903786
    outer loop
      vertex -7.6602 -57.89 22.0688
      vertex -9.7931 -64.4145 22.9256
      vertex -8.49579 -63.7281 22.328
    endloop
  endfacet
  facet normal 0.425592 -0.020325 0.904687
    outer loop
      vertex -7.6602 -57.89 22.0688
      vertex -9.82949 -64.4376 22.9422
      vertex -9.7931 -64.4145 22.9256
    endloop
  endfacet
  facet normal 0.429688 -0.0219454 0.902711
    outer loop
      vertex -9.82949 -64.4376 22.9422
      vertex -7.6602 -57.89 22.0688
      vertex -9.84816 -64.4494 22.9508
    endloop
  endfacet
  facet normal 0.621143 -0.0920384 0.778274
    outer loop
      vertex -10.3089 -57.89 23.8386
      vertex -12.6507 -67.9864 24.5136
      vertex -12.6128 -67.9175 24.4915
    endloop
  endfacet
  facet normal 0.62232 -0.0923771 0.777293
    outer loop
      vertex -10.3089 -57.89 23.8386
      vertex -12.6681 -68.022 24.5233
      vertex -12.6507 -67.9864 24.5136
    endloop
  endfacet
  facet normal 0.622061 -0.0923023 0.777509
    outer loop
      vertex -12.6681 -68.022 24.5233
      vertex -10.3089 -57.89 23.8386
      vertex -12.7126 -68.113 24.5481
    endloop
  endfacet
  facet normal 0.240504 0.0601765 0.968781
    outer loop
      vertex -4.84466 -62.3677 21.1436
      vertex -3.17022 -58.09 20.4622
      vertex -5.00702 -62.4175 21.187
    endloop
  endfacet
  facet normal 0.886701 0.194668 -0.419363
    outer loop
      vertex -15.013 -58.09 42.6186
      vertex -14.3312 -58.09 44.0602
      vertex -15.9378 -88.1702 26.7
    endloop
  endfacet
  facet normal 0.987508 0.0580402 -0.146492
    outer loop
      vertex -16.1718 -58.09 37.9928
      vertex -15.9378 -58.09 39.5702
      vertex -16.1718 -86.5928 26.7
    endloop
  endfacet
  facet normal 0.989175 0 -0.14674
    outer loop
      vertex -15.9378 -58.09 39.5702
      vertex -16.1718 -57.39 37.9928
      vertex -15.9378 -57.39 39.5702
    endloop
  endfacet
  facet normal 0.989175 0 -0.14674
    outer loop
      vertex -16.1718 -57.39 37.9928
      vertex -15.9378 -58.09 39.5702
      vertex -16.1718 -58.09 37.9928
    endloop
  endfacet
  facet normal -0.336924 0 -0.941532
    outer loop
      vertex 4.71713 -58.09 51.9503
      vertex 6.21861 -51.09 51.413
      vertex 6.21861 -58.09 51.413
    endloop
  endfacet
  facet normal -0.336924 0 -0.941532
    outer loop
      vertex 6.21861 -51.09 51.413
      vertex 4.71713 -58.09 51.9503
      vertex 4.71713 -51.09 51.9503
    endloop
  endfacet
  facet normal -0.336924 0 -0.941532
    outer loop
      vertex 4.71713 -47.89 51.9503
      vertex 6.21861 -31.59 51.413
      vertex 6.21861 -47.89 51.413
    endloop
  endfacet
  facet normal -0.336924 0 -0.941532
    outer loop
      vertex 6.21861 -31.59 51.413
      vertex 4.71713 -47.89 51.9503
      vertex 4.71713 -31.59 51.9503
    endloop
  endfacet
  facet normal -0.427544 0 -0.903994
    outer loop
      vertex 6.21861 -58.09 51.413
      vertex 7.6602 -51.09 50.7312
      vertex 7.6602 -58.09 50.7312
    endloop
  endfacet
  facet normal -0.427544 0 -0.903994
    outer loop
      vertex 7.6602 -51.09 50.7312
      vertex 6.21861 -58.09 51.413
      vertex 6.21861 -51.09 51.413
    endloop
  endfacet
  facet normal -0.427544 0 -0.903994
    outer loop
      vertex 6.21861 -47.89 51.413
      vertex 7.6602 -31.59 50.7312
      vertex 7.6602 -47.89 50.7312
    endloop
  endfacet
  facet normal -0.427544 0 -0.903994
    outer loop
      vertex 7.6602 -31.59 50.7312
      vertex 6.21861 -47.89 51.413
      vertex 6.21861 -31.59 51.413
    endloop
  endfacet
  facet normal -0.294941 0.48341 -0.824211
    outer loop
      vertex 6.21861 -58.09 51.413
      vertex 9.02802 -98.5114 26.7
      vertex 4.71713 -58.09 51.9503
    endloop
  endfacet
  facet normal -0.234305 0.495411 -0.836462
    outer loop
      vertex 7.6602 -99.3312 26.7
      vertex 6.21861 -100.013 26.7
      vertex 4.71713 -58.09 51.9503
    endloop
  endfacet
  facet normal -0.126276 0.50934 -0.85125
    outer loop
      vertex 3.17022 -58.09 52.3378
      vertex 3.17022 -100.938 26.7
      vertex 1.59278 -58.09 52.5718
    endloop
  endfacet
  facet normal -0.210601 0.498827 -0.840725
    outer loop
      vertex 4.71713 -58.09 51.9503
      vertex 6.21861 -100.013 26.7
      vertex 3.17022 -58.09 52.3378
    endloop
  endfacet
  facet normal -0.0252259 0.51512 -0.856747
    outer loop
      vertex 0 -58.09 52.65
      vertex 1.59278 -101.172 26.7
      vertex 0 -101.25 26.7
    endloop
  endfacet
  facet normal 0.0490688 0 -0.998795
    outer loop
      vertex 0 -58.09 52.65
      vertex -0.637111 -57.39 52.6187
      vertex 0 -57.39 52.65
    endloop
  endfacet
  facet normal 0.0490375 -2.86071e-05 -0.998797
    outer loop
      vertex -1.59278 -58.09 52.5718
      vertex -0.637111 -57.39 52.6187
      vertex 0 -58.09 52.65
    endloop
  endfacet
  facet normal 0.0490166 0 -0.998798
    outer loop
      vertex -1.59278 -51.09 52.5718
      vertex -0.637111 -57.39 52.6187
      vertex -1.59278 -58.09 52.5718
    endloop
  endfacet
  facet normal 0.0490166 0 -0.998798
    outer loop
      vertex -0.637111 -57.39 52.6187
      vertex -1.59278 -51.09 52.5718
      vertex -0.637111 -51.09 52.6187
    endloop
  endfacet
  facet normal 0.0490166 0 -0.998798
    outer loop
      vertex -1.59278 -47.89 52.5718
      vertex -0.637111 -31.59 52.6187
      vertex -0.637111 -47.89 52.6187
    endloop
  endfacet
  facet normal 0.0490166 0 -0.998798
    outer loop
      vertex -0.637111 -31.59 52.6187
      vertex -1.59278 -47.89 52.5718
      vertex -1.59278 -31.59 52.5718
    endloop
  endfacet
  facet normal 0.12773 0.509244 -0.851091
    outer loop
      vertex -3.17022 -58.09 52.3378
      vertex -3.17022 -100.938 26.7
      vertex -4.71713 -100.55 26.7
    endloop
  endfacet
  facet normal 0.234305 0.495411 -0.836462
    outer loop
      vertex -4.71713 -58.09 51.9503
      vertex -6.21861 -100.013 26.7
      vertex -7.6602 -99.3312 26.7
    endloop
  endfacet
  facet normal 0.242993 0 -0.970028
    outer loop
      vertex -3.17022 -58.09 52.3378
      vertex -3.78898 -57.39 52.1828
      vertex -3.17022 -57.39 52.3378
    endloop
  endfacet
  facet normal 0.242992 -1.38852e-06 -0.970028
    outer loop
      vertex -4.71713 -58.09 51.9503
      vertex -3.78898 -57.39 52.1828
      vertex -3.17022 -58.09 52.3378
    endloop
  endfacet
  facet normal 0.242991 0 -0.970029
    outer loop
      vertex -4.71713 -51.09 51.9503
      vertex -3.78898 -57.39 52.1828
      vertex -4.71713 -58.09 51.9503
    endloop
  endfacet
  facet normal 0.242991 0 -0.970029
    outer loop
      vertex -3.78898 -57.39 52.1828
      vertex -4.71713 -51.09 51.9503
      vertex -3.78898 -51.09 52.1828
    endloop
  endfacet
  facet normal 0.242991 0 -0.970029
    outer loop
      vertex -4.71713 -47.89 51.9503
      vertex -3.78898 -31.59 52.1828
      vertex -3.78898 -47.89 52.1828
    endloop
  endfacet
  facet normal 0.242991 0 -0.970029
    outer loop
      vertex -3.78898 -31.59 52.1828
      vertex -4.71713 -47.89 51.9503
      vertex -4.71713 -31.59 51.9503
    endloop
  endfacet
  facet normal 0.0486871 0.119329 0.99166
    outer loop
      vertex -1.59278 -58.09 20.2282
      vertex -0.545135 -61.7651 20.619
      vertex 0 -58.09 20.15
    endloop
  endfacet
  facet normal 0.0486926 0.119331 0.99166
    outer loop
      vertex -0.545135 -61.7651 20.619
      vertex -1.59278 -58.09 20.2282
      vertex -2.00886 -61.8609 20.7024
    endloop
  endfacet
  facet normal 0.0306272 0.121615 0.992105
    outer loop
      vertex -0.270906 -61.7515 20.6072
      vertex 0 -58.09 20.15
      vertex -0.407395 -61.7571 20.6121
    endloop
  endfacet
  facet normal -0.042053 0.514371 -0.856536
    outer loop
      vertex 1.59278 -58.09 52.5718
      vertex 1.59278 -101.172 26.7
      vertex 0 -58.09 52.65
    endloop
  endfacet
  facet normal -0.134763 0.0999286 0.985826
    outer loop
      vertex 2.72832 -61.9431 20.774
      vertex 2.87955 -61.97 20.7974
      vertex 1.59278 -58.09 20.2282
    endloop
  endfacet
  facet normal -0.146736 0 0.989176
    outer loop
      vertex 1.59278 -51.09 20.2282
      vertex 3.17022 -58.09 20.4622
      vertex 3.17022 -51.09 20.4622
    endloop
  endfacet
  facet normal -0.146736 0 0.989176
    outer loop
      vertex 3.17022 -58.09 20.4622
      vertex 1.59278 -51.09 20.2282
      vertex 1.59278 -58.09 20.2282
    endloop
  endfacet
  facet normal -0.146736 0 0.989176
    outer loop
      vertex 1.59278 -31.59 20.2282
      vertex 3.17022 -47.89 20.4622
      vertex 3.17022 -31.59 20.4622
    endloop
  endfacet
  facet normal -0.146736 0 0.989176
    outer loop
      vertex 3.17022 -47.89 20.4622
      vertex 1.59278 -31.59 20.2282
      vertex 1.59278 -47.89 20.2282
    endloop
  endfacet
  facet normal -0.070279 0.116308 0.990724
    outer loop
      vertex 2.14911 -61.8715 20.7116
      vertex 2.29079 -61.8847 20.7232
      vertex 1.59278 -58.09 20.2282
    endloop
  endfacet
  facet normal -0.595713 0 -0.803197
    outer loop
      vertex 9.02802 -58.09 49.9114
      vertex 10.3089 -57.39 48.9614
      vertex 10.3089 -58.09 48.9614
    endloop
  endfacet
  facet normal -0.595713 0 -0.803197
    outer loop
      vertex 10.3089 -57.39 48.9614
      vertex 9.02802 -58.09 49.9114
      vertex 9.02802 -57.39 49.9114
    endloop
  endfacet
  facet normal -0.699201 0.330981 -0.633695
    outer loop
      vertex 12.5614 -58.09 46.7089
      vertex 14.3312 -92.6602 26.7
      vertex 11.4905 -58.09 47.8905
    endloop
  endfacet
  facet normal -0.427605 -0.0211256 0.903719
    outer loop
      vertex 8.35039 -63.6512 22.261
      vertex 8.49579 -63.7281 22.328
      vertex 6.21861 -57.89 21.387
    endloop
  endfacet
  facet normal -0.998603 -0.0197105 0.0490273
    outer loop
      vertex 16.241 -81.8944 26.5662
      vertex 16.25 -57.89 36.4
      vertex 16.1718 -57.89 34.8072
    endloop
  endfacet
  facet normal -0.998589 -0.0198107 0.0492721
    outer loop
      vertex 16.25 -57.89 36.4
      vertex 16.241 -81.8944 26.5662
      vertex 16.25 -82.2916 26.5889
    endloop
  endfacet
  facet normal -0.242575 0.0592248 0.968323
    outer loop
      vertex 4.71713 -58.09 20.8497
      vertex 5.00702 -62.4175 21.187
      vertex 6.50422 -62.8808 21.5904
    endloop
  endfacet
  facet normal -0.242565 0.0592257 0.968326
    outer loop
      vertex 5.00702 -62.4175 21.187
      vertex 4.71713 -58.09 20.8497
      vertex 3.17022 -58.09 20.4622
    endloop
  endfacet
  facet normal -0.941543 -0 -0.336892
    outer loop
      vertex 15.5503 -57.39 41.1171
      vertex 15.5503 -58.09 41.1171
      vertex 15.3354 -57.39 41.7177
    endloop
  endfacet
  facet normal -0.941527 0 -0.336939
    outer loop
      vertex 15.3354 -57.39 41.7177
      vertex 15.013 -51.09 42.6186
      vertex 15.3354 -51.09 41.7177
    endloop
  endfacet
  facet normal -0.941527 0 -0.336939
    outer loop
      vertex 15.3354 -57.39 41.7177
      vertex 15.013 -58.09 42.6186
      vertex 15.013 -51.09 42.6186
    endloop
  endfacet
  facet normal -0.941533 2.69009e-05 -0.33692
    outer loop
      vertex 15.013 -58.09 42.6186
      vertex 15.3354 -57.39 41.7177
      vertex 15.5503 -58.09 41.1171
    endloop
  endfacet
  facet normal -0.941527 0 -0.336939
    outer loop
      vertex 15.3354 -47.89 41.7177
      vertex 15.013 -31.59 42.6186
      vertex 15.3354 -31.59 41.7177
    endloop
  endfacet
  facet normal -0.941527 -0 -0.336939
    outer loop
      vertex 15.013 -31.59 42.6186
      vertex 15.3354 -47.89 41.7177
      vertex 15.013 -47.89 42.6186
    endloop
  endfacet
  facet normal -0.857733 0 -0.514096
    outer loop
      vertex 14.3312 -51.09 44.0602
      vertex 13.8393 -57.39 44.8809
      vertex 13.8393 -51.09 44.8809
    endloop
  endfacet
  facet normal -0.857733 0 -0.514096
    outer loop
      vertex 14.3312 -58.09 44.0602
      vertex 13.8393 -57.39 44.8809
      vertex 14.3312 -51.09 44.0602
    endloop
  endfacet
  facet normal -0.857736 -9.81847e-06 -0.51409
    outer loop
      vertex 13.5114 -58.09 45.428
      vertex 13.8393 -57.39 44.8809
      vertex 14.3312 -58.09 44.0602
    endloop
  endfacet
  facet normal -0.857742 0 -0.514081
    outer loop
      vertex 13.8393 -57.39 44.8809
      vertex 13.5114 -58.09 45.428
      vertex 13.5114 -57.39 45.428
    endloop
  endfacet
  facet normal -0.857733 0 -0.514096
    outer loop
      vertex 14.3312 -47.89 44.0602
      vertex 13.8393 -31.59 44.8809
      vertex 14.3312 -31.59 44.0602
    endloop
  endfacet
  facet normal -0.857733 -0 -0.514096
    outer loop
      vertex 13.8393 -31.59 44.8809
      vertex 14.3312 -47.89 44.0602
      vertex 13.8393 -47.89 44.8809
    endloop
  endfacet
  facet normal -0.850628 -0.126129 0.510416
    outer loop
      vertex 15.2986 -75.5232 25.9931
      vertex 15.3938 -75.9455 26.0474
      vertex 13.5114 -57.89 27.372
    endloop
  endfacet
  facet normal -0.621143 -0.0920384 0.778274
    outer loop
      vertex 12.6507 -67.9864 24.5136
      vertex 10.3089 -57.89 23.8386
      vertex 12.6128 -67.9175 24.4915
    endloop
  endfacet
  facet normal -0.62232 -0.0923771 0.777293
    outer loop
      vertex 12.6681 -68.022 24.5233
      vertex 10.3089 -57.89 23.8386
      vertex 12.6507 -67.9864 24.5136
    endloop
  endfacet
  facet normal -0.622061 -0.0923023 0.777509
    outer loop
      vertex 10.3089 -57.89 23.8386
      vertex 12.6681 -68.022 24.5233
      vertex 12.7126 -68.113 24.5481
    endloop
  endfacet
  facet normal 0.803202 0 -0.595707
    outer loop
      vertex -12.5614 -58.09 46.7089
      vertex -13.5114 -57.39 45.428
      vertex -12.5614 -57.39 46.7089
    endloop
  endfacet
  facet normal 0.803202 0 -0.595707
    outer loop
      vertex -13.5114 -57.39 45.428
      vertex -12.5614 -58.09 46.7089
      vertex -13.5114 -58.09 45.428
    endloop
  endfacet
  facet normal 0.544388 0.406071 -0.733995
    outer loop
      vertex -10.3089 -58.09 48.9614
      vertex -9.02802 -58.09 49.9114
      vertex -12.5614 -95.3089 26.7
    endloop
  endfacet
  facet normal 0.476788 0.432119 -0.765472
    outer loop
      vertex -9.02802 -58.09 49.9114
      vertex -11.4905 -96.4905 26.7
      vertex -12.5614 -95.3089 26.7
    endloop
  endfacet
  facet normal 0.379063 0.462528 -0.801486
    outer loop
      vertex -7.6602 -58.09 50.7312
      vertex -6.21861 -58.09 51.413
      vertex -10.3089 -97.5614 26.7
    endloop
  endfacet
  facet normal 0.411224 0.453732 -0.790583
    outer loop
      vertex -7.6602 -58.09 50.7312
      vertex -10.3089 -97.5614 26.7
      vertex -11.4905 -96.4905 26.7
    endloop
  endfacet
  facet normal 0.070279 0.116308 0.990724
    outer loop
      vertex -2.14911 -61.8715 20.7116
      vertex -1.59278 -58.09 20.2282
      vertex -2.29079 -61.8847 20.7232
    endloop
  endfacet
  facet normal 0.989901 -0.0485758 0.13318
    outer loop
      vertex -16.1718 -57.89 34.8072
      vertex -16.2239 -81.5824 26.5529
      vertex -16.1718 -80.7126 26.4829
    endloop
  endfacet
  facet normal 0.986808 -0.0551945 0.152197
    outer loop
      vertex -16.1718 -57.89 34.8072
      vertex -16.2241 -81.5857 26.553
      vertex -16.2239 -81.5824 26.5529
    endloop
  endfacet
  facet normal 0.989931 -0.0485081 0.132982
    outer loop
      vertex -16.2241 -81.5857 26.553
      vertex -16.1718 -57.89 34.8072
      vertex -16.241 -81.8944 26.5662
    endloop
  endfacet
  facet normal 0.966743 -0.0822235 0.24217
    outer loop
      vertex -15.9378 -57.89 33.2298
      vertex -16.0808 -79.6719 26.4051
      vertex -15.5503 -57.89 31.6829
    endloop
  endfacet
  facet normal 0.966669 -0.0823076 0.24244
    outer loop
      vertex -15.9378 -57.89 33.2298
      vertex -16.0982 -79.8306 26.4206
      vertex -16.0808 -79.6719 26.4051
    endloop
  endfacet
  facet normal 0.971272 -0.0769833 0.225176
    outer loop
      vertex -15.9378 -57.89 33.2298
      vertex -16.0988 -79.837 26.421
      vertex -16.0982 -79.8306 26.4206
    endloop
  endfacet
  facet normal 0.966782 -0.0821795 0.242031
    outer loop
      vertex -16.0988 -79.837 26.421
      vertex -15.9378 -57.89 33.2298
      vertex -16.143 -80.2754 26.4487
    endloop
  endfacet
  facet normal 0.155118 0.0932391 0.983486
    outer loop
      vertex -4.36892 -62.2558 21.0462
      vertex -3.17022 -58.09 20.4622
      vertex -4.52543 -62.2876 21.0739
    endloop
  endfacet
  facet normal 0.427605 -0.0211256 0.903719
    outer loop
      vertex -8.35039 -63.6512 22.261
      vertex -6.21861 -57.89 21.387
      vertex -8.49579 -63.7281 22.328
    endloop
  endfacet
  facet normal 0.857742 0 -0.514081
    outer loop
      vertex -13.5114 -57.39 45.428
      vertex -13.5114 -58.09 45.428
      vertex -13.8393 -57.39 44.8809
    endloop
  endfacet
  facet normal 0.857733 0 -0.514096
    outer loop
      vertex -13.8393 -57.39 44.8809
      vertex -14.3312 -51.09 44.0602
      vertex -13.8393 -51.09 44.8809
    endloop
  endfacet
  facet normal 0.857733 0 -0.514096
    outer loop
      vertex -13.8393 -57.39 44.8809
      vertex -14.3312 -58.09 44.0602
      vertex -14.3312 -51.09 44.0602
    endloop
  endfacet
  facet normal 0.857736 -9.81847e-06 -0.51409
    outer loop
      vertex -14.3312 -58.09 44.0602
      vertex -13.8393 -57.39 44.8809
      vertex -13.5114 -58.09 45.428
    endloop
  endfacet
  facet normal 0.857733 0 -0.514096
    outer loop
      vertex -13.8393 -47.89 44.8809
      vertex -14.3312 -31.59 44.0602
      vertex -13.8393 -31.59 44.8809
    endloop
  endfacet
  facet normal 0.857733 0 -0.514096
    outer loop
      vertex -14.3312 -31.59 44.0602
      vertex -13.8393 -47.89 44.8809
      vertex -14.3312 -47.89 44.0602
    endloop
  endfacet
  facet normal 0.336868 0.0182108 0.941376
    outer loop
      vertex -6.21861 -58.09 21.387
      vertex -6.66573 -62.9388 21.6408
      vertex -4.71713 -58.09 20.8497
    endloop
  endfacet
  facet normal 0.33682 0.0182161 0.941393
    outer loop
      vertex -6.66573 -62.9388 21.6408
      vertex -6.21861 -58.09 21.387
      vertex -8.12615 -63.5526 22.1752
    endloop
  endfacet
  facet normal 0.781662 0.279711 -0.557464
    outer loop
      vertex -13.5114 -58.09 45.428
      vertex -15.013 -91.2186 26.7
      vertex -15.5503 -89.7171 26.7
    endloop
  endfacet
  facet normal 0.832298 0.241735 -0.498843
    outer loop
      vertex -14.3312 -58.09 44.0602
      vertex -13.5114 -58.09 45.428
      vertex -15.5503 -89.7171 26.7
    endloop
  endfacet
  facet normal 0.991234 0.0486655 -0.122831
    outer loop
      vertex -16.1718 -58.09 37.9928
      vertex -16.1718 -86.5928 26.7
      vertex -16.25 -85 26.7
    endloop
  endfacet
  facet normal 0.427544 0 -0.903994
    outer loop
      vertex -7.6602 -58.09 50.7312
      vertex -6.21861 -51.09 51.413
      vertex -6.21861 -58.09 51.413
    endloop
  endfacet
  facet normal 0.427544 0 -0.903994
    outer loop
      vertex -6.21861 -51.09 51.413
      vertex -7.6602 -58.09 50.7312
      vertex -7.6602 -51.09 50.7312
    endloop
  endfacet
  facet normal 0.427544 0 -0.903994
    outer loop
      vertex -7.6602 -47.89 50.7312
      vertex -6.21861 -31.59 51.413
      vertex -6.21861 -47.89 51.413
    endloop
  endfacet
  facet normal 0.427544 0 -0.903994
    outer loop
      vertex -6.21861 -31.59 51.413
      vertex -7.6602 -47.89 50.7312
      vertex -7.6602 -31.59 50.7312
    endloop
  endfacet
  facet normal -0.0486926 0.119331 0.99166
    outer loop
      vertex 1.59278 -58.09 20.2282
      vertex 0.545135 -61.7651 20.619
      vertex 2.00886 -61.8609 20.7024
    endloop
  endfacet
  facet normal -0.0486871 0.119329 0.99166
    outer loop
      vertex 0.545135 -61.7651 20.619
      vertex 1.59278 -58.09 20.2282
      vertex 0 -58.09 20.15
    endloop
  endfacet
  facet normal -0.379063 0.462528 -0.801486
    outer loop
      vertex 7.6602 -58.09 50.7312
      vertex 10.3089 -97.5614 26.7
      vertex 6.21861 -58.09 51.413
    endloop
  endfacet
  facet normal -0.0761484 0.513332 -0.854805
    outer loop
      vertex 1.59278 -58.09 52.5718
      vertex 3.17022 -100.938 26.7
      vertex 1.59278 -101.172 26.7
    endloop
  endfacet
  facet normal -0.00633718 0.123007 0.992386
    outer loop
      vertex 0.135246 -61.7482 20.6043
      vertex 0 -58.09 20.15
      vertex 0 -61.7471 20.6033
    endloop
  endfacet
  facet normal -0.0837375 0.113735 0.989976
    outer loop
      vertex 2.29079 -61.8847 20.7232
      vertex 2.4343 -61.9009 20.7372
      vertex 1.59278 -58.09 20.2282
    endloop
  endfacet
  facet normal -0.290387 0.484505 -0.825185
    outer loop
      vertex 9.02802 -98.5114 26.7
      vertex 7.6602 -99.3312 26.7
      vertex 4.71713 -58.09 51.9503
    endloop
  endfacet
  facet normal -0.0490166 0 -0.998798
    outer loop
      vertex 1.59278 -58.09 52.5718
      vertex 0.637111 -57.39 52.6187
      vertex 1.59278 -51.09 52.5718
    endloop
  endfacet
  facet normal -0.0490375 -2.86071e-05 -0.998797
    outer loop
      vertex 0 -58.09 52.65
      vertex 0.637111 -57.39 52.6187
      vertex 1.59278 -58.09 52.5718
    endloop
  endfacet
  facet normal -0.0490688 0 -0.998795
    outer loop
      vertex 0.637111 -57.39 52.6187
      vertex 0 -58.09 52.65
      vertex 0 -57.39 52.65
    endloop
  endfacet
  facet normal -0.0490166 0 -0.998798
    outer loop
      vertex 1.59278 -51.09 52.5718
      vertex 0.637111 -57.39 52.6187
      vertex 0.637111 -51.09 52.6187
    endloop
  endfacet
  facet normal -0.0490166 0 -0.998798
    outer loop
      vertex 0.637111 -47.89 52.6187
      vertex 1.59278 -31.59 52.5718
      vertex 1.59278 -47.89 52.5718
    endloop
  endfacet
  facet normal -0.0490166 0 -0.998798
    outer loop
      vertex 1.59278 -31.59 52.5718
      vertex 0.637111 -47.89 52.6187
      vertex 0.637111 -31.59 52.6187
    endloop
  endfacet
  facet normal 0.0427014 0.120238 0.991826
    outer loop
      vertex -0.407395 -61.7571 20.6121
      vertex 0 -58.09 20.15
      vertex -0.545135 -61.7651 20.619
    endloop
  endfacet
  facet normal 0.242565 0.0592257 0.968326
    outer loop
      vertex -4.71713 -58.09 20.8497
      vertex -5.00702 -62.4175 21.187
      vertex -3.17022 -58.09 20.4622
    endloop
  endfacet
  facet normal 0.242575 0.0592248 0.968323
    outer loop
      vertex -5.00702 -62.4175 21.187
      vertex -4.71713 -58.09 20.8497
      vertex -6.50422 -62.8808 21.5904
    endloop
  endfacet
  facet normal 0.0490375 0 0.998797
    outer loop
      vertex -1.59278 -51.09 20.2282
      vertex 0 -58.09 20.15
      vertex 0 -51.09 20.15
    endloop
  endfacet
  facet normal 0.0490375 0 0.998797
    outer loop
      vertex 0 -58.09 20.15
      vertex -1.59278 -51.09 20.2282
      vertex -1.59278 -58.09 20.2282
    endloop
  endfacet
  facet normal 0.0490375 0 0.998797
    outer loop
      vertex -1.59278 -31.59 20.2282
      vertex 0 -47.89 20.15
      vertex 0 -31.59 20.15
    endloop
  endfacet
  facet normal 0.0490375 0 0.998797
    outer loop
      vertex 0 -47.89 20.15
      vertex -1.59278 -31.59 20.2282
      vertex -1.59278 -47.89 20.2282
    endloop
  endfacet
  facet normal -0.0560765 0.11848 0.991372
    outer loop
      vertex 2.00886 -61.8609 20.7024
      vertex 2.14911 -61.8715 20.7116
      vertex 1.59278 -58.09 20.2282
    endloop
  endfacet
  facet normal -0.018231 0.122556 0.992294
    outer loop
      vertex 0.135246 -61.7482 20.6043
      vertex 0.270906 -61.7515 20.6072
      vertex 0 -58.09 20.15
    endloop
  endfacet
  facet normal -0.515346 -0.0566891 0.855105
    outer loop
      vertex 9.02802 -57.89 22.8886
      vertex 10.9168 -65.3719 23.5309
      vertex 10.9454 -65.3996 23.5463
    endloop
  endfacet
  facet normal -0.513199 -0.0560239 0.856439
    outer loop
      vertex 9.02802 -57.89 22.8886
      vertex 10.9454 -65.3996 23.5463
      vertex 11.2216 -65.7253 23.6905
    endloop
  endfacet
  facet normal -0.513275 -0.0560556 0.856392
    outer loop
      vertex 10.9168 -65.3719 23.5309
      vertex 9.02802 -57.89 22.8886
      vertex 10.362 -64.8354 23.2335
    endloop
  endfacet
  facet normal -0.513272 -0.056055 0.856393
    outer loop
      vertex 9.02802 -57.89 22.8886
      vertex 9.84816 -64.4494 22.9508
      vertex 10.362 -64.8354 23.2335
    endloop
  endfacet
  facet normal -0.513276 -0.0560555 0.856391
    outer loop
      vertex 9.84816 -64.4494 22.9508
      vertex 9.02802 -57.89 22.8886
      vertex 7.6602 -57.89 22.0688
    endloop
  endfacet
  facet normal -0.614944 -0.670687 0.414756
    outer loop
      vertex 9.84816 -64.4494 22.9508
      vertex 9.7931 -64.4145 22.9256
      vertex 9.82949 -64.4376 22.9422
    endloop
  endfacet
  facet normal -0.42698 -0.0208663 0.90402
    outer loop
      vertex 7.6602 -57.89 22.0688
      vertex 9.7931 -64.4145 22.9256
      vertex 9.84816 -64.4494 22.9508
    endloop
  endfacet
  facet normal -0.427466 -0.0210556 0.903786
    outer loop
      vertex 7.6602 -57.89 22.0688
      vertex 8.49579 -63.7281 22.328
      vertex 9.7931 -64.4145 22.9256
    endloop
  endfacet
  facet normal -0.427449 -0.0210529 0.903794
    outer loop
      vertex 8.49579 -63.7281 22.328
      vertex 7.6602 -57.89 22.0688
      vertex 6.21861 -57.89 21.387
    endloop
  endfacet
  facet normal -0.989901 -0.0485758 0.13318
    outer loop
      vertex 16.2239 -81.5824 26.5529
      vertex 16.1718 -57.89 34.8072
      vertex 16.1718 -80.7126 26.4829
    endloop
  endfacet
  facet normal -0.986808 -0.0551945 0.152197
    outer loop
      vertex 16.2241 -81.5857 26.553
      vertex 16.1718 -57.89 34.8072
      vertex 16.2239 -81.5824 26.5529
    endloop
  endfacet
  facet normal -0.989931 -0.0485081 0.132982
    outer loop
      vertex 16.1718 -57.89 34.8072
      vertex 16.2241 -81.5857 26.553
      vertex 16.241 -81.8944 26.5662
    endloop
  endfacet
  facet normal -0.179762 0.0847822 0.98005
    outer loop
      vertex 4.52543 -62.2876 21.0739
      vertex 4.68403 -62.3247 21.1062
      vertex 3.17022 -58.09 20.4622
    endloop
  endfacet
  facet normal -0.100121 0.10997 0.988879
    outer loop
      vertex 2.4343 -61.9009 20.7372
      vertex 2.58002 -61.9202 20.7541
      vertex 1.59278 -58.09 20.2282
    endloop
  endfacet
  facet normal -0.546454 0.405286 -0.732892
    outer loop
      vertex 13.5114 -94.028 26.7
      vertex 12.5614 -95.3089 26.7
      vertex 10.3089 -58.09 48.9614
    endloop
  endfacet
  facet normal -0.991234 0.0486655 -0.122831
    outer loop
      vertex 16.1718 -58.09 37.9928
      vertex 16.25 -85 26.7
      vertex 16.1718 -86.5928 26.7
    endloop
  endfacet
  facet normal -0.987508 0.0580402 -0.146492
    outer loop
      vertex 16.1718 -58.09 37.9928
      vertex 16.1718 -86.5928 26.7
      vertex 15.9378 -58.09 39.5702
    endloop
  endfacet
  facet normal -0.966743 -0.0822235 0.24217
    outer loop
      vertex 16.0808 -79.6719 26.4051
      vertex 15.9378 -57.89 33.2298
      vertex 15.5503 -57.89 31.6829
    endloop
  endfacet
  facet normal -0.966669 -0.0823076 0.24244
    outer loop
      vertex 16.0982 -79.8306 26.4206
      vertex 15.9378 -57.89 33.2298
      vertex 16.0808 -79.6719 26.4051
    endloop
  endfacet
  facet normal -0.971272 -0.0769833 0.225176
    outer loop
      vertex 16.0988 -79.837 26.421
      vertex 15.9378 -57.89 33.2298
      vertex 16.0982 -79.8306 26.4206
    endloop
  endfacet
  facet normal -0.966782 -0.0821795 0.242031
    outer loop
      vertex 15.9378 -57.89 33.2298
      vertex 16.0988 -79.837 26.421
      vertex 16.143 -80.2754 26.4487
    endloop
  endfacet
  facet normal -0.620828 0.372097 -0.690012
    outer loop
      vertex 14.3312 -92.6602 26.7
      vertex 13.5114 -94.028 26.7
      vertex 10.3089 -58.09 48.9614
    endloop
  endfacet
  facet normal -0.146057 0.0960037 0.984607
    outer loop
      vertex 3.17022 -58.09 20.4622
      vertex 2.87955 -61.97 20.7974
      vertex 4.36892 -62.2558 21.0462
    endloop
  endfacet
  facet normal -0.146058 0.0960038 0.984607
    outer loop
      vertex 2.87955 -61.97 20.7974
      vertex 3.17022 -58.09 20.4622
      vertex 1.59278 -58.09 20.2282
    endloop
  endfacet
  facet normal -0.155118 0.0932391 0.983486
    outer loop
      vertex 4.36892 -62.2558 21.0462
      vertex 4.52543 -62.2876 21.0739
      vertex 3.17022 -58.09 20.4622
    endloop
  endfacet
  facet normal -0.89761 -0.118646 0.424522
    outer loop
      vertex 15.7568 -77.6541 26.2304
      vertex 15.013 -57.89 30.1814
      vertex 14.3312 -57.89 28.7398
    endloop
  endfacet
  facet normal -0.897632 -0.118638 0.424478
    outer loop
      vertex 15.8418 -78.1194 26.2801
      vertex 15.013 -57.89 30.1814
      vertex 15.7568 -77.6541 26.2304
    endloop
  endfacet
  facet normal -0.909833 -0.114214 0.398947
    outer loop
      vertex 15.8435 -78.1291 26.2812
      vertex 15.013 -57.89 30.1814
      vertex 15.8418 -78.1194 26.2801
    endloop
  endfacet
  facet normal -0.89379 -0.119953 0.432146
    outer loop
      vertex 15.8451 -78.1385 26.2819
      vertex 15.013 -57.89 30.1814
      vertex 15.8435 -78.1291 26.2812
    endloop
  endfacet
  facet normal -0.897462 -0.118694 0.424821
    outer loop
      vertex 15.013 -57.89 30.1814
      vertex 15.8451 -78.1385 26.2819
      vertex 15.965 -78.8536 26.3354
    endloop
  endfacet
  facet normal -0.850887 -0.126124 0.509985
    outer loop
      vertex 15.3938 -75.9455 26.0474
      vertex 14.3312 -57.89 28.7398
      vertex 13.5114 -57.89 27.372
    endloop
  endfacet
  facet normal -0.850853 -0.12613 0.51004
    outer loop
      vertex 15.507 -76.4479 26.112
      vertex 14.3312 -57.89 28.7398
      vertex 15.3938 -75.9455 26.0474
    endloop
  endfacet
  facet normal -0.849855 -0.126297 0.51166
    outer loop
      vertex 15.51 -76.4612 26.1137
      vertex 14.3312 -57.89 28.7398
      vertex 15.507 -76.4479 26.112
    endloop
  endfacet
  facet normal -0.850841 -0.126133 0.510059
    outer loop
      vertex 14.3312 -57.89 28.7398
      vertex 15.51 -76.4612 26.1137
      vertex 15.7568 -77.6541 26.2304
    endloop
  endfacet
  facet normal -0.735591 -0.120204 0.666676
    outer loop
      vertex 13.906 -70.893 25.2302
      vertex 12.5614 -57.89 26.0911
      vertex 11.4905 -57.89 24.9095
    endloop
  endfacet
  facet normal -0.735558 -0.120203 0.666713
    outer loop
      vertex 14.2204 -71.7858 25.4161
      vertex 12.5614 -57.89 26.0911
      vertex 13.906 -70.893 25.2302
    endloop
  endfacet
  facet normal -0.735572 -0.120204 0.666697
    outer loop
      vertex 14.6898 -73.2439 25.6711
      vertex 12.5614 -57.89 26.0911
      vertex 14.2204 -71.7858 25.4161
    endloop
  endfacet
  facet normal -0.739866 -0.120667 0.661844
    outer loop
      vertex 14.6966 -73.2653 25.6748
      vertex 12.5614 -57.89 26.0911
      vertex 14.6898 -73.2439 25.6711
    endloop
  endfacet
  facet normal -0.732839 -0.119905 0.669754
    outer loop
      vertex 14.703 -73.2871 25.6779
      vertex 12.5614 -57.89 26.0911
      vertex 14.6966 -73.2653 25.6748
    endloop
  endfacet
  facet normal -0.735096 -0.120151 0.667231
    outer loop
      vertex 12.5614 -57.89 26.0911
      vertex 14.703 -73.2871 25.6779
      vertex 14.7606 -73.4829 25.7061
    endloop
  endfacet
  facet normal -0.796702 -0.126955 0.590887
    outer loop
      vertex 14.7606 -73.4829 25.7061
      vertex 13.5114 -57.89 27.372
      vertex 12.5614 -57.89 26.0911
    endloop
  endfacet
  facet normal -0.796731 -0.126953 0.590849
    outer loop
      vertex 15.1266 -74.8318 25.9098
      vertex 13.5114 -57.89 27.372
      vertex 14.7606 -73.4829 25.7061
    endloop
  endfacet
  facet normal -0.796582 -0.126956 0.591049
    outer loop
      vertex 13.5114 -57.89 27.372
      vertex 15.1266 -74.8318 25.9098
      vertex 15.2986 -75.5232 25.9931
    endloop
  endfacet
  facet normal -0.51406 0 -0.857754
    outer loop
      vertex 9.02802 -58.09 49.9114
      vertex 8.48089 -57.39 50.2393
      vertex 9.02802 -57.39 49.9114
    endloop
  endfacet
  facet normal -0.514084 -2.59757e-05 -0.85774
    outer loop
      vertex 7.6602 -58.09 50.7312
      vertex 8.48089 -57.39 50.2393
      vertex 9.02802 -58.09 49.9114
    endloop
  endfacet
  facet normal -0.514101 -0 -0.85773
    outer loop
      vertex 7.6602 -51.09 50.7312
      vertex 8.48089 -57.39 50.2393
      vertex 7.6602 -58.09 50.7312
    endloop
  endfacet
  facet normal -0.514101 0 -0.85773
    outer loop
      vertex 8.48089 -57.39 50.2393
      vertex 7.6602 -51.09 50.7312
      vertex 8.48089 -51.09 50.2393
    endloop
  endfacet
  facet normal -0.514101 0 -0.85773
    outer loop
      vertex 7.6602 -47.89 50.7312
      vertex 8.48089 -31.59 50.2393
      vertex 8.48089 -47.89 50.2393
    endloop
  endfacet
  facet normal -0.514101 0 -0.85773
    outer loop
      vertex 8.48089 -31.59 50.2393
      vertex 7.6602 -47.89 50.7312
      vertex 7.6602 -31.59 50.7312
    endloop
  endfacet
  facet normal -0.462462 0.436747 -0.771609
    outer loop
      vertex 9.02802 -58.09 49.9114
      vertex 11.4905 -96.4905 26.7
      vertex 7.6602 -58.09 50.7312
    endloop
  endfacet
  facet normal -0.832298 0.241735 -0.498843
    outer loop
      vertex 14.3312 -58.09 44.0602
      vertex 15.5503 -89.7171 26.7
      vertex 13.5114 -58.09 45.428
    endloop
  endfacet
  facet normal -0.863853 0.216396 -0.454897
    outer loop
      vertex 15.9378 -88.1702 26.7
      vertex 15.5503 -89.7171 26.7
      vertex 14.3312 -58.09 44.0602
    endloop
  endfacet
  facet normal -0.699497 0.330825 -0.63345
    outer loop
      vertex 15.013 -91.2186 26.7
      vertex 14.3312 -92.6602 26.7
      vertex 12.5614 -58.09 46.7089
    endloop
  endfacet
  facet normal -0.769253 0.287659 -0.570528
    outer loop
      vertex 13.5114 -58.09 45.428
      vertex 15.013 -91.2186 26.7
      vertex 12.5614 -58.09 46.7089
    endloop
  endfacet
  facet normal 0.667771 -0.105875 0.736799
    outer loop
      vertex -11.4905 -57.89 24.9095
      vertex -12.7126 -68.113 24.5481
      vertex -10.3089 -57.89 23.8386
    endloop
  endfacet
  facet normal 0.66775 -0.105873 0.736818
    outer loop
      vertex -11.4905 -57.89 24.9095
      vertex -13.1877 -69.1344 24.8319
      vertex -12.7126 -68.113 24.5481
    endloop
  endfacet
  facet normal 0.667658 -0.10586 0.736904
    outer loop
      vertex -11.4905 -57.89 24.9095
      vertex -13.7073 -70.3726 25.1248
      vertex -13.1877 -69.1344 24.8319
    endloop
  endfacet
  facet normal 0.671393 -0.106584 0.733397
    outer loop
      vertex -11.4905 -57.89 24.9095
      vertex -13.7193 -70.4014 25.1316
      vertex -13.7073 -70.3726 25.1248
    endloop
  endfacet
  facet normal 0.67387 -0.107067 0.731051
    outer loop
      vertex -11.4905 -57.89 24.9095
      vertex -13.7307 -70.4315 25.1377
      vertex -13.7193 -70.4014 25.1316
    endloop
  endfacet
  facet normal 0.667502 -0.10582 0.73705
    outer loop
      vertex -13.7307 -70.4315 25.1377
      vertex -11.4905 -57.89 24.9095
      vertex -13.906 -70.893 25.2302
    endloop
  endfacet
  facet normal 0.593594 -0.0842729 0.80034
    outer loop
      vertex -10.3089 -57.89 23.8386
      vertex -11.2216 -65.7253 23.6905
      vertex -9.02802 -57.89 22.8886
    endloop
  endfacet
  facet normal 0.593664 -0.08428 0.800288
    outer loop
      vertex -10.3089 -57.89 23.8386
      vertex -11.4941 -66.0856 23.8547
      vertex -11.2216 -65.7253 23.6905
    endloop
  endfacet
  facet normal 0.591941 -0.0840284 0.801589
    outer loop
      vertex -10.3089 -57.89 23.8386
      vertex -11.5181 -66.1173 23.8691
      vertex -11.4941 -66.0856 23.8547
    endloop
  endfacet
  facet normal 0.593676 -0.0842883 0.800277
    outer loop
      vertex -10.3089 -57.89 23.8386
      vertex -12.0602 -66.9514 24.1834
      vertex -11.5181 -66.1173 23.8691
    endloop
  endfacet
  facet normal 0.58956 -0.0833736 0.80341
    outer loop
      vertex -10.3089 -57.89 23.8386
      vertex -12.0816 -66.9842 24.1957
      vertex -12.0602 -66.9514 24.1834
    endloop
  endfacet
  facet normal 0.596994 -0.0850459 0.797725
    outer loop
      vertex -10.3089 -57.89 23.8386
      vertex -12.1023 -67.0207 24.2073
      vertex -12.0816 -66.9842 24.1957
    endloop
  endfacet
  facet normal 0.593599 -0.0842735 0.800337
    outer loop
      vertex -12.1023 -67.0207 24.2073
      vertex -10.3089 -57.89 23.8386
      vertex -12.6128 -67.9175 24.4915
    endloop
  endfacet
  facet normal 0.89761 -0.118646 0.424522
    outer loop
      vertex -15.013 -57.89 30.1814
      vertex -15.7568 -77.6541 26.2304
      vertex -14.3312 -57.89 28.7398
    endloop
  endfacet
  facet normal 0.897632 -0.118638 0.424478
    outer loop
      vertex -15.013 -57.89 30.1814
      vertex -15.8418 -78.1194 26.2801
      vertex -15.7568 -77.6541 26.2304
    endloop
  endfacet
  facet normal 0.909833 -0.114214 0.398947
    outer loop
      vertex -15.013 -57.89 30.1814
      vertex -15.8435 -78.1291 26.2812
      vertex -15.8418 -78.1194 26.2801
    endloop
  endfacet
  facet normal 0.89379 -0.119953 0.432146
    outer loop
      vertex -15.013 -57.89 30.1814
      vertex -15.8451 -78.1385 26.2819
      vertex -15.8435 -78.1291 26.2812
    endloop
  endfacet
  facet normal 0.897462 -0.118694 0.424821
    outer loop
      vertex -15.8451 -78.1385 26.2819
      vertex -15.013 -57.89 30.1814
      vertex -15.965 -78.8536 26.3354
    endloop
  endfacet
  facet normal 0.340621 0.0166957 0.940053
    outer loop
      vertex -8.12615 -63.5526 22.1752
      vertex -6.21861 -58.09 21.387
      vertex -8.27917 -63.6176 22.2318
    endloop
  endfacet
  facet normal 0.379342 0 0.925256
    outer loop
      vertex -8.35039 -63.6512 22.261
      vertex -6.21861 -58.09 21.387
      vertex -6.21861 -57.89 21.387
    endloop
  endfacet
  facet normal 0.379353 -4.83671e-06 0.925252
    outer loop
      vertex -6.21861 -58.09 21.387
      vertex -8.35039 -63.6512 22.261
      vertex -8.27917 -63.6176 22.2318
    endloop
  endfacet
  facet normal 0.998797 0 -0.0490369
    outer loop
      vertex -16.1718 -57.39 37.9928
      vertex -16.25 -57.89 36.4
      vertex -16.25 -57.39 36.4
    endloop
  endfacet
  facet normal 0.998797 0 -0.0490369
    outer loop
      vertex -16.1718 -58.09 37.9928
      vertex -16.25 -57.89 36.4
      vertex -16.1718 -57.39 37.9928
    endloop
  endfacet
  facet normal 0.998797 0 -0.0490369
    outer loop
      vertex -16.25 -57.89 36.4
      vertex -16.1718 -58.09 37.9928
      vertex -16.25 -58.09 36.4
    endloop
  endfacet
  facet normal -0 0 0
    outer loop
      vertex -16.25 -57.39 36.4
      vertex -16.25 -57.89 36.4
      vertex -16.25 -51.09 36.4
    endloop
  endfacet
  facet normal -0.242991 0 -0.970029
    outer loop
      vertex 4.71713 -58.09 51.9503
      vertex 3.78898 -57.39 52.1828
      vertex 4.71713 -51.09 51.9503
    endloop
  endfacet
  facet normal -0.242992 -1.38852e-06 -0.970028
    outer loop
      vertex 3.17022 -58.09 52.3378
      vertex 3.78898 -57.39 52.1828
      vertex 4.71713 -58.09 51.9503
    endloop
  endfacet
  facet normal -0.242993 0 -0.970028
    outer loop
      vertex 3.78898 -57.39 52.1828
      vertex 3.17022 -58.09 52.3378
      vertex 3.17022 -57.39 52.3378
    endloop
  endfacet
  facet normal -0.242991 0 -0.970029
    outer loop
      vertex 4.71713 -51.09 51.9503
      vertex 3.78898 -57.39 52.1828
      vertex 3.78898 -51.09 52.1828
    endloop
  endfacet
  facet normal -0.242991 0 -0.970029
    outer loop
      vertex 3.78898 -47.89 52.1828
      vertex 4.71713 -31.59 51.9503
      vertex 4.71713 -47.89 51.9503
    endloop
  endfacet
  facet normal -0.242991 0 -0.970029
    outer loop
      vertex 4.71713 -31.59 51.9503
      vertex 3.78898 -47.89 52.1828
      vertex 3.78898 -31.59 52.1828
    endloop
  endfacet
  facet normal -0.349308 0.47097 -0.810044
    outer loop
      vertex 10.3089 -97.5614 26.7
      vertex 9.02802 -98.5114 26.7
      vertex 6.21861 -58.09 51.413
    endloop
  endfacet
  facet normal 0.116209 0.105647 0.98759
    outer loop
      vertex -2.58002 -61.9202 20.7541
      vertex -1.59278 -58.09 20.2282
      vertex -2.72832 -61.9431 20.774
    endloop
  endfacet
  facet normal -0.0306272 0.121615 0.992105
    outer loop
      vertex 0.270906 -61.7515 20.6072
      vertex 0.407395 -61.7571 20.6121
      vertex 0 -58.09 20.15
    endloop
  endfacet
  facet normal -0.0427014 0.120238 0.991826
    outer loop
      vertex 0.407395 -61.7571 20.6121
      vertex 0.545135 -61.7651 20.619
      vertex 0 -58.09 20.15
    endloop
  endfacet
  facet normal -0.242992 0 0.970028
    outer loop
      vertex 3.17022 -51.09 20.4622
      vertex 4.71713 -58.09 20.8497
      vertex 4.71713 -51.09 20.8497
    endloop
  endfacet
  facet normal -0.242992 0 0.970028
    outer loop
      vertex 4.71713 -58.09 20.8497
      vertex 3.17022 -51.09 20.4622
      vertex 3.17022 -58.09 20.4622
    endloop
  endfacet
  facet normal -0.242992 0 0.970028
    outer loop
      vertex 3.17022 -31.59 20.4622
      vertex 4.71713 -47.89 20.8497
      vertex 4.71713 -31.59 20.8497
    endloop
  endfacet
  facet normal -0.242992 0 0.970028
    outer loop
      vertex 4.71713 -47.89 20.8497
      vertex 3.17022 -31.59 20.4622
      vertex 3.17022 -47.89 20.4622
    endloop
  endfacet
  facet normal -0.336924 0 0.941532
    outer loop
      vertex 4.71713 -51.09 20.8497
      vertex 6.21861 -57.89 21.387
      vertex 6.21861 -51.09 21.387
    endloop
  endfacet
  facet normal -0.336924 0 0.941532
    outer loop
      vertex 4.71713 -58.09 20.8497
      vertex 6.21861 -57.89 21.387
      vertex 4.71713 -51.09 20.8497
    endloop
  endfacet
  facet normal -0.336924 0 0.941532
    outer loop
      vertex 6.21861 -57.89 21.387
      vertex 4.71713 -58.09 20.8497
      vertex 6.21861 -58.09 21.387
    endloop
  endfacet
  facet normal -0.336924 0 0.941532
    outer loop
      vertex 4.71713 -31.59 20.8497
      vertex 6.21861 -47.89 21.387
      vertex 6.21861 -31.59 21.387
    endloop
  endfacet
  facet normal -0.336924 0 0.941532
    outer loop
      vertex 6.21861 -47.89 21.387
      vertex 4.71713 -31.59 20.8497
      vertex 4.71713 -47.89 20.8497
    endloop
  endfacet
  facet normal -0.379342 0 0.925256
    outer loop
      vertex 6.21861 -58.09 21.387
      vertex 8.35039 -63.6512 22.261
      vertex 6.21861 -57.89 21.387
    endloop
  endfacet
  facet normal -0.379353 -4.83671e-06 0.925252
    outer loop
      vertex 8.35039 -63.6512 22.261
      vertex 6.21861 -58.09 21.387
      vertex 8.27917 -63.6176 22.2318
    endloop
  endfacet
  facet normal -0.476788 0.432119 -0.765472
    outer loop
      vertex 12.5614 -95.3089 26.7
      vertex 11.4905 -96.4905 26.7
      vertex 9.02802 -58.09 49.9114
    endloop
  endfacet
  facet normal -0.544388 0.406071 -0.733995
    outer loop
      vertex 10.3089 -58.09 48.9614
      vertex 12.5614 -95.3089 26.7
      vertex 9.02802 -58.09 49.9114
    endloop
  endfacet
  facet normal -0.970028 0 -0.242993
    outer loop
      vertex 15.9378 -58.09 39.5702
      vertex 15.5503 -57.39 41.1171
      vertex 15.9378 -57.39 39.5702
    endloop
  endfacet
  facet normal -0.970028 -0 -0.242993
    outer loop
      vertex 15.5503 -57.39 41.1171
      vertex 15.9378 -58.09 39.5702
      vertex 15.5503 -58.09 41.1171
    endloop
  endfacet
  facet normal -0.989175 0 -0.14674
    outer loop
      vertex 16.1718 -58.09 37.9928
      vertex 15.9378 -57.39 39.5702
      vertex 16.1718 -57.39 37.9928
    endloop
  endfacet
  facet normal -0.989175 -0 -0.14674
    outer loop
      vertex 15.9378 -57.39 39.5702
      vertex 16.1718 -58.09 37.9928
      vertex 15.9378 -58.09 39.5702
    endloop
  endfacet
  facet normal -1 0 0
    outer loop
      vertex 16.25 -82.2916 26.5889
      vertex 16.25 -58.09 36.4
      vertex 16.25 -57.89 36.4
    endloop
  endfacet
  facet normal -1 0 0
    outer loop
      vertex 16.25 -83.3366 26.6596
      vertex 16.25 -58.09 36.4
      vertex 16.25 -82.2916 26.5889
    endloop
  endfacet
  facet normal -1 0 0
    outer loop
      vertex 16.25 -58.09 36.4
      vertex 16.25 -83.3366 26.6596
      vertex 16.25 -85 26.7
    endloop
  endfacet
  facet normal -0.987762 -0.0534421 0.14653
    outer loop
      vertex 16.143 -80.2754 26.4487
      vertex 16.1718 -57.89 34.8072
      vertex 15.9378 -57.89 33.2298
    endloop
  endfacet
  facet normal -0.987702 -0.0535738 0.146882
    outer loop
      vertex 16.1718 -57.89 34.8072
      vertex 16.143 -80.2754 26.4487
      vertex 16.1718 -80.7126 26.4829
    endloop
  endfacet
  facet normal -0.936427 -0.104002 0.335093
    outer loop
      vertex 15.965 -78.8536 26.3354
      vertex 15.5503 -57.89 31.6829
      vertex 15.013 -57.89 30.1814
    endloop
  endfacet
  facet normal -0.936454 -0.103984 0.335023
    outer loop
      vertex 15.5503 -57.89 31.6829
      vertex 15.965 -78.8536 26.3354
      vertex 16.0808 -79.6719 26.4051
    endloop
  endfacet
  facet normal -0.207242 0.0742618 0.975467
    outer loop
      vertex 4.68403 -62.3247 21.1062
      vertex 4.84466 -62.3677 21.1436
      vertex 3.17022 -58.09 20.4622
    endloop
  endfacet
  facet normal -0.240504 0.0601765 0.968781
    outer loop
      vertex 4.84466 -62.3677 21.1436
      vertex 5.00702 -62.4175 21.187
      vertex 3.17022 -58.09 20.4622
    endloop
  endfacet
  facet normal -0.58956 -0.0833736 0.80341
    outer loop
      vertex 10.3089 -57.89 23.8386
      vertex 12.0602 -66.9514 24.1834
      vertex 12.0816 -66.9842 24.1957
    endloop
  endfacet
  facet normal -0.591941 -0.0840284 0.801589
    outer loop
      vertex 10.3089 -57.89 23.8386
      vertex 11.4941 -66.0856 23.8547
      vertex 11.5181 -66.1173 23.8691
    endloop
  endfacet
  facet normal -0.593599 -0.0842735 0.800337
    outer loop
      vertex 10.3089 -57.89 23.8386
      vertex 12.1023 -67.0207 24.2073
      vertex 12.6128 -67.9175 24.4915
    endloop
  endfacet
  facet normal -0.596994 -0.0850459 0.797725
    outer loop
      vertex 10.3089 -57.89 23.8386
      vertex 12.0816 -66.9842 24.1957
      vertex 12.1023 -67.0207 24.2073
    endloop
  endfacet
  facet normal -0.593676 -0.0842883 0.800277
    outer loop
      vertex 12.0602 -66.9514 24.1834
      vertex 10.3089 -57.89 23.8386
      vertex 11.5181 -66.1173 23.8691
    endloop
  endfacet
  facet normal -0.593664 -0.08428 0.800288
    outer loop
      vertex 11.4941 -66.0856 23.8547
      vertex 10.3089 -57.89 23.8386
      vertex 11.2216 -65.7253 23.6905
    endloop
  endfacet
  facet normal -0.593594 -0.0842729 0.80034
    outer loop
      vertex 11.2216 -65.7253 23.6905
      vertex 10.3089 -57.89 23.8386
      vertex 9.02802 -57.89 22.8886
    endloop
  endfacet
  facet normal -0.886701 0.194668 -0.419363
    outer loop
      vertex 15.013 -58.09 42.6186
      vertex 15.9378 -88.1702 26.7
      vertex 14.3312 -58.09 44.0602
    endloop
  endfacet
  facet normal -0.803202 0 -0.595707
    outer loop
      vertex 13.5114 -58.09 45.428
      vertex 12.5614 -57.39 46.7089
      vertex 13.5114 -57.39 45.428
    endloop
  endfacet
  facet normal -0.803202 -0 -0.595707
    outer loop
      vertex 12.5614 -57.39 46.7089
      vertex 13.5114 -58.09 45.428
      vertex 12.5614 -58.09 46.7089
    endloop
  endfacet
  facet normal -0.740964 0 -0.671545
    outer loop
      vertex 12.5614 -58.09 46.7089
      vertex 11.4905 -57.39 47.8905
      vertex 12.5614 -57.39 46.7089
    endloop
  endfacet
  facet normal -0.740964 -0 -0.671545
    outer loop
      vertex 11.4905 -57.39 47.8905
      vertex 12.5614 -58.09 46.7089
      vertex 11.4905 -58.09 47.8905
    endloop
  endfacet
  facet normal -0.671545 0 -0.740964
    outer loop
      vertex 10.3089 -58.09 48.9614
      vertex 11.4905 -57.39 47.8905
      vertex 11.4905 -58.09 47.8905
    endloop
  endfacet
  facet normal -0.671545 0 -0.740964
    outer loop
      vertex 11.4905 -57.39 47.8905
      vertex 10.3089 -58.09 48.9614
      vertex 10.3089 -57.39 48.9614
    endloop
  endfacet
  facet normal 0.850887 -0.126124 0.509985
    outer loop
      vertex -14.3312 -57.89 28.7398
      vertex -15.3938 -75.9455 26.0474
      vertex -13.5114 -57.89 27.372
    endloop
  endfacet
  facet normal 0.850853 -0.12613 0.51004
    outer loop
      vertex -14.3312 -57.89 28.7398
      vertex -15.507 -76.4479 26.112
      vertex -15.3938 -75.9455 26.0474
    endloop
  endfacet
  facet normal 0.849855 -0.126297 0.51166
    outer loop
      vertex -14.3312 -57.89 28.7398
      vertex -15.51 -76.4612 26.1137
      vertex -15.507 -76.4479 26.112
    endloop
  endfacet
  facet normal 0.850841 -0.126133 0.510059
    outer loop
      vertex -15.51 -76.4612 26.1137
      vertex -14.3312 -57.89 28.7398
      vertex -15.7568 -77.6541 26.2304
    endloop
  endfacet
  facet normal 0.850628 -0.126129 0.510416
    outer loop
      vertex -15.2986 -75.5232 25.9931
      vertex -13.5114 -57.89 27.372
      vertex -15.3938 -75.9455 26.0474
    endloop
  endfacet
  facet normal 0.146058 0.0960038 0.984607
    outer loop
      vertex -3.17022 -58.09 20.4622
      vertex -2.87955 -61.97 20.7974
      vertex -1.59278 -58.09 20.2282
    endloop
  endfacet
  facet normal 0.146057 0.0960037 0.984607
    outer loop
      vertex -2.87955 -61.97 20.7974
      vertex -3.17022 -58.09 20.4622
      vertex -4.36892 -62.2558 21.0462
    endloop
  endfacet
  facet normal 0.179762 0.0847822 0.98005
    outer loop
      vertex -4.52543 -62.2876 21.0739
      vertex -3.17022 -58.09 20.4622
      vertex -4.68403 -62.3247 21.1062
    endloop
  endfacet
  facet normal 0.0837375 0.113735 0.989976
    outer loop
      vertex -2.29079 -61.8847 20.7232
      vertex -1.59278 -58.09 20.2282
      vertex -2.4343 -61.9009 20.7372
    endloop
  endfacet
  facet normal -0.340621 0.0166957 0.940053
    outer loop
      vertex 8.12615 -63.5526 22.1752
      vertex 8.27917 -63.6176 22.2318
      vertex 6.21861 -58.09 21.387
    endloop
  endfacet
  facet normal -0.998641 0.0176731 -0.0490292
    outer loop
      vertex 16.25 -58.09 36.4
      vertex 16.25 -85 26.7
      vertex 16.1718 -58.09 37.9928
    endloop
  endfacet
  facet normal -0.998797 0 -0.0490369
    outer loop
      vertex 16.25 -57.89 36.4
      vertex 16.1718 -57.39 37.9928
      vertex 16.25 -57.39 36.4
    endloop
  endfacet
  facet normal -0.998797 0 -0.0490369
    outer loop
      vertex 16.1718 -58.09 37.9928
      vertex 16.25 -57.89 36.4
      vertex 16.25 -58.09 36.4
    endloop
  endfacet
  facet normal -0.998797 0 -0.0490369
    outer loop
      vertex 16.25 -57.89 36.4
      vertex 16.1718 -58.09 37.9928
      vertex 16.1718 -57.39 37.9928
    endloop
  endfacet
  facet normal 0 0 -0
    outer loop
      vertex 16.25 -57.39 36.4
      vertex 16.25 -51.09 36.4
      vertex 16.25 -57.89 36.4
    endloop
  endfacet
  facet normal -0.33682 0.0182161 0.941393
    outer loop
      vertex 6.21861 -58.09 21.387
      vertex 6.66573 -62.9388 21.6408
      vertex 8.12615 -63.5526 22.1752
    endloop
  endfacet
  facet normal -0.336868 0.0182108 0.941376
    outer loop
      vertex 6.66573 -62.9388 21.6408
      vertex 6.21861 -58.09 21.387
      vertex 4.71713 -58.09 20.8497
    endloop
  endfacet
  facet normal -0.998797 0 0.0490369
    outer loop
      vertex 16.1718 -57.89 34.8072
      vertex 16.25 -51.09 36.4
      vertex 16.1718 -51.09 34.8072
    endloop
  endfacet
  facet normal -0.998797 0 0.0490369
    outer loop
      vertex 16.25 -51.09 36.4
      vertex 16.1718 -57.89 34.8072
      vertex 16.25 -57.89 36.4
    endloop
  endfacet
  facet normal -0.998797 0 0.0490369
    outer loop
      vertex 16.1718 -47.89 34.8072
      vertex 16.25 -31.59 36.4
      vertex 16.1718 -31.59 34.8072
    endloop
  endfacet
  facet normal -0.998797 0 0.0490369
    outer loop
      vertex 16.25 -31.59 36.4
      vertex 16.1718 -47.89 34.8072
      vertex 16.25 -47.89 36.4
    endloop
  endfacet
  facet normal 0.998797 -0 0.0490369
    outer loop
      vertex -16.25 -57.89 36.4
      vertex -16.1718 -51.09 34.8072
      vertex -16.25 -51.09 36.4
    endloop
  endfacet
  facet normal 0.998797 0 0.0490369
    outer loop
      vertex -16.1718 -51.09 34.8072
      vertex -16.25 -57.89 36.4
      vertex -16.1718 -57.89 34.8072
    endloop
  endfacet
  facet normal 0.998797 -0 0.0490369
    outer loop
      vertex -16.25 -47.89 36.4
      vertex -16.1718 -31.59 34.8072
      vertex -16.25 -31.59 36.4
    endloop
  endfacet
  facet normal 0.998797 0 0.0490369
    outer loop
      vertex -16.1718 -31.59 34.8072
      vertex -16.25 -47.89 36.4
      vertex -16.1718 -47.89 34.8072
    endloop
  endfacet
  facet normal -0.671545 0 0.740964
    outer loop
      vertex 10.3089 -51.09 23.8386
      vertex 11.4905 -57.89 24.9095
      vertex 11.4905 -51.09 24.9095
    endloop
  endfacet
  facet normal -0.671545 0 0.740964
    outer loop
      vertex 11.4905 -57.89 24.9095
      vertex 10.3089 -51.09 23.8386
      vertex 10.3089 -57.89 23.8386
    endloop
  endfacet
  facet normal -0.671545 0 0.740964
    outer loop
      vertex 10.3089 -31.59 23.8386
      vertex 11.4905 -47.89 24.9095
      vertex 11.4905 -31.59 24.9095
    endloop
  endfacet
  facet normal -0.671545 0 0.740964
    outer loop
      vertex 11.4905 -47.89 24.9095
      vertex 10.3089 -31.59 23.8386
      vertex 10.3089 -47.89 23.8386
    endloop
  endfacet
  facet normal 0.740964 -0 0.671545
    outer loop
      vertex -12.5614 -57.89 26.0911
      vertex -11.4905 -51.09 24.9095
      vertex -12.5614 -51.09 26.0911
    endloop
  endfacet
  facet normal 0.740964 0 0.671545
    outer loop
      vertex -11.4905 -51.09 24.9095
      vertex -12.5614 -57.89 26.0911
      vertex -11.4905 -57.89 24.9095
    endloop
  endfacet
  facet normal 0.740964 -0 0.671545
    outer loop
      vertex -12.5614 -47.89 26.0911
      vertex -11.4905 -31.59 24.9095
      vertex -12.5614 -31.59 26.0911
    endloop
  endfacet
  facet normal 0.740964 0 0.671545
    outer loop
      vertex -11.4905 -31.59 24.9095
      vertex -12.5614 -47.89 26.0911
      vertex -11.4905 -47.89 24.9095
    endloop
  endfacet
  facet normal 0.427544 0 0.903994
    outer loop
      vertex -7.6602 -51.09 22.0688
      vertex -6.21861 -57.89 21.387
      vertex -6.21861 -51.09 21.387
    endloop
  endfacet
  facet normal 0.427544 0 0.903994
    outer loop
      vertex -6.21861 -57.89 21.387
      vertex -7.6602 -51.09 22.0688
      vertex -7.6602 -57.89 22.0688
    endloop
  endfacet
  facet normal 0.427544 0 0.903994
    outer loop
      vertex -7.6602 -31.59 22.0688
      vertex -6.21861 -47.89 21.387
      vertex -6.21861 -31.59 21.387
    endloop
  endfacet
  facet normal 0.427544 0 0.903994
    outer loop
      vertex -6.21861 -47.89 21.387
      vertex -7.6602 -31.59 22.0688
      vertex -7.6602 -47.89 22.0688
    endloop
  endfacet
  facet normal -0.903996 0 0.427542
    outer loop
      vertex 14.3312 -57.89 28.7398
      vertex 15.013 -51.09 30.1814
      vertex 14.3312 -51.09 28.7398
    endloop
  endfacet
  facet normal -0.903996 0 0.427542
    outer loop
      vertex 15.013 -51.09 30.1814
      vertex 14.3312 -57.89 28.7398
      vertex 15.013 -57.89 30.1814
    endloop
  endfacet
  facet normal -0.903996 0 0.427542
    outer loop
      vertex 14.3312 -47.89 28.7398
      vertex 15.013 -31.59 30.1814
      vertex 14.3312 -31.59 28.7398
    endloop
  endfacet
  facet normal -0.903996 0 0.427542
    outer loop
      vertex 15.013 -31.59 30.1814
      vertex 14.3312 -47.89 28.7398
      vertex 15.013 -47.89 30.1814
    endloop
  endfacet
  facet normal -0.514084 0 0.85774
    outer loop
      vertex 7.6602 -51.09 22.0688
      vertex 9.02802 -57.89 22.8886
      vertex 9.02802 -51.09 22.8886
    endloop
  endfacet
  facet normal -0.514084 0 0.85774
    outer loop
      vertex 9.02802 -57.89 22.8886
      vertex 7.6602 -51.09 22.0688
      vertex 7.6602 -57.89 22.0688
    endloop
  endfacet
  facet normal -0.514084 0 0.85774
    outer loop
      vertex 7.6602 -31.59 22.0688
      vertex 9.02802 -47.89 22.8886
      vertex 9.02802 -31.59 22.8886
    endloop
  endfacet
  facet normal -0.514084 0 0.85774
    outer loop
      vertex 9.02802 -47.89 22.8886
      vertex 7.6602 -31.59 22.0688
      vertex 7.6602 -47.89 22.0688
    endloop
  endfacet
  facet normal 0.857736 -0 0.51409
    outer loop
      vertex -14.3312 -57.89 28.7398
      vertex -13.5114 -51.09 27.372
      vertex -14.3312 -51.09 28.7398
    endloop
  endfacet
  facet normal 0.857736 0 0.51409
    outer loop
      vertex -13.5114 -51.09 27.372
      vertex -14.3312 -57.89 28.7398
      vertex -13.5114 -57.89 27.372
    endloop
  endfacet
  facet normal 0.857736 -0 0.51409
    outer loop
      vertex -14.3312 -47.89 28.7398
      vertex -13.5114 -31.59 27.372
      vertex -14.3312 -31.59 28.7398
    endloop
  endfacet
  facet normal 0.857736 0 0.51409
    outer loop
      vertex -13.5114 -31.59 27.372
      vertex -14.3312 -47.89 28.7398
      vertex -13.5114 -47.89 27.372
    endloop
  endfacet
  facet normal 0.803202 -0 0.595707
    outer loop
      vertex -13.5114 -57.89 27.372
      vertex -12.5614 -51.09 26.0911
      vertex -13.5114 -51.09 27.372
    endloop
  endfacet
  facet normal 0.803202 0 0.595707
    outer loop
      vertex -12.5614 -51.09 26.0911
      vertex -13.5114 -57.89 27.372
      vertex -12.5614 -57.89 26.0911
    endloop
  endfacet
  facet normal 0.803202 -0 0.595707
    outer loop
      vertex -13.5114 -47.89 27.372
      vertex -12.5614 -31.59 26.0911
      vertex -13.5114 -31.59 27.372
    endloop
  endfacet
  facet normal 0.803202 0 0.595707
    outer loop
      vertex -12.5614 -31.59 26.0911
      vertex -13.5114 -47.89 27.372
      vertex -12.5614 -47.89 26.0911
    endloop
  endfacet
  facet normal -0.970028 0 0.242993
    outer loop
      vertex 15.5503 -57.89 31.6829
      vertex 15.9378 -51.09 33.2298
      vertex 15.5503 -51.09 31.6829
    endloop
  endfacet
  facet normal -0.970028 0 0.242993
    outer loop
      vertex 15.9378 -51.09 33.2298
      vertex 15.5503 -57.89 31.6829
      vertex 15.9378 -57.89 33.2298
    endloop
  endfacet
  facet normal -0.970028 0 0.242993
    outer loop
      vertex 15.5503 -47.89 31.6829
      vertex 15.9378 -31.59 33.2298
      vertex 15.5503 -31.59 31.6829
    endloop
  endfacet
  facet normal -0.970028 0 0.242993
    outer loop
      vertex 15.9378 -31.59 33.2298
      vertex 15.5503 -47.89 31.6829
      vertex 15.9378 -47.89 33.2298
    endloop
  endfacet
  facet normal -0.989175 0 0.14674
    outer loop
      vertex 15.9378 -57.89 33.2298
      vertex 16.1718 -51.09 34.8072
      vertex 15.9378 -51.09 33.2298
    endloop
  endfacet
  facet normal -0.989175 0 0.14674
    outer loop
      vertex 16.1718 -51.09 34.8072
      vertex 15.9378 -57.89 33.2298
      vertex 16.1718 -57.89 34.8072
    endloop
  endfacet
  facet normal -0.989175 0 0.14674
    outer loop
      vertex 15.9378 -47.89 33.2298
      vertex 16.1718 -31.59 34.8072
      vertex 15.9378 -31.59 33.2298
    endloop
  endfacet
  facet normal -0.989175 0 0.14674
    outer loop
      vertex 16.1718 -31.59 34.8072
      vertex 15.9378 -47.89 33.2298
      vertex 16.1718 -47.89 34.8072
    endloop
  endfacet
  facet normal -0.941533 0 0.33692
    outer loop
      vertex 15.013 -57.89 30.1814
      vertex 15.5503 -51.09 31.6829
      vertex 15.013 -51.09 30.1814
    endloop
  endfacet
  facet normal -0.941533 0 0.33692
    outer loop
      vertex 15.5503 -51.09 31.6829
      vertex 15.013 -57.89 30.1814
      vertex 15.5503 -57.89 31.6829
    endloop
  endfacet
  facet normal -0.941533 0 0.33692
    outer loop
      vertex 15.013 -47.89 30.1814
      vertex 15.5503 -31.59 31.6829
      vertex 15.013 -31.59 30.1814
    endloop
  endfacet
  facet normal -0.941533 0 0.33692
    outer loop
      vertex 15.5503 -31.59 31.6829
      vertex 15.013 -47.89 30.1814
      vertex 15.5503 -47.89 31.6829
    endloop
  endfacet
  facet normal -0.803202 0 0.595707
    outer loop
      vertex 12.5614 -57.89 26.0911
      vertex 13.5114 -51.09 27.372
      vertex 12.5614 -51.09 26.0911
    endloop
  endfacet
  facet normal -0.803202 0 0.595707
    outer loop
      vertex 13.5114 -51.09 27.372
      vertex 12.5614 -57.89 26.0911
      vertex 13.5114 -57.89 27.372
    endloop
  endfacet
  facet normal -0.803202 0 0.595707
    outer loop
      vertex 12.5614 -47.89 26.0911
      vertex 13.5114 -31.59 27.372
      vertex 12.5614 -31.59 26.0911
    endloop
  endfacet
  facet normal -0.803202 0 0.595707
    outer loop
      vertex 13.5114 -31.59 27.372
      vertex 12.5614 -47.89 26.0911
      vertex 13.5114 -47.89 27.372
    endloop
  endfacet
  facet normal -0.740964 0 0.671545
    outer loop
      vertex 11.4905 -57.89 24.9095
      vertex 12.5614 -51.09 26.0911
      vertex 11.4905 -51.09 24.9095
    endloop
  endfacet
  facet normal -0.740964 0 0.671545
    outer loop
      vertex 12.5614 -51.09 26.0911
      vertex 11.4905 -57.89 24.9095
      vertex 12.5614 -57.89 26.0911
    endloop
  endfacet
  facet normal -0.740964 0 0.671545
    outer loop
      vertex 11.4905 -47.89 24.9095
      vertex 12.5614 -31.59 26.0911
      vertex 11.4905 -31.59 24.9095
    endloop
  endfacet
  facet normal -0.740964 0 0.671545
    outer loop
      vertex 12.5614 -31.59 26.0911
      vertex 11.4905 -47.89 24.9095
      vertex 12.5614 -47.89 26.0911
    endloop
  endfacet
  facet normal -0.427544 0 0.903994
    outer loop
      vertex 6.21861 -51.09 21.387
      vertex 7.6602 -57.89 22.0688
      vertex 7.6602 -51.09 22.0688
    endloop
  endfacet
  facet normal -0.427544 0 0.903994
    outer loop
      vertex 7.6602 -57.89 22.0688
      vertex 6.21861 -51.09 21.387
      vertex 6.21861 -57.89 21.387
    endloop
  endfacet
  facet normal -0.427544 0 0.903994
    outer loop
      vertex 6.21861 -31.59 21.387
      vertex 7.6602 -47.89 22.0688
      vertex 7.6602 -31.59 22.0688
    endloop
  endfacet
  facet normal -0.427544 0 0.903994
    outer loop
      vertex 7.6602 -47.89 22.0688
      vertex 6.21861 -31.59 21.387
      vertex 6.21861 -47.89 21.387
    endloop
  endfacet
  facet normal -0.595713 0 0.803197
    outer loop
      vertex 9.02802 -51.09 22.8886
      vertex 10.3089 -57.89 23.8386
      vertex 10.3089 -51.09 23.8386
    endloop
  endfacet
  facet normal -0.595713 0 0.803197
    outer loop
      vertex 10.3089 -57.89 23.8386
      vertex 9.02802 -51.09 22.8886
      vertex 9.02802 -57.89 22.8886
    endloop
  endfacet
  facet normal -0.595713 0 0.803197
    outer loop
      vertex 9.02802 -31.59 22.8886
      vertex 10.3089 -47.89 23.8386
      vertex 10.3089 -31.59 23.8386
    endloop
  endfacet
  facet normal -0.595713 0 0.803197
    outer loop
      vertex 10.3089 -47.89 23.8386
      vertex 9.02802 -31.59 22.8886
      vertex 9.02802 -47.89 22.8886
    endloop
  endfacet
  facet normal 0.970028 -0 0.242993
    outer loop
      vertex -15.9378 -57.89 33.2298
      vertex -15.5503 -51.09 31.6829
      vertex -15.9378 -51.09 33.2298
    endloop
  endfacet
  facet normal 0.970028 0 0.242993
    outer loop
      vertex -15.5503 -51.09 31.6829
      vertex -15.9378 -57.89 33.2298
      vertex -15.5503 -57.89 31.6829
    endloop
  endfacet
  facet normal 0.970028 -0 0.242993
    outer loop
      vertex -15.9378 -47.89 33.2298
      vertex -15.5503 -31.59 31.6829
      vertex -15.9378 -31.59 33.2298
    endloop
  endfacet
  facet normal 0.970028 0 0.242993
    outer loop
      vertex -15.5503 -31.59 31.6829
      vertex -15.9378 -47.89 33.2298
      vertex -15.5503 -47.89 31.6829
    endloop
  endfacet
  facet normal 0.903996 -0 0.427542
    outer loop
      vertex -15.013 -57.89 30.1814
      vertex -14.3312 -51.09 28.7398
      vertex -15.013 -51.09 30.1814
    endloop
  endfacet
  facet normal 0.903996 0 0.427542
    outer loop
      vertex -14.3312 -51.09 28.7398
      vertex -15.013 -57.89 30.1814
      vertex -14.3312 -57.89 28.7398
    endloop
  endfacet
  facet normal 0.903996 -0 0.427542
    outer loop
      vertex -15.013 -47.89 30.1814
      vertex -14.3312 -31.59 28.7398
      vertex -15.013 -31.59 30.1814
    endloop
  endfacet
  facet normal 0.903996 0 0.427542
    outer loop
      vertex -14.3312 -31.59 28.7398
      vertex -15.013 -47.89 30.1814
      vertex -14.3312 -47.89 28.7398
    endloop
  endfacet
  facet normal 0.989175 -0 0.14674
    outer loop
      vertex -16.1718 -57.89 34.8072
      vertex -15.9378 -51.09 33.2298
      vertex -16.1718 -51.09 34.8072
    endloop
  endfacet
  facet normal 0.989175 0 0.14674
    outer loop
      vertex -15.9378 -51.09 33.2298
      vertex -16.1718 -57.89 34.8072
      vertex -15.9378 -57.89 33.2298
    endloop
  endfacet
  facet normal 0.989175 -0 0.14674
    outer loop
      vertex -16.1718 -47.89 34.8072
      vertex -15.9378 -31.59 33.2298
      vertex -16.1718 -31.59 34.8072
    endloop
  endfacet
  facet normal 0.989175 0 0.14674
    outer loop
      vertex -15.9378 -31.59 33.2298
      vertex -16.1718 -47.89 34.8072
      vertex -15.9378 -47.89 33.2298
    endloop
  endfacet
  facet normal 0.514084 0 0.85774
    outer loop
      vertex -9.02802 -51.09 22.8886
      vertex -7.6602 -57.89 22.0688
      vertex -7.6602 -51.09 22.0688
    endloop
  endfacet
  facet normal 0.514084 0 0.85774
    outer loop
      vertex -7.6602 -57.89 22.0688
      vertex -9.02802 -51.09 22.8886
      vertex -9.02802 -57.89 22.8886
    endloop
  endfacet
  facet normal 0.514084 0 0.85774
    outer loop
      vertex -9.02802 -31.59 22.8886
      vertex -7.6602 -47.89 22.0688
      vertex -7.6602 -31.59 22.0688
    endloop
  endfacet
  facet normal 0.514084 0 0.85774
    outer loop
      vertex -7.6602 -47.89 22.0688
      vertex -9.02802 -31.59 22.8886
      vertex -9.02802 -47.89 22.8886
    endloop
  endfacet
  facet normal 0.595713 0 0.803197
    outer loop
      vertex -10.3089 -51.09 23.8386
      vertex -9.02802 -57.89 22.8886
      vertex -9.02802 -51.09 22.8886
    endloop
  endfacet
  facet normal 0.595713 0 0.803197
    outer loop
      vertex -9.02802 -57.89 22.8886
      vertex -10.3089 -51.09 23.8386
      vertex -10.3089 -57.89 23.8386
    endloop
  endfacet
  facet normal 0.595713 0 0.803197
    outer loop
      vertex -10.3089 -31.59 23.8386
      vertex -9.02802 -47.89 22.8886
      vertex -9.02802 -31.59 22.8886
    endloop
  endfacet
  facet normal 0.595713 0 0.803197
    outer loop
      vertex -9.02802 -47.89 22.8886
      vertex -10.3089 -31.59 23.8386
      vertex -10.3089 -47.89 23.8386
    endloop
  endfacet
  facet normal -0.857736 0 0.51409
    outer loop
      vertex 13.5114 -57.89 27.372
      vertex 14.3312 -51.09 28.7398
      vertex 13.5114 -51.09 27.372
    endloop
  endfacet
  facet normal -0.857736 0 0.51409
    outer loop
      vertex 14.3312 -51.09 28.7398
      vertex 13.5114 -57.89 27.372
      vertex 14.3312 -57.89 28.7398
    endloop
  endfacet
  facet normal -0.857736 0 0.51409
    outer loop
      vertex 13.5114 -47.89 27.372
      vertex 14.3312 -31.59 28.7398
      vertex 13.5114 -31.59 27.372
    endloop
  endfacet
  facet normal -0.857736 0 0.51409
    outer loop
      vertex 14.3312 -31.59 28.7398
      vertex 13.5114 -47.89 27.372
      vertex 14.3312 -47.89 28.7398
    endloop
  endfacet
  facet normal 0.941533 -0 0.33692
    outer loop
      vertex -15.5503 -57.89 31.6829
      vertex -15.013 -51.09 30.1814
      vertex -15.5503 -51.09 31.6829
    endloop
  endfacet
  facet normal 0.941533 0 0.33692
    outer loop
      vertex -15.013 -51.09 30.1814
      vertex -15.5503 -57.89 31.6829
      vertex -15.013 -57.89 30.1814
    endloop
  endfacet
  facet normal 0.941533 -0 0.33692
    outer loop
      vertex -15.5503 -47.89 31.6829
      vertex -15.013 -31.59 30.1814
      vertex -15.5503 -31.59 31.6829
    endloop
  endfacet
  facet normal 0.941533 0 0.33692
    outer loop
      vertex -15.013 -31.59 30.1814
      vertex -15.5503 -47.89 31.6829
      vertex -15.013 -47.89 30.1814
    endloop
  endfacet
  facet normal 0.671545 0 0.740964
    outer loop
      vertex -11.4905 -51.09 24.9095
      vertex -10.3089 -57.89 23.8386
      vertex -10.3089 -51.09 23.8386
    endloop
  endfacet
  facet normal 0.671545 0 0.740964
    outer loop
      vertex -10.3089 -57.89 23.8386
      vertex -11.4905 -51.09 24.9095
      vertex -11.4905 -57.89 24.9095
    endloop
  endfacet
  facet normal 0.671545 0 0.740964
    outer loop
      vertex -11.4905 -31.59 24.9095
      vertex -10.3089 -47.89 23.8386
      vertex -10.3089 -31.59 23.8386
    endloop
  endfacet
  facet normal 0.671545 0 0.740964
    outer loop
      vertex -10.3089 -47.89 23.8386
      vertex -11.4905 -31.59 24.9095
      vertex -11.4905 -47.89 24.9095
    endloop
  endfacet
  facet normal -0.813801 0.315897 0.487788
    outer loop
      vertex 14.5517 -51.09 28.622
      vertex 14.5507 -48.09 26.6775
      vertex 13.7192 -51.09 27.2331
    endloop
  endfacet
  facet normal -0.903974 0 0.427588
    outer loop
      vertex 15.4336 -48.09 28.1506
      vertex 16.1679 -47.89 29.703
      vertex 15.4336 -47.89 28.1506
    endloop
  endfacet
  facet normal -0.903974 0 0.427588
    outer loop
      vertex 16.1679 -47.89 29.703
      vertex 15.4336 -48.09 28.1506
      vertex 16.1679 -48.09 29.703
    endloop
  endfacet
  facet normal -0.70302 0.315884 0.637166
    outer loop
      vertex 12.7547 -51.09 25.9325
      vertex 13.5277 -48.09 25.2981
      vertex 12.3744 -48.09 24.0256
    endloop
  endfacet
  facet normal -0.970043 0 0.242933
    outer loop
      vertex 16.7465 -48.09 31.32
      vertex 17.1637 -47.89 32.9859
      vertex 16.7465 -47.89 31.32
    endloop
  endfacet
  facet normal -0.970043 0 0.242933
    outer loop
      vertex 17.1637 -47.89 32.9859
      vertex 16.7465 -48.09 31.32
      vertex 17.1637 -48.09 32.9859
    endloop
  endfacet
  facet normal -0.740959 0 0.67155
    outer loop
      vertex 12.3744 -48.09 24.0256
      vertex 13.5277 -47.89 25.2981
      vertex 12.3744 -47.89 24.0256
    endloop
  endfacet
  facet normal -0.740959 0 0.67155
    outer loop
      vertex 13.5277 -47.89 25.2981
      vertex 12.3744 -48.09 24.0256
      vertex 13.5277 -48.09 25.2981
    endloop
  endfacet
  facet normal -0.762087 0.315897 0.565184
    outer loop
      vertex 13.7192 -51.09 27.2331
      vertex 14.5507 -48.09 26.6775
      vertex 13.5277 -48.09 25.2981
    endloop
  endfacet
  facet normal 0.762103 0.315898 -0.565161
    outer loop
      vertex -12.7547 -51.09 46.8675
      vertex -13.7192 -51.09 45.5669
      vertex -14.5507 -48.09 46.1225
    endloop
  endfacet
  facet normal -0.762107 0.315883 0.565164
    outer loop
      vertex 13.7192 -51.09 27.2331
      vertex 13.5277 -48.09 25.2981
      vertex 12.7547 -51.09 25.9325
    endloop
  endfacet
  facet normal -0.813822 0.31588 0.487763
    outer loop
      vertex 14.5517 -51.09 28.622
      vertex 15.4336 -48.09 28.1506
      vertex 14.5507 -48.09 26.6775
    endloop
  endfacet
  facet normal 0.703024 0.315882 -0.637163
    outer loop
      vertex -12.3744 -48.09 48.7744
      vertex -11.6673 -51.09 48.0673
      vertex -12.7547 -51.09 46.8675
    endloop
  endfacet
  facet normal 0.813818 0.315896 -0.48776
    outer loop
      vertex -14.5507 -48.09 46.1225
      vertex -13.7192 -51.09 45.5669
      vertex -15.4336 -48.09 44.6494
    endloop
  endfacet
  facet normal 0.803217 0 -0.595687
    outer loop
      vertex -13.5277 -48.09 47.5019
      vertex -14.5507 -47.89 46.1225
      vertex -13.5277 -47.89 47.5019
    endloop
  endfacet
  facet normal 0.803217 0 -0.595687
    outer loop
      vertex -14.5507 -47.89 46.1225
      vertex -13.5277 -48.09 47.5019
      vertex -14.5507 -48.09 46.1225
    endloop
  endfacet
  facet normal -0.703024 0.315882 0.637163
    outer loop
      vertex 12.7547 -51.09 25.9325
      vertex 12.3744 -48.09 24.0256
      vertex 11.6673 -51.09 24.7327
    endloop
  endfacet
  facet normal -0.637163 0.315882 0.703024
    outer loop
      vertex 11.6673 -51.09 24.7327
      vertex 12.3744 -48.09 24.0256
      vertex 10.4675 -51.09 23.6453
    endloop
  endfacet
  facet normal -0.857739 0 0.514085
    outer loop
      vertex 14.5507 -48.09 26.6775
      vertex 15.4336 -47.89 28.1506
      vertex 14.5507 -47.89 26.6775
    endloop
  endfacet
  facet normal -0.857739 0 0.514085
    outer loop
      vertex 15.4336 -47.89 28.1506
      vertex 14.5507 -48.09 26.6775
      vertex 15.4336 -48.09 28.1506
    endloop
  endfacet
  facet normal -0.857689 0.31588 0.405695
    outer loop
      vertex 16.1679 -48.09 29.703
      vertex 15.4336 -48.09 28.1506
      vertex 14.5517 -51.09 28.622
    endloop
  endfacet
  facet normal -0.803217 0 0.595687
    outer loop
      vertex 13.5277 -48.09 25.2981
      vertex 14.5507 -47.89 26.6775
      vertex 13.5277 -47.89 25.2981
    endloop
  endfacet
  facet normal -0.803217 0 0.595687
    outer loop
      vertex 14.5507 -47.89 26.6775
      vertex 13.5277 -48.09 25.2981
      vertex 14.5507 -48.09 26.6775
    endloop
  endfacet
  facet normal 0.76209 0.315883 -0.565187
    outer loop
      vertex -13.5277 -48.09 47.5019
      vertex -12.7547 -51.09 46.8675
      vertex -14.5507 -48.09 46.1225
    endloop
  endfacet
  facet normal 0.70302 0.315884 -0.637166
    outer loop
      vertex -12.3744 -48.09 48.7744
      vertex -12.7547 -51.09 46.8675
      vertex -13.5277 -48.09 47.5019
    endloop
  endfacet
  facet normal 0.319657 0.31589 -0.893327
    outer loop
      vertex -5.07998 -48.09 53.1465
      vertex -6.31428 -51.09 51.644
      vertex -6.69696 -48.09 52.5679
    endloop
  endfacet
  facet normal 0.762107 0.315883 0.565164
    outer loop
      vertex -12.7547 -51.09 25.9325
      vertex -13.5277 -48.09 25.2981
      vertex -13.7192 -51.09 27.2331
    endloop
  endfacet
  facet normal 0.740959 0 -0.67155
    outer loop
      vertex -12.3744 -48.09 48.7744
      vertex -13.5277 -47.89 47.5019
      vertex -12.3744 -47.89 48.7744
    endloop
  endfacet
  facet normal 0.740959 0 -0.67155
    outer loop
      vertex -13.5277 -47.89 47.5019
      vertex -12.3744 -48.09 48.7744
      vertex -13.5277 -48.09 47.5019
    endloop
  endfacet
  facet normal 0.5141 0 -0.85773
    outer loop
      vertex -9.72248 -48.09 50.9507
      vertex -8.24944 -47.89 51.8336
      vertex -8.24944 -48.09 51.8336
    endloop
  endfacet
  facet normal 0.5141 0 -0.85773
    outer loop
      vertex -8.24944 -47.89 51.8336
      vertex -9.72248 -48.09 50.9507
      vertex -9.72248 -47.89 50.9507
    endloop
  endfacet
  facet normal -0.813818 0.315896 -0.48776
    outer loop
      vertex 14.5507 -48.09 46.1225
      vertex 15.4336 -48.09 44.6494
      vertex 13.7192 -51.09 45.5669
    endloop
  endfacet
  facet normal -0.989176 0 -0.146734
    outer loop
      vertex 17.4157 -48.09 38.1153
      vertex 17.1637 -47.89 39.8141
      vertex 17.4157 -47.89 38.1153
    endloop
  endfacet
  facet normal -0.989176 -0 -0.146734
    outer loop
      vertex 17.1637 -47.89 39.8141
      vertex 17.4157 -48.09 38.1153
      vertex 17.1637 -48.09 39.8141
    endloop
  endfacet
  facet normal -0.920369 0.315902 0.230493
    outer loop
      vertex 17.1637 -48.09 32.9859
      vertex 16.7465 -48.09 31.32
      vertex 15.7895 -51.09 31.6103
    endloop
  endfacet
  facet normal 0.565167 0.315883 -0.762105
    outer loop
      vertex -9.16691 -51.09 50.1192
      vertex -10.4675 -51.09 49.1547
      vertex -11.1019 -48.09 49.9277
    endloop
  endfacet
  facet normal 0.857739 0 -0.514085
    outer loop
      vertex -14.5507 -48.09 46.1225
      vertex -15.4336 -47.89 44.6494
      vertex -14.5507 -47.89 46.1225
    endloop
  endfacet
  facet normal 0.857739 0 -0.514085
    outer loop
      vertex -15.4336 -47.89 44.6494
      vertex -14.5507 -48.09 46.1225
      vertex -15.4336 -48.09 44.6494
    endloop
  endfacet
  facet normal 0.920369 0.315902 -0.230493
    outer loop
      vertex -16.7465 -48.09 41.48
      vertex -15.7895 -51.09 41.1897
      vertex -17.1637 -48.09 39.8141
    endloop
  endfacet
  facet normal 0.230496 0.315862 0.920382
    outer loop
      vertex -3.21899 -51.09 20.217
      vertex -3.41408 -48.09 19.2363
      vertex -5.07998 -48.09 19.6535
    endloop
  endfacet
  facet normal -0.405677 0.31589 0.857695
    outer loop
      vertex 8.24944 -48.09 20.9664
      vertex 6.69696 -48.09 20.2321
      vertex 6.31428 -51.09 21.156
    endloop
  endfacet
  facet normal -0.565165 0.315892 0.762103
    outer loop
      vertex 10.4675 -51.09 23.6453
      vertex 9.72248 -48.09 21.8493
      vertex 9.16691 -51.09 22.6808
    endloop
  endfacet
  facet normal 0.947652 0.315889 0.0465828
    outer loop
      vertex -16.5 -51.09 36.4
      vertex -16.4205 -51.09 34.7827
      vertex -17.4157 -48.09 34.6847
    endloop
  endfacet
  facet normal 0.893334 0.315892 0.319634
    outer loop
      vertex -15.7895 -51.09 31.6103
      vertex -15.244 -51.09 30.0857
      vertex -16.1679 -48.09 29.703
    endloop
  endfacet
  facet normal -0.0490867 0 -0.998795
    outer loop
      vertex 0 -48.09 53.9
      vertex 1.7153 -47.89 53.8157
      vertex 1.7153 -48.09 53.8157
    endloop
  endfacet
  facet normal -0.0490867 0 -0.998795
    outer loop
      vertex 1.7153 -47.89 53.8157
      vertex 0 -48.09 53.9
      vertex 0 -47.89 53.9
    endloop
  endfacet
  facet normal -0.637162 0.315884 -0.703023
    outer loop
      vertex 11.1019 -48.09 49.9277
      vertex 11.6673 -51.09 48.0673
      vertex 10.4675 -51.09 49.1547
    endloop
  endfacet
  facet normal -0.893334 0.315892 -0.319634
    outer loop
      vertex 16.1679 -48.09 43.097
      vertex 15.7895 -51.09 41.1897
      vertex 15.244 -51.09 42.7143
    endloop
  endfacet
  facet normal -0.762103 0.315898 -0.565161
    outer loop
      vertex 14.5507 -48.09 46.1225
      vertex 13.7192 -51.09 45.5669
      vertex 12.7547 -51.09 46.8675
    endloop
  endfacet
  facet normal -0.857699 0.31588 -0.405674
    outer loop
      vertex 15.4336 -48.09 44.6494
      vertex 15.244 -51.09 42.7143
      vertex 14.5517 -51.09 44.178
    endloop
  endfacet
  facet normal -0.857696 0.315892 0.405672
    outer loop
      vertex 15.244 -51.09 30.0857
      vertex 16.1679 -48.09 29.703
      vertex 14.5517 -51.09 28.622
    endloop
  endfacet
  facet normal -0.920362 0.315861 0.230574
    outer loop
      vertex 16.183 -51.09 33.181
      vertex 17.1637 -48.09 32.9859
      vertex 15.7895 -51.09 31.6103
    endloop
  endfacet
  facet normal -0.941539 0 0.336904
    outer loop
      vertex 16.1679 -48.09 29.703
      vertex 16.7465 -47.89 31.32
      vertex 16.1679 -47.89 29.703
    endloop
  endfacet
  facet normal -0.941539 0 0.336904
    outer loop
      vertex 16.7465 -47.89 31.32
      vertex 16.1679 -48.09 29.703
      vertex 16.7465 -48.09 31.32
    endloop
  endfacet
  facet normal -0.938535 0.315861 -0.139222
    outer loop
      vertex 17.1637 -48.09 39.8141
      vertex 17.4157 -48.09 38.1153
      vertex 16.183 -51.09 39.619
    endloop
  endfacet
  facet normal -0.989176 0 0.146734
    outer loop
      vertex 17.1637 -48.09 32.9859
      vertex 17.4157 -47.89 34.6847
      vertex 17.1637 -47.89 32.9859
    endloop
  endfacet
  facet normal -0.989176 0 0.146734
    outer loop
      vertex 17.4157 -47.89 34.6847
      vertex 17.1637 -48.09 32.9859
      vertex 17.4157 -48.09 34.6847
    endloop
  endfacet
  facet normal 0.67155 0 -0.740959
    outer loop
      vertex -12.3744 -48.09 48.7744
      vertex -11.1019 -47.89 49.9277
      vertex -11.1019 -48.09 49.9277
    endloop
  endfacet
  facet normal 0.67155 0 -0.740959
    outer loop
      vertex -11.1019 -47.89 49.9277
      vertex -12.3744 -48.09 48.7744
      vertex -12.3744 -47.89 48.7744
    endloop
  endfacet
  facet normal 0.970043 0 -0.242933
    outer loop
      vertex -16.7465 -48.09 41.48
      vertex -17.1637 -47.89 39.8141
      vertex -16.7465 -47.89 41.48
    endloop
  endfacet
  facet normal 0.970043 0 -0.242933
    outer loop
      vertex -17.1637 -47.89 39.8141
      vertex -16.7465 -48.09 41.48
      vertex -17.1637 -48.09 39.8141
    endloop
  endfacet
  facet normal 0.813806 0.31588 -0.487791
    outer loop
      vertex -13.7192 -51.09 45.5669
      vertex -14.5517 -51.09 44.178
      vertex -15.4336 -48.09 44.6494
    endloop
  endfacet
  facet normal 0.920362 0.315861 -0.230574
    outer loop
      vertex -15.7895 -51.09 41.1897
      vertex -16.183 -51.09 39.619
      vertex -17.1637 -48.09 39.8141
    endloop
  endfacet
  facet normal 0.998795 0 -0.0490867
    outer loop
      vertex -17.4157 -48.09 38.1153
      vertex -17.5 -47.89 36.4
      vertex -17.4157 -47.89 38.1153
    endloop
  endfacet
  facet normal 0.998795 0 -0.0490867
    outer loop
      vertex -17.5 -47.89 36.4
      vertex -17.4157 -48.09 38.1153
      vertex -17.5 -48.09 36.4
    endloop
  endfacet
  facet normal 0.637166 0.315884 0.70302
    outer loop
      vertex -10.4675 -51.09 23.6453
      vertex -11.1019 -48.09 22.8723
      vertex -12.3744 -48.09 24.0256
    endloop
  endfacet
  facet normal -0.139165 0.31589 0.938534
    outer loop
      vertex 3.21899 -51.09 20.217
      vertex 1.7153 -48.09 18.9843
      vertex 1.61728 -51.09 19.9795
    endloop
  endfacet
  facet normal 0.595681 0 0.803221
    outer loop
      vertex -11.1019 -47.89 22.8723
      vertex -9.72248 -48.09 21.8493
      vertex -9.72248 -47.89 21.8493
    endloop
  endfacet
  facet normal 0.595681 0 0.803221
    outer loop
      vertex -9.72248 -48.09 21.8493
      vertex -11.1019 -47.89 22.8723
      vertex -11.1019 -48.09 22.8723
    endloop
  endfacet
  facet normal 0.857689 0.31588 0.405695
    outer loop
      vertex -14.5517 -51.09 28.622
      vertex -15.4336 -48.09 28.1506
      vertex -16.1679 -48.09 29.703
    endloop
  endfacet
  facet normal 0.947654 0.315885 -0.0465733
    outer loop
      vertex -17.4157 -48.09 38.1153
      vertex -16.5 -51.09 36.4
      vertex -17.5 -48.09 36.4
    endloop
  endfacet
  facet normal 0.938534 0.315889 -0.139166
    outer loop
      vertex -16.183 -51.09 39.619
      vertex -16.4205 -51.09 38.0173
      vertex -17.4157 -48.09 38.1153
    endloop
  endfacet
  facet normal 0.637163 0.315882 0.703024
    outer loop
      vertex -11.6673 -51.09 24.7327
      vertex -10.4675 -51.09 23.6453
      vertex -12.3744 -48.09 24.0256
    endloop
  endfacet
  facet normal 0.70302 0.315884 0.637166
    outer loop
      vertex -12.7547 -51.09 25.9325
      vertex -12.3744 -48.09 24.0256
      vertex -13.5277 -48.09 25.2981
    endloop
  endfacet
  facet normal 0.893324 0.315902 0.319652
    outer loop
      vertex -15.7895 -51.09 31.6103
      vertex -16.1679 -48.09 29.703
      vertex -16.7465 -48.09 31.32
    endloop
  endfacet
  facet normal 0 -1 0
    outer loop
      vertex -0.637111 -47.89 52.6187
      vertex 0 -47.89 53.9
      vertex -1.7153 -47.89 53.8157
    endloop
  endfacet
  facet normal 0 -1 0
    outer loop
      vertex -2.53924 -47.89 52.4314
      vertex -1.7153 -47.89 53.8157
      vertex -3.41408 -47.89 53.5637
    endloop
  endfacet
  facet normal 0 -1 -0
    outer loop
      vertex 0 -47.89 53.9
      vertex -0.637111 -47.89 52.6187
      vertex 0 -47.89 52.65
    endloop
  endfacet
  facet normal 0 -1 0
    outer loop
      vertex -3.78898 -47.89 52.1828
      vertex -3.41408 -47.89 53.5637
      vertex -5.07998 -47.89 53.1465
    endloop
  endfacet
  facet normal 0 -1 0
    outer loop
      vertex 0.637111 -47.89 52.6187
      vertex 0 -47.89 53.9
      vertex 0 -47.89 52.65
    endloop
  endfacet
  facet normal 0 -1 0
    outer loop
      vertex 1.59278 -47.89 52.5718
      vertex 1.7153 -47.89 53.8157
      vertex 0.637111 -47.89 52.6187
    endloop
  endfacet
  facet normal 0 -1 0
    outer loop
      vertex 0 -47.89 53.9
      vertex 0.637111 -47.89 52.6187
      vertex 1.7153 -47.89 53.8157
    endloop
  endfacet
  facet normal 0 -1 0
    outer loop
      vertex -1.7153 -47.89 53.8157
      vertex -1.59278 -47.89 52.5718
      vertex -0.637111 -47.89 52.6187
    endloop
  endfacet
  facet normal 0 -1 0
    outer loop
      vertex -4.71713 -47.89 51.9503
      vertex -5.07998 -47.89 53.1465
      vertex -6.69696 -47.89 52.5679
    endloop
  endfacet
  facet normal 0 -1 -0
    outer loop
      vertex -1.7153 -47.89 53.8157
      vertex -2.53924 -47.89 52.4314
      vertex -1.59278 -47.89 52.5718
    endloop
  endfacet
  facet normal 0 -1 0
    outer loop
      vertex -3.41408 -47.89 53.5637
      vertex -3.17022 -47.89 52.3378
      vertex -2.53924 -47.89 52.4314
    endloop
  endfacet
  facet normal 0 -1 -0
    outer loop
      vertex -3.41408 -47.89 53.5637
      vertex -3.78898 -47.89 52.1828
      vertex -3.17022 -47.89 52.3378
    endloop
  endfacet
  facet normal 0 -1 0
    outer loop
      vertex -5.07998 -47.89 53.1465
      vertex -4.71713 -47.89 51.9503
      vertex -3.78898 -47.89 52.1828
    endloop
  endfacet
  facet normal 0 -1 0
    outer loop
      vertex -6.21861 -47.89 51.413
      vertex -6.69696 -47.89 52.5679
      vertex -8.24944 -47.89 51.8336
    endloop
  endfacet
  facet normal 0 -1 0
    outer loop
      vertex -6.69696 -47.89 52.5679
      vertex -6.21861 -47.89 51.413
      vertex -4.71713 -47.89 51.9503
    endloop
  endfacet
  facet normal 0 -1 0
    outer loop
      vertex -8.48089 -47.89 50.2393
      vertex -8.24944 -47.89 51.8336
      vertex -9.72248 -47.89 50.9507
    endloop
  endfacet
  facet normal 0 -1 0
    outer loop
      vertex -8.24944 -47.89 51.8336
      vertex -7.6602 -47.89 50.7312
      vertex -6.21861 -47.89 51.413
    endloop
  endfacet
  facet normal 0 -1 -0
    outer loop
      vertex -8.24944 -47.89 51.8336
      vertex -8.48089 -47.89 50.2393
      vertex -7.6602 -47.89 50.7312
    endloop
  endfacet
  facet normal 0 -1 0
    outer loop
      vertex -9.02802 -47.89 49.9114
      vertex -9.72248 -47.89 50.9507
      vertex -11.1019 -47.89 49.9277
    endloop
  endfacet
  facet normal 0 -1 0
    outer loop
      vertex -9.72248 -47.89 50.9507
      vertex -9.02802 -47.89 49.9114
      vertex -8.48089 -47.89 50.2393
    endloop
  endfacet
  facet normal 0 -1 0
    outer loop
      vertex -11.1019 -47.89 49.9277
      vertex -10.3089 -47.89 48.9614
      vertex -9.02802 -47.89 49.9114
    endloop
  endfacet
  facet normal 0 -1 0
    outer loop
      vertex -12.3744 -47.89 48.7744
      vertex -10.3089 -47.89 48.9614
      vertex -11.1019 -47.89 49.9277
    endloop
  endfacet
  facet normal 0 -1 0
    outer loop
      vertex -12.3744 -47.89 48.7744
      vertex -11.4905 -47.89 47.8905
      vertex -10.3089 -47.89 48.9614
    endloop
  endfacet
  facet normal 0 -1 0
    outer loop
      vertex -13.5277 -47.89 47.5019
      vertex -11.4905 -47.89 47.8905
      vertex -12.3744 -47.89 48.7744
    endloop
  endfacet
  facet normal 0 -1 0
    outer loop
      vertex -13.5277 -47.89 47.5019
      vertex -12.5614 -47.89 46.7089
      vertex -11.4905 -47.89 47.8905
    endloop
  endfacet
  facet normal 0 -1 0
    outer loop
      vertex -14.5507 -47.89 46.1225
      vertex -12.5614 -47.89 46.7089
      vertex -13.5277 -47.89 47.5019
    endloop
  endfacet
  facet normal 0 -1 0
    outer loop
      vertex -14.5507 -47.89 46.1225
      vertex -13.5114 -47.89 45.428
      vertex -12.5614 -47.89 46.7089
    endloop
  endfacet
  facet normal 0 -1 0
    outer loop
      vertex -14.5507 -47.89 46.1225
      vertex -13.8393 -47.89 44.8809
      vertex -13.5114 -47.89 45.428
    endloop
  endfacet
  facet normal 0 -1 0
    outer loop
      vertex -15.4336 -47.89 44.6494
      vertex -13.8393 -47.89 44.8809
      vertex -14.5507 -47.89 46.1225
    endloop
  endfacet
  facet normal 0 -1 0
    outer loop
      vertex -15.4336 -47.89 44.6494
      vertex -14.3312 -47.89 44.0602
      vertex -13.8393 -47.89 44.8809
    endloop
  endfacet
  facet normal 0 -1 0
    outer loop
      vertex -16.1679 -47.89 43.097
      vertex -14.3312 -47.89 44.0602
      vertex -15.4336 -47.89 44.6494
    endloop
  endfacet
  facet normal 0 -1 0
    outer loop
      vertex -16.1679 -47.89 43.097
      vertex -15.013 -47.89 42.6186
      vertex -14.3312 -47.89 44.0602
    endloop
  endfacet
  facet normal 0 -1 0
    outer loop
      vertex -16.1679 -47.89 43.097
      vertex -15.3354 -47.89 41.7177
      vertex -15.013 -47.89 42.6186
    endloop
  endfacet
  facet normal 0 -1 0
    outer loop
      vertex -16.7465 -47.89 41.48
      vertex -15.3354 -47.89 41.7177
      vertex -16.1679 -47.89 43.097
    endloop
  endfacet
  facet normal 0 -1 0
    outer loop
      vertex -16.7465 -47.89 41.48
      vertex -15.5503 -47.89 41.1171
      vertex -15.3354 -47.89 41.7177
    endloop
  endfacet
  facet normal 0 -1 0
    outer loop
      vertex -17.1637 -47.89 39.8141
      vertex -15.5503 -47.89 41.1171
      vertex -16.7465 -47.89 41.48
    endloop
  endfacet
  facet normal 0 -1 0
    outer loop
      vertex -17.1637 -47.89 39.8141
      vertex -15.9378 -47.89 39.5702
      vertex -15.5503 -47.89 41.1171
    endloop
  endfacet
  facet normal 0 -1 0
    outer loop
      vertex -17.4157 -47.89 38.1153
      vertex -15.9378 -47.89 39.5702
      vertex -17.1637 -47.89 39.8141
    endloop
  endfacet
  facet normal 0 -1 0
    outer loop
      vertex -17.4157 -47.89 38.1153
      vertex -16.1718 -47.89 37.9928
      vertex -15.9378 -47.89 39.5702
    endloop
  endfacet
  facet normal 0 -1 0
    outer loop
      vertex -17.5 -47.89 36.4
      vertex -16.1718 -47.89 37.9928
      vertex -17.4157 -47.89 38.1153
    endloop
  endfacet
  facet normal 0 -1 0
    outer loop
      vertex -17.5 -47.89 36.4
      vertex -16.25 -47.89 36.4
      vertex -16.1718 -47.89 37.9928
    endloop
  endfacet
  facet normal 0 -1 0
    outer loop
      vertex -17.5 -47.89 36.4
      vertex -16.1718 -47.89 34.8072
      vertex -16.25 -47.89 36.4
    endloop
  endfacet
  facet normal 0 -1 0
    outer loop
      vertex -17.4157 -47.89 34.6847
      vertex -16.1718 -47.89 34.8072
      vertex -17.5 -47.89 36.4
    endloop
  endfacet
  facet normal 0 -1 0
    outer loop
      vertex -17.4157 -47.89 34.6847
      vertex -15.9378 -47.89 33.2298
      vertex -16.1718 -47.89 34.8072
    endloop
  endfacet
  facet normal 0 -1 0
    outer loop
      vertex -17.1637 -47.89 32.9859
      vertex -15.9378 -47.89 33.2298
      vertex -17.4157 -47.89 34.6847
    endloop
  endfacet
  facet normal 0 -1 0
    outer loop
      vertex -17.1637 -47.89 32.9859
      vertex -15.5503 -47.89 31.6829
      vertex -15.9378 -47.89 33.2298
    endloop
  endfacet
  facet normal 0 -1 0
    outer loop
      vertex -16.7465 -47.89 31.32
      vertex -15.5503 -47.89 31.6829
      vertex -17.1637 -47.89 32.9859
    endloop
  endfacet
  facet normal 0 -1 0
    outer loop
      vertex -16.7465 -47.89 31.32
      vertex -15.013 -47.89 30.1814
      vertex -15.5503 -47.89 31.6829
    endloop
  endfacet
  facet normal 0 -1 0
    outer loop
      vertex -16.1679 -47.89 29.703
      vertex -15.013 -47.89 30.1814
      vertex -16.7465 -47.89 31.32
    endloop
  endfacet
  facet normal 0 -1 0
    outer loop
      vertex -16.1679 -47.89 29.703
      vertex -14.3312 -47.89 28.7398
      vertex -15.013 -47.89 30.1814
    endloop
  endfacet
  facet normal 0 -1 0
    outer loop
      vertex -15.4336 -47.89 28.1506
      vertex -14.3312 -47.89 28.7398
      vertex -16.1679 -47.89 29.703
    endloop
  endfacet
  facet normal 0 -1 0
    outer loop
      vertex -15.4336 -47.89 28.1506
      vertex -13.5114 -47.89 27.372
      vertex -14.3312 -47.89 28.7398
    endloop
  endfacet
  facet normal 0 -1 0
    outer loop
      vertex -14.5507 -47.89 26.6775
      vertex -13.5114 -47.89 27.372
      vertex -15.4336 -47.89 28.1506
    endloop
  endfacet
  facet normal 0 -1 0
    outer loop
      vertex -14.5507 -47.89 26.6775
      vertex -12.5614 -47.89 26.0911
      vertex -13.5114 -47.89 27.372
    endloop
  endfacet
  facet normal 0 -1 0
    outer loop
      vertex -13.5277 -47.89 25.2981
      vertex -12.5614 -47.89 26.0911
      vertex -14.5507 -47.89 26.6775
    endloop
  endfacet
  facet normal 0 -1 0
    outer loop
      vertex -13.5277 -47.89 25.2981
      vertex -11.4905 -47.89 24.9095
      vertex -12.5614 -47.89 26.0911
    endloop
  endfacet
  facet normal 0 -1 0
    outer loop
      vertex -12.3744 -47.89 24.0256
      vertex -11.4905 -47.89 24.9095
      vertex -13.5277 -47.89 25.2981
    endloop
  endfacet
  facet normal 0 -1 0
    outer loop
      vertex -12.3744 -47.89 24.0256
      vertex -10.3089 -47.89 23.8386
      vertex -11.4905 -47.89 24.9095
    endloop
  endfacet
  facet normal 0 -1 0
    outer loop
      vertex -11.1019 -47.89 22.8723
      vertex -10.3089 -47.89 23.8386
      vertex -12.3744 -47.89 24.0256
    endloop
  endfacet
  facet normal 0 -1 -0
    outer loop
      vertex -10.3089 -47.89 23.8386
      vertex -11.1019 -47.89 22.8723
      vertex -9.02802 -47.89 22.8886
    endloop
  endfacet
  facet normal 0 -1 0
    outer loop
      vertex -9.72248 -47.89 21.8493
      vertex -9.02802 -47.89 22.8886
      vertex -11.1019 -47.89 22.8723
    endloop
  endfacet
  facet normal 0 -1 -0
    outer loop
      vertex -9.02802 -47.89 22.8886
      vertex -9.72248 -47.89 21.8493
      vertex -7.6602 -47.89 22.0688
    endloop
  endfacet
  facet normal 0 -1 0
    outer loop
      vertex -8.24944 -47.89 20.9664
      vertex -7.6602 -47.89 22.0688
      vertex -9.72248 -47.89 21.8493
    endloop
  endfacet
  facet normal 0 -1 -0
    outer loop
      vertex -7.6602 -47.89 22.0688
      vertex -8.24944 -47.89 20.9664
      vertex -6.21861 -47.89 21.387
    endloop
  endfacet
  facet normal 0 -1 0
    outer loop
      vertex -6.69696 -47.89 20.2321
      vertex -6.21861 -47.89 21.387
      vertex -8.24944 -47.89 20.9664
    endloop
  endfacet
  facet normal 0 -1 -0
    outer loop
      vertex -6.21861 -47.89 21.387
      vertex -6.69696 -47.89 20.2321
      vertex -4.71713 -47.89 20.8497
    endloop
  endfacet
  facet normal 0 -1 0
    outer loop
      vertex -5.07998 -47.89 19.6535
      vertex -4.71713 -47.89 20.8497
      vertex -6.69696 -47.89 20.2321
    endloop
  endfacet
  facet normal 0 -1 -0
    outer loop
      vertex -4.71713 -47.89 20.8497
      vertex -5.07998 -47.89 19.6535
      vertex -3.17022 -47.89 20.4622
    endloop
  endfacet
  facet normal 0 -1 0
    outer loop
      vertex -3.41408 -47.89 19.2363
      vertex -3.17022 -47.89 20.4622
      vertex -5.07998 -47.89 19.6535
    endloop
  endfacet
  facet normal 0 -1 -0
    outer loop
      vertex -3.17022 -47.89 20.4622
      vertex -3.41408 -47.89 19.2363
      vertex -1.59278 -47.89 20.2282
    endloop
  endfacet
  facet normal 0 -1 0
    outer loop
      vertex 2.53924 -47.89 52.4314
      vertex 1.7153 -47.89 53.8157
      vertex 1.59278 -47.89 52.5718
    endloop
  endfacet
  facet normal 0 -1 0
    outer loop
      vertex 1.7153 -47.89 53.8157
      vertex 2.53924 -47.89 52.4314
      vertex 3.41408 -47.89 53.5637
    endloop
  endfacet
  facet normal 0 -1 0
    outer loop
      vertex 3.17022 -47.89 52.3378
      vertex 3.41408 -47.89 53.5637
      vertex 2.53924 -47.89 52.4314
    endloop
  endfacet
  facet normal 0 -1 0
    outer loop
      vertex 3.78898 -47.89 52.1828
      vertex 3.41408 -47.89 53.5637
      vertex 3.17022 -47.89 52.3378
    endloop
  endfacet
  facet normal 0 -1 0
    outer loop
      vertex 3.41408 -47.89 53.5637
      vertex 3.78898 -47.89 52.1828
      vertex 5.07998 -47.89 53.1465
    endloop
  endfacet
  facet normal 0 -1 0
    outer loop
      vertex 4.71713 -47.89 51.9503
      vertex 5.07998 -47.89 53.1465
      vertex 3.78898 -47.89 52.1828
    endloop
  endfacet
  facet normal 0 -1 -0
    outer loop
      vertex 5.07998 -47.89 53.1465
      vertex 4.71713 -47.89 51.9503
      vertex 6.69696 -47.89 52.5679
    endloop
  endfacet
  facet normal 0 -1 0
    outer loop
      vertex 6.21861 -47.89 51.413
      vertex 6.69696 -47.89 52.5679
      vertex 4.71713 -47.89 51.9503
    endloop
  endfacet
  facet normal 0 -1 -0
    outer loop
      vertex 6.69696 -47.89 52.5679
      vertex 6.21861 -47.89 51.413
      vertex 8.24944 -47.89 51.8336
    endloop
  endfacet
  facet normal 0 -1 0
    outer loop
      vertex 7.6602 -47.89 50.7312
      vertex 8.24944 -47.89 51.8336
      vertex 6.21861 -47.89 51.413
    endloop
  endfacet
  facet normal 0 -1 0
    outer loop
      vertex 8.48089 -47.89 50.2393
      vertex 8.24944 -47.89 51.8336
      vertex 7.6602 -47.89 50.7312
    endloop
  endfacet
  facet normal 0 -1 0
    outer loop
      vertex 8.24944 -47.89 51.8336
      vertex 8.48089 -47.89 50.2393
      vertex 9.72248 -47.89 50.9507
    endloop
  endfacet
  facet normal 0 -1 0
    outer loop
      vertex 9.02802 -47.89 49.9114
      vertex 9.72248 -47.89 50.9507
      vertex 8.48089 -47.89 50.2393
    endloop
  endfacet
  facet normal 0 -1 -0
    outer loop
      vertex 9.72248 -47.89 50.9507
      vertex 9.02802 -47.89 49.9114
      vertex 11.1019 -47.89 49.9277
    endloop
  endfacet
  facet normal 0 -1 0
    outer loop
      vertex 10.3089 -47.89 48.9614
      vertex 11.1019 -47.89 49.9277
      vertex 9.02802 -47.89 49.9114
    endloop
  endfacet
  facet normal 0 -1 0
    outer loop
      vertex 10.3089 -47.89 48.9614
      vertex 12.3744 -47.89 48.7744
      vertex 11.1019 -47.89 49.9277
    endloop
  endfacet
  facet normal 0 -1 0
    outer loop
      vertex 11.4905 -47.89 47.8905
      vertex 12.3744 -47.89 48.7744
      vertex 10.3089 -47.89 48.9614
    endloop
  endfacet
  facet normal 0 -1 0
    outer loop
      vertex 11.4905 -47.89 47.8905
      vertex 13.5277 -47.89 47.5019
      vertex 12.3744 -47.89 48.7744
    endloop
  endfacet
  facet normal 0 -1 0
    outer loop
      vertex 12.5614 -47.89 46.7089
      vertex 13.5277 -47.89 47.5019
      vertex 11.4905 -47.89 47.8905
    endloop
  endfacet
  facet normal 0 -1 0
    outer loop
      vertex 12.5614 -47.89 46.7089
      vertex 14.5507 -47.89 46.1225
      vertex 13.5277 -47.89 47.5019
    endloop
  endfacet
  facet normal 0 -1 0
    outer loop
      vertex 13.5114 -47.89 45.428
      vertex 14.5507 -47.89 46.1225
      vertex 12.5614 -47.89 46.7089
    endloop
  endfacet
  facet normal 0 -1 0
    outer loop
      vertex 13.8393 -47.89 44.8809
      vertex 14.5507 -47.89 46.1225
      vertex 13.5114 -47.89 45.428
    endloop
  endfacet
  facet normal 0 -1 0
    outer loop
      vertex 13.8393 -47.89 44.8809
      vertex 15.4336 -47.89 44.6494
      vertex 14.5507 -47.89 46.1225
    endloop
  endfacet
  facet normal 0 -1 0
    outer loop
      vertex 14.3312 -47.89 44.0602
      vertex 15.4336 -47.89 44.6494
      vertex 13.8393 -47.89 44.8809
    endloop
  endfacet
  facet normal 0 -1 0
    outer loop
      vertex 14.3312 -47.89 44.0602
      vertex 16.1679 -47.89 43.097
      vertex 15.4336 -47.89 44.6494
    endloop
  endfacet
  facet normal 0 -1 0
    outer loop
      vertex 15.013 -47.89 42.6186
      vertex 16.1679 -47.89 43.097
      vertex 14.3312 -47.89 44.0602
    endloop
  endfacet
  facet normal 0 -1 0
    outer loop
      vertex 15.3354 -47.89 41.7177
      vertex 16.1679 -47.89 43.097
      vertex 15.013 -47.89 42.6186
    endloop
  endfacet
  facet normal 0 -1 0
    outer loop
      vertex 15.3354 -47.89 41.7177
      vertex 16.7465 -47.89 41.48
      vertex 16.1679 -47.89 43.097
    endloop
  endfacet
  facet normal 0 -1 0
    outer loop
      vertex 15.5503 -47.89 41.1171
      vertex 16.7465 -47.89 41.48
      vertex 15.3354 -47.89 41.7177
    endloop
  endfacet
  facet normal 0 -1 0
    outer loop
      vertex 15.5503 -47.89 41.1171
      vertex 17.1637 -47.89 39.8141
      vertex 16.7465 -47.89 41.48
    endloop
  endfacet
  facet normal 0 -1 0
    outer loop
      vertex 15.9378 -47.89 39.5702
      vertex 17.1637 -47.89 39.8141
      vertex 15.5503 -47.89 41.1171
    endloop
  endfacet
  facet normal 0 -1 0
    outer loop
      vertex 15.9378 -47.89 39.5702
      vertex 17.4157 -47.89 38.1153
      vertex 17.1637 -47.89 39.8141
    endloop
  endfacet
  facet normal 0 -1 0
    outer loop
      vertex 16.1718 -47.89 37.9928
      vertex 17.4157 -47.89 38.1153
      vertex 15.9378 -47.89 39.5702
    endloop
  endfacet
  facet normal 0 -1 0
    outer loop
      vertex 16.25 -47.89 36.4
      vertex 17.4157 -47.89 38.1153
      vertex 16.1718 -47.89 37.9928
    endloop
  endfacet
  facet normal 0 -1 0
    outer loop
      vertex 16.25 -47.89 36.4
      vertex 17.5 -47.89 36.4
      vertex 17.4157 -47.89 38.1153
    endloop
  endfacet
  facet normal 0 -1 0
    outer loop
      vertex 16.1718 -47.89 34.8072
      vertex 17.5 -47.89 36.4
      vertex 16.25 -47.89 36.4
    endloop
  endfacet
  facet normal 0 -1 0
    outer loop
      vertex 16.1718 -47.89 34.8072
      vertex 17.4157 -47.89 34.6847
      vertex 17.5 -47.89 36.4
    endloop
  endfacet
  facet normal 0 -1 0
    outer loop
      vertex 15.9378 -47.89 33.2298
      vertex 17.4157 -47.89 34.6847
      vertex 16.1718 -47.89 34.8072
    endloop
  endfacet
  facet normal 0 -1 0
    outer loop
      vertex 15.9378 -47.89 33.2298
      vertex 17.1637 -47.89 32.9859
      vertex 17.4157 -47.89 34.6847
    endloop
  endfacet
  facet normal 0 -1 0
    outer loop
      vertex 15.5503 -47.89 31.6829
      vertex 17.1637 -47.89 32.9859
      vertex 15.9378 -47.89 33.2298
    endloop
  endfacet
  facet normal 0 -1 0
    outer loop
      vertex 15.5503 -47.89 31.6829
      vertex 16.7465 -47.89 31.32
      vertex 17.1637 -47.89 32.9859
    endloop
  endfacet
  facet normal 0 -1 0
    outer loop
      vertex 15.013 -47.89 30.1814
      vertex 16.7465 -47.89 31.32
      vertex 15.5503 -47.89 31.6829
    endloop
  endfacet
  facet normal 0 -1 0
    outer loop
      vertex 15.013 -47.89 30.1814
      vertex 16.1679 -47.89 29.703
      vertex 16.7465 -47.89 31.32
    endloop
  endfacet
  facet normal 0 -1 0
    outer loop
      vertex 14.3312 -47.89 28.7398
      vertex 16.1679 -47.89 29.703
      vertex 15.013 -47.89 30.1814
    endloop
  endfacet
  facet normal 0 -1 0
    outer loop
      vertex 14.3312 -47.89 28.7398
      vertex 15.4336 -47.89 28.1506
      vertex 16.1679 -47.89 29.703
    endloop
  endfacet
  facet normal 0 -1 0
    outer loop
      vertex 13.5114 -47.89 27.372
      vertex 15.4336 -47.89 28.1506
      vertex 14.3312 -47.89 28.7398
    endloop
  endfacet
  facet normal 0 -1 0
    outer loop
      vertex 13.5114 -47.89 27.372
      vertex 14.5507 -47.89 26.6775
      vertex 15.4336 -47.89 28.1506
    endloop
  endfacet
  facet normal 0 -1 0
    outer loop
      vertex 12.5614 -47.89 26.0911
      vertex 14.5507 -47.89 26.6775
      vertex 13.5114 -47.89 27.372
    endloop
  endfacet
  facet normal 0 -1 0
    outer loop
      vertex 12.5614 -47.89 26.0911
      vertex 13.5277 -47.89 25.2981
      vertex 14.5507 -47.89 26.6775
    endloop
  endfacet
  facet normal 0 -1 0
    outer loop
      vertex 11.4905 -47.89 24.9095
      vertex 13.5277 -47.89 25.2981
      vertex 12.5614 -47.89 26.0911
    endloop
  endfacet
  facet normal 0 -1 0
    outer loop
      vertex 11.4905 -47.89 24.9095
      vertex 12.3744 -47.89 24.0256
      vertex 13.5277 -47.89 25.2981
    endloop
  endfacet
  facet normal 0 -1 0
    outer loop
      vertex 10.3089 -47.89 23.8386
      vertex 12.3744 -47.89 24.0256
      vertex 11.4905 -47.89 24.9095
    endloop
  endfacet
  facet normal 0 -1 0
    outer loop
      vertex 11.1019 -47.89 22.8723
      vertex 10.3089 -47.89 23.8386
      vertex 9.02802 -47.89 22.8886
    endloop
  endfacet
  facet normal 0 -1 0
    outer loop
      vertex 10.3089 -47.89 23.8386
      vertex 11.1019 -47.89 22.8723
      vertex 12.3744 -47.89 24.0256
    endloop
  endfacet
  facet normal 0 -1 0
    outer loop
      vertex 9.72248 -47.89 21.8493
      vertex 9.02802 -47.89 22.8886
      vertex 7.6602 -47.89 22.0688
    endloop
  endfacet
  facet normal 0 -1 0
    outer loop
      vertex 9.02802 -47.89 22.8886
      vertex 9.72248 -47.89 21.8493
      vertex 11.1019 -47.89 22.8723
    endloop
  endfacet
  facet normal 0 -1 0
    outer loop
      vertex 8.24944 -47.89 20.9664
      vertex 7.6602 -47.89 22.0688
      vertex 6.21861 -47.89 21.387
    endloop
  endfacet
  facet normal 0 -1 0
    outer loop
      vertex 7.6602 -47.89 22.0688
      vertex 8.24944 -47.89 20.9664
      vertex 9.72248 -47.89 21.8493
    endloop
  endfacet
  facet normal 0 -1 0
    outer loop
      vertex 6.69696 -47.89 20.2321
      vertex 6.21861 -47.89 21.387
      vertex 4.71713 -47.89 20.8497
    endloop
  endfacet
  facet normal 0 -1 0
    outer loop
      vertex 5.07998 -47.89 19.6535
      vertex 4.71713 -47.89 20.8497
      vertex 3.17022 -47.89 20.4622
    endloop
  endfacet
  facet normal 0 -1 0
    outer loop
      vertex 6.21861 -47.89 21.387
      vertex 6.69696 -47.89 20.2321
      vertex 8.24944 -47.89 20.9664
    endloop
  endfacet
  facet normal 0 -1 0
    outer loop
      vertex 3.41408 -47.89 19.2363
      vertex 3.17022 -47.89 20.4622
      vertex 1.59278 -47.89 20.2282
    endloop
  endfacet
  facet normal 0 -1 0
    outer loop
      vertex 1.7153 -47.89 18.9843
      vertex 1.59278 -47.89 20.2282
      vertex 0 -47.89 20.15
    endloop
  endfacet
  facet normal 0 -1 0
    outer loop
      vertex -1.7153 -47.89 18.9843
      vertex -1.59278 -47.89 20.2282
      vertex -3.41408 -47.89 19.2363
    endloop
  endfacet
  facet normal 0 -1 0
    outer loop
      vertex 4.71713 -47.89 20.8497
      vertex 5.07998 -47.89 19.6535
      vertex 6.69696 -47.89 20.2321
    endloop
  endfacet
  facet normal 0 -1 -0
    outer loop
      vertex -1.59278 -47.89 20.2282
      vertex -1.7153 -47.89 18.9843
      vertex 0 -47.89 20.15
    endloop
  endfacet
  facet normal 0 -1 0
    outer loop
      vertex 3.17022 -47.89 20.4622
      vertex 3.41408 -47.89 19.2363
      vertex 5.07998 -47.89 19.6535
    endloop
  endfacet
  facet normal 0 -1 0
    outer loop
      vertex 0 -47.89 18.9
      vertex 0 -47.89 20.15
      vertex -1.7153 -47.89 18.9843
    endloop
  endfacet
  facet normal 0 -1 0
    outer loop
      vertex 1.59278 -47.89 20.2282
      vertex 1.7153 -47.89 18.9843
      vertex 3.41408 -47.89 19.2363
    endloop
  endfacet
  facet normal 0 -1 0
    outer loop
      vertex 0 -47.89 20.15
      vertex 0 -47.89 18.9
      vertex 1.7153 -47.89 18.9843
    endloop
  endfacet
  facet normal 0.989176 -0 0.146734
    outer loop
      vertex -17.4157 -48.09 34.6847
      vertex -17.1637 -47.89 32.9859
      vertex -17.4157 -47.89 34.6847
    endloop
  endfacet
  facet normal 0.989176 0 0.146734
    outer loop
      vertex -17.1637 -47.89 32.9859
      vertex -17.4157 -48.09 34.6847
      vertex -17.1637 -48.09 32.9859
    endloop
  endfacet
  facet normal -0.487776 0.315892 -0.81381
    outer loop
      vertex 9.72248 -48.09 50.9507
      vertex 9.16691 -51.09 50.1192
      vertex 8.24944 -48.09 51.8336
    endloop
  endfacet
  facet normal -0.595681 0 -0.803221
    outer loop
      vertex 9.72248 -48.09 50.9507
      vertex 11.1019 -47.89 49.9277
      vertex 11.1019 -48.09 49.9277
    endloop
  endfacet
  facet normal -0.595681 0 -0.803221
    outer loop
      vertex 11.1019 -47.89 49.9277
      vertex 9.72248 -48.09 50.9507
      vertex 9.72248 -47.89 50.9507
    endloop
  endfacet
  facet normal -0.0465833 0.31589 -0.947652
    outer loop
      vertex 1.7153 -48.09 53.8157
      vertex 1.61728 -51.09 52.8205
      vertex 0 -51.09 52.9
    endloop
  endfacet
  facet normal 0.637162 0.315884 -0.703023
    outer loop
      vertex -11.1019 -48.09 49.9277
      vertex -10.4675 -51.09 49.1547
      vertex -11.6673 -51.09 48.0673
    endloop
  endfacet
  facet normal 0.487776 0.315892 -0.81381
    outer loop
      vertex -8.24944 -48.09 51.8336
      vertex -9.16691 -51.09 50.1192
      vertex -9.72248 -48.09 50.9507
    endloop
  endfacet
  facet normal 0.319637 0.3159 -0.89333
    outer loop
      vertex -5.07998 -48.09 53.1465
      vertex -4.7897 -51.09 52.1895
      vertex -6.31428 -51.09 51.644
    endloop
  endfacet
  facet normal 0.146736 0 -0.989176
    outer loop
      vertex -3.41408 -48.09 53.5637
      vertex -1.7153 -47.89 53.8157
      vertex -1.7153 -48.09 53.8157
    endloop
  endfacet
  facet normal 0.146736 0 -0.989176
    outer loop
      vertex -1.7153 -47.89 53.8157
      vertex -3.41408 -48.09 53.5637
      vertex -3.41408 -47.89 53.5637
    endloop
  endfacet
  facet normal -0.56518 0.315892 -0.762092
    outer loop
      vertex 9.72248 -48.09 50.9507
      vertex 11.1019 -48.09 49.9277
      vertex 9.16691 -51.09 50.1192
    endloop
  endfacet
  facet normal -0.70302 0.315884 -0.637166
    outer loop
      vertex 13.5277 -48.09 47.5019
      vertex 12.7547 -51.09 46.8675
      vertex 12.3744 -48.09 48.7744
    endloop
  endfacet
  facet normal -0.803217 0 -0.595687
    outer loop
      vertex 14.5507 -48.09 46.1225
      vertex 13.5277 -47.89 47.5019
      vertex 14.5507 -47.89 46.1225
    endloop
  endfacet
  facet normal -0.803217 -0 -0.595687
    outer loop
      vertex 13.5277 -47.89 47.5019
      vertex 14.5507 -48.09 46.1225
      vertex 13.5277 -48.09 47.5019
    endloop
  endfacet
  facet normal -0.941539 0 -0.336904
    outer loop
      vertex 16.7465 -48.09 41.48
      vertex 16.1679 -47.89 43.097
      vertex 16.7465 -47.89 41.48
    endloop
  endfacet
  facet normal -0.941539 -0 -0.336904
    outer loop
      vertex 16.1679 -47.89 43.097
      vertex 16.7465 -48.09 41.48
      vertex 16.1679 -48.09 43.097
    endloop
  endfacet
  facet normal -0.857739 0 -0.514085
    outer loop
      vertex 15.4336 -48.09 44.6494
      vertex 14.5507 -47.89 46.1225
      vertex 15.4336 -47.89 44.6494
    endloop
  endfacet
  facet normal -0.857739 -0 -0.514085
    outer loop
      vertex 14.5507 -47.89 46.1225
      vertex 15.4336 -48.09 44.6494
      vertex 14.5507 -48.09 46.1225
    endloop
  endfacet
  facet normal -0.893324 0.315902 -0.319652
    outer loop
      vertex 16.1679 -48.09 43.097
      vertex 16.7465 -48.09 41.48
      vertex 15.7895 -51.09 41.1897
    endloop
  endfacet
  facet normal -0.920369 0.315902 -0.230493
    outer loop
      vertex 16.7465 -48.09 41.48
      vertex 17.1637 -48.09 39.8141
      vertex 15.7895 -51.09 41.1897
    endloop
  endfacet
  facet normal -0.938535 0.315861 0.139222
    outer loop
      vertex 17.4157 -48.09 34.6847
      vertex 17.1637 -48.09 32.9859
      vertex 16.183 -51.09 33.181
    endloop
  endfacet
  facet normal -0.893334 0.315892 0.319634
    outer loop
      vertex 15.7895 -51.09 31.6103
      vertex 16.1679 -48.09 29.703
      vertex 15.244 -51.09 30.0857
    endloop
  endfacet
  facet normal -0.893324 0.315902 0.319652
    outer loop
      vertex 16.7465 -48.09 31.32
      vertex 16.1679 -48.09 29.703
      vertex 15.7895 -51.09 31.6103
    endloop
  endfacet
  facet normal -0.920362 0.315861 -0.230574
    outer loop
      vertex 17.1637 -48.09 39.8141
      vertex 16.183 -51.09 39.619
      vertex 15.7895 -51.09 41.1897
    endloop
  endfacet
  facet normal -0.947654 0.315885 0.0465733
    outer loop
      vertex 17.5 -48.09 36.4
      vertex 17.4157 -48.09 34.6847
      vertex 16.5 -51.09 36.4
    endloop
  endfacet
  facet normal 0.857686 0.315892 -0.405694
    outer loop
      vertex -15.4336 -48.09 44.6494
      vertex -15.244 -51.09 42.7143
      vertex -16.1679 -48.09 43.097
    endloop
  endfacet
  facet normal 0.893334 0.315892 -0.319634
    outer loop
      vertex -15.244 -51.09 42.7143
      vertex -15.7895 -51.09 41.1897
      vertex -16.1679 -48.09 43.097
    endloop
  endfacet
  facet normal 0.947652 0.315889 -0.0465828
    outer loop
      vertex -16.4205 -51.09 38.0173
      vertex -16.5 -51.09 36.4
      vertex -17.4157 -48.09 38.1153
    endloop
  endfacet
  facet normal 0 1 -0
    outer loop
      vertex 0.637111 -51.09 52.6187
      vertex 0 -51.09 52.9
      vertex 1.61728 -51.09 52.8205
    endloop
  endfacet
  facet normal 0 1 0
    outer loop
      vertex -0.637111 -51.09 52.6187
      vertex 0 -51.09 52.9
      vertex 0 -51.09 52.65
    endloop
  endfacet
  facet normal 0 1 0
    outer loop
      vertex 0 -51.09 52.9
      vertex 0.637111 -51.09 52.6187
      vertex 0 -51.09 52.65
    endloop
  endfacet
  facet normal 0 1 -0
    outer loop
      vertex 2.53924 -51.09 52.4314
      vertex 1.61728 -51.09 52.8205
      vertex 3.21899 -51.09 52.583
    endloop
  endfacet
  facet normal 0 1 0
    outer loop
      vertex 1.61728 -51.09 52.8205
      vertex 1.59278 -51.09 52.5718
      vertex 0.637111 -51.09 52.6187
    endloop
  endfacet
  facet normal 0 1 0
    outer loop
      vertex 1.61728 -51.09 52.8205
      vertex 2.53924 -51.09 52.4314
      vertex 1.59278 -51.09 52.5718
    endloop
  endfacet
  facet normal 0 1 0
    outer loop
      vertex 3.21899 -51.09 52.583
      vertex 3.17022 -51.09 52.3378
      vertex 2.53924 -51.09 52.4314
    endloop
  endfacet
  facet normal 0 1 -0
    outer loop
      vertex 3.78898 -51.09 52.1828
      vertex 3.21899 -51.09 52.583
      vertex 4.7897 -51.09 52.1895
    endloop
  endfacet
  facet normal 0 1 0
    outer loop
      vertex 3.21899 -51.09 52.583
      vertex 3.78898 -51.09 52.1828
      vertex 3.17022 -51.09 52.3378
    endloop
  endfacet
  facet normal 0 1 0
    outer loop
      vertex 4.7897 -51.09 52.1895
      vertex 4.71713 -51.09 51.9503
      vertex 3.78898 -51.09 52.1828
    endloop
  endfacet
  facet normal 0 1 0
    outer loop
      vertex 6.31428 -51.09 51.644
      vertex 4.71713 -51.09 51.9503
      vertex 4.7897 -51.09 52.1895
    endloop
  endfacet
  facet normal 0 1 0
    outer loop
      vertex 6.31428 -51.09 51.644
      vertex 6.21861 -51.09 51.413
      vertex 4.71713 -51.09 51.9503
    endloop
  endfacet
  facet normal 0 1 0
    outer loop
      vertex 7.77805 -51.09 50.9517
      vertex 6.21861 -51.09 51.413
      vertex 6.31428 -51.09 51.644
    endloop
  endfacet
  facet normal 0 1 0
    outer loop
      vertex 7.77805 -51.09 50.9517
      vertex 7.6602 -51.09 50.7312
      vertex 6.21861 -51.09 51.413
    endloop
  endfacet
  facet normal 0 1 0
    outer loop
      vertex 7.77805 -51.09 50.9517
      vertex 8.48089 -51.09 50.2393
      vertex 7.6602 -51.09 50.7312
    endloop
  endfacet
  facet normal 0 1 0
    outer loop
      vertex 9.16691 -51.09 50.1192
      vertex 8.48089 -51.09 50.2393
      vertex 7.77805 -51.09 50.9517
    endloop
  endfacet
  facet normal 0 1 0
    outer loop
      vertex 9.16691 -51.09 50.1192
      vertex 9.02802 -51.09 49.9114
      vertex 8.48089 -51.09 50.2393
    endloop
  endfacet
  facet normal 0 1 0
    outer loop
      vertex 10.4675 -51.09 49.1547
      vertex 9.02802 -51.09 49.9114
      vertex 9.16691 -51.09 50.1192
    endloop
  endfacet
  facet normal 0 1 0
    outer loop
      vertex 10.4675 -51.09 49.1547
      vertex 10.3089 -51.09 48.9614
      vertex 9.02802 -51.09 49.9114
    endloop
  endfacet
  facet normal 0 1 0
    outer loop
      vertex 11.6673 -51.09 48.0673
      vertex 10.3089 -51.09 48.9614
      vertex 10.4675 -51.09 49.1547
    endloop
  endfacet
  facet normal 0 1 0
    outer loop
      vertex 11.6673 -51.09 48.0673
      vertex 11.4905 -51.09 47.8905
      vertex 10.3089 -51.09 48.9614
    endloop
  endfacet
  facet normal 0 1 0
    outer loop
      vertex 12.7547 -51.09 46.8675
      vertex 11.4905 -51.09 47.8905
      vertex 11.6673 -51.09 48.0673
    endloop
  endfacet
  facet normal 0 1 0
    outer loop
      vertex 12.7547 -51.09 46.8675
      vertex 12.5614 -51.09 46.7089
      vertex 11.4905 -51.09 47.8905
    endloop
  endfacet
  facet normal 0 1 0
    outer loop
      vertex 13.7192 -51.09 45.5669
      vertex 12.5614 -51.09 46.7089
      vertex 12.7547 -51.09 46.8675
    endloop
  endfacet
  facet normal 0 1 0
    outer loop
      vertex 13.7192 -51.09 45.5669
      vertex 13.5114 -51.09 45.428
      vertex 12.5614 -51.09 46.7089
    endloop
  endfacet
  facet normal 0 1 0
    outer loop
      vertex 13.7192 -51.09 45.5669
      vertex 13.8393 -51.09 44.8809
      vertex 13.5114 -51.09 45.428
    endloop
  endfacet
  facet normal 0 1 0
    outer loop
      vertex 14.5517 -51.09 44.178
      vertex 13.8393 -51.09 44.8809
      vertex 13.7192 -51.09 45.5669
    endloop
  endfacet
  facet normal 0 1 0
    outer loop
      vertex 14.5517 -51.09 44.178
      vertex 14.3312 -51.09 44.0602
      vertex 13.8393 -51.09 44.8809
    endloop
  endfacet
  facet normal 0 1 0
    outer loop
      vertex 15.244 -51.09 42.7143
      vertex 14.3312 -51.09 44.0602
      vertex 14.5517 -51.09 44.178
    endloop
  endfacet
  facet normal 0 1 0
    outer loop
      vertex 15.244 -51.09 42.7143
      vertex 15.013 -51.09 42.6186
      vertex 14.3312 -51.09 44.0602
    endloop
  endfacet
  facet normal 0 1 0
    outer loop
      vertex 15.244 -51.09 42.7143
      vertex 15.3354 -51.09 41.7177
      vertex 15.013 -51.09 42.6186
    endloop
  endfacet
  facet normal 0 1 0
    outer loop
      vertex 15.7895 -51.09 41.1897
      vertex 15.3354 -51.09 41.7177
      vertex 15.244 -51.09 42.7143
    endloop
  endfacet
  facet normal 0 1 0
    outer loop
      vertex 15.7895 -51.09 41.1897
      vertex 15.5503 -51.09 41.1171
      vertex 15.3354 -51.09 41.7177
    endloop
  endfacet
  facet normal 0 1 0
    outer loop
      vertex 16.183 -51.09 39.619
      vertex 15.5503 -51.09 41.1171
      vertex 15.7895 -51.09 41.1897
    endloop
  endfacet
  facet normal 0 1 0
    outer loop
      vertex 16.183 -51.09 39.619
      vertex 15.9378 -51.09 39.5702
      vertex 15.5503 -51.09 41.1171
    endloop
  endfacet
  facet normal 0 1 0
    outer loop
      vertex 16.4205 -51.09 38.0173
      vertex 15.9378 -51.09 39.5702
      vertex 16.183 -51.09 39.619
    endloop
  endfacet
  facet normal 0 1 0
    outer loop
      vertex 16.4205 -51.09 38.0173
      vertex 16.1718 -51.09 37.9928
      vertex 15.9378 -51.09 39.5702
    endloop
  endfacet
  facet normal 0 1 0
    outer loop
      vertex 16.5 -51.09 36.4
      vertex 16.1718 -51.09 37.9928
      vertex 16.4205 -51.09 38.0173
    endloop
  endfacet
  facet normal 0 1 0
    outer loop
      vertex 16.5 -51.09 36.4
      vertex 16.25 -51.09 36.4
      vertex 16.1718 -51.09 37.9928
    endloop
  endfacet
  facet normal 0 1 0
    outer loop
      vertex 16.5 -51.09 36.4
      vertex 16.1718 -51.09 34.8072
      vertex 16.25 -51.09 36.4
    endloop
  endfacet
  facet normal 0 1 -0
    outer loop
      vertex 16.4205 -51.09 34.7827
      vertex 16.1718 -51.09 34.8072
      vertex 16.5 -51.09 36.4
    endloop
  endfacet
  facet normal 0 1 0
    outer loop
      vertex 16.4205 -51.09 34.7827
      vertex 15.9378 -51.09 33.2298
      vertex 16.1718 -51.09 34.8072
    endloop
  endfacet
  facet normal 0 1 -0
    outer loop
      vertex 16.183 -51.09 33.181
      vertex 15.9378 -51.09 33.2298
      vertex 16.4205 -51.09 34.7827
    endloop
  endfacet
  facet normal 0 1 0
    outer loop
      vertex 16.183 -51.09 33.181
      vertex 15.5503 -51.09 31.6829
      vertex 15.9378 -51.09 33.2298
    endloop
  endfacet
  facet normal 0 1 -0
    outer loop
      vertex 15.7895 -51.09 31.6103
      vertex 15.5503 -51.09 31.6829
      vertex 16.183 -51.09 33.181
    endloop
  endfacet
  facet normal 0 1 0
    outer loop
      vertex 15.7895 -51.09 31.6103
      vertex 15.013 -51.09 30.1814
      vertex 15.5503 -51.09 31.6829
    endloop
  endfacet
  facet normal 0 1 -0
    outer loop
      vertex 15.244 -51.09 30.0857
      vertex 15.013 -51.09 30.1814
      vertex 15.7895 -51.09 31.6103
    endloop
  endfacet
  facet normal 0 1 0
    outer loop
      vertex 15.244 -51.09 30.0857
      vertex 14.3312 -51.09 28.7398
      vertex 15.013 -51.09 30.1814
    endloop
  endfacet
  facet normal 0 1 -0
    outer loop
      vertex 14.5517 -51.09 28.622
      vertex 14.3312 -51.09 28.7398
      vertex 15.244 -51.09 30.0857
    endloop
  endfacet
  facet normal 0 1 0
    outer loop
      vertex 14.5517 -51.09 28.622
      vertex 13.5114 -51.09 27.372
      vertex 14.3312 -51.09 28.7398
    endloop
  endfacet
  facet normal 0 1 -0
    outer loop
      vertex 13.7192 -51.09 27.2331
      vertex 13.5114 -51.09 27.372
      vertex 14.5517 -51.09 28.622
    endloop
  endfacet
  facet normal 0 1 0
    outer loop
      vertex 13.7192 -51.09 27.2331
      vertex 12.5614 -51.09 26.0911
      vertex 13.5114 -51.09 27.372
    endloop
  endfacet
  facet normal 0 1 -0
    outer loop
      vertex 12.7547 -51.09 25.9325
      vertex 12.5614 -51.09 26.0911
      vertex 13.7192 -51.09 27.2331
    endloop
  endfacet
  facet normal 0 1 0
    outer loop
      vertex 12.7547 -51.09 25.9325
      vertex 11.4905 -51.09 24.9095
      vertex 12.5614 -51.09 26.0911
    endloop
  endfacet
  facet normal 0 1 -0
    outer loop
      vertex 11.6673 -51.09 24.7327
      vertex 11.4905 -51.09 24.9095
      vertex 12.7547 -51.09 25.9325
    endloop
  endfacet
  facet normal 0 1 0
    outer loop
      vertex 11.6673 -51.09 24.7327
      vertex 10.3089 -51.09 23.8386
      vertex 11.4905 -51.09 24.9095
    endloop
  endfacet
  facet normal 0 1 -0
    outer loop
      vertex 10.4675 -51.09 23.6453
      vertex 10.3089 -51.09 23.8386
      vertex 11.6673 -51.09 24.7327
    endloop
  endfacet
  facet normal 0 1 0
    outer loop
      vertex 10.4675 -51.09 23.6453
      vertex 9.02802 -51.09 22.8886
      vertex 10.3089 -51.09 23.8386
    endloop
  endfacet
  facet normal 0 1 -0
    outer loop
      vertex 9.16691 -51.09 22.6808
      vertex 9.02802 -51.09 22.8886
      vertex 10.4675 -51.09 23.6453
    endloop
  endfacet
  facet normal 0 1 0
    outer loop
      vertex 9.16691 -51.09 22.6808
      vertex 7.6602 -51.09 22.0688
      vertex 9.02802 -51.09 22.8886
    endloop
  endfacet
  facet normal 0 1 -0
    outer loop
      vertex 7.77805 -51.09 21.8483
      vertex 7.6602 -51.09 22.0688
      vertex 9.16691 -51.09 22.6808
    endloop
  endfacet
  facet normal 0 1 0
    outer loop
      vertex 7.77805 -51.09 21.8483
      vertex 6.21861 -51.09 21.387
      vertex 7.6602 -51.09 22.0688
    endloop
  endfacet
  facet normal 0 1 -0
    outer loop
      vertex 6.31428 -51.09 21.156
      vertex 6.21861 -51.09 21.387
      vertex 7.77805 -51.09 21.8483
    endloop
  endfacet
  facet normal 0 1 0
    outer loop
      vertex 6.31428 -51.09 21.156
      vertex 4.71713 -51.09 20.8497
      vertex 6.21861 -51.09 21.387
    endloop
  endfacet
  facet normal 0 1 -0
    outer loop
      vertex 4.7897 -51.09 20.6105
      vertex 4.71713 -51.09 20.8497
      vertex 6.31428 -51.09 21.156
    endloop
  endfacet
  facet normal 0 1 0
    outer loop
      vertex 4.7897 -51.09 20.6105
      vertex 3.17022 -51.09 20.4622
      vertex 4.71713 -51.09 20.8497
    endloop
  endfacet
  facet normal 0 1 -0
    outer loop
      vertex 3.21899 -51.09 20.217
      vertex 3.17022 -51.09 20.4622
      vertex 4.7897 -51.09 20.6105
    endloop
  endfacet
  facet normal 0 1 0
    outer loop
      vertex 3.17022 -51.09 20.4622
      vertex 3.21899 -51.09 20.217
      vertex 1.59278 -51.09 20.2282
    endloop
  endfacet
  facet normal 0 1 -0
    outer loop
      vertex 1.61728 -51.09 19.9795
      vertex 1.59278 -51.09 20.2282
      vertex 3.21899 -51.09 20.217
    endloop
  endfacet
  facet normal 0 1 0
    outer loop
      vertex 1.59278 -51.09 20.2282
      vertex 1.61728 -51.09 19.9795
      vertex 0 -51.09 20.15
    endloop
  endfacet
  facet normal 0 1 0
    outer loop
      vertex 0 -51.09 52.9
      vertex -0.637111 -51.09 52.6187
      vertex -1.61728 -51.09 52.8205
    endloop
  endfacet
  facet normal 0 1 -0
    outer loop
      vertex -1.59278 -51.09 52.5718
      vertex -1.61728 -51.09 52.8205
      vertex -0.637111 -51.09 52.6187
    endloop
  endfacet
  facet normal 0 1 0
    outer loop
      vertex -2.53924 -51.09 52.4314
      vertex -1.61728 -51.09 52.8205
      vertex -1.59278 -51.09 52.5718
    endloop
  endfacet
  facet normal 0 1 0
    outer loop
      vertex -1.61728 -51.09 52.8205
      vertex -2.53924 -51.09 52.4314
      vertex -3.21899 -51.09 52.583
    endloop
  endfacet
  facet normal 0 1 -0
    outer loop
      vertex -3.17022 -51.09 52.3378
      vertex -3.21899 -51.09 52.583
      vertex -2.53924 -51.09 52.4314
    endloop
  endfacet
  facet normal 0 1 0
    outer loop
      vertex -3.78898 -51.09 52.1828
      vertex -3.21899 -51.09 52.583
      vertex -3.17022 -51.09 52.3378
    endloop
  endfacet
  facet normal 0 1 0
    outer loop
      vertex -3.21899 -51.09 52.583
      vertex -3.78898 -51.09 52.1828
      vertex -4.7897 -51.09 52.1895
    endloop
  endfacet
  facet normal 0 1 -0
    outer loop
      vertex -4.71713 -51.09 51.9503
      vertex -4.7897 -51.09 52.1895
      vertex -3.78898 -51.09 52.1828
    endloop
  endfacet
  facet normal 0 1 0
    outer loop
      vertex -4.71713 -51.09 51.9503
      vertex -6.31428 -51.09 51.644
      vertex -4.7897 -51.09 52.1895
    endloop
  endfacet
  facet normal 0 1 -0
    outer loop
      vertex -6.21861 -51.09 51.413
      vertex -6.31428 -51.09 51.644
      vertex -4.71713 -51.09 51.9503
    endloop
  endfacet
  facet normal 0 1 0
    outer loop
      vertex -6.21861 -51.09 51.413
      vertex -7.77805 -51.09 50.9517
      vertex -6.31428 -51.09 51.644
    endloop
  endfacet
  facet normal 0 1 -0
    outer loop
      vertex -7.6602 -51.09 50.7312
      vertex -7.77805 -51.09 50.9517
      vertex -6.21861 -51.09 51.413
    endloop
  endfacet
  facet normal 0 1 0
    outer loop
      vertex -8.48089 -51.09 50.2393
      vertex -7.77805 -51.09 50.9517
      vertex -7.6602 -51.09 50.7312
    endloop
  endfacet
  facet normal 0 1 -0
    outer loop
      vertex -8.48089 -51.09 50.2393
      vertex -9.16691 -51.09 50.1192
      vertex -7.77805 -51.09 50.9517
    endloop
  endfacet
  facet normal 0 1 -0
    outer loop
      vertex -9.02802 -51.09 49.9114
      vertex -9.16691 -51.09 50.1192
      vertex -8.48089 -51.09 50.2393
    endloop
  endfacet
  facet normal 0 1 0
    outer loop
      vertex -9.02802 -51.09 49.9114
      vertex -10.4675 -51.09 49.1547
      vertex -9.16691 -51.09 50.1192
    endloop
  endfacet
  facet normal 0 1 -0
    outer loop
      vertex -10.3089 -51.09 48.9614
      vertex -10.4675 -51.09 49.1547
      vertex -9.02802 -51.09 49.9114
    endloop
  endfacet
  facet normal 0 1 0
    outer loop
      vertex -10.3089 -51.09 48.9614
      vertex -11.6673 -51.09 48.0673
      vertex -10.4675 -51.09 49.1547
    endloop
  endfacet
  facet normal 0 1 -0
    outer loop
      vertex -11.4905 -51.09 47.8905
      vertex -11.6673 -51.09 48.0673
      vertex -10.3089 -51.09 48.9614
    endloop
  endfacet
  facet normal 0 1 0
    outer loop
      vertex -11.4905 -51.09 47.8905
      vertex -12.7547 -51.09 46.8675
      vertex -11.6673 -51.09 48.0673
    endloop
  endfacet
  facet normal 0 1 -0
    outer loop
      vertex -12.5614 -51.09 46.7089
      vertex -12.7547 -51.09 46.8675
      vertex -11.4905 -51.09 47.8905
    endloop
  endfacet
  facet normal 0 1 0
    outer loop
      vertex -12.5614 -51.09 46.7089
      vertex -13.7192 -51.09 45.5669
      vertex -12.7547 -51.09 46.8675
    endloop
  endfacet
  facet normal 0 1 -0
    outer loop
      vertex -13.5114 -51.09 45.428
      vertex -13.7192 -51.09 45.5669
      vertex -12.5614 -51.09 46.7089
    endloop
  endfacet
  facet normal 0 1 0
    outer loop
      vertex -13.8393 -51.09 44.8809
      vertex -13.7192 -51.09 45.5669
      vertex -13.5114 -51.09 45.428
    endloop
  endfacet
  facet normal 0 1 -0
    outer loop
      vertex -13.8393 -51.09 44.8809
      vertex -14.5517 -51.09 44.178
      vertex -13.7192 -51.09 45.5669
    endloop
  endfacet
  facet normal 0 1 -0
    outer loop
      vertex -14.3312 -51.09 44.0602
      vertex -14.5517 -51.09 44.178
      vertex -13.8393 -51.09 44.8809
    endloop
  endfacet
  facet normal 0 1 0
    outer loop
      vertex -14.3312 -51.09 44.0602
      vertex -15.244 -51.09 42.7143
      vertex -14.5517 -51.09 44.178
    endloop
  endfacet
  facet normal 0 1 -0
    outer loop
      vertex -15.013 -51.09 42.6186
      vertex -15.244 -51.09 42.7143
      vertex -14.3312 -51.09 44.0602
    endloop
  endfacet
  facet normal 0 1 0
    outer loop
      vertex -15.3354 -51.09 41.7177
      vertex -15.244 -51.09 42.7143
      vertex -15.013 -51.09 42.6186
    endloop
  endfacet
  facet normal 0 1 -0
    outer loop
      vertex -15.3354 -51.09 41.7177
      vertex -15.7895 -51.09 41.1897
      vertex -15.244 -51.09 42.7143
    endloop
  endfacet
  facet normal 0 1 -0
    outer loop
      vertex -15.5503 -51.09 41.1171
      vertex -15.7895 -51.09 41.1897
      vertex -15.3354 -51.09 41.7177
    endloop
  endfacet
  facet normal 0 1 0
    outer loop
      vertex -15.5503 -51.09 41.1171
      vertex -16.183 -51.09 39.619
      vertex -15.7895 -51.09 41.1897
    endloop
  endfacet
  facet normal 0 1 -0
    outer loop
      vertex -15.9378 -51.09 39.5702
      vertex -16.183 -51.09 39.619
      vertex -15.5503 -51.09 41.1171
    endloop
  endfacet
  facet normal 0 1 0
    outer loop
      vertex -15.9378 -51.09 39.5702
      vertex -16.4205 -51.09 38.0173
      vertex -16.183 -51.09 39.619
    endloop
  endfacet
  facet normal 0 1 -0
    outer loop
      vertex -16.1718 -51.09 37.9928
      vertex -16.4205 -51.09 38.0173
      vertex -15.9378 -51.09 39.5702
    endloop
  endfacet
  facet normal 0 1 -0
    outer loop
      vertex -16.25 -51.09 36.4
      vertex -16.4205 -51.09 38.0173
      vertex -16.1718 -51.09 37.9928
    endloop
  endfacet
  facet normal 0 1 0
    outer loop
      vertex -16.25 -51.09 36.4
      vertex -16.5 -51.09 36.4
      vertex -16.4205 -51.09 38.0173
    endloop
  endfacet
  facet normal 0 1 0
    outer loop
      vertex -16.1718 -51.09 34.8072
      vertex -16.5 -51.09 36.4
      vertex -16.25 -51.09 36.4
    endloop
  endfacet
  facet normal 0 1 0
    outer loop
      vertex -16.1718 -51.09 34.8072
      vertex -16.4205 -51.09 34.7827
      vertex -16.5 -51.09 36.4
    endloop
  endfacet
  facet normal 0 1 0
    outer loop
      vertex -15.9378 -51.09 33.2298
      vertex -16.4205 -51.09 34.7827
      vertex -16.1718 -51.09 34.8072
    endloop
  endfacet
  facet normal 0 1 0
    outer loop
      vertex -15.9378 -51.09 33.2298
      vertex -16.183 -51.09 33.181
      vertex -16.4205 -51.09 34.7827
    endloop
  endfacet
  facet normal 0 1 0
    outer loop
      vertex -15.5503 -51.09 31.6829
      vertex -16.183 -51.09 33.181
      vertex -15.9378 -51.09 33.2298
    endloop
  endfacet
  facet normal 0 1 0
    outer loop
      vertex -15.5503 -51.09 31.6829
      vertex -15.7895 -51.09 31.6103
      vertex -16.183 -51.09 33.181
    endloop
  endfacet
  facet normal 0 1 0
    outer loop
      vertex -15.013 -51.09 30.1814
      vertex -15.7895 -51.09 31.6103
      vertex -15.5503 -51.09 31.6829
    endloop
  endfacet
  facet normal 0 1 0
    outer loop
      vertex -15.013 -51.09 30.1814
      vertex -15.244 -51.09 30.0857
      vertex -15.7895 -51.09 31.6103
    endloop
  endfacet
  facet normal 0 1 0
    outer loop
      vertex -14.3312 -51.09 28.7398
      vertex -15.244 -51.09 30.0857
      vertex -15.013 -51.09 30.1814
    endloop
  endfacet
  facet normal 0 1 0
    outer loop
      vertex -14.3312 -51.09 28.7398
      vertex -14.5517 -51.09 28.622
      vertex -15.244 -51.09 30.0857
    endloop
  endfacet
  facet normal 0 1 0
    outer loop
      vertex -13.5114 -51.09 27.372
      vertex -14.5517 -51.09 28.622
      vertex -14.3312 -51.09 28.7398
    endloop
  endfacet
  facet normal 0 1 0
    outer loop
      vertex -13.5114 -51.09 27.372
      vertex -13.7192 -51.09 27.2331
      vertex -14.5517 -51.09 28.622
    endloop
  endfacet
  facet normal 0 1 0
    outer loop
      vertex -12.5614 -51.09 26.0911
      vertex -13.7192 -51.09 27.2331
      vertex -13.5114 -51.09 27.372
    endloop
  endfacet
  facet normal 0 1 0
    outer loop
      vertex -12.5614 -51.09 26.0911
      vertex -12.7547 -51.09 25.9325
      vertex -13.7192 -51.09 27.2331
    endloop
  endfacet
  facet normal 0 1 0
    outer loop
      vertex -11.4905 -51.09 24.9095
      vertex -12.7547 -51.09 25.9325
      vertex -12.5614 -51.09 26.0911
    endloop
  endfacet
  facet normal 0 1 0
    outer loop
      vertex -11.4905 -51.09 24.9095
      vertex -11.6673 -51.09 24.7327
      vertex -12.7547 -51.09 25.9325
    endloop
  endfacet
  facet normal 0 1 0
    outer loop
      vertex -10.3089 -51.09 23.8386
      vertex -11.6673 -51.09 24.7327
      vertex -11.4905 -51.09 24.9095
    endloop
  endfacet
  facet normal 0 1 0
    outer loop
      vertex -10.3089 -51.09 23.8386
      vertex -10.4675 -51.09 23.6453
      vertex -11.6673 -51.09 24.7327
    endloop
  endfacet
  facet normal 0 1 0
    outer loop
      vertex -9.02802 -51.09 22.8886
      vertex -10.4675 -51.09 23.6453
      vertex -10.3089 -51.09 23.8386
    endloop
  endfacet
  facet normal 0 1 0
    outer loop
      vertex -9.02802 -51.09 22.8886
      vertex -9.16691 -51.09 22.6808
      vertex -10.4675 -51.09 23.6453
    endloop
  endfacet
  facet normal 0 1 0
    outer loop
      vertex -7.6602 -51.09 22.0688
      vertex -9.16691 -51.09 22.6808
      vertex -9.02802 -51.09 22.8886
    endloop
  endfacet
  facet normal 0 1 0
    outer loop
      vertex -7.6602 -51.09 22.0688
      vertex -7.77805 -51.09 21.8483
      vertex -9.16691 -51.09 22.6808
    endloop
  endfacet
  facet normal 0 1 0
    outer loop
      vertex -6.21861 -51.09 21.387
      vertex -7.77805 -51.09 21.8483
      vertex -7.6602 -51.09 22.0688
    endloop
  endfacet
  facet normal 0 1 0
    outer loop
      vertex -6.21861 -51.09 21.387
      vertex -6.31428 -51.09 21.156
      vertex -7.77805 -51.09 21.8483
    endloop
  endfacet
  facet normal 0 1 0
    outer loop
      vertex -4.71713 -51.09 20.8497
      vertex -6.31428 -51.09 21.156
      vertex -6.21861 -51.09 21.387
    endloop
  endfacet
  facet normal 0 1 0
    outer loop
      vertex -4.71713 -51.09 20.8497
      vertex -4.7897 -51.09 20.6105
      vertex -6.31428 -51.09 21.156
    endloop
  endfacet
  facet normal 0 1 0
    outer loop
      vertex -3.17022 -51.09 20.4622
      vertex -4.7897 -51.09 20.6105
      vertex -4.71713 -51.09 20.8497
    endloop
  endfacet
  facet normal 0 1 0
    outer loop
      vertex -3.21899 -51.09 20.217
      vertex -3.17022 -51.09 20.4622
      vertex -1.59278 -51.09 20.2282
    endloop
  endfacet
  facet normal 0 1 0
    outer loop
      vertex -3.17022 -51.09 20.4622
      vertex -3.21899 -51.09 20.217
      vertex -4.7897 -51.09 20.6105
    endloop
  endfacet
  facet normal 0 1 0
    outer loop
      vertex -1.61728 -51.09 19.9795
      vertex -1.59278 -51.09 20.2282
      vertex 0 -51.09 20.15
    endloop
  endfacet
  facet normal 0 1 0
    outer loop
      vertex 0 -51.09 19.9
      vertex 0 -51.09 20.15
      vertex 1.61728 -51.09 19.9795
    endloop
  endfacet
  facet normal 0 1 0
    outer loop
      vertex -1.59278 -51.09 20.2282
      vertex -1.61728 -51.09 19.9795
      vertex -3.21899 -51.09 20.217
    endloop
  endfacet
  facet normal 0 1 0
    outer loop
      vertex 0 -51.09 20.15
      vertex 0 -51.09 19.9
      vertex -1.61728 -51.09 19.9795
    endloop
  endfacet
  facet normal 0.487776 0.315892 0.81381
    outer loop
      vertex -9.16691 -51.09 22.6808
      vertex -8.24944 -48.09 20.9664
      vertex -9.72248 -48.09 21.8493
    endloop
  endfacet
  facet normal 0.565165 0.315892 0.762103
    outer loop
      vertex -9.16691 -51.09 22.6808
      vertex -9.72248 -48.09 21.8493
      vertex -10.4675 -51.09 23.6453
    endloop
  endfacet
  facet normal -0.595681 0 0.803221
    outer loop
      vertex 9.72248 -47.89 21.8493
      vertex 11.1019 -48.09 22.8723
      vertex 11.1019 -47.89 22.8723
    endloop
  endfacet
  facet normal -0.595681 0 0.803221
    outer loop
      vertex 11.1019 -48.09 22.8723
      vertex 9.72248 -47.89 21.8493
      vertex 9.72248 -48.09 21.8493
    endloop
  endfacet
  facet normal -0.242933 0 0.970043
    outer loop
      vertex 3.41408 -47.89 19.2363
      vertex 5.07998 -48.09 19.6535
      vertex 5.07998 -47.89 19.6535
    endloop
  endfacet
  facet normal -0.242933 0 0.970043
    outer loop
      vertex 5.07998 -48.09 19.6535
      vertex 3.41408 -47.89 19.2363
      vertex 3.41408 -48.09 19.2363
    endloop
  endfacet
  facet normal 0.0465732 0.31589 0.947652
    outer loop
      vertex -1.61728 -51.09 19.9795
      vertex 0 -48.09 18.9
      vertex -1.7153 -48.09 18.9843
    endloop
  endfacet
  facet normal 0.139165 0.31589 0.938534
    outer loop
      vertex -1.61728 -51.09 19.9795
      vertex -1.7153 -48.09 18.9843
      vertex -3.21899 -51.09 20.217
    endloop
  endfacet
  facet normal 0.336908 0 0.941538
    outer loop
      vertex -6.69696 -47.89 20.2321
      vertex -5.07998 -48.09 19.6535
      vertex -5.07998 -47.89 19.6535
    endloop
  endfacet
  facet normal 0.336908 0 0.941538
    outer loop
      vertex -5.07998 -48.09 19.6535
      vertex -6.69696 -47.89 20.2321
      vertex -6.69696 -48.09 20.2321
    endloop
  endfacet
  facet normal 0.405659 0.315879 0.857707
    outer loop
      vertex -7.77805 -51.09 21.8483
      vertex -6.31428 -51.09 21.156
      vertex -8.24944 -48.09 20.9664
    endloop
  endfacet
  facet normal 0.242933 0 0.970043
    outer loop
      vertex -5.07998 -47.89 19.6535
      vertex -3.41408 -48.09 19.2363
      vertex -3.41408 -47.89 19.2363
    endloop
  endfacet
  facet normal 0.242933 0 0.970043
    outer loop
      vertex -3.41408 -48.09 19.2363
      vertex -5.07998 -47.89 19.6535
      vertex -5.07998 -48.09 19.6535
    endloop
  endfacet
  facet normal 0.42757 0 0.903982
    outer loop
      vertex -8.24944 -47.89 20.9664
      vertex -6.69696 -48.09 20.2321
      vertex -6.69696 -47.89 20.2321
    endloop
  endfacet
  facet normal 0.42757 0 0.903982
    outer loop
      vertex -6.69696 -48.09 20.2321
      vertex -8.24944 -47.89 20.9664
      vertex -8.24944 -48.09 20.9664
    endloop
  endfacet
  facet normal 0.740959 -0 0.67155
    outer loop
      vertex -13.5277 -48.09 25.2981
      vertex -12.3744 -47.89 24.0256
      vertex -13.5277 -47.89 25.2981
    endloop
  endfacet
  facet normal 0.740959 0 0.67155
    outer loop
      vertex -12.3744 -47.89 24.0256
      vertex -13.5277 -48.09 25.2981
      vertex -12.3744 -48.09 24.0256
    endloop
  endfacet
  facet normal 0.813801 0.315897 0.487788
    outer loop
      vertex -13.7192 -51.09 27.2331
      vertex -14.5507 -48.09 26.6775
      vertex -14.5517 -51.09 28.622
    endloop
  endfacet
  facet normal 0.941539 -0 0.336904
    outer loop
      vertex -16.7465 -48.09 31.32
      vertex -16.1679 -47.89 29.703
      vertex -16.7465 -47.89 31.32
    endloop
  endfacet
  facet normal 0.941539 0 0.336904
    outer loop
      vertex -16.1679 -47.89 29.703
      vertex -16.7465 -48.09 31.32
      vertex -16.1679 -48.09 29.703
    endloop
  endfacet
  facet normal 0.938535 0.315861 -0.139222
    outer loop
      vertex -17.1637 -48.09 39.8141
      vertex -16.183 -51.09 39.619
      vertex -17.4157 -48.09 38.1153
    endloop
  endfacet
  facet normal 0.938534 0.315889 0.139166
    outer loop
      vertex -16.4205 -51.09 34.7827
      vertex -16.183 -51.09 33.181
      vertex -17.4157 -48.09 34.6847
    endloop
  endfacet
  facet normal 0.947654 0.315885 0.0465733
    outer loop
      vertex -16.5 -51.09 36.4
      vertex -17.4157 -48.09 34.6847
      vertex -17.5 -48.09 36.4
    endloop
  endfacet
  facet normal 0.998795 -0 0.0490867
    outer loop
      vertex -17.5 -48.09 36.4
      vertex -17.4157 -47.89 34.6847
      vertex -17.5 -47.89 36.4
    endloop
  endfacet
  facet normal 0.998795 0 0.0490867
    outer loop
      vertex -17.4157 -47.89 34.6847
      vertex -17.5 -48.09 36.4
      vertex -17.4157 -48.09 34.6847
    endloop
  endfacet
  facet normal -0.487802 0.315878 -0.8138
    outer loop
      vertex 8.24944 -48.09 51.8336
      vertex 9.16691 -51.09 50.1192
      vertex 7.77805 -51.09 50.9517
    endloop
  endfacet
  facet normal -0.405659 0.315879 -0.857707
    outer loop
      vertex 8.24944 -48.09 51.8336
      vertex 7.77805 -51.09 50.9517
      vertex 6.31428 -51.09 51.644
    endloop
  endfacet
  facet normal -0.565167 0.315883 -0.762105
    outer loop
      vertex 11.1019 -48.09 49.9277
      vertex 10.4675 -51.09 49.1547
      vertex 9.16691 -51.09 50.1192
    endloop
  endfacet
  facet normal -0.336908 0 -0.941538
    outer loop
      vertex 5.07998 -48.09 53.1465
      vertex 6.69696 -47.89 52.5679
      vertex 6.69696 -48.09 52.5679
    endloop
  endfacet
  facet normal -0.336908 0 -0.941538
    outer loop
      vertex 6.69696 -47.89 52.5679
      vertex 5.07998 -48.09 53.1465
      vertex 5.07998 -47.89 53.1465
    endloop
  endfacet
  facet normal -0.5141 0 -0.85773
    outer loop
      vertex 8.24944 -48.09 51.8336
      vertex 9.72248 -47.89 50.9507
      vertex 9.72248 -48.09 50.9507
    endloop
  endfacet
  facet normal -0.5141 0 -0.85773
    outer loop
      vertex 9.72248 -47.89 50.9507
      vertex 8.24944 -48.09 51.8336
      vertex 8.24944 -47.89 51.8336
    endloop
  endfacet
  facet normal 0.0465733 0.315885 -0.947654
    outer loop
      vertex 0 -48.09 53.9
      vertex 0 -51.09 52.9
      vertex -1.7153 -48.09 53.8157
    endloop
  endfacet
  facet normal -0.230569 0.315902 -0.92035
    outer loop
      vertex 5.07998 -48.09 53.1465
      vertex 4.7897 -51.09 52.1895
      vertex 3.21899 -51.09 52.583
    endloop
  endfacet
  facet normal 0.637166 0.315882 -0.703021
    outer loop
      vertex -11.1019 -48.09 49.9277
      vertex -11.6673 -51.09 48.0673
      vertex -12.3744 -48.09 48.7744
    endloop
  endfacet
  facet normal 0.487802 0.315878 -0.8138
    outer loop
      vertex -8.24944 -48.09 51.8336
      vertex -7.77805 -51.09 50.9517
      vertex -9.16691 -51.09 50.1192
    endloop
  endfacet
  facet normal 0.56518 0.315892 -0.762092
    outer loop
      vertex -9.72248 -48.09 50.9507
      vertex -9.16691 -51.09 50.1192
      vertex -11.1019 -48.09 49.9277
    endloop
  endfacet
  facet normal 0.405677 0.31589 -0.857695
    outer loop
      vertex -6.69696 -48.09 52.5679
      vertex -6.31428 -51.09 51.644
      vertex -8.24944 -48.09 51.8336
    endloop
  endfacet
  facet normal 0.230496 0.315862 -0.920382
    outer loop
      vertex -3.41408 -48.09 53.5637
      vertex -3.21899 -51.09 52.583
      vertex -5.07998 -48.09 53.1465
    endloop
  endfacet
  facet normal 0.242933 0 -0.970043
    outer loop
      vertex -5.07998 -48.09 53.1465
      vertex -3.41408 -47.89 53.5637
      vertex -3.41408 -48.09 53.5637
    endloop
  endfacet
  facet normal 0.242933 0 -0.970043
    outer loop
      vertex -3.41408 -47.89 53.5637
      vertex -5.07998 -48.09 53.1465
      vertex -5.07998 -47.89 53.1465
    endloop
  endfacet
  facet normal -0.76209 0.315883 -0.565187
    outer loop
      vertex 13.5277 -48.09 47.5019
      vertex 14.5507 -48.09 46.1225
      vertex 12.7547 -51.09 46.8675
    endloop
  endfacet
  facet normal -0.740959 0 -0.67155
    outer loop
      vertex 13.5277 -48.09 47.5019
      vertex 12.3744 -47.89 48.7744
      vertex 13.5277 -47.89 47.5019
    endloop
  endfacet
  facet normal -0.740959 -0 -0.67155
    outer loop
      vertex 12.3744 -47.89 48.7744
      vertex 13.5277 -48.09 47.5019
      vertex 12.3744 -48.09 48.7744
    endloop
  endfacet
  facet normal -0.637166 0.315882 -0.703021
    outer loop
      vertex 12.3744 -48.09 48.7744
      vertex 11.6673 -51.09 48.0673
      vertex 11.1019 -48.09 49.9277
    endloop
  endfacet
  facet normal -0.703024 0.315882 -0.637163
    outer loop
      vertex 12.3744 -48.09 48.7744
      vertex 12.7547 -51.09 46.8675
      vertex 11.6673 -51.09 48.0673
    endloop
  endfacet
  facet normal -0.813806 0.31588 -0.487791
    outer loop
      vertex 15.4336 -48.09 44.6494
      vertex 14.5517 -51.09 44.178
      vertex 13.7192 -51.09 45.5669
    endloop
  endfacet
  facet normal -0.857686 0.315892 -0.405694
    outer loop
      vertex 15.4336 -48.09 44.6494
      vertex 16.1679 -48.09 43.097
      vertex 15.244 -51.09 42.7143
    endloop
  endfacet
  facet normal -0.903974 0 -0.427588
    outer loop
      vertex 16.1679 -48.09 43.097
      vertex 15.4336 -47.89 44.6494
      vertex 16.1679 -47.89 43.097
    endloop
  endfacet
  facet normal -0.903974 -0 -0.427588
    outer loop
      vertex 15.4336 -47.89 44.6494
      vertex 16.1679 -48.09 43.097
      vertex 15.4336 -48.09 44.6494
    endloop
  endfacet
  facet normal -0.938534 0.315889 -0.139166
    outer loop
      vertex 17.4157 -48.09 38.1153
      vertex 16.4205 -51.09 38.0173
      vertex 16.183 -51.09 39.619
    endloop
  endfacet
  facet normal -0.970043 0 -0.242933
    outer loop
      vertex 17.1637 -48.09 39.8141
      vertex 16.7465 -47.89 41.48
      vertex 17.1637 -47.89 39.8141
    endloop
  endfacet
  facet normal -0.970043 -0 -0.242933
    outer loop
      vertex 16.7465 -47.89 41.48
      vertex 17.1637 -48.09 39.8141
      vertex 16.7465 -48.09 41.48
    endloop
  endfacet
  facet normal -0.947654 0.315885 -0.0465733
    outer loop
      vertex 17.4157 -48.09 38.1153
      vertex 17.5 -48.09 36.4
      vertex 16.5 -51.09 36.4
    endloop
  endfacet
  facet normal -0.938534 0.315889 0.139166
    outer loop
      vertex 16.4205 -51.09 34.7827
      vertex 17.4157 -48.09 34.6847
      vertex 16.183 -51.09 33.181
    endloop
  endfacet
  facet normal -0.947652 0.315889 0.0465828
    outer loop
      vertex 16.5 -51.09 36.4
      vertex 17.4157 -48.09 34.6847
      vertex 16.4205 -51.09 34.7827
    endloop
  endfacet
  facet normal 0.903974 0 -0.427588
    outer loop
      vertex -15.4336 -48.09 44.6494
      vertex -16.1679 -47.89 43.097
      vertex -15.4336 -47.89 44.6494
    endloop
  endfacet
  facet normal 0.903974 0 -0.427588
    outer loop
      vertex -16.1679 -47.89 43.097
      vertex -15.4336 -48.09 44.6494
      vertex -16.1679 -48.09 43.097
    endloop
  endfacet
  facet normal 0.893324 0.315902 -0.319652
    outer loop
      vertex -16.1679 -48.09 43.097
      vertex -15.7895 -51.09 41.1897
      vertex -16.7465 -48.09 41.48
    endloop
  endfacet
  facet normal 0.941539 0 -0.336904
    outer loop
      vertex -16.1679 -48.09 43.097
      vertex -16.7465 -47.89 41.48
      vertex -16.1679 -47.89 43.097
    endloop
  endfacet
  facet normal 0.941539 0 -0.336904
    outer loop
      vertex -16.7465 -47.89 41.48
      vertex -16.1679 -48.09 43.097
      vertex -16.7465 -48.09 41.48
    endloop
  endfacet
  facet normal 0.857699 0.31588 -0.405674
    outer loop
      vertex -14.5517 -51.09 44.178
      vertex -15.244 -51.09 42.7143
      vertex -15.4336 -48.09 44.6494
    endloop
  endfacet
  facet normal 0.67155 0 0.740959
    outer loop
      vertex -12.3744 -47.89 24.0256
      vertex -11.1019 -48.09 22.8723
      vertex -11.1019 -47.89 22.8723
    endloop
  endfacet
  facet normal 0.67155 0 0.740959
    outer loop
      vertex -11.1019 -48.09 22.8723
      vertex -12.3744 -47.89 24.0256
      vertex -12.3744 -48.09 24.0256
    endloop
  endfacet
  facet normal 0.565181 0.315883 0.762094
    outer loop
      vertex -10.4675 -51.09 23.6453
      vertex -9.72248 -48.09 21.8493
      vertex -11.1019 -48.09 22.8723
    endloop
  endfacet
  facet normal -0.230496 0.315862 0.920382
    outer loop
      vertex 5.07998 -48.09 19.6535
      vertex 3.41408 -48.09 19.2363
      vertex 3.21899 -51.09 20.217
    endloop
  endfacet
  facet normal -0.139224 0.315861 0.938535
    outer loop
      vertex 3.21899 -51.09 20.217
      vertex 3.41408 -48.09 19.2363
      vertex 1.7153 -48.09 18.9843
    endloop
  endfacet
  facet normal -0.0490867 0 0.998795
    outer loop
      vertex 0 -47.89 18.9
      vertex 1.7153 -48.09 18.9843
      vertex 1.7153 -47.89 18.9843
    endloop
  endfacet
  facet normal -0.0490867 0 0.998795
    outer loop
      vertex 1.7153 -48.09 18.9843
      vertex 0 -47.89 18.9
      vertex 0 -48.09 18.9
    endloop
  endfacet
  facet normal 0.0490867 0 0.998795
    outer loop
      vertex -1.7153 -47.89 18.9843
      vertex 0 -48.09 18.9
      vertex 0 -47.89 18.9
    endloop
  endfacet
  facet normal 0.0490867 0 0.998795
    outer loop
      vertex 0 -48.09 18.9
      vertex -1.7153 -47.89 18.9843
      vertex -1.7153 -48.09 18.9843
    endloop
  endfacet
  facet normal 0.139224 0.315861 0.938535
    outer loop
      vertex -3.21899 -51.09 20.217
      vertex -1.7153 -48.09 18.9843
      vertex -3.41408 -48.09 19.2363
    endloop
  endfacet
  facet normal 0.319637 0.3159 0.89333
    outer loop
      vertex -4.7897 -51.09 20.6105
      vertex -5.07998 -48.09 19.6535
      vertex -6.31428 -51.09 21.156
    endloop
  endfacet
  facet normal 0.230569 0.315902 0.92035
    outer loop
      vertex -4.7897 -51.09 20.6105
      vertex -3.21899 -51.09 20.217
      vertex -5.07998 -48.09 19.6535
    endloop
  endfacet
  facet normal 0.487802 0.315878 0.8138
    outer loop
      vertex -7.77805 -51.09 21.8483
      vertex -8.24944 -48.09 20.9664
      vertex -9.16691 -51.09 22.6808
    endloop
  endfacet
  facet normal 0.146736 0 0.989176
    outer loop
      vertex -3.41408 -47.89 19.2363
      vertex -1.7153 -48.09 18.9843
      vertex -1.7153 -47.89 18.9843
    endloop
  endfacet
  facet normal 0.146736 0 0.989176
    outer loop
      vertex -1.7153 -48.09 18.9843
      vertex -3.41408 -47.89 19.2363
      vertex -3.41408 -48.09 19.2363
    endloop
  endfacet
  facet normal 0.319657 0.31589 0.893327
    outer loop
      vertex -6.31428 -51.09 21.156
      vertex -5.07998 -48.09 19.6535
      vertex -6.69696 -48.09 20.2321
    endloop
  endfacet
  facet normal 0.405677 0.31589 0.857695
    outer loop
      vertex -6.31428 -51.09 21.156
      vertex -6.69696 -48.09 20.2321
      vertex -8.24944 -48.09 20.9664
    endloop
  endfacet
  facet normal 0.857696 0.315892 0.405672
    outer loop
      vertex -15.244 -51.09 30.0857
      vertex -14.5517 -51.09 28.622
      vertex -16.1679 -48.09 29.703
    endloop
  endfacet
  facet normal 0.703024 0.315882 0.637163
    outer loop
      vertex -11.6673 -51.09 24.7327
      vertex -12.3744 -48.09 24.0256
      vertex -12.7547 -51.09 25.9325
    endloop
  endfacet
  facet normal 0.903974 -0 0.427588
    outer loop
      vertex -16.1679 -48.09 29.703
      vertex -15.4336 -47.89 28.1506
      vertex -16.1679 -47.89 29.703
    endloop
  endfacet
  facet normal 0.903974 0 0.427588
    outer loop
      vertex -15.4336 -47.89 28.1506
      vertex -16.1679 -48.09 29.703
      vertex -15.4336 -48.09 28.1506
    endloop
  endfacet
  facet normal 0.970043 -0 0.242933
    outer loop
      vertex -17.1637 -48.09 32.9859
      vertex -16.7465 -47.89 31.32
      vertex -17.1637 -47.89 32.9859
    endloop
  endfacet
  facet normal 0.970043 0 0.242933
    outer loop
      vertex -16.7465 -47.89 31.32
      vertex -17.1637 -48.09 32.9859
      vertex -16.7465 -48.09 31.32
    endloop
  endfacet
  facet normal 0.920369 0.315902 0.230493
    outer loop
      vertex -15.7895 -51.09 31.6103
      vertex -16.7465 -48.09 31.32
      vertex -17.1637 -48.09 32.9859
    endloop
  endfacet
  facet normal -0.230496 0.315862 -0.920382
    outer loop
      vertex 3.41408 -48.09 53.5637
      vertex 5.07998 -48.09 53.1465
      vertex 3.21899 -51.09 52.583
    endloop
  endfacet
  facet normal -0.319657 0.31589 -0.893327
    outer loop
      vertex 6.69696 -48.09 52.5679
      vertex 6.31428 -51.09 51.644
      vertex 5.07998 -48.09 53.1465
    endloop
  endfacet
  facet normal -0.405677 0.31589 -0.857695
    outer loop
      vertex 6.69696 -48.09 52.5679
      vertex 8.24944 -48.09 51.8336
      vertex 6.31428 -51.09 51.644
    endloop
  endfacet
  facet normal -0.67155 0 -0.740959
    outer loop
      vertex 11.1019 -48.09 49.9277
      vertex 12.3744 -47.89 48.7744
      vertex 12.3744 -48.09 48.7744
    endloop
  endfacet
  facet normal -0.67155 0 -0.740959
    outer loop
      vertex 12.3744 -47.89 48.7744
      vertex 11.1019 -48.09 49.9277
      vertex 11.1019 -47.89 49.9277
    endloop
  endfacet
  facet normal -0.0465733 0.315885 -0.947654
    outer loop
      vertex 0 -48.09 53.9
      vertex 1.7153 -48.09 53.8157
      vertex 0 -51.09 52.9
    endloop
  endfacet
  facet normal 0.595681 0 -0.803221
    outer loop
      vertex -11.1019 -48.09 49.9277
      vertex -9.72248 -47.89 50.9507
      vertex -9.72248 -48.09 50.9507
    endloop
  endfacet
  facet normal 0.595681 0 -0.803221
    outer loop
      vertex -9.72248 -47.89 50.9507
      vertex -11.1019 -48.09 49.9277
      vertex -11.1019 -47.89 49.9277
    endloop
  endfacet
  facet normal 0.405659 0.315879 -0.857707
    outer loop
      vertex -6.31428 -51.09 51.644
      vertex -7.77805 -51.09 50.9517
      vertex -8.24944 -48.09 51.8336
    endloop
  endfacet
  facet normal 0.336908 0 -0.941538
    outer loop
      vertex -6.69696 -48.09 52.5679
      vertex -5.07998 -47.89 53.1465
      vertex -5.07998 -48.09 53.1465
    endloop
  endfacet
  facet normal 0.336908 0 -0.941538
    outer loop
      vertex -5.07998 -47.89 53.1465
      vertex -6.69696 -48.09 52.5679
      vertex -6.69696 -47.89 52.5679
    endloop
  endfacet
  facet normal 0.42757 0 -0.903982
    outer loop
      vertex -8.24944 -48.09 51.8336
      vertex -6.69696 -47.89 52.5679
      vertex -6.69696 -48.09 52.5679
    endloop
  endfacet
  facet normal 0.42757 0 -0.903982
    outer loop
      vertex -6.69696 -47.89 52.5679
      vertex -8.24944 -48.09 51.8336
      vertex -8.24944 -47.89 51.8336
    endloop
  endfacet
  facet normal 0.230569 0.315902 -0.92035
    outer loop
      vertex -3.21899 -51.09 52.583
      vertex -4.7897 -51.09 52.1895
      vertex -5.07998 -48.09 53.1465
    endloop
  endfacet
  facet normal -0.947652 0.315889 -0.0465828
    outer loop
      vertex 17.4157 -48.09 38.1153
      vertex 16.5 -51.09 36.4
      vertex 16.4205 -51.09 38.0173
    endloop
  endfacet
  facet normal -0.998795 0 0.0490867
    outer loop
      vertex 17.4157 -48.09 34.6847
      vertex 17.5 -47.89 36.4
      vertex 17.4157 -47.89 34.6847
    endloop
  endfacet
  facet normal -0.998795 0 0.0490867
    outer loop
      vertex 17.5 -47.89 36.4
      vertex 17.4157 -48.09 34.6847
      vertex 17.5 -48.09 36.4
    endloop
  endfacet
  facet normal -0.998795 0 -0.0490867
    outer loop
      vertex 17.5 -48.09 36.4
      vertex 17.4157 -47.89 38.1153
      vertex 17.5 -47.89 36.4
    endloop
  endfacet
  facet normal -0.998795 -0 -0.0490867
    outer loop
      vertex 17.4157 -47.89 38.1153
      vertex 17.5 -48.09 36.4
      vertex 17.4157 -48.09 38.1153
    endloop
  endfacet
  facet normal 0.989176 0 -0.146734
    outer loop
      vertex -17.1637 -48.09 39.8141
      vertex -17.4157 -47.89 38.1153
      vertex -17.1637 -47.89 39.8141
    endloop
  endfacet
  facet normal 0.989176 0 -0.146734
    outer loop
      vertex -17.4157 -47.89 38.1153
      vertex -17.1637 -48.09 39.8141
      vertex -17.4157 -48.09 38.1153
    endloop
  endfacet
  facet normal 0.5141 0 0.85773
    outer loop
      vertex -9.72248 -47.89 21.8493
      vertex -8.24944 -48.09 20.9664
      vertex -8.24944 -47.89 20.9664
    endloop
  endfacet
  facet normal 0.5141 0 0.85773
    outer loop
      vertex -8.24944 -48.09 20.9664
      vertex -9.72248 -47.89 21.8493
      vertex -9.72248 -48.09 21.8493
    endloop
  endfacet
  facet normal -0.319637 0.3159 0.89333
    outer loop
      vertex 6.31428 -51.09 21.156
      vertex 5.07998 -48.09 19.6535
      vertex 4.7897 -51.09 20.6105
    endloop
  endfacet
  facet normal -0.487776 0.315892 0.81381
    outer loop
      vertex 9.16691 -51.09 22.6808
      vertex 9.72248 -48.09 21.8493
      vertex 8.24944 -48.09 20.9664
    endloop
  endfacet
  facet normal -0.67155 0 0.740959
    outer loop
      vertex 11.1019 -47.89 22.8723
      vertex 12.3744 -48.09 24.0256
      vertex 12.3744 -47.89 24.0256
    endloop
  endfacet
  facet normal -0.67155 0 0.740959
    outer loop
      vertex 12.3744 -48.09 24.0256
      vertex 11.1019 -47.89 22.8723
      vertex 11.1019 -48.09 22.8723
    endloop
  endfacet
  facet normal -0.637166 0.315884 0.70302
    outer loop
      vertex 12.3744 -48.09 24.0256
      vertex 11.1019 -48.09 22.8723
      vertex 10.4675 -51.09 23.6453
    endloop
  endfacet
  facet normal -0.565181 0.315883 0.762094
    outer loop
      vertex 10.4675 -51.09 23.6453
      vertex 11.1019 -48.09 22.8723
      vertex 9.72248 -48.09 21.8493
    endloop
  endfacet
  facet normal -0.42757 0 0.903982
    outer loop
      vertex 6.69696 -47.89 20.2321
      vertex 8.24944 -48.09 20.9664
      vertex 8.24944 -47.89 20.9664
    endloop
  endfacet
  facet normal -0.42757 0 0.903982
    outer loop
      vertex 8.24944 -48.09 20.9664
      vertex 6.69696 -47.89 20.2321
      vertex 6.69696 -48.09 20.2321
    endloop
  endfacet
  facet normal -0.230569 0.315902 0.92035
    outer loop
      vertex 4.7897 -51.09 20.6105
      vertex 5.07998 -48.09 19.6535
      vertex 3.21899 -51.09 20.217
    endloop
  endfacet
  facet normal 0.0465834 0.315884 0.947653
    outer loop
      vertex 0 -51.09 19.9
      vertex 0 -48.09 18.9
      vertex -1.61728 -51.09 19.9795
    endloop
  endfacet
  facet normal -0.146736 0 0.989176
    outer loop
      vertex 1.7153 -47.89 18.9843
      vertex 3.41408 -48.09 19.2363
      vertex 3.41408 -47.89 19.2363
    endloop
  endfacet
  facet normal -0.146736 0 0.989176
    outer loop
      vertex 3.41408 -48.09 19.2363
      vertex 1.7153 -47.89 18.9843
      vertex 1.7153 -48.09 18.9843
    endloop
  endfacet
  facet normal 0.803217 -0 0.595687
    outer loop
      vertex -14.5507 -48.09 26.6775
      vertex -13.5277 -47.89 25.2981
      vertex -14.5507 -47.89 26.6775
    endloop
  endfacet
  facet normal 0.803217 0 0.595687
    outer loop
      vertex -13.5277 -47.89 25.2981
      vertex -14.5507 -48.09 26.6775
      vertex -13.5277 -48.09 25.2981
    endloop
  endfacet
  facet normal 0.762087 0.315897 0.565184
    outer loop
      vertex -13.7192 -51.09 27.2331
      vertex -13.5277 -48.09 25.2981
      vertex -14.5507 -48.09 26.6775
    endloop
  endfacet
  facet normal 0.857739 -0 0.514085
    outer loop
      vertex -15.4336 -48.09 28.1506
      vertex -14.5507 -47.89 26.6775
      vertex -15.4336 -47.89 28.1506
    endloop
  endfacet
  facet normal 0.857739 0 0.514085
    outer loop
      vertex -14.5507 -47.89 26.6775
      vertex -15.4336 -48.09 28.1506
      vertex -14.5507 -48.09 26.6775
    endloop
  endfacet
  facet normal 0.813822 0.31588 0.487763
    outer loop
      vertex -14.5517 -51.09 28.622
      vertex -14.5507 -48.09 26.6775
      vertex -15.4336 -48.09 28.1506
    endloop
  endfacet
  facet normal 0.938535 0.315861 0.139222
    outer loop
      vertex -16.183 -51.09 33.181
      vertex -17.1637 -48.09 32.9859
      vertex -17.4157 -48.09 34.6847
    endloop
  endfacet
  facet normal 0.920362 0.315861 0.230574
    outer loop
      vertex -16.183 -51.09 33.181
      vertex -15.7895 -51.09 31.6103
      vertex -17.1637 -48.09 32.9859
    endloop
  endfacet
  facet normal -0.319637 0.3159 -0.89333
    outer loop
      vertex 5.07998 -48.09 53.1465
      vertex 6.31428 -51.09 51.644
      vertex 4.7897 -51.09 52.1895
    endloop
  endfacet
  facet normal -0.42757 0 -0.903982
    outer loop
      vertex 6.69696 -48.09 52.5679
      vertex 8.24944 -47.89 51.8336
      vertex 8.24944 -48.09 51.8336
    endloop
  endfacet
  facet normal -0.42757 0 -0.903982
    outer loop
      vertex 8.24944 -47.89 51.8336
      vertex 6.69696 -48.09 52.5679
      vertex 6.69696 -47.89 52.5679
    endloop
  endfacet
  facet normal -0.242933 0 -0.970043
    outer loop
      vertex 3.41408 -48.09 53.5637
      vertex 5.07998 -47.89 53.1465
      vertex 5.07998 -48.09 53.1465
    endloop
  endfacet
  facet normal -0.242933 0 -0.970043
    outer loop
      vertex 5.07998 -47.89 53.1465
      vertex 3.41408 -48.09 53.5637
      vertex 3.41408 -47.89 53.5637
    endloop
  endfacet
  facet normal 0.0490867 0 -0.998795
    outer loop
      vertex -1.7153 -48.09 53.8157
      vertex 0 -47.89 53.9
      vertex 0 -48.09 53.9
    endloop
  endfacet
  facet normal 0.0490867 0 -0.998795
    outer loop
      vertex 0 -47.89 53.9
      vertex -1.7153 -48.09 53.8157
      vertex -1.7153 -47.89 53.8157
    endloop
  endfacet
  facet normal -0.139224 0.315861 -0.938535
    outer loop
      vertex 3.41408 -48.09 53.5637
      vertex 3.21899 -51.09 52.583
      vertex 1.7153 -48.09 53.8157
    endloop
  endfacet
  facet normal -0.146736 0 -0.989176
    outer loop
      vertex 1.7153 -48.09 53.8157
      vertex 3.41408 -47.89 53.5637
      vertex 3.41408 -48.09 53.5637
    endloop
  endfacet
  facet normal -0.146736 0 -0.989176
    outer loop
      vertex 3.41408 -47.89 53.5637
      vertex 1.7153 -48.09 53.8157
      vertex 1.7153 -47.89 53.8157
    endloop
  endfacet
  facet normal -0.487802 0.315878 0.8138
    outer loop
      vertex 9.16691 -51.09 22.6808
      vertex 8.24944 -48.09 20.9664
      vertex 7.77805 -51.09 21.8483
    endloop
  endfacet
  facet normal -0.405659 0.315879 0.857707
    outer loop
      vertex 7.77805 -51.09 21.8483
      vertex 8.24944 -48.09 20.9664
      vertex 6.31428 -51.09 21.156
    endloop
  endfacet
  facet normal -0.5141 0 0.85773
    outer loop
      vertex 8.24944 -47.89 20.9664
      vertex 9.72248 -48.09 21.8493
      vertex 9.72248 -47.89 21.8493
    endloop
  endfacet
  facet normal -0.5141 0 0.85773
    outer loop
      vertex 9.72248 -48.09 21.8493
      vertex 8.24944 -47.89 20.9664
      vertex 8.24944 -48.09 20.9664
    endloop
  endfacet
  facet normal -0.0465732 0.31589 0.947652
    outer loop
      vertex 1.61728 -51.09 19.9795
      vertex 1.7153 -48.09 18.9843
      vertex 0 -48.09 18.9
    endloop
  endfacet
  facet normal -0.0465834 0.315884 0.947653
    outer loop
      vertex 1.61728 -51.09 19.9795
      vertex 0 -48.09 18.9
      vertex 0 -51.09 19.9
    endloop
  endfacet
  facet normal -0.139165 0.31589 -0.938534
    outer loop
      vertex 1.7153 -48.09 53.8157
      vertex 3.21899 -51.09 52.583
      vertex 1.61728 -51.09 52.8205
    endloop
  endfacet
  facet normal 0.139224 0.315861 -0.938535
    outer loop
      vertex -1.7153 -48.09 53.8157
      vertex -3.21899 -51.09 52.583
      vertex -3.41408 -48.09 53.5637
    endloop
  endfacet
  facet normal 0.0465833 0.31589 -0.947652
    outer loop
      vertex 0 -51.09 52.9
      vertex -1.61728 -51.09 52.8205
      vertex -1.7153 -48.09 53.8157
    endloop
  endfacet
  facet normal -0.319657 0.31589 0.893327
    outer loop
      vertex 6.31428 -51.09 21.156
      vertex 6.69696 -48.09 20.2321
      vertex 5.07998 -48.09 19.6535
    endloop
  endfacet
  facet normal -0.336908 0 0.941538
    outer loop
      vertex 5.07998 -47.89 19.6535
      vertex 6.69696 -48.09 20.2321
      vertex 6.69696 -47.89 20.2321
    endloop
  endfacet
  facet normal -0.336908 0 0.941538
    outer loop
      vertex 6.69696 -48.09 20.2321
      vertex 5.07998 -47.89 19.6535
      vertex 5.07998 -48.09 19.6535
    endloop
  endfacet
  facet normal 0.139165 0.31589 -0.938534
    outer loop
      vertex -1.7153 -48.09 53.8157
      vertex -1.61728 -51.09 52.8205
      vertex -3.21899 -51.09 52.583
    endloop
  endfacet
endsolid OpenSCAD_Model
