solid OpenSCAD_Model
  facet normal 0.998795 0 -0.0490741
    outer loop
      vertex 15.75 10.86 36.4
      vertex 15.75 9.36 36.4
      vertex 15.6763 10.86 34.9
    endloop
  endfacet
  facet normal 0.998797 0 -0.0490405
    outer loop
      vertex 15.75 14.06 36.4
      vertex 15.6742 35.36 34.8562
      vertex 15.75 35.36 36.4
    endloop
  endfacet
  facet normal 0.998795 -2.44025e-06 -0.0490741
    outer loop
      vertex 15.6763 14.06 34.9
      vertex 15.6742 35.36 34.8562
      vertex 15.75 14.06 36.4
    endloop
  endfacet
  facet normal 0.998853 0 -0.0478902
    outer loop
      vertex 15.6742 9.36 34.8562
      vertex 15.6763 14.06 34.9
      vertex 15.6763 10.86 34.9
    endloop
  endfacet
  facet normal 0.998853 0 -0.0478902
    outer loop
      vertex 15.6763 14.06 34.9
      vertex 15.6742 9.36 34.8562
      vertex 15.6742 35.36 34.8562
    endloop
  endfacet
  facet normal 0.998797 3.36685e-05 -0.0490405
    outer loop
      vertex 15.6742 9.36 34.8562
      vertex 15.6763 10.86 34.9
      vertex 15.75 9.36 36.4
    endloop
  endfacet
  facet normal -0.998797 -2.37102e-06 -0.0490405
    outer loop
      vertex -15.6742 35.36 34.8562
      vertex -15.6763 14.06 34.9
      vertex -15.75 35.36 36.4
    endloop
  endfacet
  facet normal -0.998853 0 -0.0478902
    outer loop
      vertex -15.6742 9.36 34.8562
      vertex -15.6763 14.06 34.9
      vertex -15.6742 35.36 34.8562
    endloop
  endfacet
  facet normal -0.998853 -0 -0.0478902
    outer loop
      vertex -15.6763 14.06 34.9
      vertex -15.6742 9.36 34.8562
      vertex -15.6763 10.86 34.9
    endloop
  endfacet
  facet normal -0.998797 3.36685e-05 -0.0490405
    outer loop
      vertex -15.75 9.36 36.4
      vertex -15.6763 10.86 34.9
      vertex -15.6742 9.36 34.8562
    endloop
  endfacet
  facet normal -0.998795 0 -0.0490741
    outer loop
      vertex -15.6763 10.86 34.9
      vertex -15.75 9.36 36.4
      vertex -15.75 10.86 36.4
    endloop
  endfacet
  facet normal -0.998795 -0 -0.0490741
    outer loop
      vertex -15.75 35.36 36.4
      vertex -15.6763 14.06 34.9
      vertex -15.75 14.06 36.4
    endloop
  endfacet
  facet normal 0.0479229 0 -0.998851
    outer loop
      vertex 1.5 14.06 20.7237
      vertex 1.54377 9.36 20.7258
      vertex 1.5 10.86 20.7237
    endloop
  endfacet
  facet normal 0.0490415 3.27155e-05 -0.998797
    outer loop
      vertex 0 9.36 20.65
      vertex 1.5 10.86 20.7237
      vertex 1.54377 9.36 20.7258
    endloop
  endfacet
  facet normal 0.0490741 0 -0.998795
    outer loop
      vertex 1.5 10.86 20.7237
      vertex 0 9.36 20.65
      vertex 0 10.86 20.65
    endloop
  endfacet
  facet normal 0.0479229 0 -0.998851
    outer loop
      vertex 1.54377 9.36 20.7258
      vertex 1.5 14.06 20.7237
      vertex 1.54377 35.36 20.7258
    endloop
  endfacet
  facet normal 0.0490741 -2.37113e-06 -0.998795
    outer loop
      vertex 0 14.06 20.65
      vertex 1.54377 35.36 20.7258
      vertex 1.5 14.06 20.7237
    endloop
  endfacet
  facet normal 0.0490415 0 -0.998797
    outer loop
      vertex 1.54377 35.36 20.7258
      vertex 0 14.06 20.65
      vertex 0 35.36 20.65
    endloop
  endfacet
  facet normal 0.740935 3.85089e-06 -0.671577
    outer loop
      vertex 12.1749 35.36 26.4083
      vertex 11.5404 22.86 25.7082
      vertex 11.1369 35.36 25.2631
    endloop
  endfacet
  facet normal 0.740969 0 -0.671539
    outer loop
      vertex 12.1749 9.36 26.4083
      vertex 11.5404 22.86 25.7082
      vertex 12.1749 35.36 26.4083
    endloop
  endfacet
  facet normal 0.740969 0 -0.671539
    outer loop
      vertex 11.5404 22.86 25.7082
      vertex 12.1749 9.36 26.4083
      vertex 11.5404 9.36 25.7082
    endloop
  endfacet
  facet normal 0.740881 0 -0.671637
    outer loop
      vertex 11.1369 35.36 25.2631
      vertex 11.5404 22.86 25.7082
      vertex 11.1369 22.86 25.2631
    endloop
  endfacet
  facet normal -0.671534 -0 -0.740974
    outer loop
      vertex -10.6918 22.86 24.8596
      vertex -9.99169 9.36 24.2251
      vertex -10.6918 9.36 24.8596
    endloop
  endfacet
  facet normal -0.671534 0 -0.740974
    outer loop
      vertex -9.99169 9.36 24.2251
      vertex -10.6918 22.86 24.8596
      vertex -9.99169 35.36 24.2251
    endloop
  endfacet
  facet normal -0.671637 -0 -0.740881
    outer loop
      vertex -11.1369 35.36 25.2631
      vertex -10.6918 22.86 24.8596
      vertex -11.1369 22.86 25.2631
    endloop
  endfacet
  facet normal -0.671574 4.05972e-06 -0.740938
    outer loop
      vertex -10.6918 22.86 24.8596
      vertex -11.1369 35.36 25.2631
      vertex -9.99169 35.36 24.2251
    endloop
  endfacet
  facet normal -0.336886 0 -0.941546
    outer loop
      vertex -6.02726 9.36 21.8489
      vertex -4.57198 35.36 21.3282
      vertex -4.57198 9.36 21.3282
    endloop
  endfacet
  facet normal -0.336886 0 -0.941546
    outer loop
      vertex -4.57198 35.36 21.3282
      vertex -6.02726 9.36 21.8489
      vertex -6.02726 35.36 21.8489
    endloop
  endfacet
  facet normal 0.903996 0 -0.427541
    outer loop
      vertex 14.5511 9.36 30.3727
      vertex 13.8903 35.36 28.9755
      vertex 14.5511 35.36 30.3727
    endloop
  endfacet
  facet normal 0.903996 0 -0.427541
    outer loop
      vertex 13.8903 35.36 28.9755
      vertex 14.5511 9.36 30.3727
      vertex 13.8903 9.36 28.9755
    endloop
  endfacet
  facet normal 0.427531 0 -0.904001
    outer loop
      vertex 6.02726 9.36 21.8489
      vertex 7.4245 35.36 22.5097
      vertex 7.4245 9.36 22.5097
    endloop
  endfacet
  facet normal 0.427531 0 -0.904001
    outer loop
      vertex 7.4245 35.36 22.5097
      vertex 6.02726 9.36 21.8489
      vertex 6.02726 35.36 21.8489
    endloop
  endfacet
  facet normal 0.595687 0 -0.803217
    outer loop
      vertex 8.75023 9.36 23.3044
      vertex 9.99169 35.36 24.2251
      vertex 9.99169 9.36 24.2251
    endloop
  endfacet
  facet normal 0.595687 0 -0.803217
    outer loop
      vertex 9.99169 35.36 24.2251
      vertex 8.75023 9.36 23.3044
      vertex 8.75023 35.36 23.3044
    endloop
  endfacet
  facet normal -0.903996 0 -0.427541
    outer loop
      vertex -13.8903 9.36 28.9755
      vertex -14.5511 35.36 30.3727
      vertex -13.8903 35.36 28.9755
    endloop
  endfacet
  facet normal -0.903996 -0 -0.427541
    outer loop
      vertex -14.5511 35.36 30.3727
      vertex -13.8903 9.36 28.9755
      vertex -14.5511 9.36 30.3727
    endloop
  endfacet
  facet normal -0.146736 0 -0.989176
    outer loop
      vertex -3.07267 9.36 20.9526
      vertex -1.54377 35.36 20.7258
      vertex -1.54377 9.36 20.7258
    endloop
  endfacet
  facet normal -0.146736 0 -0.989176
    outer loop
      vertex -1.54377 35.36 20.7258
      vertex -3.07267 9.36 20.9526
      vertex -3.07267 35.36 20.9526
    endloop
  endfacet
  facet normal 0.970038 0 0.242954
    outer loop
      vertex 15.0718 35.36 40.972
      vertex 15.0718 9.36 40.972
      vertex 15.222 35.36 40.3723
    endloop
  endfacet
  facet normal 0.970024 1.30542e-06 0.243008
    outer loop
      vertex 15.4474 9.36 39.4727
      vertex 15.222 35.36 40.3723
      vertex 15.0718 9.36 40.972
    endloop
  endfacet
  facet normal 0.970016 0 0.243043
    outer loop
      vertex 15.222 35.36 40.3723
      vertex 15.4474 9.36 39.4727
      vertex 15.4474 35.36 39.4727
    endloop
  endfacet
  facet normal 0 -1 0
    outer loop
      vertex 10.2676 9.36 45.819
      vertex 12.1749 9.36 46.3917
      vertex 11.5404 9.36 47.0918
    endloop
  endfacet
  facet normal 0 -1 0
    outer loop
      vertex 10.7835 9.36 45.2498
      vertex 12.1749 9.36 46.3917
      vertex 10.2676 9.36 45.819
    endloop
  endfacet
  facet normal 0 -1 0
    outer loop
      vertex 11.1097 9.36 44.81
      vertex 12.1749 9.36 46.3917
      vertex 10.7835 9.36 45.2498
    endloop
  endfacet
  facet normal 0 -1 -0
    outer loop
      vertex 12.1749 9.36 46.3917
      vertex 11.1097 9.36 44.81
      vertex 13.0956 9.36 45.1502
    endloop
  endfacet
  facet normal 0 -1 0
    outer loop
      vertex 11.599 9.36 44.1502
      vertex 13.0956 9.36 45.1502
      vertex 11.1097 9.36 44.81
    endloop
  endfacet
  facet normal 0 -1 0
    outer loop
      vertex 12.0213 9.36 43.4457
      vertex 13.0956 9.36 45.1502
      vertex 11.599 9.36 44.1502
    endloop
  endfacet
  facet normal 0 -1 -0
    outer loop
      vertex 13.0956 9.36 45.1502
      vertex 12.0213 9.36 43.4457
      vertex 13.8903 9.36 43.8245
    endloop
  endfacet
  facet normal 0 -1 0
    outer loop
      vertex 12.3028 9.36 42.976
      vertex 13.8903 9.36 43.8245
      vertex 12.0213 9.36 43.4457
    endloop
  endfacet
  facet normal 0 -1 0
    outer loop
      vertex 12.5369 9.36 42.481
      vertex 13.8903 9.36 43.8245
      vertex 12.3028 9.36 42.976
    endloop
  endfacet
  facet normal 0 -1 0
    outer loop
      vertex 12.5369 9.36 42.481
      vertex 14.5511 9.36 42.4273
      vertex 13.8903 9.36 43.8245
    endloop
  endfacet
  facet normal 0 -1 0
    outer loop
      vertex 12.8881 9.36 41.7384
      vertex 14.5511 9.36 42.4273
      vertex 12.5369 9.36 42.481
    endloop
  endfacet
  facet normal 0 -1 0
    outer loop
      vertex 13.1648 9.36 40.9651
      vertex 14.5511 9.36 42.4273
      vertex 12.8881 9.36 41.7384
    endloop
  endfacet
  facet normal 0 -1 -0
    outer loop
      vertex 14.5511 9.36 42.4273
      vertex 13.1648 9.36 40.9651
      vertex 15.0718 9.36 40.972
    endloop
  endfacet
  facet normal 0 -1 0
    outer loop
      vertex 13.3493 9.36 40.4495
      vertex 15.0718 9.36 40.972
      vertex 13.1648 9.36 40.9651
    endloop
  endfacet
  facet normal 0 -1 0
    outer loop
      vertex 13.3493 9.36 40.4495
      vertex 15.4474 9.36 39.4727
      vertex 15.0718 9.36 40.972
    endloop
  endfacet
  facet normal 0 -1 0
    outer loop
      vertex 13.682 9.36 39.1215
      vertex 15.4474 9.36 39.4727
      vertex 13.3493 9.36 40.4495
    endloop
  endfacet
  facet normal 0 -1 0
    outer loop
      vertex 13.7623 9.36 38.5798
      vertex 15.4474 9.36 39.4727
      vertex 13.682 9.36 39.1215
    endloop
  endfacet
  facet normal 0 -1 0
    outer loop
      vertex 13.7623 9.36 38.5798
      vertex 15.6742 9.36 37.9438
      vertex 15.4474 9.36 39.4727
    endloop
  endfacet
  facet normal 0 -1 0
    outer loop
      vertex 13.8828 9.36 37.7673
      vertex 15.6742 9.36 37.9438
      vertex 13.7623 9.36 38.5798
    endloop
  endfacet
  facet normal 0 -1 0
    outer loop
      vertex 13.9231 9.36 36.9469
      vertex 15.6742 9.36 37.9438
      vertex 13.8828 9.36 37.7673
    endloop
  endfacet
  facet normal 0 -1 0
    outer loop
      vertex 15.75 9.36 36.4
      vertex 13.9231 9.36 36.9469
      vertex 13.95 9.36 36.4
    endloop
  endfacet
  facet normal 0 -1 0
    outer loop
      vertex 13.9231 9.36 36.9469
      vertex 15.75 9.36 36.4
      vertex 15.6742 9.36 37.9438
    endloop
  endfacet
  facet normal 0 -1 0
    outer loop
      vertex 13.8828 9.36 35.0327
      vertex 15.75 9.36 36.4
      vertex 13.95 9.36 36.4
    endloop
  endfacet
  facet normal 0 -1 0
    outer loop
      vertex 13.8828 9.36 35.0327
      vertex 15.6742 9.36 34.8562
      vertex 15.75 9.36 36.4
    endloop
  endfacet
  facet normal 0 -1 0
    outer loop
      vertex 13.682 9.36 33.6785
      vertex 15.6742 9.36 34.8562
      vertex 13.8828 9.36 35.0327
    endloop
  endfacet
  facet normal 0 -1 0
    outer loop
      vertex 13.682 9.36 33.6785
      vertex 15.4474 9.36 33.3273
      vertex 15.6742 9.36 34.8562
    endloop
  endfacet
  facet normal 0 -1 0
    outer loop
      vertex 13.3493 9.36 32.3505
      vertex 15.4474 9.36 33.3273
      vertex 13.682 9.36 33.6785
    endloop
  endfacet
  facet normal 0 -1 0
    outer loop
      vertex 13.3493 9.36 32.3505
      vertex 15.0718 9.36 31.828
      vertex 15.4474 9.36 33.3273
    endloop
  endfacet
  facet normal 0 -1 0
    outer loop
      vertex 12.8881 9.36 31.0616
      vertex 15.0718 9.36 31.828
      vertex 13.3493 9.36 32.3505
    endloop
  endfacet
  facet normal 0 -1 0
    outer loop
      vertex 12.8881 9.36 31.0616
      vertex 14.5511 9.36 30.3727
      vertex 15.0718 9.36 31.828
    endloop
  endfacet
  facet normal 0 -1 0
    outer loop
      vertex 12.3028 9.36 29.824
      vertex 14.5511 9.36 30.3727
      vertex 12.8881 9.36 31.0616
    endloop
  endfacet
  facet normal 0 -1 0
    outer loop
      vertex 12.3028 9.36 29.824
      vertex 13.8903 9.36 28.9755
      vertex 14.5511 9.36 30.3727
    endloop
  endfacet
  facet normal 0 -1 0
    outer loop
      vertex 11.599 9.36 28.6498
      vertex 13.8903 9.36 28.9755
      vertex 12.3028 9.36 29.824
    endloop
  endfacet
  facet normal 0 -1 0
    outer loop
      vertex 11.599 9.36 28.6498
      vertex 13.0956 9.36 27.6498
      vertex 13.8903 9.36 28.9755
    endloop
  endfacet
  facet normal 0 -1 0
    outer loop
      vertex 10.7835 9.36 27.5502
      vertex 13.0956 9.36 27.6498
      vertex 11.599 9.36 28.6498
    endloop
  endfacet
  facet normal 0 -1 0
    outer loop
      vertex 12.1749 9.36 26.4083
      vertex 10.7835 9.36 27.5502
      vertex 10.2676 9.36 26.981
    endloop
  endfacet
  facet normal 0 -1 0
    outer loop
      vertex 10.7835 9.36 27.5502
      vertex 12.1749 9.36 26.4083
      vertex 13.0956 9.36 27.6498
    endloop
  endfacet
  facet normal -0 -1 0
    outer loop
      vertex 12.1749 9.36 26.4083
      vertex 10.2676 9.36 26.981
      vertex 11.5404 9.36 25.7082
    endloop
  endfacet
  facet normal 0 -1 0
    outer loop
      vertex -12.1749 9.36 46.3917
      vertex -10.2676 9.36 45.819
      vertex -11.5404 9.36 47.0918
    endloop
  endfacet
  facet normal 0 -1 0
    outer loop
      vertex -12.1749 9.36 46.3917
      vertex -10.7835 9.36 45.2498
      vertex -10.2676 9.36 45.819
    endloop
  endfacet
  facet normal 0 -1 0
    outer loop
      vertex -11.1097 9.36 44.81
      vertex -12.1749 9.36 46.3917
      vertex -13.0956 9.36 45.1502
    endloop
  endfacet
  facet normal 0 -1 0
    outer loop
      vertex -12.1749 9.36 46.3917
      vertex -11.1097 9.36 44.81
      vertex -10.7835 9.36 45.2498
    endloop
  endfacet
  facet normal 0 -1 0
    outer loop
      vertex -13.0956 9.36 45.1502
      vertex -11.599 9.36 44.1502
      vertex -11.1097 9.36 44.81
    endloop
  endfacet
  facet normal 0 -1 0
    outer loop
      vertex -12.0213 9.36 43.4457
      vertex -13.0956 9.36 45.1502
      vertex -13.8903 9.36 43.8245
    endloop
  endfacet
  facet normal 0 -1 0
    outer loop
      vertex -13.0956 9.36 45.1502
      vertex -12.0213 9.36 43.4457
      vertex -11.599 9.36 44.1502
    endloop
  endfacet
  facet normal 0 -1 0
    outer loop
      vertex -13.8903 9.36 43.8245
      vertex -12.3028 9.36 42.976
      vertex -12.0213 9.36 43.4457
    endloop
  endfacet
  facet normal 0 -1 0
    outer loop
      vertex -13.8903 9.36 43.8245
      vertex -12.5369 9.36 42.481
      vertex -12.3028 9.36 42.976
    endloop
  endfacet
  facet normal 0 -1 0
    outer loop
      vertex -14.5511 9.36 42.4273
      vertex -12.5369 9.36 42.481
      vertex -13.8903 9.36 43.8245
    endloop
  endfacet
  facet normal 0 -1 0
    outer loop
      vertex -14.5511 9.36 42.4273
      vertex -12.8881 9.36 41.7384
      vertex -12.5369 9.36 42.481
    endloop
  endfacet
  facet normal 0 -1 0
    outer loop
      vertex -13.1648 9.36 40.9651
      vertex -14.5511 9.36 42.4273
      vertex -15.0718 9.36 40.972
    endloop
  endfacet
  facet normal 0 -1 0
    outer loop
      vertex -14.5511 9.36 42.4273
      vertex -13.1648 9.36 40.9651
      vertex -12.8881 9.36 41.7384
    endloop
  endfacet
  facet normal 0 -1 0
    outer loop
      vertex -15.0718 9.36 40.972
      vertex -13.3493 9.36 40.4495
      vertex -13.1648 9.36 40.9651
    endloop
  endfacet
  facet normal 0 -1 0
    outer loop
      vertex -15.4474 9.36 39.4727
      vertex -13.3493 9.36 40.4495
      vertex -15.0718 9.36 40.972
    endloop
  endfacet
  facet normal 0 -1 0
    outer loop
      vertex -15.4474 9.36 39.4727
      vertex -13.682 9.36 39.1215
      vertex -13.3493 9.36 40.4495
    endloop
  endfacet
  facet normal 0 -1 0
    outer loop
      vertex -15.4474 9.36 39.4727
      vertex -13.7623 9.36 38.5798
      vertex -13.682 9.36 39.1215
    endloop
  endfacet
  facet normal 0 -1 0
    outer loop
      vertex -15.6742 9.36 37.9438
      vertex -13.7623 9.36 38.5798
      vertex -15.4474 9.36 39.4727
    endloop
  endfacet
  facet normal 0 -1 0
    outer loop
      vertex -15.6742 9.36 37.9438
      vertex -13.8828 9.36 37.7673
      vertex -13.7623 9.36 38.5798
    endloop
  endfacet
  facet normal 0 -1 0
    outer loop
      vertex -15.6742 9.36 37.9438
      vertex -13.9231 9.36 36.9469
      vertex -13.8828 9.36 37.7673
    endloop
  endfacet
  facet normal 0 -1 0
    outer loop
      vertex -15.75 9.36 36.4
      vertex -13.9231 9.36 36.9469
      vertex -15.6742 9.36 37.9438
    endloop
  endfacet
  facet normal 0 -1 0
    outer loop
      vertex -15.75 9.36 36.4
      vertex -13.95 9.36 36.4
      vertex -13.9231 9.36 36.9469
    endloop
  endfacet
  facet normal 0 -1 0
    outer loop
      vertex -15.75 9.36 36.4
      vertex -13.8828 9.36 35.0327
      vertex -13.95 9.36 36.4
    endloop
  endfacet
  facet normal 0 -1 0
    outer loop
      vertex -15.6742 9.36 34.8562
      vertex -13.8828 9.36 35.0327
      vertex -15.75 9.36 36.4
    endloop
  endfacet
  facet normal 0 -1 0
    outer loop
      vertex -15.6742 9.36 34.8562
      vertex -13.682 9.36 33.6785
      vertex -13.8828 9.36 35.0327
    endloop
  endfacet
  facet normal 0 -1 0
    outer loop
      vertex -15.4474 9.36 33.3273
      vertex -13.682 9.36 33.6785
      vertex -15.6742 9.36 34.8562
    endloop
  endfacet
  facet normal 0 -1 0
    outer loop
      vertex -15.4474 9.36 33.3273
      vertex -13.3493 9.36 32.3505
      vertex -13.682 9.36 33.6785
    endloop
  endfacet
  facet normal 0 -1 0
    outer loop
      vertex -15.0718 9.36 31.828
      vertex -13.3493 9.36 32.3505
      vertex -15.4474 9.36 33.3273
    endloop
  endfacet
  facet normal 0 -1 0
    outer loop
      vertex -15.0718 9.36 31.828
      vertex -12.8881 9.36 31.0616
      vertex -13.3493 9.36 32.3505
    endloop
  endfacet
  facet normal 0 -1 0
    outer loop
      vertex -14.5511 9.36 30.3727
      vertex -12.8881 9.36 31.0616
      vertex -15.0718 9.36 31.828
    endloop
  endfacet
  facet normal 0 -1 0
    outer loop
      vertex -14.5511 9.36 30.3727
      vertex -12.3028 9.36 29.824
      vertex -12.8881 9.36 31.0616
    endloop
  endfacet
  facet normal 0 -1 0
    outer loop
      vertex -13.8903 9.36 28.9755
      vertex -12.3028 9.36 29.824
      vertex -14.5511 9.36 30.3727
    endloop
  endfacet
  facet normal 0 -1 0
    outer loop
      vertex -13.8903 9.36 28.9755
      vertex -11.599 9.36 28.6498
      vertex -12.3028 9.36 29.824
    endloop
  endfacet
  facet normal 0 -1 0
    outer loop
      vertex -13.0956 9.36 27.6498
      vertex -11.599 9.36 28.6498
      vertex -13.8903 9.36 28.9755
    endloop
  endfacet
  facet normal 0 -1 0
    outer loop
      vertex -13.0956 9.36 27.6498
      vertex -10.7835 9.36 27.5502
      vertex -11.599 9.36 28.6498
    endloop
  endfacet
  facet normal 0 -1 0
    outer loop
      vertex -12.1749 9.36 26.4083
      vertex -10.7835 9.36 27.5502
      vertex -13.0956 9.36 27.6498
    endloop
  endfacet
  facet normal 0 -1 -0
    outer loop
      vertex -10.7835 9.36 27.5502
      vertex -12.1749 9.36 26.4083
      vertex -10.2676 9.36 26.981
    endloop
  endfacet
  facet normal 0 -1 0
    outer loop
      vertex -10.2676 9.36 26.981
      vertex -12.1749 9.36 26.4083
      vertex -11.5404 9.36 25.7082
    endloop
  endfacet
  facet normal 0 -1 0
    outer loop
      vertex -10.6918 9.36 24.8596
      vertex -8.84979 9.36 25.6165
      vertex -9.41903 9.36 26.1324
    endloop
  endfacet
  facet normal 0 -1 0
    outer loop
      vertex -9.99169 9.36 24.2251
      vertex -8.84979 9.36 25.6165
      vertex -10.6918 9.36 24.8596
    endloop
  endfacet
  facet normal 0 -1 -0
    outer loop
      vertex -8.84979 9.36 25.6165
      vertex -9.99169 9.36 24.2251
      vertex -7.7502 9.36 24.801
    endloop
  endfacet
  facet normal 0 -1 0
    outer loop
      vertex -8.75023 9.36 23.3044
      vertex -7.7502 9.36 24.801
      vertex -9.99169 9.36 24.2251
    endloop
  endfacet
  facet normal 0 -1 -0
    outer loop
      vertex -7.7502 9.36 24.801
      vertex -8.75023 9.36 23.3044
      vertex -6.57598 9.36 24.0972
    endloop
  endfacet
  facet normal 0 -1 0
    outer loop
      vertex -7.4245 9.36 22.5097
      vertex -6.57598 9.36 24.0972
      vertex -8.75023 9.36 23.3044
    endloop
  endfacet
  facet normal 0 -1 -0
    outer loop
      vertex -6.57598 9.36 24.0972
      vertex -7.4245 9.36 22.5097
      vertex -5.33843 9.36 23.5119
    endloop
  endfacet
  facet normal 0 -1 0
    outer loop
      vertex -6.02726 9.36 21.8489
      vertex -5.33843 9.36 23.5119
      vertex -7.4245 9.36 22.5097
    endloop
  endfacet
  facet normal 0 -1 -0
    outer loop
      vertex -5.33843 9.36 23.5119
      vertex -6.02726 9.36 21.8489
      vertex -4.04947 9.36 23.0507
    endloop
  endfacet
  facet normal 0 -1 0
    outer loop
      vertex -4.57198 9.36 21.3282
      vertex -4.04947 9.36 23.0507
      vertex -6.02726 9.36 21.8489
    endloop
  endfacet
  facet normal 0 -1 -0
    outer loop
      vertex -4.04947 9.36 23.0507
      vertex -4.57198 9.36 21.3282
      vertex -2.72151 9.36 22.718
    endloop
  endfacet
  facet normal 0 -1 0
    outer loop
      vertex -3.07267 9.36 20.9526
      vertex -2.72151 9.36 22.718
      vertex -4.57198 9.36 21.3282
    endloop
  endfacet
  facet normal 0 -1 0
    outer loop
      vertex 8.84979 9.36 25.6165
      vertex 10.6918 9.36 24.8596
      vertex 9.41903 9.36 26.1324
    endloop
  endfacet
  facet normal 0 -1 0
    outer loop
      vertex 9.99169 9.36 24.2251
      vertex 8.84979 9.36 25.6165
      vertex 7.7502 9.36 24.801
    endloop
  endfacet
  facet normal 0 -1 0
    outer loop
      vertex 8.84979 9.36 25.6165
      vertex 9.99169 9.36 24.2251
      vertex 10.6918 9.36 24.8596
    endloop
  endfacet
  facet normal 0 -1 0
    outer loop
      vertex 8.75023 9.36 23.3044
      vertex 7.7502 9.36 24.801
      vertex 6.57598 9.36 24.0972
    endloop
  endfacet
  facet normal 0 -1 0
    outer loop
      vertex 7.4245 9.36 22.5097
      vertex 6.57598 9.36 24.0972
      vertex 5.33843 9.36 23.5119
    endloop
  endfacet
  facet normal 0 -1 0
    outer loop
      vertex 7.7502 9.36 24.801
      vertex 8.75023 9.36 23.3044
      vertex 9.99169 9.36 24.2251
    endloop
  endfacet
  facet normal 0 -1 0
    outer loop
      vertex 6.02726 9.36 21.8489
      vertex 5.33843 9.36 23.5119
      vertex 4.04947 9.36 23.0507
    endloop
  endfacet
  facet normal 0 -1 0
    outer loop
      vertex 4.57198 9.36 21.3282
      vertex 4.04947 9.36 23.0507
      vertex 2.72151 9.36 22.718
    endloop
  endfacet
  facet normal 0 -1 0
    outer loop
      vertex 3.07267 9.36 20.9526
      vertex 2.72151 9.36 22.718
      vertex 1.36734 9.36 22.5172
    endloop
  endfacet
  facet normal 0 -1 0
    outer loop
      vertex 6.57598 9.36 24.0972
      vertex 7.4245 9.36 22.5097
      vertex 8.75023 9.36 23.3044
    endloop
  endfacet
  facet normal 0 -1 0
    outer loop
      vertex 1.54377 9.36 20.7258
      vertex 1.36734 9.36 22.5172
      vertex 0 9.36 22.45
    endloop
  endfacet
  facet normal 0 -1 -0
    outer loop
      vertex -2.72151 9.36 22.718
      vertex -3.07267 9.36 20.9526
      vertex -1.36734 9.36 22.5172
    endloop
  endfacet
  facet normal 0 -1 0
    outer loop
      vertex 5.33843 9.36 23.5119
      vertex 6.02726 9.36 21.8489
      vertex 7.4245 9.36 22.5097
    endloop
  endfacet
  facet normal 0 -1 0
    outer loop
      vertex -1.54377 9.36 20.7258
      vertex -1.36734 9.36 22.5172
      vertex -3.07267 9.36 20.9526
    endloop
  endfacet
  facet normal 0 -1 0
    outer loop
      vertex 4.04947 9.36 23.0507
      vertex 4.57198 9.36 21.3282
      vertex 6.02726 9.36 21.8489
    endloop
  endfacet
  facet normal 0 -1 -0
    outer loop
      vertex -1.36734 9.36 22.5172
      vertex -1.54377 9.36 20.7258
      vertex 0 9.36 22.45
    endloop
  endfacet
  facet normal 0 -1 0
    outer loop
      vertex 2.72151 9.36 22.718
      vertex 3.07267 9.36 20.9526
      vertex 4.57198 9.36 21.3282
    endloop
  endfacet
  facet normal 0 -1 0
    outer loop
      vertex 0 9.36 20.65
      vertex 0 9.36 22.45
      vertex -1.54377 9.36 20.7258
    endloop
  endfacet
  facet normal 0 -1 0
    outer loop
      vertex 1.36734 9.36 22.5172
      vertex 1.54377 9.36 20.7258
      vertex 3.07267 9.36 20.9526
    endloop
  endfacet
  facet normal 0 -1 0
    outer loop
      vertex 0 9.36 22.45
      vertex 0 9.36 20.65
      vertex 1.54377 9.36 20.7258
    endloop
  endfacet
  facet normal 0 -1 0
    outer loop
      vertex 0 9.36 50.35
      vertex 0 9.36 52.15
      vertex -1.54377 9.36 52.0742
    endloop
  endfacet
  facet normal 0 -1 0
    outer loop
      vertex -1.36734 9.36 50.2828
      vertex -1.54377 9.36 52.0742
      vertex -3.07267 9.36 51.8474
    endloop
  endfacet
  facet normal 0 -1 0
    outer loop
      vertex 0 9.36 52.15
      vertex 0 9.36 50.35
      vertex 1.54377 9.36 52.0742
    endloop
  endfacet
  facet normal 0 -1 0
    outer loop
      vertex -2.72151 9.36 50.082
      vertex -3.07267 9.36 51.8474
      vertex -4.57198 9.36 51.4718
    endloop
  endfacet
  facet normal 0 -1 0
    outer loop
      vertex 1.36734 9.36 50.2828
      vertex 1.54377 9.36 52.0742
      vertex 0 9.36 50.35
    endloop
  endfacet
  facet normal 0 -1 0
    outer loop
      vertex -4.56506 9.36 49.5648
      vertex -4.57198 9.36 51.4718
      vertex -6.02726 9.36 50.9511
    endloop
  endfacet
  facet normal 0 -1 -0
    outer loop
      vertex 1.54377 9.36 52.0742
      vertex 1.36734 9.36 50.2828
      vertex 3.07267 9.36 51.8474
    endloop
  endfacet
  facet normal 0 -1 0
    outer loop
      vertex 2.72151 9.36 50.082
      vertex 3.07267 9.36 51.8474
      vertex 1.36734 9.36 50.2828
    endloop
  endfacet
  facet normal 0 -1 0
    outer loop
      vertex -6.08096 9.36 48.9369
      vertex -6.02726 9.36 50.9511
      vertex -7.4245 9.36 50.2903
    endloop
  endfacet
  facet normal 0 -1 0
    outer loop
      vertex -1.54377 9.36 52.0742
      vertex -1.36734 9.36 50.2828
      vertex 0 9.36 50.35
    endloop
  endfacet
  facet normal 0 -1 0
    outer loop
      vertex -3.07267 9.36 51.8474
      vertex -2.72151 9.36 50.082
      vertex -1.36734 9.36 50.2828
    endloop
  endfacet
  facet normal 0 -1 0
    outer loop
      vertex -4.57198 9.36 51.4718
      vertex -4.04947 9.36 49.7493
      vertex -2.72151 9.36 50.082
    endloop
  endfacet
  facet normal 0 -1 0
    outer loop
      vertex -4.57198 9.36 51.4718
      vertex -4.56506 9.36 49.5648
      vertex -4.04947 9.36 49.7493
    endloop
  endfacet
  facet normal 0 -1 0
    outer loop
      vertex -6.57598 9.36 48.7028
      vertex -7.4245 9.36 50.2903
      vertex -8.75023 9.36 49.4956
    endloop
  endfacet
  facet normal 0 -1 0
    outer loop
      vertex -6.02726 9.36 50.9511
      vertex -5.33843 9.36 49.2881
      vertex -4.56506 9.36 49.5648
    endloop
  endfacet
  facet normal 0 -1 -0
    outer loop
      vertex -6.02726 9.36 50.9511
      vertex -6.08096 9.36 48.9369
      vertex -5.33843 9.36 49.2881
    endloop
  endfacet
  facet normal 0 -1 0
    outer loop
      vertex -7.4245 9.36 50.2903
      vertex -6.57598 9.36 48.7028
      vertex -6.08096 9.36 48.9369
    endloop
  endfacet
  facet normal 0 -1 0
    outer loop
      vertex -8.19004 9.36 47.6728
      vertex -8.75023 9.36 49.4956
      vertex -9.99169 9.36 48.5749
    endloop
  endfacet
  facet normal 0 -1 0
    outer loop
      vertex -8.75023 9.36 49.4956
      vertex -7.7502 9.36 47.999
      vertex -6.57598 9.36 48.7028
    endloop
  endfacet
  facet normal 0 -1 0
    outer loop
      vertex -8.84979 9.36 47.1835
      vertex -9.99169 9.36 48.5749
      vertex -10.6918 9.36 47.9404
    endloop
  endfacet
  facet normal 0 -1 0
    outer loop
      vertex -8.75023 9.36 49.4956
      vertex -8.19004 9.36 47.6728
      vertex -7.7502 9.36 47.999
    endloop
  endfacet
  facet normal 0 -1 0
    outer loop
      vertex -9.99169 9.36 48.5749
      vertex -8.84979 9.36 47.1835
      vertex -8.19004 9.36 47.6728
    endloop
  endfacet
  facet normal -0 -1 0
    outer loop
      vertex -8.84979 9.36 47.1835
      vertex -10.6918 9.36 47.9404
      vertex -9.41903 9.36 46.6676
    endloop
  endfacet
  facet normal 0 -1 -0
    outer loop
      vertex 3.07267 9.36 51.8474
      vertex 2.72151 9.36 50.082
      vertex 4.57198 9.36 51.4718
    endloop
  endfacet
  facet normal 0 -1 0
    outer loop
      vertex 4.04947 9.36 49.7493
      vertex 4.57198 9.36 51.4718
      vertex 2.72151 9.36 50.082
    endloop
  endfacet
  facet normal 0 -1 0
    outer loop
      vertex 4.56506 9.36 49.5648
      vertex 4.57198 9.36 51.4718
      vertex 4.04947 9.36 49.7493
    endloop
  endfacet
  facet normal 0 -1 -0
    outer loop
      vertex 4.57198 9.36 51.4718
      vertex 4.56506 9.36 49.5648
      vertex 6.02726 9.36 50.9511
    endloop
  endfacet
  facet normal 0 -1 0
    outer loop
      vertex 5.33843 9.36 49.2881
      vertex 6.02726 9.36 50.9511
      vertex 4.56506 9.36 49.5648
    endloop
  endfacet
  facet normal 0 -1 0
    outer loop
      vertex 6.08096 9.36 48.9369
      vertex 6.02726 9.36 50.9511
      vertex 5.33843 9.36 49.2881
    endloop
  endfacet
  facet normal 0 -1 0
    outer loop
      vertex 6.02726 9.36 50.9511
      vertex 6.08096 9.36 48.9369
      vertex 7.4245 9.36 50.2903
    endloop
  endfacet
  facet normal 0 -1 0
    outer loop
      vertex 6.57598 9.36 48.7028
      vertex 7.4245 9.36 50.2903
      vertex 6.08096 9.36 48.9369
    endloop
  endfacet
  facet normal 0 -1 -0
    outer loop
      vertex 7.4245 9.36 50.2903
      vertex 6.57598 9.36 48.7028
      vertex 8.75023 9.36 49.4956
    endloop
  endfacet
  facet normal 0 -1 0
    outer loop
      vertex 7.7502 9.36 47.999
      vertex 8.75023 9.36 49.4956
      vertex 6.57598 9.36 48.7028
    endloop
  endfacet
  facet normal 0 -1 0
    outer loop
      vertex 8.19004 9.36 47.6728
      vertex 8.75023 9.36 49.4956
      vertex 7.7502 9.36 47.999
    endloop
  endfacet
  facet normal 0 -1 -0
    outer loop
      vertex 8.75023 9.36 49.4956
      vertex 8.19004 9.36 47.6728
      vertex 9.99169 9.36 48.5749
    endloop
  endfacet
  facet normal 0 -1 0
    outer loop
      vertex 8.84979 9.36 47.1835
      vertex 9.99169 9.36 48.5749
      vertex 8.19004 9.36 47.6728
    endloop
  endfacet
  facet normal 0 -1 -0
    outer loop
      vertex 9.99169 9.36 48.5749
      vertex 8.84979 9.36 47.1835
      vertex 10.6918 9.36 47.9404
    endloop
  endfacet
  facet normal 0 -1 0
    outer loop
      vertex 10.6918 9.36 47.9404
      vertex 8.84979 9.36 47.1835
      vertex 9.41903 9.36 46.6676
    endloop
  endfacet
  facet normal 0.970024 0 -0.243008
    outer loop
      vertex 15.4474 9.36 33.3273
      vertex 15.0718 35.36 31.828
      vertex 15.4474 35.36 33.3273
    endloop
  endfacet
  facet normal 0.970024 0 -0.243008
    outer loop
      vertex 15.0718 35.36 31.828
      vertex 15.4474 9.36 33.3273
      vertex 15.0718 9.36 31.828
    endloop
  endfacet
  facet normal 0.989176 0 -0.146736
    outer loop
      vertex 15.6742 9.36 34.8562
      vertex 15.4474 35.36 33.3273
      vertex 15.6742 35.36 34.8562
    endloop
  endfacet
  facet normal 0.989176 0 -0.146736
    outer loop
      vertex 15.4474 35.36 33.3273
      vertex 15.6742 9.36 34.8562
      vertex 15.4474 9.36 33.3273
    endloop
  endfacet
  facet normal 0.941547 0 -0.336881
    outer loop
      vertex 15.0718 9.36 31.828
      vertex 14.5511 35.36 30.3727
      vertex 15.0718 35.36 31.828
    endloop
  endfacet
  facet normal 0.941547 0 -0.336881
    outer loop
      vertex 14.5511 35.36 30.3727
      vertex 15.0718 9.36 31.828
      vertex 14.5511 9.36 30.3727
    endloop
  endfacet
  facet normal 0.803226 0 -0.595675
    outer loop
      vertex 13.0956 9.36 27.6498
      vertex 12.1749 35.36 26.4083
      vertex 13.0956 35.36 27.6498
    endloop
  endfacet
  facet normal 0.803226 0 -0.595675
    outer loop
      vertex 12.1749 35.36 26.4083
      vertex 13.0956 9.36 27.6498
      vertex 12.1749 9.36 26.4083
    endloop
  endfacet
  facet normal 0.857698 0 -0.514153
    outer loop
      vertex 13.8903 9.36 28.9755
      vertex 13.0956 35.36 27.6498
      vertex 13.8903 35.36 28.9755
    endloop
  endfacet
  facet normal 0.857698 0 -0.514153
    outer loop
      vertex 13.0956 35.36 27.6498
      vertex 13.8903 9.36 28.9755
      vertex 13.0956 9.36 27.6498
    endloop
  endfacet
  facet normal 0.243006 0 -0.970025
    outer loop
      vertex 3.07267 9.36 20.9526
      vertex 4.57198 35.36 21.3282
      vertex 4.57198 9.36 21.3282
    endloop
  endfacet
  facet normal 0.243006 0 -0.970025
    outer loop
      vertex 4.57198 35.36 21.3282
      vertex 3.07267 9.36 20.9526
      vertex 3.07267 35.36 20.9526
    endloop
  endfacet
  facet normal 0.336886 0 -0.941546
    outer loop
      vertex 4.57198 9.36 21.3282
      vertex 6.02726 35.36 21.8489
      vertex 6.02726 9.36 21.8489
    endloop
  endfacet
  facet normal 0.336886 0 -0.941546
    outer loop
      vertex 6.02726 35.36 21.8489
      vertex 4.57198 9.36 21.3282
      vertex 4.57198 35.36 21.3282
    endloop
  endfacet
  facet normal 0.146736 0 -0.989176
    outer loop
      vertex 1.54377 9.36 20.7258
      vertex 3.07267 35.36 20.9526
      vertex 3.07267 9.36 20.9526
    endloop
  endfacet
  facet normal 0.146736 0 -0.989176
    outer loop
      vertex 3.07267 35.36 20.9526
      vertex 1.54377 9.36 20.7258
      vertex 1.54377 35.36 20.7258
    endloop
  endfacet
  facet normal 0.514145 0 -0.857703
    outer loop
      vertex 7.4245 9.36 22.5097
      vertex 8.75023 35.36 23.3044
      vertex 8.75023 9.36 23.3044
    endloop
  endfacet
  facet normal 0.514145 0 -0.857703
    outer loop
      vertex 8.75023 35.36 23.3044
      vertex 7.4245 9.36 22.5097
      vertex 7.4245 35.36 22.5097
    endloop
  endfacet
  facet normal 0.671534 0 -0.740974
    outer loop
      vertex 10.6918 9.36 24.8596
      vertex 9.99169 9.36 24.2251
      vertex 10.6918 22.86 24.8596
    endloop
  endfacet
  facet normal 0.671637 0 -0.740881
    outer loop
      vertex 10.6918 22.86 24.8596
      vertex 11.1369 35.36 25.2631
      vertex 11.1369 22.86 25.2631
    endloop
  endfacet
  facet normal 0.671534 0 -0.740974
    outer loop
      vertex 9.99169 35.36 24.2251
      vertex 10.6918 22.86 24.8596
      vertex 9.99169 9.36 24.2251
    endloop
  endfacet
  facet normal 0.671574 4.05972e-06 -0.740938
    outer loop
      vertex 10.6918 22.86 24.8596
      vertex 9.99169 35.36 24.2251
      vertex 11.1369 35.36 25.2631
    endloop
  endfacet
  facet normal -0.970024 0 -0.243008
    outer loop
      vertex -15.0718 9.36 31.828
      vertex -15.4474 35.36 33.3273
      vertex -15.0718 35.36 31.828
    endloop
  endfacet
  facet normal -0.970024 -0 -0.243008
    outer loop
      vertex -15.4474 35.36 33.3273
      vertex -15.0718 9.36 31.828
      vertex -15.4474 9.36 33.3273
    endloop
  endfacet
  facet normal -0.803226 0 -0.595675
    outer loop
      vertex -12.1749 9.36 26.4083
      vertex -13.0956 35.36 27.6498
      vertex -12.1749 35.36 26.4083
    endloop
  endfacet
  facet normal -0.803226 -0 -0.595675
    outer loop
      vertex -13.0956 35.36 27.6498
      vertex -12.1749 9.36 26.4083
      vertex -13.0956 9.36 27.6498
    endloop
  endfacet
  facet normal -0.740881 0 -0.671637
    outer loop
      vertex -11.5404 22.86 25.7082
      vertex -11.1369 35.36 25.2631
      vertex -11.1369 22.86 25.2631
    endloop
  endfacet
  facet normal -0.740935 3.85089e-06 -0.671577
    outer loop
      vertex -11.1369 35.36 25.2631
      vertex -11.5404 22.86 25.7082
      vertex -12.1749 35.36 26.4083
    endloop
  endfacet
  facet normal -0.740969 0 -0.671539
    outer loop
      vertex -12.1749 9.36 26.4083
      vertex -11.5404 22.86 25.7082
      vertex -11.5404 9.36 25.7082
    endloop
  endfacet
  facet normal -0.740969 0 -0.671539
    outer loop
      vertex -11.5404 22.86 25.7082
      vertex -12.1749 9.36 26.4083
      vertex -12.1749 35.36 26.4083
    endloop
  endfacet
  facet normal -0.857698 0 -0.514153
    outer loop
      vertex -13.0956 9.36 27.6498
      vertex -13.8903 35.36 28.9755
      vertex -13.0956 35.36 27.6498
    endloop
  endfacet
  facet normal -0.857698 -0 -0.514153
    outer loop
      vertex -13.8903 35.36 28.9755
      vertex -13.0956 9.36 27.6498
      vertex -13.8903 9.36 28.9755
    endloop
  endfacet
  facet normal -0.941547 0 -0.336881
    outer loop
      vertex -14.5511 9.36 30.3727
      vertex -15.0718 35.36 31.828
      vertex -14.5511 35.36 30.3727
    endloop
  endfacet
  facet normal -0.941547 -0 -0.336881
    outer loop
      vertex -15.0718 35.36 31.828
      vertex -14.5511 9.36 30.3727
      vertex -15.0718 9.36 31.828
    endloop
  endfacet
  facet normal -0.989176 0 -0.146736
    outer loop
      vertex -15.4474 9.36 33.3273
      vertex -15.6742 35.36 34.8562
      vertex -15.4474 35.36 33.3273
    endloop
  endfacet
  facet normal -0.989176 -0 -0.146736
    outer loop
      vertex -15.6742 35.36 34.8562
      vertex -15.4474 9.36 33.3273
      vertex -15.6742 9.36 34.8562
    endloop
  endfacet
  facet normal -0.514145 0 -0.857703
    outer loop
      vertex -8.75023 9.36 23.3044
      vertex -7.4245 35.36 22.5097
      vertex -7.4245 9.36 22.5097
    endloop
  endfacet
  facet normal -0.514145 0 -0.857703
    outer loop
      vertex -7.4245 35.36 22.5097
      vertex -8.75023 9.36 23.3044
      vertex -8.75023 35.36 23.3044
    endloop
  endfacet
  facet normal -0.427531 0 -0.904001
    outer loop
      vertex -7.4245 9.36 22.5097
      vertex -6.02726 35.36 21.8489
      vertex -6.02726 9.36 21.8489
    endloop
  endfacet
  facet normal -0.427531 0 -0.904001
    outer loop
      vertex -6.02726 35.36 21.8489
      vertex -7.4245 9.36 22.5097
      vertex -7.4245 35.36 22.5097
    endloop
  endfacet
  facet normal -0.595687 0 -0.803217
    outer loop
      vertex -9.99169 9.36 24.2251
      vertex -8.75023 35.36 23.3044
      vertex -8.75023 9.36 23.3044
    endloop
  endfacet
  facet normal -0.595687 0 -0.803217
    outer loop
      vertex -8.75023 35.36 23.3044
      vertex -9.99169 9.36 24.2251
      vertex -9.99169 35.36 24.2251
    endloop
  endfacet
  facet normal -0.243006 0 -0.970025
    outer loop
      vertex -4.57198 9.36 21.3282
      vertex -3.07267 35.36 20.9526
      vertex -3.07267 9.36 20.9526
    endloop
  endfacet
  facet normal -0.243006 0 -0.970025
    outer loop
      vertex -3.07267 35.36 20.9526
      vertex -4.57198 9.36 21.3282
      vertex -4.57198 35.36 21.3282
    endloop
  endfacet
  facet normal -0.0490741 0 -0.998795
    outer loop
      vertex 0 9.36 20.65
      vertex -1.5 10.86 20.7237
      vertex 0 10.86 20.65
    endloop
  endfacet
  facet normal -0.0479229 0 -0.998851
    outer loop
      vertex -1.5 10.86 20.7237
      vertex -1.54377 9.36 20.7258
      vertex -1.5 14.06 20.7237
    endloop
  endfacet
  facet normal -0.0490415 3.27155e-05 -0.998797
    outer loop
      vertex -1.54377 9.36 20.7258
      vertex -1.5 10.86 20.7237
      vertex 0 9.36 20.65
    endloop
  endfacet
  facet normal -0.0490741 0 -0.998795
    outer loop
      vertex -1.5 14.06 20.7237
      vertex 0 35.36 20.65
      vertex 0 14.06 20.65
    endloop
  endfacet
  facet normal -0.0490415 -2.30391e-06 -0.998797
    outer loop
      vertex -1.5 14.06 20.7237
      vertex -1.54377 35.36 20.7258
      vertex 0 35.36 20.65
    endloop
  endfacet
  facet normal -0.0479229 -0 -0.998851
    outer loop
      vertex -1.54377 35.36 20.7258
      vertex -1.5 14.06 20.7237
      vertex -1.54377 9.36 20.7258
    endloop
  endfacet
  facet normal 0.998797 -2.37102e-06 0.0490405
    outer loop
      vertex 15.6742 35.36 37.9438
      vertex 15.6763 14.06 37.9
      vertex 15.75 35.36 36.4
    endloop
  endfacet
  facet normal 0.998853 -0 0.0478902
    outer loop
      vertex 15.6742 9.36 37.9438
      vertex 15.6763 14.06 37.9
      vertex 15.6742 35.36 37.9438
    endloop
  endfacet
  facet normal 0.998853 0 0.0478902
    outer loop
      vertex 15.6763 14.06 37.9
      vertex 15.6742 9.36 37.9438
      vertex 15.6763 10.86 37.9
    endloop
  endfacet
  facet normal 0.998797 3.36685e-05 0.0490405
    outer loop
      vertex 15.75 9.36 36.4
      vertex 15.6763 10.86 37.9
      vertex 15.6742 9.36 37.9438
    endloop
  endfacet
  facet normal 0.998795 0 0.0490741
    outer loop
      vertex 15.6763 10.86 37.9
      vertex 15.75 9.36 36.4
      vertex 15.75 10.86 36.4
    endloop
  endfacet
  facet normal 0.998795 0 0.0490741
    outer loop
      vertex 15.75 35.36 36.4
      vertex 15.6763 14.06 37.9
      vertex 15.75 14.06 36.4
    endloop
  endfacet
  facet normal 0.0479229 0 0.998851
    outer loop
      vertex 1.54377 35.36 52.0742
      vertex 1.5 14.06 52.0763
      vertex 1.54377 9.36 52.0742
    endloop
  endfacet
  facet normal 0.0490415 -2.30391e-06 0.998797
    outer loop
      vertex 0 35.36 52.15
      vertex 1.5 14.06 52.0763
      vertex 1.54377 35.36 52.0742
    endloop
  endfacet
  facet normal 0.0490741 0 0.998795
    outer loop
      vertex 1.5 14.06 52.0763
      vertex 0 35.36 52.15
      vertex 0 14.06 52.15
    endloop
  endfacet
  facet normal 0.0479229 -0 0.998851
    outer loop
      vertex 1.5 10.86 52.0763
      vertex 1.54377 9.36 52.0742
      vertex 1.5 14.06 52.0763
    endloop
  endfacet
  facet normal 0.0490741 -0 0.998795
    outer loop
      vertex 0 9.36 52.15
      vertex 1.5 10.86 52.0763
      vertex 0 10.86 52.15
    endloop
  endfacet
  facet normal 0.0490415 3.27155e-05 0.998797
    outer loop
      vertex 1.5 10.86 52.0763
      vertex 0 9.36 52.15
      vertex 1.54377 9.36 52.0742
    endloop
  endfacet
  facet normal 0.243006 0 0.970025
    outer loop
      vertex 3.07267 35.36 51.8474
      vertex 4.57198 9.36 51.4718
      vertex 4.57198 35.36 51.4718
    endloop
  endfacet
  facet normal 0.243006 0 0.970025
    outer loop
      vertex 4.57198 9.36 51.4718
      vertex 3.07267 35.36 51.8474
      vertex 3.07267 9.36 51.8474
    endloop
  endfacet
  facet normal 0.595687 0 0.803217
    outer loop
      vertex 8.75023 35.36 49.4956
      vertex 9.99169 9.36 48.5749
      vertex 9.99169 35.36 48.5749
    endloop
  endfacet
  facet normal 0.595687 0 0.803217
    outer loop
      vertex 9.99169 9.36 48.5749
      vertex 8.75023 35.36 49.4956
      vertex 8.75023 9.36 49.4956
    endloop
  endfacet
  facet normal 0.427502 0 0.904014
    outer loop
      vertex 6.8656 35.36 50.5546
      vertex 7.4245 9.36 50.2903
      vertex 7.4245 35.36 50.2903
    endloop
  endfacet
  facet normal 0.42755 -0 0.903991
    outer loop
      vertex 6.02726 9.36 50.9511
      vertex 6.8656 35.36 50.5546
      vertex 6.02726 35.36 50.9511
    endloop
  endfacet
  facet normal 0.427531 7.61159e-07 0.904001
    outer loop
      vertex 6.8656 35.36 50.5546
      vertex 6.02726 9.36 50.9511
      vertex 7.4245 9.36 50.2903
    endloop
  endfacet
  facet normal 0.740833 -0 0.671689
    outer loop
      vertex 11.1369 22.86 47.5369
      vertex 11.4021 35.36 47.2444
      vertex 11.1369 35.36 47.5369
    endloop
  endfacet
  facet normal 0.741154 4.46841e-06 0.671335
    outer loop
      vertex 11.4021 35.36 47.2444
      vertex 11.5404 22.86 47.0918
      vertex 11.5521 35.36 47.0788
    endloop
  endfacet
  facet normal 0.740881 -2.23313e-06 0.671637
    outer loop
      vertex 11.4021 35.36 47.2444
      vertex 11.1369 22.86 47.5369
      vertex 11.5404 22.86 47.0918
    endloop
  endfacet
  facet normal 0.740925 4.94568e-06 0.671588
    outer loop
      vertex 11.5521 35.36 47.0788
      vertex 11.5404 22.86 47.0918
      vertex 12.1749 35.36 46.3917
    endloop
  endfacet
  facet normal 0.740969 0 0.671539
    outer loop
      vertex 12.1749 9.36 46.3917
      vertex 11.5404 22.86 47.0918
      vertex 11.5404 9.36 47.0918
    endloop
  endfacet
  facet normal 0.740969 0 0.671539
    outer loop
      vertex 11.5404 22.86 47.0918
      vertex 12.1749 9.36 46.3917
      vertex 12.1749 35.36 46.3917
    endloop
  endfacet
  facet normal -0.671534 0 0.740974
    outer loop
      vertex -9.99169 35.36 48.5749
      vertex -10.6918 22.86 47.9404
      vertex -9.99169 9.36 48.5749
    endloop
  endfacet
  facet normal -0.671574 4.05972e-06 0.740938
    outer loop
      vertex -11.1369 35.36 47.5369
      vertex -10.6918 22.86 47.9404
      vertex -9.99169 35.36 48.5749
    endloop
  endfacet
  facet normal -0.671637 0 0.740881
    outer loop
      vertex -10.6918 22.86 47.9404
      vertex -11.1369 35.36 47.5369
      vertex -11.1369 22.86 47.5369
    endloop
  endfacet
  facet normal -0.671534 0 0.740974
    outer loop
      vertex -9.99169 9.36 48.5749
      vertex -10.6918 22.86 47.9404
      vertex -10.6918 9.36 47.9404
    endloop
  endfacet
  facet normal -0.514145 0 0.857703
    outer loop
      vertex -8.75023 35.36 49.4956
      vertex -7.4245 9.36 50.2903
      vertex -7.4245 35.36 50.2903
    endloop
  endfacet
  facet normal -0.514145 0 0.857703
    outer loop
      vertex -7.4245 9.36 50.2903
      vertex -8.75023 35.36 49.4956
      vertex -8.75023 9.36 49.4956
    endloop
  endfacet
  facet normal -0.33691 0 0.941537
    outer loop
      vertex -5.1541 35.36 51.2635
      vertex -4.57198 9.36 51.4718
      vertex -4.57198 35.36 51.4718
    endloop
  endfacet
  facet normal -0.336869 0 0.941551
    outer loop
      vertex -6.02726 9.36 50.9511
      vertex -5.1541 35.36 51.2635
      vertex -6.02726 35.36 50.9511
    endloop
  endfacet
  facet normal -0.336886 6.20609e-07 0.941546
    outer loop
      vertex -5.1541 35.36 51.2635
      vertex -6.02726 9.36 50.9511
      vertex -4.57198 9.36 51.4718
    endloop
  endfacet
  facet normal -0.146736 0 0.989176
    outer loop
      vertex -3.07267 35.36 51.8474
      vertex -1.54377 9.36 52.0742
      vertex -1.54377 35.36 52.0742
    endloop
  endfacet
  facet normal -0.146736 0 0.989176
    outer loop
      vertex -1.54377 9.36 52.0742
      vertex -3.07267 35.36 51.8474
      vertex -3.07267 9.36 51.8474
    endloop
  endfacet
  facet normal -0.903996 0 0.427541
    outer loop
      vertex -14.5511 9.36 42.4273
      vertex -13.8903 35.36 43.8245
      vertex -14.5511 35.36 42.4273
    endloop
  endfacet
  facet normal -0.903996 0 0.427541
    outer loop
      vertex -13.8903 35.36 43.8245
      vertex -14.5511 9.36 42.4273
      vertex -13.8903 9.36 43.8245
    endloop
  endfacet
  facet normal -0.803259 0 0.59563
    outer loop
      vertex -13.0956 9.36 45.1502
      vertex -12.9186 35.36 45.3889
      vertex -13.0956 35.36 45.1502
    endloop
  endfacet
  facet normal -0.803314 1.06144e-06 0.595555
    outer loop
      vertex -12.9186 35.36 45.3889
      vertex -13.0956 9.36 45.1502
      vertex -12.7274 35.36 45.6468
    endloop
  endfacet
  facet normal -0.803226 -2.47146e-06 0.595675
    outer loop
      vertex -12.1749 9.36 46.3917
      vertex -12.7274 35.36 45.6468
      vertex -13.0956 9.36 45.1502
    endloop
  endfacet
  facet normal -0.803185 0 0.59573
    outer loop
      vertex -12.7274 35.36 45.6468
      vertex -12.1749 9.36 46.3917
      vertex -12.1749 35.36 46.3917
    endloop
  endfacet
  facet normal -0.970016 0 0.243043
    outer loop
      vertex -15.4474 9.36 39.4727
      vertex -15.222 35.36 40.3723
      vertex -15.4474 35.36 39.4727
    endloop
  endfacet
  facet normal -0.970024 1.30542e-06 0.243008
    outer loop
      vertex -15.0718 9.36 40.972
      vertex -15.222 35.36 40.3723
      vertex -15.4474 9.36 39.4727
    endloop
  endfacet
  facet normal -0.970038 0 0.242954
    outer loop
      vertex -15.222 35.36 40.3723
      vertex -15.0718 9.36 40.972
      vertex -15.0718 35.36 40.972
    endloop
  endfacet
  facet normal -0.998795 0 0.0490741
    outer loop
      vertex -15.75 10.86 36.4
      vertex -15.75 9.36 36.4
      vertex -15.6763 10.86 37.9
    endloop
  endfacet
  facet normal -0.998797 0 0.0490405
    outer loop
      vertex -15.75 14.06 36.4
      vertex -15.6742 35.36 37.9438
      vertex -15.75 35.36 36.4
    endloop
  endfacet
  facet normal -0.998795 -2.44025e-06 0.0490741
    outer loop
      vertex -15.6763 14.06 37.9
      vertex -15.6742 35.36 37.9438
      vertex -15.75 14.06 36.4
    endloop
  endfacet
  facet normal -0.998853 0 0.0478902
    outer loop
      vertex -15.6742 9.36 37.9438
      vertex -15.6763 14.06 37.9
      vertex -15.6763 10.86 37.9
    endloop
  endfacet
  facet normal -0.998853 0 0.0478902
    outer loop
      vertex -15.6763 14.06 37.9
      vertex -15.6742 9.36 37.9438
      vertex -15.6742 35.36 37.9438
    endloop
  endfacet
  facet normal -0.998797 3.36685e-05 0.0490405
    outer loop
      vertex -15.6742 9.36 37.9438
      vertex -15.6763 10.86 37.9
      vertex -15.75 9.36 36.4
    endloop
  endfacet
  facet normal 0.98919 -0 0.146642
    outer loop
      vertex 15.4474 9.36 39.4727
      vertex 15.5834 35.36 38.5553
      vertex 15.4474 35.36 39.4727
    endloop
  endfacet
  facet normal 0.989176 3.38224e-06 0.146736
    outer loop
      vertex 15.6742 9.36 37.9438
      vertex 15.5834 35.36 38.5553
      vertex 15.4474 9.36 39.4727
    endloop
  endfacet
  facet normal 0.989155 0 0.146877
    outer loop
      vertex 15.5834 35.36 38.5553
      vertex 15.6742 9.36 37.9438
      vertex 15.6742 35.36 37.9438
    endloop
  endfacet
  facet normal 0.146736 0 0.989176
    outer loop
      vertex 1.54377 35.36 52.0742
      vertex 3.07267 9.36 51.8474
      vertex 3.07267 35.36 51.8474
    endloop
  endfacet
  facet normal 0.146736 0 0.989176
    outer loop
      vertex 3.07267 9.36 51.8474
      vertex 1.54377 35.36 52.0742
      vertex 1.54377 9.36 52.0742
    endloop
  endfacet
  facet normal 0.336869 0 0.941551
    outer loop
      vertex 5.1541 35.36 51.2635
      vertex 6.02726 9.36 50.9511
      vertex 6.02726 35.36 50.9511
    endloop
  endfacet
  facet normal 0.33691 -0 0.941537
    outer loop
      vertex 4.57198 9.36 51.4718
      vertex 5.1541 35.36 51.2635
      vertex 4.57198 35.36 51.4718
    endloop
  endfacet
  facet normal 0.336886 6.20609e-07 0.941546
    outer loop
      vertex 5.1541 35.36 51.2635
      vertex 4.57198 9.36 51.4718
      vertex 6.02726 9.36 50.9511
    endloop
  endfacet
  facet normal 0.671637 0 0.740881
    outer loop
      vertex 11.1369 35.36 47.5369
      vertex 10.6918 22.86 47.9404
      vertex 11.1369 22.86 47.5369
    endloop
  endfacet
  facet normal 0.671574 4.05972e-06 0.740938
    outer loop
      vertex 9.99169 35.36 48.5749
      vertex 10.6918 22.86 47.9404
      vertex 11.1369 35.36 47.5369
    endloop
  endfacet
  facet normal 0.671534 -0 0.740974
    outer loop
      vertex 9.99169 9.36 48.5749
      vertex 10.6918 22.86 47.9404
      vertex 9.99169 35.36 48.5749
    endloop
  endfacet
  facet normal 0.671534 0 0.740974
    outer loop
      vertex 10.6918 22.86 47.9404
      vertex 9.99169 9.36 48.5749
      vertex 10.6918 9.36 47.9404
    endloop
  endfacet
  facet normal 0.514145 0 0.857703
    outer loop
      vertex 7.4245 35.36 50.2903
      vertex 8.75023 9.36 49.4956
      vertex 8.75023 35.36 49.4956
    endloop
  endfacet
  facet normal 0.514145 0 0.857703
    outer loop
      vertex 8.75023 9.36 49.4956
      vertex 7.4245 35.36 50.2903
      vertex 7.4245 9.36 50.2903
    endloop
  endfacet
  facet normal -0.595687 0 0.803217
    outer loop
      vertex -9.99169 35.36 48.5749
      vertex -8.75023 9.36 49.4956
      vertex -8.75023 35.36 49.4956
    endloop
  endfacet
  facet normal -0.595687 0 0.803217
    outer loop
      vertex -8.75023 9.36 49.4956
      vertex -9.99169 35.36 48.5749
      vertex -9.99169 9.36 48.5749
    endloop
  endfacet
  facet normal -0.42755 0 0.903991
    outer loop
      vertex -6.8656 35.36 50.5546
      vertex -6.02726 9.36 50.9511
      vertex -6.02726 35.36 50.9511
    endloop
  endfacet
  facet normal -0.427502 0 0.904014
    outer loop
      vertex -7.4245 9.36 50.2903
      vertex -6.8656 35.36 50.5546
      vertex -7.4245 35.36 50.2903
    endloop
  endfacet
  facet normal -0.427531 7.61159e-07 0.904001
    outer loop
      vertex -6.8656 35.36 50.5546
      vertex -7.4245 9.36 50.2903
      vertex -6.02726 9.36 50.9511
    endloop
  endfacet
  facet normal -0.243006 0 0.970025
    outer loop
      vertex -4.57198 35.36 51.4718
      vertex -3.07267 9.36 51.8474
      vertex -3.07267 35.36 51.8474
    endloop
  endfacet
  facet normal -0.243006 0 0.970025
    outer loop
      vertex -3.07267 9.36 51.8474
      vertex -4.57198 35.36 51.4718
      vertex -4.57198 9.36 51.4718
    endloop
  endfacet
  facet normal -0.0490741 0 0.998795
    outer loop
      vertex 0 35.36 52.15
      vertex -1.5 14.06 52.0763
      vertex 0 14.06 52.15
    endloop
  endfacet
  facet normal -0.0479229 0 0.998851
    outer loop
      vertex -1.54377 9.36 52.0742
      vertex -1.5 14.06 52.0763
      vertex -1.54377 35.36 52.0742
    endloop
  endfacet
  facet normal -0.0490415 -2.30391e-06 0.998797
    outer loop
      vertex -1.54377 35.36 52.0742
      vertex -1.5 14.06 52.0763
      vertex 0 35.36 52.15
    endloop
  endfacet
  facet normal -0.0490741 0 0.998795
    outer loop
      vertex -1.5 10.86 52.0763
      vertex 0 9.36 52.15
      vertex 0 10.86 52.15
    endloop
  endfacet
  facet normal -0.0490415 3.27155e-05 0.998797
    outer loop
      vertex -1.5 10.86 52.0763
      vertex -1.54377 9.36 52.0742
      vertex 0 9.36 52.15
    endloop
  endfacet
  facet normal -0.0479229 0 0.998851
    outer loop
      vertex -1.5 14.06 52.0763
      vertex -1.54377 9.36 52.0742
      vertex -1.5 10.86 52.0763
    endloop
  endfacet
  facet normal -0.857698 0 0.514153
    outer loop
      vertex -13.8903 9.36 43.8245
      vertex -13.0956 35.36 45.1502
      vertex -13.8903 35.36 43.8245
    endloop
  endfacet
  facet normal -0.857698 0 0.514153
    outer loop
      vertex -13.0956 35.36 45.1502
      vertex -13.8903 9.36 43.8245
      vertex -13.0956 9.36 45.1502
    endloop
  endfacet
  facet normal -0.740925 4.94568e-06 0.671588
    outer loop
      vertex -11.5404 22.86 47.0918
      vertex -11.5521 35.36 47.0788
      vertex -12.1749 35.36 46.3917
    endloop
  endfacet
  facet normal -0.741133 4.5121e-06 0.671358
    outer loop
      vertex -11.5521 35.36 47.0788
      vertex -11.5404 22.86 47.0918
      vertex -11.402 35.36 47.2445
    endloop
  endfacet
  facet normal -0.740881 -1.67917e-06 0.671637
    outer loop
      vertex -11.1369 22.86 47.5369
      vertex -11.402 35.36 47.2445
      vertex -11.5404 22.86 47.0918
    endloop
  endfacet
  facet normal -0.740969 0 0.671539
    outer loop
      vertex -12.1749 9.36 46.3917
      vertex -11.5404 22.86 47.0918
      vertex -12.1749 35.36 46.3917
    endloop
  endfacet
  facet normal -0.740969 0 0.671539
    outer loop
      vertex -11.5404 22.86 47.0918
      vertex -12.1749 9.36 46.3917
      vertex -11.5404 9.36 47.0918
    endloop
  endfacet
  facet normal -0.740845 0 0.671676
    outer loop
      vertex -11.402 35.36 47.2445
      vertex -11.1369 22.86 47.5369
      vertex -11.1369 35.36 47.5369
    endloop
  endfacet
  facet normal -0.941547 0 0.336881
    outer loop
      vertex -15.0718 9.36 40.972
      vertex -14.5511 35.36 42.4273
      vertex -15.0718 35.36 40.972
    endloop
  endfacet
  facet normal -0.941547 0 0.336881
    outer loop
      vertex -14.5511 9.36 42.4273
      vertex -14.5511 35.36 42.4273
      vertex -15.0718 9.36 40.972
    endloop
  endfacet
  facet normal -0.989155 0 0.146877
    outer loop
      vertex -15.6742 9.36 37.9438
      vertex -15.5834 35.36 38.5553
      vertex -15.6742 35.36 37.9438
    endloop
  endfacet
  facet normal -0.989176 3.38224e-06 0.146736
    outer loop
      vertex -15.4474 9.36 39.4727
      vertex -15.5834 35.36 38.5553
      vertex -15.6742 9.36 37.9438
    endloop
  endfacet
  facet normal -0.98919 0 0.146642
    outer loop
      vertex -15.5834 35.36 38.5553
      vertex -15.4474 9.36 39.4727
      vertex -15.4474 35.36 39.4727
    endloop
  endfacet
  facet normal 0.803185 -0 0.59573
    outer loop
      vertex 12.1749 9.36 46.3917
      vertex 12.7274 35.36 45.6468
      vertex 12.1749 35.36 46.3917
    endloop
  endfacet
  facet normal 0.803226 -2.47146e-06 0.595675
    outer loop
      vertex 13.0956 9.36 45.1502
      vertex 12.7274 35.36 45.6468
      vertex 12.1749 9.36 46.3917
    endloop
  endfacet
  facet normal 0.803204 -3.35048e-06 0.595704
    outer loop
      vertex 12.7274 35.36 45.6468
      vertex 13.0956 9.36 45.1502
      vertex 12.9186 35.36 45.389
    endloop
  endfacet
  facet normal 0.803378 0 0.595469
    outer loop
      vertex 12.9186 35.36 45.389
      vertex 13.0956 9.36 45.1502
      vertex 13.0956 35.36 45.1502
    endloop
  endfacet
  facet normal 0.903996 -0 0.427541
    outer loop
      vertex 13.8903 9.36 43.8245
      vertex 14.5511 35.36 42.4273
      vertex 13.8903 35.36 43.8245
    endloop
  endfacet
  facet normal 0.903996 0 0.427541
    outer loop
      vertex 14.5511 35.36 42.4273
      vertex 13.8903 9.36 43.8245
      vertex 14.5511 9.36 42.4273
    endloop
  endfacet
  facet normal 0.857698 -0 0.514153
    outer loop
      vertex 13.0956 9.36 45.1502
      vertex 13.8903 35.36 43.8245
      vertex 13.0956 35.36 45.1502
    endloop
  endfacet
  facet normal 0.857698 0 0.514153
    outer loop
      vertex 13.8903 35.36 43.8245
      vertex 13.0956 9.36 45.1502
      vertex 13.8903 9.36 43.8245
    endloop
  endfacet
  facet normal 0.941547 0 0.336881
    outer loop
      vertex 14.5511 35.36 42.4273
      vertex 14.5511 9.36 42.4273
      vertex 15.0718 35.36 40.972
    endloop
  endfacet
  facet normal 0.941547 0 0.336881
    outer loop
      vertex 15.0718 35.36 40.972
      vertex 14.5511 9.36 42.4273
      vertex 15.0718 9.36 40.972
    endloop
  endfacet
  facet normal -0.998793 0 -0.0491269
    outer loop
      vertex 13.95 9.36 36.4
      vertex 13.9231 34.86 36.9469
      vertex 13.95 34.86 36.4
    endloop
  endfacet
  facet normal -0.998793 -0 -0.0491269
    outer loop
      vertex 13.9231 34.86 36.9469
      vertex 13.95 9.36 36.4
      vertex 13.9231 9.36 36.9469
    endloop
  endfacet
  facet normal 0.427515 0 -0.904008
    outer loop
      vertex -6.57598 9.36 48.7028
      vertex -6.08096 35.36 48.9369
      vertex -6.08096 9.36 48.9369
    endloop
  endfacet
  facet normal 0.427515 0 -0.904008
    outer loop
      vertex -6.08096 35.36 48.9369
      vertex -6.57598 9.36 48.7028
      vertex -6.57598 35.36 48.7028
    endloop
  endfacet
  facet normal -0.941535 0 -0.336915
    outer loop
      vertex 13.3493 9.36 40.4495
      vertex 13.1648 34.86 40.9651
      vertex 13.3493 34.86 40.4495
    endloop
  endfacet
  facet normal -0.941535 -0 -0.336915
    outer loop
      vertex 13.1648 34.86 40.9651
      vertex 13.3493 9.36 40.4495
      vertex 13.1648 9.36 40.9651
    endloop
  endfacet
  facet normal 0.146679 0 -0.989184
    outer loop
      vertex -2.72151 9.36 50.082
      vertex -1.36734 35.36 50.2828
      vertex -1.36734 9.36 50.2828
    endloop
  endfacet
  facet normal 0.146679 0 -0.989184
    outer loop
      vertex -1.36734 35.36 50.2828
      vertex -2.72151 9.36 50.082
      vertex -2.72151 35.36 50.082
    endloop
  endfacet
  facet normal 0.671618 0 -0.740898
    outer loop
      vertex -9.86414 22.86 46.2641
      vertex -9.4584 34.86 46.6319
      vertex -9.4584 22.86 46.6319
    endloop
  endfacet
  facet normal 0.671618 0 -0.740898
    outer loop
      vertex -9.4584 34.86 46.6319
      vertex -9.86414 22.86 46.2641
      vertex -9.86414 34.86 46.2641
    endloop
  endfacet
  facet normal 0.989191 0 -0.146635
    outer loop
      vertex -13.682 9.36 39.1215
      vertex -13.7623 34.86 38.5798
      vertex -13.682 34.86 39.1215
    endloop
  endfacet
  facet normal 0.989191 0 -0.146635
    outer loop
      vertex -13.7623 34.86 38.5798
      vertex -13.682 9.36 39.1215
      vertex -13.7623 9.36 38.5798
    endloop
  endfacet
  facet normal -0.970022 0 -0.243017
    outer loop
      vertex 13.682 9.36 39.1215
      vertex 13.3493 34.86 40.4495
      vertex 13.682 34.86 39.1215
    endloop
  endfacet
  facet normal -0.970022 -0 -0.243017
    outer loop
      vertex 13.3493 34.86 40.4495
      vertex 13.682 9.36 39.1215
      vertex 13.3493 9.36 40.4495
    endloop
  endfacet
  facet normal -0.0490873 0 -0.998794
    outer loop
      vertex 0 9.36 50.35
      vertex 1.36734 35.36 50.2828
      vertex 1.36734 9.36 50.2828
    endloop
  endfacet
  facet normal -0.0490873 0 -0.998794
    outer loop
      vertex 1.36734 35.36 50.2828
      vertex 0 9.36 50.35
      vertex 0 35.36 50.35
    endloop
  endfacet
  facet normal -0.740932 -1.36004e-06 -0.67158
    outer loop
      vertex 10.2676 22.86 45.819
      vertex 9.86414 34.86 46.2641
      vertex 10.7835 34.86 45.2498
    endloop
  endfacet
  facet normal -0.740914 0 -0.6716
    outer loop
      vertex 9.86414 22.86 46.2641
      vertex 9.86414 34.86 46.2641
      vertex 10.2676 22.86 45.819
    endloop
  endfacet
  facet normal -0.740946 0 -0.671564
    outer loop
      vertex 10.7835 9.36 45.2498
      vertex 10.2676 22.86 45.819
      vertex 10.7835 34.86 45.2498
    endloop
  endfacet
  facet normal -0.740946 -0 -0.671564
    outer loop
      vertex 10.2676 22.86 45.819
      vertex 10.7835 9.36 45.2498
      vertex 10.2676 9.36 45.819
    endloop
  endfacet
  facet normal -0.146679 0 -0.989184
    outer loop
      vertex 1.36734 9.36 50.2828
      vertex 2.72151 35.36 50.082
      vertex 2.72151 9.36 50.082
    endloop
  endfacet
  facet normal -0.146679 0 -0.989184
    outer loop
      vertex 2.72151 35.36 50.082
      vertex 1.36734 9.36 50.2828
      vertex 1.36734 35.36 50.2828
    endloop
  endfacet
  facet normal -0.243024 0 -0.97002
    outer loop
      vertex 2.72151 9.36 50.082
      vertex 4.04947 35.36 49.7493
      vertex 4.04947 9.36 49.7493
    endloop
  endfacet
  facet normal -0.243024 0 -0.97002
    outer loop
      vertex 4.04947 35.36 49.7493
      vertex 2.72151 9.36 50.082
      vertex 2.72151 35.36 50.082
    endloop
  endfacet
  facet normal -0.671618 0 -0.740898
    outer loop
      vertex 9.4584 22.86 46.6319
      vertex 9.86414 34.86 46.2641
      vertex 9.86414 22.86 46.2641
    endloop
  endfacet
  facet normal -0.671618 0 -0.740898
    outer loop
      vertex 9.86414 34.86 46.2641
      vertex 9.4584 22.86 46.6319
      vertex 9.4584 34.86 46.6319
    endloop
  endfacet
  facet normal -0.595699 0 -0.803208
    outer loop
      vertex 8.19004 9.36 47.6728
      vertex 7.75021 34.86 47.999
      vertex 8.19004 34.86 47.6728
    endloop
  endfacet
  facet normal -0 0 -1
    outer loop
      vertex 7.75021 34.86 47.999
      vertex 7.7502 9.36 47.999
      vertex 7.75021 35.06 47.999
    endloop
  endfacet
  facet normal -0.59569 2.33604e-07 -0.803214
    outer loop
      vertex 7.7502 9.36 47.999
      vertex 7.75021 34.86 47.999
      vertex 8.19004 9.36 47.6728
    endloop
  endfacet
  facet normal -0.593567 -1.97856e-05 -0.804784
    outer loop
      vertex 7.75021 35.06 47.999
      vertex 7.7502 35.36 47.999
      vertex 7.76064 35.36 47.9913
    endloop
  endfacet
  facet normal 0 0 -1
    outer loop
      vertex 7.7502 35.36 47.999
      vertex 7.75021 35.06 47.999
      vertex 7.7502 9.36 47.999
    endloop
  endfacet
  facet normal -0.427515 0 -0.904008
    outer loop
      vertex 6.08096 9.36 48.9369
      vertex 6.57598 35.36 48.7028
      vertex 6.57598 9.36 48.7028
    endloop
  endfacet
  facet normal -0.427515 0 -0.904008
    outer loop
      vertex 6.57598 35.36 48.7028
      vertex 6.08096 9.36 48.9369
      vertex 6.08096 35.36 48.9369
    endloop
  endfacet
  facet normal 0.0490873 0 -0.998794
    outer loop
      vertex -1.36734 9.36 50.2828
      vertex 0 35.36 50.35
      vertex 0 9.36 50.35
    endloop
  endfacet
  facet normal 0.0490873 0 -0.998794
    outer loop
      vertex 0 35.36 50.35
      vertex -1.36734 9.36 50.2828
      vertex -1.36734 35.36 50.2828
    endloop
  endfacet
  facet normal 0.336921 0 -0.941533
    outer loop
      vertex -4.56506 9.36 49.5648
      vertex -4.04947 35.36 49.7493
      vertex -4.04947 9.36 49.7493
    endloop
  endfacet
  facet normal 0.336921 0 -0.941533
    outer loop
      vertex -4.04947 35.36 49.7493
      vertex -4.56506 9.36 49.5648
      vertex -4.56506 35.36 49.5648
    endloop
  endfacet
  facet normal 0.514103 0 -0.857729
    outer loop
      vertex -7.7502 9.36 47.999
      vertex -6.57598 35.36 48.7028
      vertex -6.57598 9.36 48.7028
    endloop
  endfacet
  facet normal 0.514103 0 -0.857729
    outer loop
      vertex -6.57598 35.36 48.7028
      vertex -7.7502 9.36 47.999
      vertex -7.7502 35.36 47.999
    endloop
  endfacet
  facet normal 0.970022 0 -0.243017
    outer loop
      vertex -13.3493 9.36 40.4495
      vertex -13.682 34.86 39.1215
      vertex -13.3493 34.86 40.4495
    endloop
  endfacet
  facet normal 0.970022 0 -0.243017
    outer loop
      vertex -13.682 34.86 39.1215
      vertex -13.3493 9.36 40.4495
      vertex -13.682 9.36 39.1215
    endloop
  endfacet
  facet normal 0.998793 0 -0.0491269
    outer loop
      vertex -13.9231 9.36 36.9469
      vertex -13.95 34.86 36.4
      vertex -13.9231 34.86 36.9469
    endloop
  endfacet
  facet normal 0.998793 0 -0.0491269
    outer loop
      vertex -13.95 34.86 36.4
      vertex -13.9231 9.36 36.9469
      vertex -13.95 9.36 36.4
    endloop
  endfacet
  facet normal 0.803188 0 -0.595725
    outer loop
      vertex -10.7835 9.36 45.2498
      vertex -11.1097 34.86 44.81
      vertex -10.7835 34.86 45.2498
    endloop
  endfacet
  facet normal 0.803188 0 -0.595725
    outer loop
      vertex -11.1097 34.86 44.81
      vertex -10.7835 9.36 45.2498
      vertex -11.1097 9.36 44.81
    endloop
  endfacet
  facet normal 0.857751 0 -0.514066
    outer loop
      vertex -12.0213 9.36 43.4457
      vertex -12.3028 34.86 42.976
      vertex -12.0213 34.86 43.4457
    endloop
  endfacet
  facet normal 0.857751 0 -0.514066
    outer loop
      vertex -12.3028 34.86 42.976
      vertex -12.0213 9.36 43.4457
      vertex -12.3028 9.36 42.976
    endloop
  endfacet
  facet normal 0.904002 0 -0.427529
    outer loop
      vertex -12.3028 9.36 42.976
      vertex -12.5369 34.86 42.481
      vertex -12.3028 34.86 42.976
    endloop
  endfacet
  facet normal 0.904002 0 -0.427529
    outer loop
      vertex -12.5369 34.86 42.481
      vertex -12.3028 9.36 42.976
      vertex -12.5369 9.36 42.481
    endloop
  endfacet
  facet normal -0.989191 0 -0.146635
    outer loop
      vertex 13.7623 9.36 38.5798
      vertex 13.682 34.86 39.1215
      vertex 13.7623 34.86 38.5798
    endloop
  endfacet
  facet normal -0.989191 -0 -0.146635
    outer loop
      vertex 13.682 34.86 39.1215
      vertex 13.7623 9.36 38.5798
      vertex 13.682 9.36 39.1215
    endloop
  endfacet
  facet normal -0.857751 0 -0.514066
    outer loop
      vertex 12.3028 9.36 42.976
      vertex 12.0213 34.86 43.4457
      vertex 12.3028 34.86 42.976
    endloop
  endfacet
  facet normal -0.857751 -0 -0.514066
    outer loop
      vertex 12.0213 34.86 43.4457
      vertex 12.3028 9.36 42.976
      vertex 12.0213 9.36 43.4457
    endloop
  endfacet
  facet normal -0.336921 0 -0.941533
    outer loop
      vertex 4.04947 9.36 49.7493
      vertex 4.56506 35.36 49.5648
      vertex 4.56506 9.36 49.5648
    endloop
  endfacet
  facet normal -0.336921 0 -0.941533
    outer loop
      vertex 4.56506 35.36 49.5648
      vertex 4.04947 9.36 49.7493
      vertex 4.04947 35.36 49.7493
    endloop
  endfacet
  facet normal -0.514103 0 -0.857729
    outer loop
      vertex 6.57598 9.36 48.7028
      vertex 7.7502 35.36 47.999
      vertex 7.7502 9.36 47.999
    endloop
  endfacet
  facet normal -0.514103 0 -0.857729
    outer loop
      vertex 7.7502 35.36 47.999
      vertex 6.57598 9.36 48.7028
      vertex 6.57598 35.36 48.7028
    endloop
  endfacet
  facet normal 0.243024 0 -0.97002
    outer loop
      vertex -4.04947 9.36 49.7493
      vertex -2.72151 35.36 50.082
      vertex -2.72151 9.36 50.082
    endloop
  endfacet
  facet normal 0.243024 0 -0.97002
    outer loop
      vertex -2.72151 35.36 50.082
      vertex -4.04947 9.36 49.7493
      vertex -4.04947 35.36 49.7493
    endloop
  endfacet
  facet normal 0 0 -1
    outer loop
      vertex -7.7502 9.36 47.999
      vertex -7.75021 34.86 47.999
      vertex -7.7502 35.36 47.999
    endloop
  endfacet
  facet normal 0.59569 2.33604e-07 -0.803214
    outer loop
      vertex -8.19004 9.36 47.6728
      vertex -7.75021 34.86 47.999
      vertex -7.7502 9.36 47.999
    endloop
  endfacet
  facet normal 0.595699 0 -0.803208
    outer loop
      vertex -7.75021 34.86 47.999
      vertex -8.19004 9.36 47.6728
      vertex -8.19004 34.86 47.6728
    endloop
  endfacet
  facet normal 0 0 -1
    outer loop
      vertex -7.75021 35.06 47.999
      vertex -7.7502 35.36 47.999
      vertex -7.75021 34.86 47.999
    endloop
  endfacet
  facet normal 0.59669 -1.98897e-05 -0.802472
    outer loop
      vertex -7.7502 35.36 47.999
      vertex -7.75021 35.06 47.999
      vertex -7.76069 35.36 47.9912
    endloop
  endfacet
  facet normal 0.941535 0 -0.336915
    outer loop
      vertex -13.1648 9.36 40.9651
      vertex -13.3493 34.86 40.4495
      vertex -13.1648 34.86 40.9651
    endloop
  endfacet
  facet normal 0.941535 0 -0.336915
    outer loop
      vertex -13.3493 34.86 40.4495
      vertex -13.1648 9.36 40.9651
      vertex -13.3493 9.36 40.4495
    endloop
  endfacet
  facet normal 0.740914 0 -0.6716
    outer loop
      vertex -9.86414 34.86 46.2641
      vertex -9.86414 22.86 46.2641
      vertex -10.2676 22.86 45.819
    endloop
  endfacet
  facet normal 0.740932 -1.36004e-06 -0.67158
    outer loop
      vertex -9.86414 34.86 46.2641
      vertex -10.2676 22.86 45.819
      vertex -10.7835 34.86 45.2498
    endloop
  endfacet
  facet normal 0.740946 0 -0.671564
    outer loop
      vertex -10.7835 9.36 45.2498
      vertex -10.2676 22.86 45.819
      vertex -10.2676 9.36 45.819
    endloop
  endfacet
  facet normal 0.740946 0 -0.671564
    outer loop
      vertex -10.2676 22.86 45.819
      vertex -10.7835 9.36 45.2498
      vertex -10.7835 34.86 45.2498
    endloop
  endfacet
  facet normal -0.904002 0 -0.427529
    outer loop
      vertex 12.5369 9.36 42.481
      vertex 12.3028 34.86 42.976
      vertex 12.5369 34.86 42.481
    endloop
  endfacet
  facet normal -0.904002 -0 -0.427529
    outer loop
      vertex 12.3028 34.86 42.976
      vertex 12.5369 9.36 42.481
      vertex 12.3028 9.36 42.976
    endloop
  endfacet
  facet normal -0.803188 0 -0.595725
    outer loop
      vertex 11.1097 9.36 44.81
      vertex 10.7835 34.86 45.2498
      vertex 11.1097 34.86 44.81
    endloop
  endfacet
  facet normal -0.803188 -0 -0.595725
    outer loop
      vertex 10.7835 34.86 45.2498
      vertex 11.1097 9.36 44.81
      vertex 10.7835 9.36 45.2498
    endloop
  endfacet
  facet normal 0 0 -1
    outer loop
      vertex -15.8 10.86 34.9
      vertex -15.6763 14.06 34.9
      vertex -15.6763 10.86 34.9
    endloop
  endfacet
  facet normal 0 0 -1
    outer loop
      vertex -16.75 13.86 34.9
      vertex -15.6763 14.06 34.9
      vertex -15.8 10.86 34.9
    endloop
  endfacet
  facet normal -0 0 -1
    outer loop
      vertex -15.6763 14.06 34.9
      vertex -16.75 13.86 34.9
      vertex -16.75 14.06 34.9
    endloop
  endfacet
  facet normal 0 -1 0
    outer loop
      vertex -15.8 10.86 37.9
      vertex -15.75 10.86 36.4
      vertex -15.6763 10.86 37.9
    endloop
  endfacet
  facet normal 0 -1 0
    outer loop
      vertex -15.8 10.86 34.9
      vertex -15.75 10.86 36.4
      vertex -15.8 10.86 37.9
    endloop
  endfacet
  facet normal 0 -1 -0
    outer loop
      vertex -15.75 10.86 36.4
      vertex -15.8 10.86 34.9
      vertex -15.6763 10.86 34.9
    endloop
  endfacet
  facet normal -1 0 0
    outer loop
      vertex -16.75 13.86 34.9
      vertex -16.75 14.06 37.9
      vertex -16.75 14.06 34.9
    endloop
  endfacet
  facet normal -1 -0 0
    outer loop
      vertex -16.75 14.06 37.9
      vertex -16.75 13.86 34.9
      vertex -16.75 13.86 37.9
    endloop
  endfacet
  facet normal 0 0 1
    outer loop
      vertex -15.6763 14.06 37.9
      vertex -15.8 10.86 37.9
      vertex -15.6763 10.86 37.9
    endloop
  endfacet
  facet normal 0 0 1
    outer loop
      vertex -16.75 13.86 37.9
      vertex -15.6763 14.06 37.9
      vertex -16.75 14.06 37.9
    endloop
  endfacet
  facet normal 0 0 1
    outer loop
      vertex -15.6763 14.06 37.9
      vertex -16.75 13.86 37.9
      vertex -15.8 10.86 37.9
    endloop
  endfacet
  facet normal 0 1 -0
    outer loop
      vertex -15.75 14.06 36.4
      vertex -16.75 14.06 37.9
      vertex -15.6763 14.06 37.9
    endloop
  endfacet
  facet normal 0 1 0
    outer loop
      vertex -16.75 14.06 34.9
      vertex -15.75 14.06 36.4
      vertex -15.6763 14.06 34.9
    endloop
  endfacet
  facet normal 0 1 0
    outer loop
      vertex -15.75 14.06 36.4
      vertex -16.75 14.06 34.9
      vertex -16.75 14.06 37.9
    endloop
  endfacet
  facet normal -0.953342 -0.301892 0
    outer loop
      vertex -15.8 10.86 34.9
      vertex -16.75 13.86 37.9
      vertex -16.75 13.86 34.9
    endloop
  endfacet
  facet normal -0.953342 -0.301892 0
    outer loop
      vertex -16.75 13.86 37.9
      vertex -15.8 10.86 34.9
      vertex -15.8 10.86 37.9
    endloop
  endfacet
  facet normal 0 -0.301892 0.953342
    outer loop
      vertex -1.5 13.86 53.15
      vertex 1.5 10.86 52.2
      vertex 1.5 13.86 53.15
    endloop
  endfacet
  facet normal 0 -0.301892 0.953342
    outer loop
      vertex 1.5 10.86 52.2
      vertex -1.5 13.86 53.15
      vertex -1.5 10.86 52.2
    endloop
  endfacet
  facet normal 0 -1 0
    outer loop
      vertex -1.5 10.86 52.2
      vertex 0 10.86 52.15
      vertex 1.5 10.86 52.2
    endloop
  endfacet
  facet normal -0 -1 0
    outer loop
      vertex 0 10.86 52.15
      vertex -1.5 10.86 52.2
      vertex -1.5 10.86 52.0763
    endloop
  endfacet
  facet normal 0 -1 -0
    outer loop
      vertex 1.5 10.86 52.2
      vertex 0 10.86 52.15
      vertex 1.5 10.86 52.0763
    endloop
  endfacet
  facet normal -0 0 1
    outer loop
      vertex -1.5 14.06 53.15
      vertex 1.5 13.86 53.15
      vertex 1.5 14.06 53.15
    endloop
  endfacet
  facet normal 0 0 1
    outer loop
      vertex 1.5 13.86 53.15
      vertex -1.5 14.06 53.15
      vertex -1.5 13.86 53.15
    endloop
  endfacet
  facet normal -1 0 0
    outer loop
      vertex -1.5 14.06 52.0763
      vertex -1.5 13.86 53.15
      vertex -1.5 14.06 53.15
    endloop
  endfacet
  facet normal -1 0 0
    outer loop
      vertex -1.5 10.86 52.2
      vertex -1.5 14.06 52.0763
      vertex -1.5 10.86 52.0763
    endloop
  endfacet
  facet normal -1 0 0
    outer loop
      vertex -1.5 14.06 52.0763
      vertex -1.5 10.86 52.2
      vertex -1.5 13.86 53.15
    endloop
  endfacet
  facet normal 0 1 0
    outer loop
      vertex 1.5 14.06 53.15
      vertex 0 14.06 52.15
      vertex -1.5 14.06 53.15
    endloop
  endfacet
  facet normal -0 1 0
    outer loop
      vertex 0 14.06 52.15
      vertex 1.5 14.06 53.15
      vertex 1.5 14.06 52.0763
    endloop
  endfacet
  facet normal 0 1 0
    outer loop
      vertex -1.5 14.06 53.15
      vertex 0 14.06 52.15
      vertex -1.5 14.06 52.0763
    endloop
  endfacet
  facet normal 1 -0 0
    outer loop
      vertex 1.5 13.86 53.15
      vertex 1.5 14.06 52.0763
      vertex 1.5 14.06 53.15
    endloop
  endfacet
  facet normal 1 -0 0
    outer loop
      vertex 1.5 10.86 52.2
      vertex 1.5 14.06 52.0763
      vertex 1.5 13.86 53.15
    endloop
  endfacet
  facet normal 1 0 0
    outer loop
      vertex 1.5 14.06 52.0763
      vertex 1.5 10.86 52.2
      vertex 1.5 10.86 52.0763
    endloop
  endfacet
  facet normal 0.953342 -0.301892 0
    outer loop
      vertex 15.8 10.86 37.9
      vertex 16.75 13.86 34.9
      vertex 16.75 13.86 37.9
    endloop
  endfacet
  facet normal 0.953342 -0.301892 0
    outer loop
      vertex 16.75 13.86 34.9
      vertex 15.8 10.86 37.9
      vertex 15.8 10.86 34.9
    endloop
  endfacet
  facet normal 0 -1 0
    outer loop
      vertex 15.75 10.86 36.4
      vertex 15.8 10.86 37.9
      vertex 15.6763 10.86 37.9
    endloop
  endfacet
  facet normal 0 -1 0
    outer loop
      vertex 15.75 10.86 36.4
      vertex 15.8 10.86 34.9
      vertex 15.8 10.86 37.9
    endloop
  endfacet
  facet normal 0 -1 0
    outer loop
      vertex 15.8 10.86 34.9
      vertex 15.75 10.86 36.4
      vertex 15.6763 10.86 34.9
    endloop
  endfacet
  facet normal -0 0 1
    outer loop
      vertex 15.6763 14.06 37.9
      vertex 16.75 13.86 37.9
      vertex 16.75 14.06 37.9
    endloop
  endfacet
  facet normal 0 0 1
    outer loop
      vertex 16.75 13.86 37.9
      vertex 15.6763 14.06 37.9
      vertex 15.8 10.86 37.9
    endloop
  endfacet
  facet normal 0 0 1
    outer loop
      vertex 15.8 10.86 37.9
      vertex 15.6763 14.06 37.9
      vertex 15.6763 10.86 37.9
    endloop
  endfacet
  facet normal 0 1 0
    outer loop
      vertex 16.75 14.06 37.9
      vertex 15.75 14.06 36.4
      vertex 15.6763 14.06 37.9
    endloop
  endfacet
  facet normal 0 1 -0
    outer loop
      vertex 16.75 14.06 34.9
      vertex 15.75 14.06 36.4
      vertex 16.75 14.06 37.9
    endloop
  endfacet
  facet normal 0 1 0
    outer loop
      vertex 15.75 14.06 36.4
      vertex 16.75 14.06 34.9
      vertex 15.6763 14.06 34.9
    endloop
  endfacet
  facet normal 1 -0 0
    outer loop
      vertex 16.75 13.86 37.9
      vertex 16.75 14.06 34.9
      vertex 16.75 14.06 37.9
    endloop
  endfacet
  facet normal 1 0 0
    outer loop
      vertex 16.75 14.06 34.9
      vertex 16.75 13.86 37.9
      vertex 16.75 13.86 34.9
    endloop
  endfacet
  facet normal 0 0 -1
    outer loop
      vertex 15.6763 14.06 34.9
      vertex 16.75 13.86 34.9
      vertex 15.8 10.86 34.9
    endloop
  endfacet
  facet normal 0 0 -1
    outer loop
      vertex 15.6763 14.06 34.9
      vertex 15.8 10.86 34.9
      vertex 15.6763 10.86 34.9
    endloop
  endfacet
  facet normal 0 0 -1
    outer loop
      vertex 16.75 13.86 34.9
      vertex 15.6763 14.06 34.9
      vertex 16.75 14.06 34.9
    endloop
  endfacet
  facet normal 0 -0.301892 -0.953342
    outer loop
      vertex -1.5 10.86 20.6
      vertex 1.5 13.86 19.65
      vertex 1.5 10.86 20.6
    endloop
  endfacet
  facet normal -0 -0.301892 -0.953342
    outer loop
      vertex 1.5 13.86 19.65
      vertex -1.5 10.86 20.6
      vertex -1.5 13.86 19.65
    endloop
  endfacet
  facet normal 0 -1 0
    outer loop
      vertex -1.5 10.86 20.7237
      vertex -1.5 10.86 20.6
      vertex 0 10.86 20.65
    endloop
  endfacet
  facet normal 0 -1 0
    outer loop
      vertex 0 10.86 20.65
      vertex 1.5 10.86 20.6
      vertex 1.5 10.86 20.7237
    endloop
  endfacet
  facet normal 0 -1 0
    outer loop
      vertex 1.5 10.86 20.6
      vertex 0 10.86 20.65
      vertex -1.5 10.86 20.6
    endloop
  endfacet
  facet normal -1 0 0
    outer loop
      vertex -1.5 13.86 19.65
      vertex -1.5 14.06 20.7237
      vertex -1.5 14.06 19.65
    endloop
  endfacet
  facet normal -1 0 0
    outer loop
      vertex -1.5 10.86 20.6
      vertex -1.5 14.06 20.7237
      vertex -1.5 13.86 19.65
    endloop
  endfacet
  facet normal -1 -0 0
    outer loop
      vertex -1.5 14.06 20.7237
      vertex -1.5 10.86 20.6
      vertex -1.5 10.86 20.7237
    endloop
  endfacet
  facet normal 1 0 0
    outer loop
      vertex 1.5 14.06 20.7237
      vertex 1.5 13.86 19.65
      vertex 1.5 14.06 19.65
    endloop
  endfacet
  facet normal 1 0 0
    outer loop
      vertex 1.5 10.86 20.6
      vertex 1.5 14.06 20.7237
      vertex 1.5 10.86 20.7237
    endloop
  endfacet
  facet normal 1 0 0
    outer loop
      vertex 1.5 14.06 20.7237
      vertex 1.5 10.86 20.6
      vertex 1.5 13.86 19.65
    endloop
  endfacet
  facet normal 0 1 0
    outer loop
      vertex 1.5 14.06 20.7237
      vertex 1.5 14.06 19.65
      vertex 0 14.06 20.65
    endloop
  endfacet
  facet normal 0 1 0
    outer loop
      vertex -1.5 14.06 19.65
      vertex 0 14.06 20.65
      vertex 1.5 14.06 19.65
    endloop
  endfacet
  facet normal 0 1 0
    outer loop
      vertex 0 14.06 20.65
      vertex -1.5 14.06 19.65
      vertex -1.5 14.06 20.7237
    endloop
  endfacet
  facet normal 0 0 -1
    outer loop
      vertex -1.5 13.86 19.65
      vertex 1.5 14.06 19.65
      vertex 1.5 13.86 19.65
    endloop
  endfacet
  facet normal -0 0 -1
    outer loop
      vertex 1.5 14.06 19.65
      vertex -1.5 13.86 19.65
      vertex -1.5 14.06 19.65
    endloop
  endfacet
  facet normal 0.894427 0 -0.447214
    outer loop
      vertex 26.9056 53.36 28.1361
      vertex 26.7607 100.027 27.8463
      vertex 26.9056 100.027 28.1361
    endloop
  endfacet
  facet normal 0.894427 0 -0.447214
    outer loop
      vertex 26.7607 100.027 27.8463
      vertex 26.9056 53.36 28.1361
      vertex 26.7607 53.36 27.8463
    endloop
  endfacet
  facet normal 0.0261817 0.26101 -0.964981
    outer loop
      vertex 24.135 53.56 26.1735
      vertex 0 35.56 20.65
      vertex 23.8254 53.56 26.1651
    endloop
  endfacet
  facet normal 0.578052 0 -0.816
    outer loop
      vertex 25.6574 53.36 26.6811
      vertex 25.9218 100.027 26.8684
      vertex 25.9218 53.36 26.8684
    endloop
  endfacet
  facet normal 0.578052 0 -0.816
    outer loop
      vertex 25.9218 100.027 26.8684
      vertex 25.6574 53.36 26.6811
      vertex 25.6574 100.027 26.6811
    endloop
  endfacet
  facet normal -0.496412 -0.314289 -0.809196
    outer loop
      vertex -8.75023 35.36 23.3044
      vertex -25.7456 53.36 26.7393
      vertex -25.4693 53.36 26.5698
    endloop
  endfacet
  facet normal 0.81857 -0.561426 -0.121428
    outer loop
      vertex 15.6742 35.36 34.8562
      vertex 15.4474 35.36 33.3273
      vertex 27.1615 53.36 29.0708
    endloop
  endfacet
  facet normal 0.0476794 0.234049 -0.971055
    outer loop
      vertex 1.54377 35.56 20.7258
      vertex 0 35.56 20.65
      vertex 24.135 53.56 26.1735
    endloop
  endfacet
  facet normal 0.604035 -0.437062 -0.666423
    outer loop
      vertex 11.1369 35.36 25.2631
      vertex 9.99169 35.36 24.2251
      vertex 26.1665 53.36 27.0807
    endloop
  endfacet
  facet normal 0.148717 0.265098 0.952684
    outer loop
      vertex 5.59557 53.56 46.4448
      vertex 3.07267 35.56 51.8474
      vertex 8.20923 53.56 46.0368
    endloop
  endfacet
  facet normal 2.0027e-05 0.292928 -0.956135
    outer loop
      vertex 0 35.56 20.65
      vertex -23.9168 53.56 26.1641
      vertex 23.8254 53.56 26.1651
    endloop
  endfacet
  facet normal 0.407541 0 -0.913187
    outer loop
      vertex 25.0798 53.36 26.3884
      vertex 25.3758 100.027 26.5205
      vertex 25.3758 53.36 26.5205
    endloop
  endfacet
  facet normal 0.407541 0 -0.913187
    outer loop
      vertex 25.3758 100.027 26.5205
      vertex 25.0798 53.36 26.3884
      vertex 25.0798 100.027 26.3884
    endloop
  endfacet
  facet normal -0.648897 -0.482707 -0.588155
    outer loop
      vertex -12.1749 35.36 26.4083
      vertex -26.2417 53.36 27.155
      vertex -11.1369 35.36 25.2631
    endloop
  endfacet
  facet normal -0.775541 -0.567043 -0.277485
    outer loop
      vertex -15.0718 35.36 31.828
      vertex -26.9466 53.36 28.2337
      vertex -14.5511 35.36 30.3727
    endloop
  endfacet
  facet normal -0.425123 -0.228638 -0.875783
    outer loop
      vertex -7.4245 35.36 22.5097
      vertex -25.4693 53.36 26.5698
      vertex -25.1778 53.36 26.4283
    endloop
  endfacet
  facet normal 0.495408 0 -0.86866
    outer loop
      vertex 25.3758 53.36 26.5205
      vertex 25.6574 100.027 26.6811
      vertex 25.6574 53.36 26.6811
    endloop
  endfacet
  facet normal 0.495408 0 -0.86866
    outer loop
      vertex 25.6574 100.027 26.6811
      vertex 25.3758 53.36 26.5205
      vertex 25.3758 100.027 26.5205
    endloop
  endfacet
  facet normal 0.0490415 0 -0.998797
    outer loop
      vertex 0 35.36 20.65
      vertex 1.54377 35.56 20.7258
      vertex 1.54377 35.36 20.7258
    endloop
  endfacet
  facet normal 0.0490415 0 -0.998797
    outer loop
      vertex 1.54377 35.56 20.7258
      vertex 0 35.36 20.65
      vertex 0 35.56 20.65
    endloop
  endfacet
  facet normal 0.743891 -0.555232 -0.371946
    outer loop
      vertex 26.9056 53.36 28.1361
      vertex 13.8903 35.36 28.9755
      vertex 26.7607 53.36 27.8463
    endloop
  endfacet
  facet normal 0.793828 -0.567939 -0.217445
    outer loop
      vertex 27.107 53.36 28.7513
      vertex 15.0718 35.36 31.828
      vertex 27.0214 53.36 28.4388
    endloop
  endfacet
  facet normal 0.836067 -0.547089 -0.0410506
    outer loop
      vertex 15.75 35.36 36.4
      vertex 15.6742 35.36 34.8562
      vertex 27.1845 53.36 29.394
    endloop
  endfacet
  facet normal -0.42161 0.107697 0.900359
    outer loop
      vertex -19.3265 53.56 42.5704
      vertex -21.9485 53.56 41.3426
      vertex -6.02726 35.56 50.9511
    endloop
  endfacet
  facet normal -0.141436 0.266347 0.953444
    outer loop
      vertex -1.54377 35.56 52.0742
      vertex -5.59557 53.56 46.4448
      vertex -3.07267 35.56 51.8474
    endloop
  endfacet
  facet normal -0.855561 -0.471236 0.214366
    outer loop
      vertex -15.222 35.36 40.3723
      vertex -25.6786 53.36 38.2077
      vertex -15.4474 35.36 39.4727
    endloop
  endfacet
  facet normal -0.855572 -0.471252 0.214285
    outer loop
      vertex -25.6786 53.36 38.2077
      vertex -15.222 35.36 40.3723
      vertex -15.0718 35.36 40.972
    endloop
  endfacet
  facet normal 0.22181 0.0214469 -0.974854
    outer loop
      vertex 24.7725 53.56 26.286
      vertex 3.07267 35.56 20.9526
      vertex 24.4565 53.56 26.2141
    endloop
  endfacet
  facet normal -0.747682 0 -0.664057
    outer loop
      vertex -26.2417 53.36 27.155
      vertex -26.4569 100.027 27.3973
      vertex -26.2417 100.027 27.155
    endloop
  endfacet
  facet normal -0.747682 -0 -0.664057
    outer loop
      vertex -26.4569 100.027 27.3973
      vertex -26.2417 53.36 27.155
      vertex -26.4569 53.36 27.3973
    endloop
  endfacet
  facet normal -0.74979 -0.55863 -0.35461
    outer loop
      vertex -14.5511 35.36 30.3727
      vertex -26.8111 53.36 27.9393
      vertex -13.8903 35.36 28.9755
    endloop
  endfacet
  facet normal -0.522909 0 -0.852388
    outer loop
      vertex -25.7456 53.36 26.7393
      vertex -25.4693 100.027 26.5698
      vertex -25.4693 53.36 26.5698
    endloop
  endfacet
  facet normal -0.522909 0 -0.852388
    outer loop
      vertex -25.4693 100.027 26.5698
      vertex -25.7456 53.36 26.7393
      vertex -25.7456 100.027 26.7393
    endloop
  endfacet
  facet normal -0.243002 -0.00546863 -0.97001
    outer loop
      vertex -4.57198 35.36 21.3282
      vertex -24.5603 53.36 26.2341
      vertex -3.07267 35.36 20.9526
    endloop
  endfacet
  facet normal -0.25265 -0.0168901 -0.96741
    outer loop
      vertex -4.57198 35.36 21.3282
      vertex -24.8739 53.36 26.316
      vertex -24.5603 53.36 26.2341
    endloop
  endfacet
  facet normal -0.557333 -0.385039 -0.735612
    outer loop
      vertex -9.99169 35.36 24.2251
      vertex -26.0039 53.36 26.935
      vertex -25.7456 53.36 26.7393
    endloop
  endfacet
  facet normal -0.604051 -0.437011 -0.666441
    outer loop
      vertex -11.1369 35.36 25.2631
      vertex -26.0039 53.36 26.935
      vertex -9.99169 35.36 24.2251
    endloop
  endfacet
  facet normal -0.489405 -0.306467 -0.816432
    outer loop
      vertex -8.75023 35.36 23.3044
      vertex -25.4693 53.36 26.5698
      vertex -7.4245 35.36 22.5097
    endloop
  endfacet
  facet normal 0.399544 -0.197125 -0.895269
    outer loop
      vertex 25.3758 53.36 26.5205
      vertex 6.02726 35.36 21.8489
      vertex 25.0798 53.36 26.3884
    endloop
  endfacet
  facet normal 0.489395 -0.306527 -0.816415
    outer loop
      vertex 8.75023 35.36 23.3044
      vertex 7.4245 35.36 22.5097
      vertex 25.6574 53.36 26.6811
    endloop
  endfacet
  facet normal 0.593306 -0.424656 -0.683853
    outer loop
      vertex 26.1665 53.36 27.0807
      vertex 9.99169 35.36 24.2251
      vertex 25.9218 53.36 26.8684
    endloop
  endfacet
  facet normal 0.720601 -0.542344 -0.431969
    outer loop
      vertex 13.8903 35.36 28.9755
      vertex 13.0956 35.36 27.6498
      vertex 26.7607 53.36 27.8463
    endloop
  endfacet
  facet normal 0.33452 -0.118296 -0.934934
    outer loop
      vertex 6.02726 35.36 21.8489
      vertex 4.57198 35.36 21.3282
      vertex 25.0798 53.36 26.3884
    endloop
  endfacet
  facet normal 0.679506 -0.510006 -0.527414
    outer loop
      vertex 26.5881 53.36 27.572
      vertex 12.1749 35.36 26.4083
      vertex 26.3894 53.36 27.316
    endloop
  endfacet
  facet normal 0.648877 -0.482756 -0.588137
    outer loop
      vertex 12.1749 35.36 26.4083
      vertex 11.1369 35.36 25.2631
      vertex 26.3894 53.36 27.316
    endloop
  endfacet
  facet normal 0.749765 -0.55867 -0.354598
    outer loop
      vertex 14.5511 35.36 30.3727
      vertex 13.8903 35.36 28.9755
      vertex 26.9056 53.36 28.1361
    endloop
  endfacet
  facet normal 0.814667 -0.563033 -0.138965
    outer loop
      vertex 27.1615 53.36 29.0708
      vertex 15.4474 35.36 33.3273
      vertex 27.107 53.36 28.7513
    endloop
  endfacet
  facet normal 0.846382 0 -0.532576
    outer loop
      vertex 26.7607 53.36 27.8463
      vertex 26.5881 100.027 27.572
      vertex 26.7607 100.027 27.8463
    endloop
  endfacet
  facet normal 0.846382 0 -0.532576
    outer loop
      vertex 26.5881 100.027 27.572
      vertex 26.7607 53.36 27.8463
      vertex 26.5881 53.36 27.572
    endloop
  endfacet
  facet normal 0.832738 -0.550487 -0.0592604
    outer loop
      vertex 27.1845 53.36 29.394
      vertex 15.6742 35.36 34.8562
      vertex 27.1615 53.36 29.0708
    endloop
  endfacet
  facet normal 0.427502 0 0.904014
    outer loop
      vertex 7.4245 35.56 50.2903
      vertex 6.8656 35.36 50.5546
      vertex 7.4245 35.36 50.2903
    endloop
  endfacet
  facet normal 0.427531 -9.89507e-05 0.904001
    outer loop
      vertex 6.02726 35.56 50.9511
      vertex 6.8656 35.36 50.5546
      vertex 7.4245 35.56 50.2903
    endloop
  endfacet
  facet normal 0.42755 0 0.903991
    outer loop
      vertex 6.8656 35.36 50.5546
      vertex 6.02726 35.56 50.9511
      vertex 6.02726 35.36 50.9511
    endloop
  endfacet
  facet normal -0.79422 -0.377547 0.476101
    outer loop
      vertex -13.0956 35.36 45.1502
      vertex -25.2835 53.36 39.0926
      vertex -13.8903 35.36 43.8245
    endloop
  endfacet
  facet normal -0.820718 -0.560001 -0.113229
    outer loop
      vertex -15.6742 35.36 34.8562
      vertex -27.1725 53.36 29.176
      vertex -27.1282 53.36 28.8549
    endloop
  endfacet
  facet normal -0.975056 0 0.221961
    outer loop
      vertex -25.7407 53.36 37.9349
      vertex -25.6786 100.027 38.2077
      vertex -25.7407 100.027 37.9349
    endloop
  endfacet
  facet normal -0.975056 0 0.221961
    outer loop
      vertex -25.6786 100.027 38.2077
      vertex -25.7407 53.36 37.9349
      vertex -25.6786 53.36 38.2077
    endloop
  endfacet
  facet normal -0.809269 0 -0.587438
    outer loop
      vertex -26.4569 53.36 27.3973
      vertex -26.6473 100.027 27.6596
      vertex -26.4569 100.027 27.3973
    endloop
  endfacet
  facet normal -0.809269 -0 -0.587438
    outer loop
      vertex -26.6473 100.027 27.6596
      vertex -26.4569 53.36 27.3973
      vertex -26.6473 53.36 27.6596
    endloop
  endfacet
  facet normal -0.334523 -0.118231 -0.934942
    outer loop
      vertex -6.02726 35.36 21.8489
      vertex -24.8739 53.36 26.316
      vertex -4.57198 35.36 21.3282
    endloop
  endfacet
  facet normal -0.551322 -0.378691 -0.743396
    outer loop
      vertex -9.99169 35.36 24.2251
      vertex -25.7456 53.36 26.7393
      vertex -8.75023 35.36 23.3044
    endloop
  endfacet
  facet normal -0.43669 0 -0.899612
    outer loop
      vertex -25.4693 53.36 26.5698
      vertex -25.1778 100.027 26.4283
      vertex -25.1778 53.36 26.4283
    endloop
  endfacet
  facet normal -0.43669 0 -0.899612
    outer loop
      vertex -25.1778 100.027 26.4283
      vertex -25.4693 53.36 26.5698
      vertex -25.4693 100.027 26.5698
    endloop
  endfacet
  facet normal -0.60917 -0.441981 -0.658457
    outer loop
      vertex -11.1369 35.36 25.2631
      vertex -26.2417 53.36 27.155
      vertex -26.0039 53.36 26.935
    endloop
  endfacet
  facet normal -0.778227 -0.567218 -0.269494
    outer loop
      vertex -15.0718 35.36 31.828
      vertex -27.0526 53.36 28.5398
      vertex -26.9466 53.36 28.2337
    endloop
  endfacet
  facet normal -0.0476786 0.234116 -0.971039
    outer loop
      vertex -1.54377 35.56 20.7258
      vertex -23.9168 53.56 26.1641
      vertex 0 35.56 20.65
    endloop
  endfacet
  facet normal -0.346621 0 -0.938005
    outer loop
      vertex -25.1778 53.36 26.4283
      vertex -24.8739 100.027 26.316
      vertex -24.8739 53.36 26.316
    endloop
  endfacet
  facet normal -0.346621 0 -0.938005
    outer loop
      vertex -24.8739 100.027 26.316
      vertex -25.1778 53.36 26.4283
      vertex -25.1778 100.027 26.4283
    endloop
  endfacet
  facet normal -0.603893 0 -0.797065
    outer loop
      vertex -26.0039 53.36 26.935
      vertex -25.7456 100.027 26.7393
      vertex -25.7456 53.36 26.7393
    endloop
  endfacet
  facet normal -0.603893 0 -0.797065
    outer loop
      vertex -25.7456 100.027 26.7393
      vertex -26.0039 53.36 26.935
      vertex -26.0039 100.027 26.935
    endloop
  endfacet
  facet normal 0.65533 0 -0.755343
    outer loop
      vertex 25.9218 53.36 26.8684
      vertex 26.1665 100.027 27.0807
      vertex 26.1665 53.36 27.0807
    endloop
  endfacet
  facet normal 0.65533 0 -0.755343
    outer loop
      vertex 26.1665 100.027 27.0807
      vertex 25.9218 53.36 26.8684
      vertex 25.9218 100.027 26.8684
    endloop
  endfacet
  facet normal 0.474448 -0.287797 -0.831909
    outer loop
      vertex 25.6574 53.36 26.6811
      vertex 7.4245 35.36 22.5097
      vertex 25.3758 53.36 26.5205
    endloop
  endfacet
  facet normal 0.417109 -0.219459 -0.881963
    outer loop
      vertex 7.4245 35.36 22.5097
      vertex 6.02726 35.36 21.8489
      vertex 25.3758 53.36 26.5205
    endloop
  endfacet
  facet normal 0.316135 0 -0.948714
    outer loop
      vertex 24.7725 53.56 26.286
      vertex 25.0798 53.36 26.3884
      vertex 24.7725 53.36 26.286
    endloop
  endfacet
  facet normal 0.316135 0 -0.948714
    outer loop
      vertex 25.0798 53.36 26.3884
      vertex 24.7725 53.56 26.286
      vertex 25.0798 100.027 26.3884
    endloop
  endfacet
  facet normal 0.316135 0 -0.948714
    outer loop
      vertex 25.0798 100.027 26.3884
      vertex 24.7725 53.56 26.286
      vertex 24.7725 100.027 26.286
    endloop
  endfacet
  facet normal 0.243002 -0.0055365 -0.97001
    outer loop
      vertex 4.57198 35.36 21.3282
      vertex 3.07267 35.36 20.9526
      vertex 24.7725 53.36 26.286
    endloop
  endfacet
  facet normal 0.725977 0 -0.687719
    outer loop
      vertex 26.3894 53.36 27.316
      vertex 26.1665 100.027 27.0807
      vertex 26.3894 100.027 27.316
    endloop
  endfacet
  facet normal 0.725977 0 -0.687719
    outer loop
      vertex 26.1665 100.027 27.0807
      vertex 26.3894 53.36 27.316
      vertex 26.1665 53.36 27.0807
    endloop
  endfacet
  facet normal 0.639663 -0.472917 -0.605954
    outer loop
      vertex 26.3894 53.36 27.316
      vertex 11.1369 35.36 25.2631
      vertex 26.1665 53.36 27.0807
    endloop
  endfacet
  facet normal 0.789967 0 -0.61315
    outer loop
      vertex 26.5881 53.36 27.572
      vertex 26.3894 100.027 27.316
      vertex 26.5881 100.027 27.572
    endloop
  endfacet
  facet normal 0.789967 0 -0.61315
    outer loop
      vertex 26.3894 100.027 27.316
      vertex 26.5881 53.36 27.572
      vertex 26.3894 53.36 27.316
    endloop
  endfacet
  facet normal 0.798364 -0.56799 -0.200004
    outer loop
      vertex 15.4474 35.36 33.3273
      vertex 15.0718 35.36 31.828
      vertex 27.107 53.36 28.7513
    endloop
  endfacet
  facet normal 0.964471 0 -0.264188
    outer loop
      vertex 27.107 53.36 28.7513
      vertex 27.0214 100.027 28.4388
      vertex 27.107 100.027 28.7513
    endloop
  endfacet
  facet normal 0.964471 0 -0.264188
    outer loop
      vertex 27.0214 100.027 28.4388
      vertex 27.107 53.36 28.7513
      vertex 27.0214 53.36 28.4388
    endloop
  endfacet
  facet normal 0.972237 -0 0.233997
    outer loop
      vertex 25.6594 53.36 38.2758
      vertex 25.7388 100.027 37.9459
      vertex 25.6594 100.027 38.2758
    endloop
  endfacet
  facet normal 0.972237 0 0.233997
    outer loop
      vertex 25.7388 100.027 37.9459
      vertex 25.6594 53.36 38.2758
      vertex 25.7388 53.36 37.9459
    endloop
  endfacet
  facet normal 0.863513 -0.480794 0.152255
    outer loop
      vertex 25.7388 53.36 37.9459
      vertex 15.4474 35.36 39.4727
      vertex 27.1406 53.36 29.9956
    endloop
  endfacet
  facet normal 0.444616 0.0845159 0.891725
    outer loop
      vertex 21.9485 53.56 41.3426
      vertex 7.4245 35.56 50.2903
      vertex 22.0558 53.56 41.2891
    endloop
  endfacet
  facet normal 0.243006 0 0.970025
    outer loop
      vertex 3.07267 35.56 51.8474
      vertex 4.57198 35.36 51.4718
      vertex 4.57198 35.56 51.4718
    endloop
  endfacet
  facet normal 0.243006 0 0.970025
    outer loop
      vertex 4.57198 35.36 51.4718
      vertex 3.07267 35.56 51.8474
      vertex 3.07267 35.36 51.8474
    endloop
  endfacet
  facet normal 0.715303 -0.260263 0.648541
    outer loop
      vertex 11.4021 35.36 47.2444
      vertex 25.0448 53.36 39.4208
      vertex 11.1369 35.36 47.5369
    endloop
  endfacet
  facet normal 0.715541 -0.26062 0.648135
    outer loop
      vertex 11.5521 35.36 47.0788
      vertex 25.0448 53.36 39.4208
      vertex 11.4021 35.36 47.2444
    endloop
  endfacet
  facet normal 0.71537 -0.260369 0.648424
    outer loop
      vertex 25.0448 53.36 39.4208
      vertex 11.5521 35.36 47.0788
      vertex 12.1749 35.36 46.3917
    endloop
  endfacet
  facet normal 0.59078 -0.0913764 0.801641
    outer loop
      vertex 24.3249 53.36 40.0694
      vertex 8.75023 35.36 49.4956
      vertex 24.5857 53.36 39.8772
    endloop
  endfacet
  facet normal -0.42522 0.103839 0.899114
    outer loop
      vertex -6.02726 35.56 50.9511
      vertex -21.9485 53.56 41.3426
      vertex -7.4245 35.56 50.2903
    endloop
  endfacet
  facet normal 0.146736 0 0.989176
    outer loop
      vertex 1.54377 35.56 52.0742
      vertex 3.07267 35.36 51.8474
      vertex 3.07267 35.56 51.8474
    endloop
  endfacet
  facet normal 0.146736 0 0.989176
    outer loop
      vertex 3.07267 35.36 51.8474
      vertex 1.54377 35.56 52.0742
      vertex 1.54377 35.36 52.0742
    endloop
  endfacet
  facet normal -0.0598203 0.281253 0.957767
    outer loop
      vertex -2.68721 53.56 46.717
      vertex -2.83611 53.56 46.7077
      vertex -1.54377 35.56 52.0742
    endloop
  endfacet
  facet normal -0.826123 -0.425786 0.369089
    outer loop
      vertex -25.444 53.36 38.811
      vertex -25.5762 53.36 38.5151
      vertex -14.5511 35.36 42.4273
    endloop
  endfacet
  facet normal 0 -1 0
    outer loop
      vertex 7.76063 35.36 47.9913
      vertex 7.76064 35.36 47.9913
      vertex 7.7502 35.36 47.999
    endloop
  endfacet
  facet normal -0.798393 -0.567948 -0.200011
    outer loop
      vertex -15.4474 35.36 33.3273
      vertex -27.0526 53.36 28.5398
      vertex -15.0718 35.36 31.828
    endloop
  endfacet
  facet normal -0.818596 -0.561386 -0.121432
    outer loop
      vertex -15.6742 35.36 34.8562
      vertex -27.1282 53.36 28.8549
      vertex -15.4474 35.36 33.3273
    endloop
  endfacet
  facet normal -0.653258 -0.486445 -0.580194
    outer loop
      vertex -12.1749 35.36 26.4083
      vertex -26.4569 53.36 27.3973
      vertex -26.2417 53.36 27.155
    endloop
  endfacet
  facet normal -0.687366 -0.517379 -0.509753
    outer loop
      vertex -13.0956 35.36 27.6498
      vertex -26.4569 53.36 27.3973
      vertex -12.1749 35.36 26.4083
    endloop
  endfacet
  facet normal -0.0490415 0 -0.998797
    outer loop
      vertex -1.54377 35.36 20.7258
      vertex 0 35.56 20.65
      vertex 0 35.36 20.65
    endloop
  endfacet
  facet normal -0.0490415 0 -0.998797
    outer loop
      vertex 0 35.56 20.65
      vertex -1.54377 35.36 20.7258
      vertex -1.54377 35.56 20.7258
    endloop
  endfacet
  facet normal -0.252686 0 -0.967548
    outer loop
      vertex -24.8739 53.36 26.316
      vertex -24.5603 53.56 26.2341
      vertex -24.5603 53.36 26.2341
    endloop
  endfacet
  facet normal -0.252686 -0 -0.967548
    outer loop
      vertex -24.8739 100.027 26.316
      vertex -24.5603 53.56 26.2341
      vertex -24.8739 53.36 26.316
    endloop
  endfacet
  facet normal -0.252686 0 -0.967548
    outer loop
      vertex -24.5603 53.56 26.2341
      vertex -24.8739 100.027 26.316
      vertex -24.5603 100.027 26.2341
    endloop
  endfacet
  facet normal -0.343722 -0.129049 -0.930162
    outer loop
      vertex -6.02726 35.36 21.8489
      vertex -25.1778 53.36 26.4283
      vertex -24.8739 53.36 26.316
    endloop
  endfacet
  facet normal -0.417115 -0.219392 -0.881976
    outer loop
      vertex -7.4245 35.36 22.5097
      vertex -25.1778 53.36 26.4283
      vertex -6.02726 35.36 21.8489
    endloop
  endfacet
  facet normal -0.6791 0 -0.734046
    outer loop
      vertex -26.2417 53.36 27.155
      vertex -26.0039 100.027 26.935
      vertex -26.0039 53.36 26.935
    endloop
  endfacet
  facet normal -0.6791 0 -0.734046
    outer loop
      vertex -26.0039 100.027 26.935
      vertex -26.2417 53.36 27.155
      vertex -26.2417 100.027 27.155
    endloop
  endfacet
  facet normal 0.314763 -0.0930698 -0.944596
    outer loop
      vertex 25.0798 53.36 26.3884
      vertex 4.57198 35.36 21.3282
      vertex 24.7725 53.36 26.286
    endloop
  endfacet
  facet normal 0.145778 0.114071 -0.982719
    outer loop
      vertex 3.07267 35.56 20.9526
      vertex 1.54377 35.56 20.7258
      vertex 24.4565 53.56 26.2141
    endloop
  endfacet
  facet normal 0.124026 0.14158 -0.982127
    outer loop
      vertex 24.4565 53.56 26.2141
      vertex 1.54377 35.56 20.7258
      vertex 24.135 53.56 26.1735
    endloop
  endfacet
  facet normal 0.146736 0 -0.989176
    outer loop
      vertex 1.54377 35.36 20.7258
      vertex 3.07267 35.56 20.9526
      vertex 3.07267 35.36 20.9526
    endloop
  endfacet
  facet normal 0.146736 0 -0.989176
    outer loop
      vertex 3.07267 35.56 20.9526
      vertex 1.54377 35.36 20.7258
      vertex 1.54377 35.56 20.7258
    endloop
  endfacet
  facet normal 0.238677 0 -0.971099
    outer loop
      vertex 3.07267 35.56 20.9526
      vertex 24.7725 53.36 26.286
      vertex 3.07267 35.36 20.9526
    endloop
  endfacet
  facet normal 0.238677 0 -0.971099
    outer loop
      vertex 24.7725 53.36 26.286
      vertex 3.07267 35.56 20.9526
      vertex 24.7725 53.56 26.286
    endloop
  endfacet
  facet normal 0.551309 -0.378746 -0.743377
    outer loop
      vertex 9.99169 35.36 24.2251
      vertex 8.75023 35.36 23.3044
      vertex 25.9218 53.36 26.8684
    endloop
  endfacet
  facet normal 0.538566 -0.363248 -0.760261
    outer loop
      vertex 25.9218 53.36 26.8684
      vertex 8.75023 35.36 23.3044
      vertex 25.6574 53.36 26.6811
    endloop
  endfacet
  facet normal 0.687344 -0.517424 -0.509736
    outer loop
      vertex 13.0956 35.36 27.6498
      vertex 12.1749 35.36 26.4083
      vertex 26.5881 53.36 27.572
    endloop
  endfacet
  facet normal 0.71394 -0.537099 -0.449238
    outer loop
      vertex 26.7607 53.36 27.8463
      vertex 13.0956 35.36 27.6498
      vertex 26.5881 53.36 27.572
    endloop
  endfacet
  facet normal 0.997477 0 -0.0709839
    outer loop
      vertex 27.1845 53.36 29.394
      vertex 27.1615 100.027 29.0708
      vertex 27.1845 100.027 29.394
    endloop
  endfacet
  facet normal 0.997477 0 -0.0709839
    outer loop
      vertex 27.1615 100.027 29.0708
      vertex 27.1845 53.36 29.394
      vertex 27.1615 53.36 29.0708
    endloop
  endfacet
  facet normal 0.933988 0 -0.357304
    outer loop
      vertex 27.0214 53.36 28.4388
      vertex 26.9056 100.027 28.1361
      vertex 27.0214 100.027 28.4388
    endloop
  endfacet
  facet normal 0.933988 0 -0.357304
    outer loop
      vertex 26.9056 100.027 28.1361
      vertex 27.0214 53.36 28.4388
      vertex 26.9056 53.36 28.1361
    endloop
  endfacet
  facet normal 0.999623 -0 0.0274588
    outer loop
      vertex 27.1756 53.36 29.718
      vertex 27.1845 100.027 29.394
      vertex 27.1756 100.027 29.718
    endloop
  endfacet
  facet normal 0.999623 0 0.0274588
    outer loop
      vertex 27.1845 100.027 29.394
      vertex 27.1756 53.36 29.718
      vertex 27.1845 53.36 29.394
    endloop
  endfacet
  facet normal 0.984809 -0 0.173642
    outer loop
      vertex 25.7388 53.36 37.9459
      vertex 27.1406 100.027 29.9956
      vertex 25.7388 100.027 37.9459
    endloop
  endfacet
  facet normal 0.984809 0 0.173642
    outer loop
      vertex 27.1406 100.027 29.9956
      vertex 25.7388 53.36 37.9459
      vertex 27.1406 53.36 29.9956
    endloop
  endfacet
  facet normal 0.371659 0.15166 0.915898
    outer loop
      vertex 16.5911 53.56 43.6839
      vertex 6.02726 35.56 50.9511
      vertex 19.2112 53.56 42.6207
    endloop
  endfacet
  facet normal 0.263797 0.220774 0.938973
    outer loop
      vertex 11.1032 53.56 45.4047
      vertex 4.57198 35.56 51.4718
      vertex 13.7194 53.56 44.6697
    endloop
  endfacet
  facet normal 0.794256 -0.377446 0.476122
    outer loop
      vertex 25.4061 53.36 38.8836
      vertex 13.0956 35.36 45.1502
      vertex 13.8903 35.36 43.8245
    endloop
  endfacet
  facet normal -0.291155 0.20515 0.934421
    outer loop
      vertex -13.7194 53.56 44.6697
      vertex -13.8497 53.56 44.6291
      vertex -4.57198 35.56 51.4718
    endloop
  endfacet
  facet normal 0.0298924 0.284736 0.95814
    outer loop
      vertex 0.0748901 53.56 46.7985
      vertex 0 35.56 52.15
      vertex 2.68721 53.56 46.717
    endloop
  endfacet
  facet normal 0.0470483 0.282194 0.958203
    outer loop
      vertex 2.68721 53.56 46.717
      vertex 0 35.56 52.15
      vertex 1.54377 35.56 52.0742
    endloop
  endfacet
  facet normal 0.0490415 0 0.998797
    outer loop
      vertex 0 35.56 52.15
      vertex 1.54377 35.36 52.0742
      vertex 1.54377 35.56 52.0742
    endloop
  endfacet
  facet normal 0.0490415 0 0.998797
    outer loop
      vertex 1.54377 35.36 52.0742
      vertex 0 35.56 52.15
      vertex 0 35.36 52.15
    endloop
  endfacet
  facet normal -0.612949 0 0.790123
    outer loop
      vertex -24.6486 100.027 39.8246
      vertex -24.3837 53.36 40.0301
      vertex -24.3837 100.027 40.0301
    endloop
  endfacet
  facet normal -0.612949 0 0.790123
    outer loop
      vertex -24.3837 53.36 40.0301
      vertex -24.6486 100.027 39.8246
      vertex -24.6486 53.36 39.8246
    endloop
  endfacet
  facet normal -0.768257 -0.337039 0.54423
    outer loop
      vertex -25.0962 53.36 39.357
      vertex -25.2835 53.36 39.0926
      vertex -13.0956 35.36 45.1502
    endloop
  endfacet
  facet normal -0.759612 -0.32515 0.563265
    outer loop
      vertex -12.9186 35.36 45.3889
      vertex -25.0962 53.36 39.357
      vertex -13.0956 35.36 45.1502
    endloop
  endfacet
  facet normal -0.75965 -0.325202 0.563184
    outer loop
      vertex -12.7274 35.36 45.6468
      vertex -25.0962 53.36 39.357
      vertex -12.9186 35.36 45.3889
    endloop
  endfacet
  facet normal -0.759562 -0.325075 0.563375
    outer loop
      vertex -25.0962 53.36 39.357
      vertex -12.7274 35.36 45.6468
      vertex -12.1749 35.36 46.3917
    endloop
  endfacet
  facet normal -0.85845 -0.47421 0.195417
    outer loop
      vertex -25.6786 53.36 38.2077
      vertex -25.7407 53.36 37.9349
      vertex -15.4474 35.36 39.4727
    endloop
  endfacet
  facet normal -0.860696 -0.494155 0.122528
    outer loop
      vertex -27.1381 53.36 30.0097
      vertex -27.1667 53.36 29.8088
      vertex -15.6742 35.36 37.9438
    endloop
  endfacet
  facet normal 0 1 0
    outer loop
      vertex 2.83646 53.56 27.1853
      vertex -2.83646 53.56 27.1853
      vertex 0 53.56 27.2
    endloop
  endfacet
  facet normal 0 1 0
    outer loop
      vertex 5.67451 53.56 27.1411
      vertex -2.83646 53.56 27.1853
      vertex 2.83646 53.56 27.1853
    endloop
  endfacet
  facet normal 0 1 0
    outer loop
      vertex 5.67451 53.56 27.1411
      vertex -5.67451 53.56 27.1411
      vertex -2.83646 53.56 27.1853
    endloop
  endfacet
  facet normal 0 1 0
    outer loop
      vertex 8.51094 53.56 27.0675
      vertex -5.67451 53.56 27.1411
      vertex 5.67451 53.56 27.1411
    endloop
  endfacet
  facet normal 0 1 0
    outer loop
      vertex 8.51094 53.56 27.0675
      vertex -8.51094 53.56 27.0675
      vertex -5.67451 53.56 27.1411
    endloop
  endfacet
  facet normal 0 1 0
    outer loop
      vertex 11.3478 53.56 26.9645
      vertex -8.51094 53.56 27.0675
      vertex 8.51094 53.56 27.0675
    endloop
  endfacet
  facet normal 0 1 0
    outer loop
      vertex 11.3478 53.56 26.9645
      vertex -11.3478 53.56 26.9645
      vertex -8.51094 53.56 27.0675
    endloop
  endfacet
  facet normal 0 1 0
    outer loop
      vertex 14.1846 53.56 26.832
      vertex -11.3478 53.56 26.9645
      vertex 11.3478 53.56 26.9645
    endloop
  endfacet
  facet normal 0 1 0
    outer loop
      vertex 14.1846 53.56 26.832
      vertex -14.1846 53.56 26.832
      vertex -11.3478 53.56 26.9645
    endloop
  endfacet
  facet normal 0 1 0
    outer loop
      vertex 17.0215 53.56 26.6701
      vertex -14.1846 53.56 26.832
      vertex 14.1846 53.56 26.832
    endloop
  endfacet
  facet normal 0 1 0
    outer loop
      vertex 17.0215 53.56 26.6701
      vertex -17.0215 53.56 26.6701
      vertex -14.1846 53.56 26.832
    endloop
  endfacet
  facet normal 0 1 0
    outer loop
      vertex 19.8575 53.56 26.4789
      vertex -17.0215 53.56 26.6701
      vertex 17.0215 53.56 26.6701
    endloop
  endfacet
  facet normal 0 1 0
    outer loop
      vertex 19.8575 53.56 26.4789
      vertex -19.8575 53.56 26.4789
      vertex -17.0215 53.56 26.6701
    endloop
  endfacet
  facet normal 0 1 0
    outer loop
      vertex 22.6953 53.56 26.258
      vertex -19.8575 53.56 26.4789
      vertex 19.8575 53.56 26.4789
    endloop
  endfacet
  facet normal 0 1 0
    outer loop
      vertex 22.6953 53.56 26.258
      vertex -22.6953 53.56 26.258
      vertex -19.8575 53.56 26.4789
    endloop
  endfacet
  facet normal 0 1 0
    outer loop
      vertex 23.6228 53.56 26.1762
      vertex -22.6953 53.56 26.258
      vertex 22.6953 53.56 26.258
    endloop
  endfacet
  facet normal 0 1 0
    outer loop
      vertex 23.6228 53.56 26.1762
      vertex -23.6372 53.56 26.1749
      vertex -22.6953 53.56 26.258
    endloop
  endfacet
  facet normal 0 1 0
    outer loop
      vertex 23.8254 53.56 26.1651
      vertex -23.6372 53.56 26.1749
      vertex 23.6228 53.56 26.1762
    endloop
  endfacet
  facet normal 0 1 0
    outer loop
      vertex -23.6372 53.56 26.1749
      vertex 23.8254 53.56 26.1651
      vertex -23.9168 53.56 26.1641
    endloop
  endfacet
  facet normal -0.990018 0 0.140938
    outer loop
      vertex -27.1667 53.36 29.8088
      vertex -27.1381 100.027 30.0097
      vertex -27.1667 100.027 29.8088
    endloop
  endfacet
  facet normal -0.990018 0 0.140938
    outer loop
      vertex -27.1381 100.027 30.0097
      vertex -27.1667 53.36 29.8088
      vertex -27.1381 53.36 30.0097
    endloop
  endfacet
  facet normal -0.944946 0 -0.327227
    outer loop
      vertex -26.9466 53.36 28.2337
      vertex -27.0526 100.027 28.5398
      vertex -26.9466 100.027 28.2337
    endloop
  endfacet
  facet normal -0.944946 -0 -0.327227
    outer loop
      vertex -27.0526 100.027 28.5398
      vertex -26.9466 53.36 28.2337
      vertex -27.0526 53.36 28.5398
    endloop
  endfacet
  facet normal -0.691197 -0.52011 -0.50173
    outer loop
      vertex -13.0956 35.36 27.6498
      vertex -26.6473 53.36 27.6596
      vertex -26.4569 53.36 27.3973
    endloop
  endfacet
  facet normal -0.720624 -0.542302 -0.431983
    outer loop
      vertex -13.8903 35.36 28.9755
      vertex -26.6473 53.36 27.6596
      vertex -13.0956 35.36 27.6498
    endloop
  endfacet
  facet normal -0.238688 0 -0.971096
    outer loop
      vertex -24.5603 53.36 26.2341
      vertex -3.07267 35.56 20.9526
      vertex -3.07267 35.36 20.9526
    endloop
  endfacet
  facet normal -0.238688 0 -0.971096
    outer loop
      vertex -3.07267 35.56 20.9526
      vertex -24.5603 53.36 26.2341
      vertex -24.5603 53.56 26.2341
    endloop
  endfacet
  facet normal -0.146736 0 -0.989176
    outer loop
      vertex -3.07267 35.36 20.9526
      vertex -1.54377 35.56 20.7258
      vertex -1.54377 35.36 20.7258
    endloop
  endfacet
  facet normal -0.146736 0 -0.989176
    outer loop
      vertex -1.54377 35.56 20.7258
      vertex -3.07267 35.36 20.9526
      vertex -3.07267 35.56 20.9526
    endloop
  endfacet
  facet normal -0.0577647 0.222255 -0.973276
    outer loop
      vertex -1.54377 35.56 20.7258
      vertex -24.2403 53.56 26.1833
      vertex -23.9168 53.56 26.1641
    endloop
  endfacet
  facet normal -0.145777 0.114139 -0.982711
    outer loop
      vertex -3.07267 35.56 20.9526
      vertex -24.2403 53.56 26.1833
      vertex -1.54377 35.56 20.7258
    endloop
  endfacet
  facet normal 0.992145 -0 0.12509
    outer loop
      vertex 27.1406 53.36 29.9956
      vertex 27.1756 100.027 29.718
      vertex 27.1406 100.027 29.9956
    endloop
  endfacet
  facet normal 0.992145 0 0.12509
    outer loop
      vertex 27.1756 100.027 29.718
      vertex 27.1406 53.36 29.9956
      vertex 27.1756 53.36 29.718
    endloop
  endfacet
  facet normal 0.847936 -0.529586 0.0232921
    outer loop
      vertex 27.1756 53.36 29.718
      vertex 15.75 35.36 36.4
      vertex 27.1845 53.36 29.394
    endloop
  endfacet
  facet normal 0.775515 -0.567084 -0.277476
    outer loop
      vertex 15.0718 35.36 31.828
      vertex 14.5511 35.36 30.3727
      vertex 27.0214 53.36 28.4388
    endloop
  endfacet
  facet normal 0.770382 -0.56538 -0.294715
    outer loop
      vertex 27.0214 53.36 28.4388
      vertex 14.5511 35.36 30.3727
      vertex 26.9056 53.36 28.1361
    endloop
  endfacet
  facet normal 0.861087 -0.492172 0.127652
    outer loop
      vertex 15.5834 35.36 38.5553
      vertex 27.1406 53.36 29.9956
      vertex 15.4474 35.36 39.4727
    endloop
  endfacet
  facet normal 0.861107 -0.492084 0.127863
    outer loop
      vertex 15.6742 35.36 37.9438
      vertex 27.1406 53.36 29.9956
      vertex 15.5834 35.36 38.5553
    endloop
  endfacet
  facet normal 0.758359 -0.322944 0.566214
    outer loop
      vertex 25.0448 53.36 39.4208
      vertex 12.1749 35.36 46.3917
      vertex 25.2387 53.36 39.1611
    endloop
  endfacet
  facet normal 0.856265 -0 0.516536
    outer loop
      vertex 25.2387 53.36 39.1611
      vertex 25.4061 100.027 38.8836
      vertex 25.2387 100.027 39.1611
    endloop
  endfacet
  facet normal 0.856265 0 0.516536
    outer loop
      vertex 25.4061 100.027 38.8836
      vertex 25.2387 53.36 39.1611
      vertex 25.4061 53.36 38.8836
    endloop
  endfacet
  facet normal 0.31893 0.188699 0.928804
    outer loop
      vertex 13.8497 53.56 44.6291
      vertex 4.57198 35.56 51.4718
      vertex 16.4681 53.56 43.73
    endloop
  endfacet
  facet normal 0.336869 0 0.941551
    outer loop
      vertex 6.02726 35.56 50.9511
      vertex 5.1541 35.36 51.2635
      vertex 6.02726 35.36 50.9511
    endloop
  endfacet
  facet normal 0.336886 -8.06791e-05 0.941546
    outer loop
      vertex 4.57198 35.56 51.4718
      vertex 5.1541 35.36 51.2635
      vertex 6.02726 35.56 50.9511
    endloop
  endfacet
  facet normal 0.33691 0 0.941537
    outer loop
      vertex 5.1541 35.36 51.2635
      vertex 4.57198 35.56 51.4718
      vertex 4.57198 35.36 51.4718
    endloop
  endfacet
  facet normal 0.331423 0.179356 0.926278
    outer loop
      vertex 16.4681 53.56 43.73
      vertex 4.57198 35.56 51.4718
      vertex 6.02726 35.56 50.9511
    endloop
  endfacet
  facet normal 0.345873 0.16959 0.922828
    outer loop
      vertex 16.4681 53.56 43.73
      vertex 6.02726 35.56 50.9511
      vertex 16.5911 53.56 43.6839
    endloop
  endfacet
  facet normal 0.291155 0.20515 0.934421
    outer loop
      vertex 13.7194 53.56 44.6697
      vertex 4.57198 35.56 51.4718
      vertex 13.8497 53.56 44.6291
    endloop
  endfacet
  facet normal 0.593025 -0.0944275 0.799628
    outer loop
      vertex 24.5857 53.36 39.8772
      vertex 8.75023 35.36 49.4956
      vertex 9.99169 35.36 48.5749
    endloop
  endfacet
  facet normal 0.660187 -0.183366 0.728375
    outer loop
      vertex 24.8265 53.36 39.6603
      vertex 9.99169 35.36 48.5749
      vertex 11.1369 35.36 47.5369
    endloop
  endfacet
  facet normal 0.514145 0 0.857703
    outer loop
      vertex 7.4245 35.56 50.2903
      vertex 8.75023 35.36 49.4956
      vertex 8.75023 35.56 49.4956
    endloop
  endfacet
  facet normal 0.514145 0 0.857703
    outer loop
      vertex 8.75023 35.36 49.4956
      vertex 7.4245 35.56 50.2903
      vertex 7.4245 35.36 50.2903
    endloop
  endfacet
  facet normal 0.51414 0.00429172 0.857696
    outer loop
      vertex 24.3249 53.56 40.0694
      vertex 7.4245 35.56 50.2903
      vertex 8.75023 35.56 49.4956
    endloop
  endfacet
  facet normal 0.658269 -0.180582 0.730803
    outer loop
      vertex 24.5857 53.36 39.8772
      vertex 9.99169 35.36 48.5749
      vertex 24.8265 53.36 39.6603
    endloop
  endfacet
  facet normal -0.396456 0.1302 0.908774
    outer loop
      vertex -19.2112 53.56 42.6207
      vertex -19.3265 53.56 42.5704
      vertex -6.02726 35.56 50.9511
    endloop
  endfacet
  facet normal -0.0490415 0 0.998797
    outer loop
      vertex -1.54377 35.56 52.0742
      vertex 0 35.36 52.15
      vertex 0 35.56 52.15
    endloop
  endfacet
  facet normal -0.0490415 0 0.998797
    outer loop
      vertex 0 35.36 52.15
      vertex -1.54377 35.56 52.0742
      vertex -1.54377 35.36 52.0742
    endloop
  endfacet
  facet normal -0.236361 0.232254 0.9435
    outer loop
      vertex -3.07267 35.56 51.8474
      vertex -11.1032 53.56 45.4047
      vertex -4.57198 35.56 51.4718
    endloop
  endfacet
  facet normal -0.206896 0.246372 0.946834
    outer loop
      vertex -8.35146 53.56 46.0102
      vertex -10.9664 53.56 45.4388
      vertex -3.07267 35.56 51.8474
    endloop
  endfacet
  facet normal -0.31893 0.188699 0.928804
    outer loop
      vertex -13.8497 53.56 44.6291
      vertex -16.4681 53.56 43.73
      vertex -4.57198 35.56 51.4718
    endloop
  endfacet
  facet normal -0.0895434 0.278654 0.956208
    outer loop
      vertex -2.83611 53.56 46.7077
      vertex -5.44919 53.56 46.463
      vertex -1.54377 35.56 52.0742
    endloop
  endfacet
  facet normal -0.118734 0.271932 0.954963
    outer loop
      vertex -5.44919 53.56 46.463
      vertex -5.59557 53.56 46.4448
      vertex -1.54377 35.56 52.0742
    endloop
  endfacet
  facet normal 0.0895434 0.278654 0.956208
    outer loop
      vertex 2.83611 53.56 46.7077
      vertex 1.54377 35.56 52.0742
      vertex 5.44919 53.56 46.463
    endloop
  endfacet
  facet normal 0.118734 0.271932 0.954963
    outer loop
      vertex 5.44919 53.56 46.463
      vertex 1.54377 35.56 52.0742
      vertex 5.59557 53.56 46.4448
    endloop
  endfacet
  facet normal 0.141436 0.266347 0.953444
    outer loop
      vertex 5.59557 53.56 46.4448
      vertex 1.54377 35.56 52.0742
      vertex 3.07267 35.56 51.8474
    endloop
  endfacet
  facet normal 0.0598203 0.281253 0.957767
    outer loop
      vertex 2.68721 53.56 46.717
      vertex 1.54377 35.56 52.0742
      vertex 2.83611 53.56 46.7077
    endloop
  endfacet
  facet normal 0 0.284978 0.958534
    outer loop
      vertex 0.0748901 53.56 46.7985
      vertex -0.0748901 53.56 46.7985
      vertex 0 35.56 52.15
    endloop
  endfacet
  facet normal -0.0470483 0.282194 0.958203
    outer loop
      vertex 0 35.56 52.15
      vertex -2.68721 53.56 46.717
      vertex -1.54377 35.56 52.0742
    endloop
  endfacet
  facet normal -0.467905 0.0605728 0.881701
    outer loop
      vertex -22.0558 53.56 41.2891
      vertex -24.0943 53.56 40.2073
      vertex -7.4245 35.56 50.2903
    endloop
  endfacet
  facet normal -0.84097 -0.449701 0.300895
    outer loop
      vertex -25.5762 53.36 38.5151
      vertex -15.0718 35.36 40.972
      vertex -14.5511 35.36 42.4273
    endloop
  endfacet
  facet normal -0.660172 -0.183485 0.728358
    outer loop
      vertex -9.99169 35.36 48.5749
      vertex -24.6486 53.36 39.8246
      vertex -11.1369 35.36 47.5369
    endloop
  endfacet
  facet normal -0.820907 -0.418781 0.388245
    outer loop
      vertex -25.444 53.36 38.811
      vertex -14.5511 35.36 42.4273
      vertex -13.8903 35.36 43.8245
    endloop
  endfacet
  facet normal -0.801088 -0.387024 0.456586
    outer loop
      vertex -25.2835 53.36 39.0926
      vertex -25.444 53.36 38.811
      vertex -13.8903 35.36 43.8245
    endloop
  endfacet
  facet normal -0.67355 -0.200819 0.711339
    outer loop
      vertex -24.6486 53.36 39.8246
      vertex -24.8839 53.36 39.6018
      vertex -11.1369 35.36 47.5369
    endloop
  endfacet
  facet normal -0.861115 -0.492069 0.127865
    outer loop
      vertex -15.5834 35.36 38.5553
      vertex -27.1381 53.36 30.0097
      vertex -15.6742 35.36 37.9438
    endloop
  endfacet
  facet normal -0.861096 -0.492157 0.127653
    outer loop
      vertex -27.1381 53.36 30.0097
      vertex -15.5834 35.36 38.5553
      vertex -15.4474 35.36 39.4727
    endloop
  endfacet
  facet normal -0.863514 -0.480792 0.152258
    outer loop
      vertex -25.7407 53.36 37.9349
      vertex -27.1381 53.36 30.0097
      vertex -15.4474 35.36 39.4727
    endloop
  endfacet
  facet normal -0.836095 -0.547047 -0.0410519
    outer loop
      vertex -15.75 35.36 36.4
      vertex -27.1725 53.36 29.176
      vertex -15.6742 35.36 34.8562
    endloop
  endfacet
  facet normal -0.972404 0 -0.233303
    outer loop
      vertex -27.0526 53.36 28.5398
      vertex -27.1282 100.027 28.8549
      vertex -27.0526 100.027 28.5398
    endloop
  endfacet
  facet normal -0.972404 -0 -0.233303
    outer loop
      vertex -27.1282 100.027 28.8549
      vertex -27.0526 53.36 28.5398
      vertex -27.1282 53.36 28.8549
    endloop
  endfacet
  facet normal -0.800743 -0.567364 -0.192117
    outer loop
      vertex -15.4474 35.36 33.3273
      vertex -27.1282 53.36 28.8549
      vertex -27.0526 53.36 28.5398
    endloop
  endfacet
  facet normal -0.723998 -0.54411 -0.423993
    outer loop
      vertex -13.8903 35.36 28.9755
      vertex -26.8111 53.36 27.9393
      vertex -26.6473 53.36 27.6596
    endloop
  endfacet
  facet normal -0.752842 -0.559612 -0.346502
    outer loop
      vertex -14.5511 35.36 30.3727
      vertex -26.9466 53.36 28.2337
      vertex -26.8111 53.36 27.9393
    endloop
  endfacet
  facet normal 0.902724 -0 0.430221
    outer loop
      vertex 25.4061 53.36 38.8836
      vertex 25.5455 100.027 38.5911
      vertex 25.4061 100.027 38.8836
    endloop
  endfacet
  facet normal 0.902724 0 0.430221
    outer loop
      vertex 25.5455 100.027 38.5911
      vertex 25.4061 53.36 38.8836
      vertex 25.5455 53.36 38.5911
    endloop
  endfacet
  facet normal 0.42522 0.103839 0.899114
    outer loop
      vertex 21.9485 53.56 41.3426
      vertex 6.02726 35.56 50.9511
      vertex 7.4245 35.56 50.2903
    endloop
  endfacet
  facet normal 0.396456 0.1302 0.908774
    outer loop
      vertex 19.2112 53.56 42.6207
      vertex 6.02726 35.56 50.9511
      vertex 19.3265 53.56 42.5704
    endloop
  endfacet
  facet normal 0.713992 -0.258236 0.650791
    outer loop
      vertex 24.8265 53.36 39.6603
      vertex 11.1369 35.36 47.5369
      vertex 25.0448 53.36 39.4208
    endloop
  endfacet
  facet normal 0.593262 -0 0.805009
    outer loop
      vertex 24.3249 53.56 40.0694
      vertex 24.5857 100.027 39.8772
      vertex 24.3249 100.027 40.0694
    endloop
  endfacet
  facet normal 0.593262 0 0.805009
    outer loop
      vertex 24.5857 100.027 39.8772
      vertex 24.3249 53.56 40.0694
      vertex 24.5857 53.36 39.8772
    endloop
  endfacet
  facet normal 0.593262 0 0.805009
    outer loop
      vertex 24.5857 53.36 39.8772
      vertex 24.3249 53.56 40.0694
      vertex 24.3249 53.36 40.0694
    endloop
  endfacet
  facet normal -0.593018 -0.0945636 0.799617
    outer loop
      vertex -8.75023 35.36 49.4956
      vertex -24.3837 53.36 40.0301
      vertex -9.99169 35.36 48.5749
    endloop
  endfacet
  facet normal -0.42755 0 0.903991
    outer loop
      vertex -6.02726 35.56 50.9511
      vertex -6.8656 35.36 50.5546
      vertex -6.02726 35.36 50.9511
    endloop
  endfacet
  facet normal -0.427531 -9.89507e-05 0.904001
    outer loop
      vertex -7.4245 35.56 50.2903
      vertex -6.8656 35.36 50.5546
      vertex -6.02726 35.56 50.9511
    endloop
  endfacet
  facet normal -0.427502 0 0.904014
    outer loop
      vertex -6.8656 35.36 50.5546
      vertex -7.4245 35.56 50.2903
      vertex -7.4245 35.36 50.2903
    endloop
  endfacet
  facet normal -0.371659 0.15166 0.915898
    outer loop
      vertex -16.5911 53.56 43.6839
      vertex -19.2112 53.56 42.6207
      vertex -6.02726 35.56 50.9511
    endloop
  endfacet
  facet normal -0.33691 0 0.941537
    outer loop
      vertex -4.57198 35.56 51.4718
      vertex -5.1541 35.36 51.2635
      vertex -4.57198 35.36 51.4718
    endloop
  endfacet
  facet normal -0.336886 -8.06791e-05 0.941546
    outer loop
      vertex -6.02726 35.56 50.9511
      vertex -5.1541 35.36 51.2635
      vertex -4.57198 35.56 51.4718
    endloop
  endfacet
  facet normal -0.336869 0 0.941551
    outer loop
      vertex -5.1541 35.36 51.2635
      vertex -6.02726 35.56 50.9511
      vertex -6.02726 35.36 50.9511
    endloop
  endfacet
  facet normal -0.146736 0 0.989176
    outer loop
      vertex -3.07267 35.56 51.8474
      vertex -1.54377 35.36 52.0742
      vertex -1.54377 35.56 52.0742
    endloop
  endfacet
  facet normal -0.146736 0 0.989176
    outer loop
      vertex -1.54377 35.36 52.0742
      vertex -3.07267 35.56 51.8474
      vertex -3.07267 35.36 51.8474
    endloop
  endfacet
  facet normal -0.243006 0 0.970025
    outer loop
      vertex -4.57198 35.56 51.4718
      vertex -3.07267 35.36 51.8474
      vertex -3.07267 35.56 51.8474
    endloop
  endfacet
  facet normal -0.243006 0 0.970025
    outer loop
      vertex -3.07267 35.36 51.8474
      vertex -4.57198 35.56 51.4718
      vertex -4.57198 35.36 51.4718
    endloop
  endfacet
  facet normal -0.177707 0.256023 0.950196
    outer loop
      vertex -8.20923 53.56 46.0368
      vertex -8.35146 53.56 46.0102
      vertex -3.07267 35.56 51.8474
    endloop
  endfacet
  facet normal -0.148717 0.265098 0.952684
    outer loop
      vertex -5.59557 53.56 46.4448
      vertex -8.20923 53.56 46.0368
      vertex -3.07267 35.56 51.8474
    endloop
  endfacet
  facet normal -0.263797 0.220774 0.938973
    outer loop
      vertex -11.1032 53.56 45.4047
      vertex -13.7194 53.56 44.6697
      vertex -4.57198 35.56 51.4718
    endloop
  endfacet
  facet normal -0.345873 0.16959 0.922828
    outer loop
      vertex -16.4681 53.56 43.73
      vertex -16.5911 53.56 43.6839
      vertex -6.02726 35.56 50.9511
    endloop
  endfacet
  facet normal -0.331423 0.179356 0.926278
    outer loop
      vertex -4.57198 35.56 51.4718
      vertex -16.4681 53.56 43.73
      vertex -6.02726 35.56 50.9511
    endloop
  endfacet
  facet normal 0.236361 0.232254 0.9435
    outer loop
      vertex 11.1032 53.56 45.4047
      vertex 3.07267 35.56 51.8474
      vertex 4.57198 35.56 51.4718
    endloop
  endfacet
  facet normal 0.235222 0.232815 0.943646
    outer loop
      vertex 10.9664 53.56 45.4388
      vertex 3.07267 35.56 51.8474
      vertex 11.1032 53.56 45.4047
    endloop
  endfacet
  facet normal -0.0298924 0.284736 0.95814
    outer loop
      vertex -0.0748901 53.56 46.7985
      vertex -2.68721 53.56 46.717
      vertex 0 35.56 52.15
    endloop
  endfacet
  facet normal -0.868793 0 0.495175
    outer loop
      vertex -25.444 53.36 38.811
      vertex -25.2835 100.027 39.0926
      vertex -25.444 100.027 38.811
    endloop
  endfacet
  facet normal -0.868793 0 0.495175
    outer loop
      vertex -25.2835 100.027 39.0926
      vertex -25.444 53.36 38.811
      vertex -25.2835 53.36 39.0926
    endloop
  endfacet
  facet normal -0.948745 0 0.316043
    outer loop
      vertex -25.6786 53.36 38.2077
      vertex -25.5762 100.027 38.5151
      vertex -25.6786 100.027 38.2077
    endloop
  endfacet
  facet normal -0.948745 0 0.316043
    outer loop
      vertex -25.5762 100.027 38.5151
      vertex -25.6786 53.36 38.2077
      vertex -25.5762 53.36 38.5151
    endloop
  endfacet
  facet normal -0.844995 -0.4547 0.281482
    outer loop
      vertex -25.5762 53.36 38.5151
      vertex -25.6786 53.36 38.2077
      vertex -15.0718 35.36 40.972
    endloop
  endfacet
  facet normal -0.726302 -0.275209 0.629877
    outer loop
      vertex -24.8839 53.36 39.6018
      vertex -25.0962 53.36 39.357
      vertex -12.1749 35.36 46.3917
    endloop
  endfacet
  facet normal -0.687556 0 0.726131
    outer loop
      vertex -24.8839 100.027 39.6018
      vertex -24.6486 53.36 39.8246
      vertex -24.6486 100.027 39.8246
    endloop
  endfacet
  facet normal -0.687556 0 0.726131
    outer loop
      vertex -24.6486 53.36 39.8246
      vertex -24.8839 100.027 39.6018
      vertex -24.8839 53.36 39.6018
    endloop
  endfacet
  facet normal -0.816 0 0.578052
    outer loop
      vertex -25.2835 53.36 39.0926
      vertex -25.0962 100.027 39.357
      vertex -25.2835 100.027 39.0926
    endloop
  endfacet
  facet normal -0.816 0 0.578052
    outer loop
      vertex -25.0962 100.027 39.357
      vertex -25.2835 53.36 39.0926
      vertex -25.0962 53.36 39.357
    endloop
  endfacet
  facet normal -0.715346 -0.260486 0.648403
    outer loop
      vertex -11.5521 35.36 47.0788
      vertex -24.8839 53.36 39.6018
      vertex -12.1749 35.36 46.3917
    endloop
  endfacet
  facet normal -0.715502 -0.26071 0.648141
    outer loop
      vertex -11.402 35.36 47.2445
      vertex -24.8839 53.36 39.6018
      vertex -11.5521 35.36 47.0788
    endloop
  endfacet
  facet normal -0.715288 -0.260395 0.648505
    outer loop
      vertex -24.8839 53.36 39.6018
      vertex -11.402 35.36 47.2445
      vertex -11.1369 35.36 47.5369
    endloop
  endfacet
  facet normal -0.984808 0 0.173645
    outer loop
      vertex -27.1381 53.36 30.0097
      vertex -25.7407 100.027 37.9349
      vertex -27.1381 100.027 30.0097
    endloop
  endfacet
  facet normal -0.984808 0 0.173645
    outer loop
      vertex -25.7407 100.027 37.9349
      vertex -27.1381 53.36 30.0097
      vertex -25.7407 53.36 37.9349
    endloop
  endfacet
  facet normal -0.852013 -0.521057 0.0507347
    outer loop
      vertex -27.1667 53.36 29.8088
      vertex -27.1851 53.36 29.4998
      vertex -15.6742 35.36 37.9438
    endloop
  endfacet
  facet normal -0.862916 0 -0.505347
    outer loop
      vertex -26.6473 53.36 27.6596
      vertex -26.8111 100.027 27.9393
      vertex -26.6473 100.027 27.6596
    endloop
  endfacet
  facet normal -0.862916 -0 -0.505347
    outer loop
      vertex -26.8111 100.027 27.9393
      vertex -26.6473 53.36 27.6596
      vertex -26.8111 53.36 27.9393
    endloop
  endfacet
  facet normal -0.155968 0.102086 -0.982473
    outer loop
      vertex -3.07267 35.56 20.9526
      vertex -24.5603 53.56 26.2341
      vertex -24.2403 53.56 26.1833
    endloop
  endfacet
  facet normal 0.859434 -0.499631 0.108358
    outer loop
      vertex 27.1406 53.36 29.9956
      vertex 15.6742 35.36 37.9438
      vertex 27.1756 53.36 29.718
    endloop
  endfacet
  facet normal 0.850481 -0.524346 0.0417583
    outer loop
      vertex 27.1756 53.36 29.718
      vertex 15.6742 35.36 37.9438
      vertex 15.75 35.36 36.4
    endloop
  endfacet
  facet normal 0.985761 0 -0.16815
    outer loop
      vertex 27.1615 53.36 29.0708
      vertex 27.107 100.027 28.7513
      vertex 27.1615 100.027 29.0708
    endloop
  endfacet
  facet normal 0.985761 0 -0.16815
    outer loop
      vertex 27.107 100.027 28.7513
      vertex 27.1615 53.36 29.0708
      vertex 27.107 53.36 28.7513
    endloop
  endfacet
  facet normal 0.841013 -0.449611 0.300911
    outer loop
      vertex 15.0718 35.36 40.972
      vertex 25.6594 53.36 38.2758
      vertex 14.5511 35.36 42.4273
    endloop
  endfacet
  facet normal 0.856898 -0.472433 0.206237
    outer loop
      vertex 25.6594 53.36 38.2758
      vertex 15.4474 35.36 39.4727
      vertex 25.7388 53.36 37.9459
    endloop
  endfacet
  facet normal 0.820947 -0.418687 0.388263
    outer loop
      vertex 14.5511 35.36 42.4273
      vertex 25.5455 53.36 38.5911
      vertex 13.8903 35.36 43.8245
    endloop
  endfacet
  facet normal 0.801294 -0 0.598271
    outer loop
      vertex 25.0448 53.36 39.4208
      vertex 25.2387 100.027 39.1611
      vertex 25.0448 100.027 39.4208
    endloop
  endfacet
  facet normal 0.801294 0 0.598271
    outer loop
      vertex 25.2387 100.027 39.1611
      vertex 25.0448 53.36 39.4208
      vertex 25.2387 53.36 39.1611
    endloop
  endfacet
  facet normal 0.51778 0 0.855514
    outer loop
      vertex 8.75023 35.56 49.4956
      vertex 24.3249 53.36 40.0694
      vertex 24.3249 53.56 40.0694
    endloop
  endfacet
  facet normal 0.51778 0 0.855514
    outer loop
      vertex 24.3249 53.36 40.0694
      vertex 8.75023 35.56 49.4956
      vertex 8.75023 35.36 49.4956
    endloop
  endfacet
  facet normal 0.467889 0.0605896 0.881708
    outer loop
      vertex 22.0558 53.56 41.2891
      vertex 7.4245 35.56 50.2903
      vertex 24.0844 53.56 40.2126
    endloop
  endfacet
  facet normal 0.511589 0.00753989 0.859197
    outer loop
      vertex 24.0844 53.56 40.2126
      vertex 7.4245 35.56 50.2903
      vertex 24.3249 53.56 40.0694
    endloop
  endfacet
  facet normal 0.42161 0.107697 0.900359
    outer loop
      vertex 19.3265 53.56 42.5704
      vertex 6.02726 35.56 50.9511
      vertex 21.9485 53.56 41.3426
    endloop
  endfacet
  facet normal 0.669272 0 0.743018
    outer loop
      vertex 24.5857 100.027 39.8772
      vertex 24.8265 53.36 39.6603
      vertex 24.8265 100.027 39.6603
    endloop
  endfacet
  facet normal 0.669272 0 0.743018
    outer loop
      vertex 24.8265 53.36 39.6603
      vertex 24.5857 100.027 39.8772
      vertex 24.5857 53.36 39.8772
    endloop
  endfacet
  facet normal 0.73906 -0 0.67364
    outer loop
      vertex 24.8265 53.36 39.6603
      vertex 25.0448 100.027 39.4208
      vertex 24.8265 100.027 39.6603
    endloop
  endfacet
  facet normal 0.73906 0 0.67364
    outer loop
      vertex 25.0448 100.027 39.4208
      vertex 24.8265 53.36 39.6603
      vertex 25.0448 53.36 39.4208
    endloop
  endfacet
  facet normal -0.444616 0.0845159 0.891725
    outer loop
      vertex -21.9485 53.56 41.3426
      vertex -22.0558 53.56 41.2891
      vertex -7.4245 35.56 50.2903
    endloop
  endfacet
  facet normal -0.235222 0.232815 0.943646
    outer loop
      vertex -10.9664 53.56 45.4388
      vertex -11.1032 53.56 45.4047
      vertex -3.07267 35.56 51.8474
    endloop
  endfacet
  facet normal 0.177707 0.256023 0.950196
    outer loop
      vertex 8.20923 53.56 46.0368
      vertex 3.07267 35.56 51.8474
      vertex 8.35146 53.56 46.0102
    endloop
  endfacet
  facet normal 0.206896 0.246372 0.946834
    outer loop
      vertex 8.35146 53.56 46.0102
      vertex 3.07267 35.56 51.8474
      vertex 10.9664 53.56 45.4388
    endloop
  endfacet
  facet normal -0.522189 0 0.85283
    outer loop
      vertex -24.3837 100.027 40.0301
      vertex -24.0943 53.56 40.2073
      vertex -24.0943 100.027 40.2073
    endloop
  endfacet
  facet normal -0.522189 0 0.85283
    outer loop
      vertex -24.3837 53.36 40.0301
      vertex -24.0943 53.56 40.2073
      vertex -24.3837 100.027 40.0301
    endloop
  endfacet
  facet normal -0.522189 0 0.85283
    outer loop
      vertex -24.0943 53.56 40.2073
      vertex -24.3837 53.36 40.0301
      vertex -24.0943 53.36 40.2073
    endloop
  endfacet
  facet normal -0.913021 0 0.407913
    outer loop
      vertex -25.5762 53.36 38.5151
      vertex -25.444 100.027 38.811
      vertex -25.5762 100.027 38.5151
    endloop
  endfacet
  facet normal -0.913021 0 0.407913
    outer loop
      vertex -25.444 100.027 38.811
      vertex -25.5762 53.36 38.5151
      vertex -25.444 53.36 38.811
    endloop
  endfacet
  facet normal -0.755475 0 0.655177
    outer loop
      vertex -25.0962 53.36 39.357
      vertex -24.8839 100.027 39.6018
      vertex -25.0962 100.027 39.357
    endloop
  endfacet
  facet normal -0.755475 0 0.655177
    outer loop
      vertex -24.8839 100.027 39.6018
      vertex -25.0962 53.36 39.357
      vertex -24.8839 53.36 39.6018
    endloop
  endfacet
  facet normal -0.990617 0 -0.136669
    outer loop
      vertex -27.1282 53.36 28.8549
      vertex -27.1725 100.027 29.176
      vertex -27.1282 100.027 28.8549
    endloop
  endfacet
  facet normal -0.990617 -0 -0.136669
    outer loop
      vertex -27.1725 100.027 29.176
      vertex -27.1282 53.36 28.8549
      vertex -27.1725 53.36 29.176
    endloop
  endfacet
  facet normal -0.999244 0 -0.0388835
    outer loop
      vertex -27.1725 53.36 29.176
      vertex -27.1851 100.027 29.4998
      vertex -27.1725 100.027 29.176
    endloop
  endfacet
  facet normal -0.999244 -0 -0.0388835
    outer loop
      vertex -27.1851 100.027 29.4998
      vertex -27.1725 53.36 29.176
      vertex -27.1851 53.36 29.4998
    endloop
  endfacet
  facet normal -0.837921 -0.544817 -0.0326059
    outer loop
      vertex -15.75 35.36 36.4
      vertex -27.1851 53.36 29.4998
      vertex -27.1725 53.36 29.176
    endloop
  endfacet
  facet normal -0.850506 -0.524304 0.0417595
    outer loop
      vertex -15.6742 35.36 37.9438
      vertex -27.1851 53.36 29.4998
      vertex -15.75 35.36 36.4
    endloop
  endfacet
  facet normal -0.908401 0 -0.418099
    outer loop
      vertex -26.8111 53.36 27.9393
      vertex -26.9466 100.027 28.2337
      vertex -26.8111 100.027 27.9393
    endloop
  endfacet
  facet normal -0.908401 -0 -0.418099
    outer loop
      vertex -26.9466 100.027 28.2337
      vertex -26.8111 53.36 27.9393
      vertex -26.9466 53.36 28.2337
    endloop
  endfacet
  facet normal 0.840529 -0.448684 0.303635
    outer loop
      vertex 25.5455 53.36 38.5911
      vertex 14.5511 35.36 42.4273
      vertex 25.6594 53.36 38.2758
    endloop
  endfacet
  facet normal 0.940514 -0 0.339754
    outer loop
      vertex 25.5455 53.36 38.5911
      vertex 25.6594 100.027 38.2758
      vertex 25.5455 100.027 38.5911
    endloop
  endfacet
  facet normal 0.940514 0 0.339754
    outer loop
      vertex 25.6594 100.027 38.2758
      vertex 25.5455 53.36 38.5911
      vertex 25.6594 53.36 38.2758
    endloop
  endfacet
  facet normal 0.82029 -0.417485 0.390935
    outer loop
      vertex 25.4061 53.36 38.8836
      vertex 13.8903 35.36 43.8245
      vertex 25.5455 53.36 38.5911
    endloop
  endfacet
  facet normal 0.759591 -0.32497 0.563397
    outer loop
      vertex 12.7274 35.36 45.6468
      vertex 25.2387 53.36 39.1611
      vertex 12.1749 35.36 46.3917
    endloop
  endfacet
  facet normal 0.759604 -0.324989 0.563368
    outer loop
      vertex 12.9186 35.36 45.389
      vertex 25.2387 53.36 39.1611
      vertex 12.7274 35.36 45.6468
    endloop
  endfacet
  facet normal 0.759722 -0.325159 0.563111
    outer loop
      vertex 25.2387 53.36 39.1611
      vertex 12.9186 35.36 45.389
      vertex 13.0956 35.36 45.1502
    endloop
  endfacet
  facet normal 0.79343 -0.376007 0.478631
    outer loop
      vertex 25.2387 53.36 39.1611
      vertex 13.0956 35.36 45.1502
      vertex 25.4061 53.36 38.8836
    endloop
  endfacet
  facet normal -0.514145 0 0.857703
    outer loop
      vertex -8.75023 35.56 49.4956
      vertex -7.4245 35.36 50.2903
      vertex -7.4245 35.56 50.2903
    endloop
  endfacet
  facet normal -0.514145 0 0.857703
    outer loop
      vertex -7.4245 35.36 50.2903
      vertex -8.75023 35.56 49.4956
      vertex -8.75023 35.36 49.4956
    endloop
  endfacet
  facet normal -0.51414 0.00430752 0.857696
    outer loop
      vertex -7.4245 35.56 50.2903
      vertex -24.0943 53.56 40.2073
      vertex -8.75023 35.56 49.4956
    endloop
  endfacet
  facet normal -0.608935 -0.114254 0.784948
    outer loop
      vertex -24.3837 53.36 40.0301
      vertex -24.6486 53.36 39.8246
      vertex -9.99169 35.36 48.5749
    endloop
  endfacet
  facet normal -0.998232 0 0.0594416
    outer loop
      vertex -27.1851 53.36 29.4998
      vertex -27.1667 100.027 29.8088
      vertex -27.1851 100.027 29.4998
    endloop
  endfacet
  facet normal -0.998232 0 0.0594416
    outer loop
      vertex -27.1667 100.027 29.8088
      vertex -27.1851 53.36 29.4998
      vertex -27.1667 53.36 29.8088
    endloop
  endfacet
  facet normal 0.855613 -0.471173 0.214296
    outer loop
      vertex 15.222 35.36 40.3723
      vertex 25.6594 53.36 38.2758
      vertex 15.0718 35.36 40.972
    endloop
  endfacet
  facet normal 0.855602 -0.471157 0.214376
    outer loop
      vertex 25.6594 53.36 38.2758
      vertex 15.222 35.36 40.3723
      vertex 15.4474 35.36 39.4727
    endloop
  endfacet
  facet normal -0.522182 -0.00506452 0.852819
    outer loop
      vertex -24.0943 53.36 40.2073
      vertex -24.3837 53.36 40.0301
      vertex -8.75023 35.36 49.4956
    endloop
  endfacet
  facet normal -0.517848 0 0.855473
    outer loop
      vertex -24.0943 53.36 40.2073
      vertex -8.75023 35.56 49.4956
      vertex -24.0943 53.56 40.2073
    endloop
  endfacet
  facet normal -0.517848 0 0.855473
    outer loop
      vertex -8.75023 35.56 49.4956
      vertex -24.0943 53.36 40.2073
      vertex -8.75023 35.36 49.4956
    endloop
  endfacet
  facet normal 0 1 0
    outer loop
      vertex 2.85616 100.027 28.9852
      vertex 2.83646 100.027 27.1853
      vertex 0 100.027 27.2
    endloop
  endfacet
  facet normal 0 1 0
    outer loop
      vertex 23.8504 100.027 27.9664
      vertex 5.67451 100.027 27.1411
      vertex 2.83646 100.027 27.1853
    endloop
  endfacet
  facet normal 0 1 0
    outer loop
      vertex 24.4267 100.027 28.0681
      vertex 25.0798 100.027 26.3884
      vertex 24.2871 100.027 28.0215
    endloop
  endfacet
  facet normal 0 1 0
    outer loop
      vertex 23.8504 100.027 27.9664
      vertex 8.51094 100.027 27.0675
      vertex 5.67451 100.027 27.1411
    endloop
  endfacet
  facet normal 0 1 0
    outer loop
      vertex 23.8504 100.027 27.9664
      vertex 11.3478 100.027 26.9645
      vertex 8.51094 100.027 27.0675
    endloop
  endfacet
  facet normal 0 1 -0
    outer loop
      vertex 24.7725 100.027 26.286
      vertex 24.2871 100.027 28.0215
      vertex 25.0798 100.027 26.3884
    endloop
  endfacet
  facet normal 0 1 0
    outer loop
      vertex 23.8504 100.027 27.9664
      vertex 14.1846 100.027 26.832
      vertex 11.3478 100.027 26.9645
    endloop
  endfacet
  facet normal 0 1 0
    outer loop
      vertex 24.2871 100.027 28.0215
      vertex 24.7725 100.027 26.286
      vertex 24.1435 100.027 27.9889
    endloop
  endfacet
  facet normal 0 1 0
    outer loop
      vertex 23.8504 100.027 27.9664
      vertex 17.0215 100.027 26.6701
      vertex 14.1846 100.027 26.832
    endloop
  endfacet
  facet normal 0 1 -0
    outer loop
      vertex 24.4565 100.027 26.2141
      vertex 24.1435 100.027 27.9889
      vertex 24.7725 100.027 26.286
    endloop
  endfacet
  facet normal 0 1 0
    outer loop
      vertex 23.8504 100.027 27.9664
      vertex 19.8575 100.027 26.4789
      vertex 17.0215 100.027 26.6701
    endloop
  endfacet
  facet normal 0 1 0
    outer loop
      vertex 24.1435 100.027 27.9889
      vertex 24.4565 100.027 26.2141
      vertex 23.9975 100.027 27.9704
    endloop
  endfacet
  facet normal 0 1 -0
    outer loop
      vertex 24.135 100.027 26.1735
      vertex 23.9975 100.027 27.9704
      vertex 24.4565 100.027 26.2141
    endloop
  endfacet
  facet normal 0 1 0
    outer loop
      vertex 23.8504 100.027 27.9664
      vertex 22.6953 100.027 26.258
      vertex 19.8575 100.027 26.4789
    endloop
  endfacet
  facet normal 0 1 0
    outer loop
      vertex 23.9975 100.027 27.9704
      vertex 24.135 100.027 26.1735
      vertex 23.8504 100.027 27.9664
    endloop
  endfacet
  facet normal 0 1 0
    outer loop
      vertex 23.8504 100.027 27.9664
      vertex 23.6228 100.027 26.1762
      vertex 22.6953 100.027 26.258
    endloop
  endfacet
  facet normal 0 1 0
    outer loop
      vertex 23.8254 100.027 26.1651
      vertex 23.8504 100.027 27.9664
      vertex 24.135 100.027 26.1735
    endloop
  endfacet
  facet normal 0 1 0
    outer loop
      vertex 23.8504 100.027 27.9664
      vertex 23.8254 100.027 26.1651
      vertex 23.6228 100.027 26.1762
    endloop
  endfacet
  facet normal 0 1 0
    outer loop
      vertex 0.0467987 100.027 44.9985
      vertex 0.0748901 100.027 46.7985
      vertex 2.68721 100.027 46.717
    endloop
  endfacet
  facet normal 0 1 0
    outer loop
      vertex 0.0748901 100.027 46.7985
      vertex 0.0467987 100.027 44.9985
      vertex -0.0748901 100.027 46.7985
    endloop
  endfacet
  facet normal 0 1 0
    outer loop
      vertex 2.60313 100.027 44.9187
      vertex 2.68721 100.027 46.717
      vertex 2.83611 100.027 46.7077
    endloop
  endfacet
  facet normal 0 1 -0
    outer loop
      vertex -0.0467987 100.027 44.9985
      vertex -0.0748901 100.027 46.7985
      vertex 0.0467987 100.027 44.9985
    endloop
  endfacet
  facet normal 0 1 0
    outer loop
      vertex 2.69618 100.027 44.9129
      vertex 2.83611 100.027 46.7077
      vertex 5.44919 100.027 46.463
    endloop
  endfacet
  facet normal 0 1 0
    outer loop
      vertex -0.0748901 100.027 46.7985
      vertex -0.0467987 100.027 44.9985
      vertex -2.68721 100.027 46.717
    endloop
  endfacet
  facet normal 0 1 0
    outer loop
      vertex 5.2538 100.027 44.6734
      vertex 5.44919 100.027 46.463
      vertex 5.59557 100.027 46.4448
    endloop
  endfacet
  facet normal 0 1 -0
    outer loop
      vertex -2.60313 100.027 44.9187
      vertex -2.68721 100.027 46.717
      vertex -0.0467987 100.027 44.9985
    endloop
  endfacet
  facet normal 0 1 0
    outer loop
      vertex 5.34528 100.027 44.662
      vertex 5.59557 100.027 46.4448
      vertex 8.20923 100.027 46.0368
    endloop
  endfacet
  facet normal 0 1 0
    outer loop
      vertex -2.68721 100.027 46.717
      vertex -2.60313 100.027 44.9187
      vertex -2.83611 100.027 46.7077
    endloop
  endfacet
  facet normal 0 1 0
    outer loop
      vertex 7.90483 100.027 44.2625
      vertex 8.20923 100.027 46.0368
      vertex 8.35146 100.027 46.0102
    endloop
  endfacet
  facet normal 0 1 -0
    outer loop
      vertex -2.69618 100.027 44.9129
      vertex -2.83611 100.027 46.7077
      vertex -2.60313 100.027 44.9187
    endloop
  endfacet
  facet normal 0 1 0
    outer loop
      vertex 7.99371 100.027 44.2459
      vertex 8.35146 100.027 46.0102
      vertex 10.9664 100.027 45.4388
    endloop
  endfacet
  facet normal 0 1 0
    outer loop
      vertex -2.83611 100.027 46.7077
      vertex -2.69618 100.027 44.9129
      vertex -5.44919 100.027 46.463
    endloop
  endfacet
  facet normal 0 1 0
    outer loop
      vertex 10.5563 100.027 43.6859
      vertex 10.9664 100.027 45.4388
      vertex 11.1032 100.027 45.4047
    endloop
  endfacet
  facet normal 0 1 -0
    outer loop
      vertex -5.2538 100.027 44.6734
      vertex -5.44919 100.027 46.463
      vertex -2.69618 100.027 44.9129
    endloop
  endfacet
  facet normal 0 1 0
    outer loop
      vertex -5.44919 100.027 46.463
      vertex -5.2538 100.027 44.6734
      vertex -5.59557 100.027 46.4448
    endloop
  endfacet
  facet normal 0 1 0
    outer loop
      vertex 2.68721 100.027 46.717
      vertex 2.60313 100.027 44.9187
      vertex 0.0467987 100.027 44.9985
    endloop
  endfacet
  facet normal 0 1 0
    outer loop
      vertex 2.83611 100.027 46.7077
      vertex 2.69618 100.027 44.9129
      vertex 2.60313 100.027 44.9187
    endloop
  endfacet
  facet normal 0 1 0
    outer loop
      vertex 5.44919 100.027 46.463
      vertex 5.2538 100.027 44.6734
      vertex 2.69618 100.027 44.9129
    endloop
  endfacet
  facet normal 0 1 0
    outer loop
      vertex 10.6418 100.027 43.6646
      vertex 11.1032 100.027 45.4047
      vertex 13.7194 100.027 44.6697
    endloop
  endfacet
  facet normal 0 1 0
    outer loop
      vertex 5.59557 100.027 46.4448
      vertex 5.34528 100.027 44.662
      vertex 5.2538 100.027 44.6734
    endloop
  endfacet
  facet normal 0 1 0
    outer loop
      vertex 13.208 100.027 42.9437
      vertex 13.7194 100.027 44.6697
      vertex 13.8497 100.027 44.6291
    endloop
  endfacet
  facet normal 0 1 0
    outer loop
      vertex 8.20923 100.027 46.0368
      vertex 7.90483 100.027 44.2625
      vertex 5.34528 100.027 44.662
    endloop
  endfacet
  facet normal 0 1 0
    outer loop
      vertex 8.35146 100.027 46.0102
      vertex 7.99371 100.027 44.2459
      vertex 7.90483 100.027 44.2625
    endloop
  endfacet
  facet normal 0 1 0
    outer loop
      vertex 13.2894 100.027 42.9183
      vertex 13.8497 100.027 44.6291
      vertex 16.4681 100.027 43.73
    endloop
  endfacet
  facet normal 0 1 0
    outer loop
      vertex 10.9664 100.027 45.4388
      vertex 10.5563 100.027 43.6859
      vertex 7.99371 100.027 44.2459
    endloop
  endfacet
  facet normal 0 1 0
    outer loop
      vertex 15.8602 100.027 42.0355
      vertex 16.4681 100.027 43.73
      vertex 16.5911 100.027 43.6839
    endloop
  endfacet
  facet normal 0 1 0
    outer loop
      vertex 11.1032 100.027 45.4047
      vertex 10.6418 100.027 43.6646
      vertex 10.5563 100.027 43.6859
    endloop
  endfacet
  facet normal 0 1 0
    outer loop
      vertex 13.7194 100.027 44.6697
      vertex 13.208 100.027 42.9437
      vertex 10.6418 100.027 43.6646
    endloop
  endfacet
  facet normal 0 1 0
    outer loop
      vertex 13.8497 100.027 44.6291
      vertex 13.2894 100.027 42.9183
      vertex 13.208 100.027 42.9437
    endloop
  endfacet
  facet normal 0 1 0
    outer loop
      vertex 15.9371 100.027 42.0068
      vertex 16.5911 100.027 43.6839
      vertex 19.2112 100.027 42.6207
    endloop
  endfacet
  facet normal 0 1 0
    outer loop
      vertex 18.5125 100.027 40.9617
      vertex 19.2112 100.027 42.6207
      vertex 19.3265 100.027 42.5704
    endloop
  endfacet
  facet normal 0 1 0
    outer loop
      vertex 16.4681 100.027 43.73
      vertex 15.8602 100.027 42.0355
      vertex 13.2894 100.027 42.9183
    endloop
  endfacet
  facet normal 0 1 0
    outer loop
      vertex 16.5911 100.027 43.6839
      vertex 15.9371 100.027 42.0068
      vertex 15.8602 100.027 42.0355
    endloop
  endfacet
  facet normal 0 1 0
    outer loop
      vertex 18.5845 100.027 40.9302
      vertex 19.3265 100.027 42.5704
      vertex 21.9485 100.027 41.3426
    endloop
  endfacet
  facet normal 0 1 0
    outer loop
      vertex 21.1648 100.027 39.722
      vertex 21.9485 100.027 41.3426
      vertex 22.0558 100.027 41.2891
    endloop
  endfacet
  facet normal 0 1 0
    outer loop
      vertex 19.2112 100.027 42.6207
      vertex 18.5125 100.027 40.9617
      vertex 15.9371 100.027 42.0068
    endloop
  endfacet
  facet normal 0 1 0
    outer loop
      vertex 19.3265 100.027 42.5704
      vertex 18.5845 100.027 40.9302
      vertex 18.5125 100.027 40.9617
    endloop
  endfacet
  facet normal 0 1 -0
    outer loop
      vertex 23.2016 100.027 38.6433
      vertex 22.0558 100.027 41.2891
      vertex 24.0844 100.027 40.2126
    endloop
  endfacet
  facet normal 0 1 0
    outer loop
      vertex 23.3281 100.027 38.568
      vertex 24.0844 100.027 40.2126
      vertex 24.3249 100.027 40.0694
    endloop
  endfacet
  facet normal 0 1 0
    outer loop
      vertex 23.3281 100.027 38.568
      vertex 24.3249 100.027 40.0694
      vertex 24.5857 100.027 39.8772
    endloop
  endfacet
  facet normal 0 1 0
    outer loop
      vertex 21.9485 100.027 41.3426
      vertex 21.1648 100.027 39.722
      vertex 18.5845 100.027 40.9302
    endloop
  endfacet
  facet normal 0 1 0
    outer loop
      vertex 22.0558 100.027 41.2891
      vertex 21.2319 100.027 39.6886
      vertex 21.1648 100.027 39.722
    endloop
  endfacet
  facet normal 0 1 0
    outer loop
      vertex 23.4466 100.027 38.4807
      vertex 24.5857 100.027 39.8772
      vertex 24.8265 100.027 39.6603
    endloop
  endfacet
  facet normal 0 1 0
    outer loop
      vertex 23.556 100.027 38.3821
      vertex 24.8265 100.027 39.6603
      vertex 25.0448 100.027 39.4208
    endloop
  endfacet
  facet normal 0 1 0
    outer loop
      vertex 23.6552 100.027 38.2734
      vertex 25.0448 100.027 39.4208
      vertex 25.2387 100.027 39.1611
    endloop
  endfacet
  facet normal 0 1 0
    outer loop
      vertex 23.7432 100.027 38.1554
      vertex 25.2387 100.027 39.1611
      vertex 25.4061 100.027 38.8836
    endloop
  endfacet
  facet normal 0 1 0
    outer loop
      vertex 22.0558 100.027 41.2891
      vertex 23.2016 100.027 38.6433
      vertex 21.2319 100.027 39.6886
    endloop
  endfacet
  facet normal 0 1 0
    outer loop
      vertex 23.8193 100.027 38.0294
      vertex 25.4061 100.027 38.8836
      vertex 25.5455 100.027 38.5911
    endloop
  endfacet
  facet normal 0 1 0
    outer loop
      vertex 24.0844 100.027 40.2126
      vertex 23.3281 100.027 38.568
      vertex 23.2016 100.027 38.6433
    endloop
  endfacet
  facet normal 0 1 0
    outer loop
      vertex 24.5857 100.027 39.8772
      vertex 23.4466 100.027 38.4807
      vertex 23.3281 100.027 38.568
    endloop
  endfacet
  facet normal 0 1 0
    outer loop
      vertex 24.8265 100.027 39.6603
      vertex 23.556 100.027 38.3821
      vertex 23.4466 100.027 38.4807
    endloop
  endfacet
  facet normal 0 1 0
    outer loop
      vertex 23.8826 100.027 37.8965
      vertex 25.5455 100.027 38.5911
      vertex 25.6594 100.027 38.2758
    endloop
  endfacet
  facet normal 0 1 0
    outer loop
      vertex 25.0448 100.027 39.4208
      vertex 23.6552 100.027 38.2734
      vertex 23.556 100.027 38.3821
    endloop
  endfacet
  facet normal 0 1 0
    outer loop
      vertex 25.2387 100.027 39.1611
      vertex 23.7432 100.027 38.1554
      vertex 23.6552 100.027 38.2734
    endloop
  endfacet
  facet normal 0 1 0
    outer loop
      vertex 25.4061 100.027 38.8836
      vertex 23.8193 100.027 38.0294
      vertex 23.7432 100.027 38.1554
    endloop
  endfacet
  facet normal 0 1 0
    outer loop
      vertex 23.9326 100.027 37.758
      vertex 25.6594 100.027 38.2758
      vertex 25.7388 100.027 37.9459
    endloop
  endfacet
  facet normal 0 1 0
    outer loop
      vertex 25.5455 100.027 38.5911
      vertex 23.8826 100.027 37.8965
      vertex 23.8193 100.027 38.0294
    endloop
  endfacet
  facet normal 0 1 0
    outer loop
      vertex 25.6594 100.027 38.2758
      vertex 23.9326 100.027 37.758
      vertex 23.8826 100.027 37.8965
    endloop
  endfacet
  facet normal 0 1 0
    outer loop
      vertex 25.7388 100.027 37.9459
      vertex 23.9757 100.027 37.5788
      vertex 23.9326 100.027 37.758
    endloop
  endfacet
  facet normal 0 1 0
    outer loop
      vertex 27.1406 100.027 29.9956
      vertex 23.9757 100.027 37.5788
      vertex 25.7388 100.027 37.9459
    endloop
  endfacet
  facet normal 0 1 0
    outer loop
      vertex 27.1406 100.027 29.9956
      vertex 25.3603 100.027 29.7265
      vertex 23.9757 100.027 37.5788
    endloop
  endfacet
  facet normal 0 1 0
    outer loop
      vertex 25.3787 100.027 29.5805
      vertex 27.1406 100.027 29.9956
      vertex 27.1756 100.027 29.718
    endloop
  endfacet
  facet normal 0 1 0
    outer loop
      vertex 27.1406 100.027 29.9956
      vertex 25.3787 100.027 29.5805
      vertex 25.3603 100.027 29.7265
    endloop
  endfacet
  facet normal 0 1 0
    outer loop
      vertex 27.1756 100.027 29.718
      vertex 25.3827 100.027 29.4334
      vertex 25.3787 100.027 29.5805
    endloop
  endfacet
  facet normal 0 1 0
    outer loop
      vertex 27.1845 100.027 29.394
      vertex 25.3827 100.027 29.4334
      vertex 27.1756 100.027 29.718
    endloop
  endfacet
  facet normal 0 1 0
    outer loop
      vertex 27.1845 100.027 29.394
      vertex 25.3723 100.027 29.2865
      vertex 25.3827 100.027 29.4334
    endloop
  endfacet
  facet normal 0 1 -0
    outer loop
      vertex 27.1615 100.027 29.0708
      vertex 25.3723 100.027 29.2865
      vertex 27.1845 100.027 29.394
    endloop
  endfacet
  facet normal 0 1 0
    outer loop
      vertex 25.3723 100.027 29.2865
      vertex 27.1615 100.027 29.0708
      vertex 25.3475 100.027 29.1414
    endloop
  endfacet
  facet normal 0 1 -0
    outer loop
      vertex 27.107 100.027 28.7513
      vertex 25.3475 100.027 29.1414
      vertex 27.1615 100.027 29.0708
    endloop
  endfacet
  facet normal 0 1 0
    outer loop
      vertex 25.3475 100.027 29.1414
      vertex 27.107 100.027 28.7513
      vertex 25.3086 100.027 28.9994
    endloop
  endfacet
  facet normal 0 1 -0
    outer loop
      vertex 27.0214 100.027 28.4388
      vertex 25.3086 100.027 28.9994
      vertex 27.107 100.027 28.7513
    endloop
  endfacet
  facet normal 0 1 0
    outer loop
      vertex 25.3086 100.027 28.9994
      vertex 27.0214 100.027 28.4388
      vertex 25.256 100.027 28.8619
    endloop
  endfacet
  facet normal 0 1 -0
    outer loop
      vertex 26.9056 100.027 28.1361
      vertex 25.256 100.027 28.8619
      vertex 27.0214 100.027 28.4388
    endloop
  endfacet
  facet normal 0 1 0
    outer loop
      vertex 25.256 100.027 28.8619
      vertex 26.9056 100.027 28.1361
      vertex 25.1902 100.027 28.7303
    endloop
  endfacet
  facet normal 0 1 -0
    outer loop
      vertex 26.7607 100.027 27.8463
      vertex 25.1902 100.027 28.7303
      vertex 26.9056 100.027 28.1361
    endloop
  endfacet
  facet normal 0 1 0
    outer loop
      vertex 25.1902 100.027 28.7303
      vertex 26.7607 100.027 27.8463
      vertex 25.1118 100.027 28.6057
    endloop
  endfacet
  facet normal 0 1 -0
    outer loop
      vertex 26.5881 100.027 27.572
      vertex 25.1118 100.027 28.6057
      vertex 26.7607 100.027 27.8463
    endloop
  endfacet
  facet normal 0 1 0
    outer loop
      vertex 25.1118 100.027 28.6057
      vertex 26.5881 100.027 27.572
      vertex 25.0216 100.027 28.4894
    endloop
  endfacet
  facet normal 0 1 -0
    outer loop
      vertex 26.3894 100.027 27.316
      vertex 25.0216 100.027 28.4894
      vertex 26.5881 100.027 27.572
    endloop
  endfacet
  facet normal 0 1 0
    outer loop
      vertex 25.0216 100.027 28.4894
      vertex 26.3894 100.027 27.316
      vertex 24.9203 100.027 28.3825
    endloop
  endfacet
  facet normal 0 1 -0
    outer loop
      vertex 26.1665 100.027 27.0807
      vertex 24.9203 100.027 28.3825
      vertex 26.3894 100.027 27.316
    endloop
  endfacet
  facet normal 0 1 0
    outer loop
      vertex 24.9203 100.027 28.3825
      vertex 26.1665 100.027 27.0807
      vertex 24.8091 100.027 28.2861
    endloop
  endfacet
  facet normal 0 1 -0
    outer loop
      vertex 25.9218 100.027 26.8684
      vertex 24.8091 100.027 28.2861
      vertex 26.1665 100.027 27.0807
    endloop
  endfacet
  facet normal 0 1 0
    outer loop
      vertex 24.8091 100.027 28.2861
      vertex 25.9218 100.027 26.8684
      vertex 24.689 100.027 28.201
    endloop
  endfacet
  facet normal 0 1 -0
    outer loop
      vertex -14.1846 100.027 26.832
      vertex -14.2782 100.027 28.6296
      vertex -11.3478 100.027 26.9645
    endloop
  endfacet
  facet normal 0 1 -0
    outer loop
      vertex 25.6574 100.027 26.6811
      vertex 24.689 100.027 28.201
      vertex 25.9218 100.027 26.8684
    endloop
  endfacet
  facet normal 0 1 0
    outer loop
      vertex 24.689 100.027 28.201
      vertex 25.6574 100.027 26.6811
      vertex 24.5611 100.027 28.1281
    endloop
  endfacet
  facet normal 0 1 -0
    outer loop
      vertex 25.3758 100.027 26.5205
      vertex 24.5611 100.027 28.1281
      vertex 25.6574 100.027 26.6811
    endloop
  endfacet
  facet normal 0 1 0
    outer loop
      vertex -14.2782 100.027 28.6296
      vertex -14.1846 100.027 26.832
      vertex -17.1331 100.027 28.4667
    endloop
  endfacet
  facet normal 0 1 0
    outer loop
      vertex 24.5611 100.027 28.1281
      vertex 25.3758 100.027 26.5205
      vertex 24.4267 100.027 28.0681
    endloop
  endfacet
  facet normal 0 1 -0
    outer loop
      vertex -17.0215 100.027 26.6701
      vertex -17.1331 100.027 28.4667
      vertex -14.1846 100.027 26.832
    endloop
  endfacet
  facet normal 0 1 -0
    outer loop
      vertex 25.0798 100.027 26.3884
      vertex 24.4267 100.027 28.0681
      vertex 25.3758 100.027 26.5205
    endloop
  endfacet
  facet normal 0 1 0
    outer loop
      vertex -17.1331 100.027 28.4667
      vertex -17.0215 100.027 26.6701
      vertex -19.9881 100.027 28.2741
    endloop
  endfacet
  facet normal 0 1 -0
    outer loop
      vertex -19.8575 100.027 26.4789
      vertex -19.9881 100.027 28.2741
      vertex -17.0215 100.027 26.6701
    endloop
  endfacet
  facet normal 0 1 0
    outer loop
      vertex -19.9881 100.027 28.2741
      vertex -19.8575 100.027 26.4789
      vertex -22.8448 100.027 28.0518
    endloop
  endfacet
  facet normal 0 1 -0
    outer loop
      vertex -22.6953 100.027 26.258
      vertex -22.8448 100.027 28.0518
      vertex -19.8575 100.027 26.4789
    endloop
  endfacet
  facet normal 0 1 0
    outer loop
      vertex -22.8448 100.027 28.0518
      vertex -22.6953 100.027 26.258
      vertex -23.7513 100.027 27.9719
    endloop
  endfacet
  facet normal 0 1 -0
    outer loop
      vertex -23.6372 100.027 26.1749
      vertex -23.7513 100.027 27.9719
      vertex -22.6953 100.027 26.258
    endloop
  endfacet
  facet normal 0 1 0
    outer loop
      vertex -23.7513 100.027 27.9719
      vertex -23.6372 100.027 26.1749
      vertex -23.8984 100.027 27.9661
    endloop
  endfacet
  facet normal 0 1 0
    outer loop
      vertex -23.9168 100.027 26.1641
      vertex -23.8984 100.027 27.9661
      vertex -23.6372 100.027 26.1749
    endloop
  endfacet
  facet normal 0 1 0
    outer loop
      vertex -23.8984 100.027 27.9661
      vertex -26.6473 100.027 27.6596
      vertex -26.8111 100.027 27.9393
    endloop
  endfacet
  facet normal 0 1 0
    outer loop
      vertex -23.8984 100.027 27.9661
      vertex -26.4569 100.027 27.3973
      vertex -26.6473 100.027 27.6596
    endloop
  endfacet
  facet normal 0 1 0
    outer loop
      vertex -23.8984 100.027 27.9661
      vertex -26.2417 100.027 27.155
      vertex -26.4569 100.027 27.3973
    endloop
  endfacet
  facet normal 0 1 0
    outer loop
      vertex -23.8984 100.027 27.9661
      vertex -26.0039 100.027 26.935
      vertex -26.2417 100.027 27.155
    endloop
  endfacet
  facet normal 0 1 0
    outer loop
      vertex -23.8984 100.027 27.9661
      vertex -25.7456 100.027 26.7393
      vertex -26.0039 100.027 26.935
    endloop
  endfacet
  facet normal 0 1 0
    outer loop
      vertex -23.8984 100.027 27.9661
      vertex -25.4693 100.027 26.5698
      vertex -25.7456 100.027 26.7393
    endloop
  endfacet
  facet normal 0 1 0
    outer loop
      vertex -23.8984 100.027 27.9661
      vertex -25.1778 100.027 26.4283
      vertex -25.4693 100.027 26.5698
    endloop
  endfacet
  facet normal 0 1 0
    outer loop
      vertex -23.8984 100.027 27.9661
      vertex -24.8739 100.027 26.316
      vertex -25.1778 100.027 26.4283
    endloop
  endfacet
  facet normal 0 1 0
    outer loop
      vertex -23.8984 100.027 27.9661
      vertex -24.5603 100.027 26.2341
      vertex -24.8739 100.027 26.316
    endloop
  endfacet
  facet normal 0 1 0
    outer loop
      vertex -23.8984 100.027 27.9661
      vertex -24.2403 100.027 26.1833
      vertex -24.5603 100.027 26.2341
    endloop
  endfacet
  facet normal 0 1 0
    outer loop
      vertex -23.8984 100.027 27.9661
      vertex -23.9168 100.027 26.1641
      vertex -24.2403 100.027 26.1833
    endloop
  endfacet
  facet normal 0 1 -0
    outer loop
      vertex -5.34528 100.027 44.662
      vertex -5.59557 100.027 46.4448
      vertex -5.2538 100.027 44.6734
    endloop
  endfacet
  facet normal 0 1 0
    outer loop
      vertex -5.59557 100.027 46.4448
      vertex -5.34528 100.027 44.662
      vertex -8.20923 100.027 46.0368
    endloop
  endfacet
  facet normal 0 1 -0
    outer loop
      vertex -7.90483 100.027 44.2625
      vertex -8.20923 100.027 46.0368
      vertex -5.34528 100.027 44.662
    endloop
  endfacet
  facet normal 0 1 0
    outer loop
      vertex -8.20923 100.027 46.0368
      vertex -7.90483 100.027 44.2625
      vertex -8.35146 100.027 46.0102
    endloop
  endfacet
  facet normal 0 1 -0
    outer loop
      vertex -7.99371 100.027 44.2459
      vertex -8.35146 100.027 46.0102
      vertex -7.90483 100.027 44.2625
    endloop
  endfacet
  facet normal 0 1 0
    outer loop
      vertex -8.35146 100.027 46.0102
      vertex -7.99371 100.027 44.2459
      vertex -10.9664 100.027 45.4388
    endloop
  endfacet
  facet normal 0 1 -0
    outer loop
      vertex -10.5563 100.027 43.6859
      vertex -10.9664 100.027 45.4388
      vertex -7.99371 100.027 44.2459
    endloop
  endfacet
  facet normal 0 1 0
    outer loop
      vertex -10.9664 100.027 45.4388
      vertex -10.5563 100.027 43.6859
      vertex -11.1032 100.027 45.4047
    endloop
  endfacet
  facet normal 0 1 -0
    outer loop
      vertex -10.6418 100.027 43.6646
      vertex -11.1032 100.027 45.4047
      vertex -10.5563 100.027 43.6859
    endloop
  endfacet
  facet normal 0 1 0
    outer loop
      vertex -11.1032 100.027 45.4047
      vertex -10.6418 100.027 43.6646
      vertex -13.7194 100.027 44.6697
    endloop
  endfacet
  facet normal 0 1 -0
    outer loop
      vertex -13.208 100.027 42.9437
      vertex -13.7194 100.027 44.6697
      vertex -10.6418 100.027 43.6646
    endloop
  endfacet
  facet normal 0 1 0
    outer loop
      vertex -13.7194 100.027 44.6697
      vertex -13.208 100.027 42.9437
      vertex -13.8497 100.027 44.6291
    endloop
  endfacet
  facet normal 0 1 -0
    outer loop
      vertex -13.2894 100.027 42.9183
      vertex -13.8497 100.027 44.6291
      vertex -13.208 100.027 42.9437
    endloop
  endfacet
  facet normal 0 1 0
    outer loop
      vertex -13.8497 100.027 44.6291
      vertex -13.2894 100.027 42.9183
      vertex -16.4681 100.027 43.73
    endloop
  endfacet
  facet normal 0 1 -0
    outer loop
      vertex -15.8602 100.027 42.0355
      vertex -16.4681 100.027 43.73
      vertex -13.2894 100.027 42.9183
    endloop
  endfacet
  facet normal 0 1 0
    outer loop
      vertex -16.4681 100.027 43.73
      vertex -15.8602 100.027 42.0355
      vertex -16.5911 100.027 43.6839
    endloop
  endfacet
  facet normal 0 1 -0
    outer loop
      vertex -15.9371 100.027 42.0068
      vertex -16.5911 100.027 43.6839
      vertex -15.8602 100.027 42.0355
    endloop
  endfacet
  facet normal 0 1 0
    outer loop
      vertex -16.5911 100.027 43.6839
      vertex -15.9371 100.027 42.0068
      vertex -19.2112 100.027 42.6207
    endloop
  endfacet
  facet normal 0 1 -0
    outer loop
      vertex -18.5125 100.027 40.9617
      vertex -19.2112 100.027 42.6207
      vertex -15.9371 100.027 42.0068
    endloop
  endfacet
  facet normal 0 1 0
    outer loop
      vertex -19.2112 100.027 42.6207
      vertex -18.5125 100.027 40.9617
      vertex -19.3265 100.027 42.5704
    endloop
  endfacet
  facet normal 0 1 -0
    outer loop
      vertex -18.5845 100.027 40.9302
      vertex -19.3265 100.027 42.5704
      vertex -18.5125 100.027 40.9617
    endloop
  endfacet
  facet normal 0 1 0
    outer loop
      vertex -19.3265 100.027 42.5704
      vertex -18.5845 100.027 40.9302
      vertex -21.9485 100.027 41.3426
    endloop
  endfacet
  facet normal 0 1 -0
    outer loop
      vertex -21.1648 100.027 39.722
      vertex -21.9485 100.027 41.3426
      vertex -18.5845 100.027 40.9302
    endloop
  endfacet
  facet normal 0 1 0
    outer loop
      vertex -21.9485 100.027 41.3426
      vertex -21.1648 100.027 39.722
      vertex -22.0558 100.027 41.2891
    endloop
  endfacet
  facet normal 0 1 -0
    outer loop
      vertex -21.2319 100.027 39.6886
      vertex -22.0558 100.027 41.2891
      vertex -21.1648 100.027 39.722
    endloop
  endfacet
  facet normal 0 1 0
    outer loop
      vertex -23.2016 100.027 38.6433
      vertex -22.0558 100.027 41.2891
      vertex -21.2319 100.027 39.6886
    endloop
  endfacet
  facet normal 0 1 0
    outer loop
      vertex -22.0558 100.027 41.2891
      vertex -23.2016 100.027 38.6433
      vertex -24.0943 100.027 40.2073
    endloop
  endfacet
  facet normal 0 1 -0
    outer loop
      vertex -23.3589 100.027 38.547
      vertex -24.0943 100.027 40.2073
      vertex -23.2016 100.027 38.6433
    endloop
  endfacet
  facet normal 0 1 0
    outer loop
      vertex -24.0943 100.027 40.2073
      vertex -23.3589 100.027 38.547
      vertex -24.3837 100.027 40.0301
    endloop
  endfacet
  facet normal 0 1 0
    outer loop
      vertex -24.3837 100.027 40.0301
      vertex -23.3589 100.027 38.547
      vertex -24.6486 100.027 39.8246
    endloop
  endfacet
  facet normal 0 1 -0
    outer loop
      vertex -23.4752 100.027 38.4568
      vertex -24.6486 100.027 39.8246
      vertex -23.3589 100.027 38.547
    endloop
  endfacet
  facet normal 0 1 0
    outer loop
      vertex -24.6486 100.027 39.8246
      vertex -23.4752 100.027 38.4568
      vertex -24.8839 100.027 39.6018
    endloop
  endfacet
  facet normal 0 1 -0
    outer loop
      vertex -23.582 100.027 38.3556
      vertex -24.8839 100.027 39.6018
      vertex -23.4752 100.027 38.4568
    endloop
  endfacet
  facet normal 0 1 0
    outer loop
      vertex -24.8839 100.027 39.6018
      vertex -23.582 100.027 38.3556
      vertex -25.0962 100.027 39.357
    endloop
  endfacet
  facet normal 0 1 -0
    outer loop
      vertex -23.6785 100.027 38.2444
      vertex -25.0962 100.027 39.357
      vertex -23.582 100.027 38.3556
    endloop
  endfacet
  facet normal 0 1 0
    outer loop
      vertex -25.0962 100.027 39.357
      vertex -23.6785 100.027 38.2444
      vertex -25.2835 100.027 39.0926
    endloop
  endfacet
  facet normal 0 1 -0
    outer loop
      vertex -23.7636 100.027 38.1242
      vertex -25.2835 100.027 39.0926
      vertex -23.6785 100.027 38.2444
    endloop
  endfacet
  facet normal 0 1 0
    outer loop
      vertex -25.2835 100.027 39.0926
      vertex -23.7636 100.027 38.1242
      vertex -25.444 100.027 38.811
    endloop
  endfacet
  facet normal 0 1 -0
    outer loop
      vertex -23.8365 100.027 37.9964
      vertex -25.444 100.027 38.811
      vertex -23.7636 100.027 38.1242
    endloop
  endfacet
  facet normal 0 1 0
    outer loop
      vertex -25.444 100.027 38.811
      vertex -23.8365 100.027 37.9964
      vertex -25.5762 100.027 38.5151
    endloop
  endfacet
  facet normal 0 1 -0
    outer loop
      vertex -23.8965 100.027 37.8619
      vertex -25.5762 100.027 38.5151
      vertex -23.8365 100.027 37.9964
    endloop
  endfacet
  facet normal 0 1 0
    outer loop
      vertex -25.5762 100.027 38.5151
      vertex -23.8965 100.027 37.8619
      vertex -25.6786 100.027 38.2077
    endloop
  endfacet
  facet normal 0 1 -0
    outer loop
      vertex -23.9431 100.027 37.7223
      vertex -25.6786 100.027 38.2077
      vertex -23.8965 100.027 37.8619
    endloop
  endfacet
  facet normal 0 1 0
    outer loop
      vertex -25.6786 100.027 38.2077
      vertex -23.9431 100.027 37.7223
      vertex -25.7407 100.027 37.9349
    endloop
  endfacet
  facet normal 0 1 -0
    outer loop
      vertex -23.9757 100.027 37.5788
      vertex -25.7407 100.027 37.9349
      vertex -23.9431 100.027 37.7223
    endloop
  endfacet
  facet normal 0 1 0
    outer loop
      vertex -23.9757 100.027 37.5788
      vertex -27.1381 100.027 30.0097
      vertex -25.7407 100.027 37.9349
    endloop
  endfacet
  facet normal 0 1 -0
    outer loop
      vertex -25.3603 100.027 29.7265
      vertex -27.1381 100.027 30.0097
      vertex -23.9757 100.027 37.5788
    endloop
  endfacet
  facet normal 0 1 -0
    outer loop
      vertex -25.3743 100.027 29.6283
      vertex -27.1381 100.027 30.0097
      vertex -25.3603 100.027 29.7265
    endloop
  endfacet
  facet normal 0 1 0
    outer loop
      vertex -27.1381 100.027 30.0097
      vertex -25.3743 100.027 29.6283
      vertex -27.1667 100.027 29.8088
    endloop
  endfacet
  facet normal 0 1 0
    outer loop
      vertex -25.3743 100.027 29.6283
      vertex -27.1851 100.027 29.4998
      vertex -27.1667 100.027 29.8088
    endloop
  endfacet
  facet normal 0 1 -0
    outer loop
      vertex -25.383 100.027 29.4814
      vertex -27.1851 100.027 29.4998
      vertex -25.3743 100.027 29.6283
    endloop
  endfacet
  facet normal 0 1 0
    outer loop
      vertex -25.3773 100.027 29.3343
      vertex -27.1851 100.027 29.4998
      vertex -25.383 100.027 29.4814
    endloop
  endfacet
  facet normal 0 1 0
    outer loop
      vertex -27.1725 100.027 29.176
      vertex -25.3773 100.027 29.3343
      vertex -25.3572 100.027 29.1885
    endloop
  endfacet
  facet normal 0 1 0
    outer loop
      vertex -25.3773 100.027 29.3343
      vertex -27.1725 100.027 29.176
      vertex -27.1851 100.027 29.4998
    endloop
  endfacet
  facet normal 0 1 0
    outer loop
      vertex -27.1282 100.027 28.8549
      vertex -25.3572 100.027 29.1885
      vertex -25.3228 100.027 29.0453
    endloop
  endfacet
  facet normal 0 1 0
    outer loop
      vertex -27.0526 100.027 28.5398
      vertex -25.3228 100.027 29.0453
      vertex -25.2747 100.027 28.9062
    endloop
  endfacet
  facet normal 0 1 0
    outer loop
      vertex -25.3572 100.027 29.1885
      vertex -27.1282 100.027 28.8549
      vertex -27.1725 100.027 29.176
    endloop
  endfacet
  facet normal 0 1 0
    outer loop
      vertex -26.9466 100.027 28.2337
      vertex -25.2747 100.027 28.9062
      vertex -25.2131 100.027 28.7725
    endloop
  endfacet
  facet normal 0 1 0
    outer loop
      vertex -26.8111 100.027 27.9393
      vertex -25.2131 100.027 28.7725
      vertex -25.1387 100.027 28.6455
    endloop
  endfacet
  facet normal 0 1 0
    outer loop
      vertex -25.3228 100.027 29.0453
      vertex -27.0526 100.027 28.5398
      vertex -27.1282 100.027 28.8549
    endloop
  endfacet
  facet normal 0 1 0
    outer loop
      vertex -26.8111 100.027 27.9393
      vertex -25.1387 100.027 28.6455
      vertex -25.0522 100.027 28.5264
    endloop
  endfacet
  facet normal 0 1 0
    outer loop
      vertex -26.8111 100.027 27.9393
      vertex -25.0522 100.027 28.5264
      vertex -24.9545 100.027 28.4163
    endloop
  endfacet
  facet normal 0 1 0
    outer loop
      vertex -26.8111 100.027 27.9393
      vertex -24.9545 100.027 28.4163
      vertex -24.8465 100.027 28.3163
    endloop
  endfacet
  facet normal 0 1 0
    outer loop
      vertex -25.2747 100.027 28.9062
      vertex -26.9466 100.027 28.2337
      vertex -27.0526 100.027 28.5398
    endloop
  endfacet
  facet normal 0 1 0
    outer loop
      vertex -26.8111 100.027 27.9393
      vertex -24.8465 100.027 28.3163
      vertex -24.7291 100.027 28.2274
    endloop
  endfacet
  facet normal 0 1 0
    outer loop
      vertex -26.8111 100.027 27.9393
      vertex -24.7291 100.027 28.2274
      vertex -24.6036 100.027 28.1505
    endloop
  endfacet
  facet normal 0 1 0
    outer loop
      vertex -26.8111 100.027 27.9393
      vertex -24.6036 100.027 28.1505
      vertex -24.4712 100.027 28.0862
    endloop
  endfacet
  facet normal 0 1 0
    outer loop
      vertex -26.8111 100.027 27.9393
      vertex -24.4712 100.027 28.0862
      vertex -24.3331 100.027 28.0352
    endloop
  endfacet
  facet normal 0 1 0
    outer loop
      vertex -26.8111 100.027 27.9393
      vertex -24.3331 100.027 28.0352
      vertex -24.1907 100.027 27.998
    endloop
  endfacet
  facet normal 0 1 0
    outer loop
      vertex -26.8111 100.027 27.9393
      vertex -24.1907 100.027 27.998
      vertex -24.0453 100.027 27.9749
    endloop
  endfacet
  facet normal 0 1 0
    outer loop
      vertex -25.2131 100.027 28.7725
      vertex -26.8111 100.027 27.9393
      vertex -26.9466 100.027 28.2337
    endloop
  endfacet
  facet normal 0 1 0
    outer loop
      vertex -26.8111 100.027 27.9393
      vertex -24.0453 100.027 27.9749
      vertex -23.8984 100.027 27.9661
    endloop
  endfacet
  facet normal 0 1 0
    outer loop
      vertex 0 100.027 27.2
      vertex 0 100.027 29
      vertex 2.85616 100.027 28.9852
    endloop
  endfacet
  facet normal 0 1 0
    outer loop
      vertex 2.83646 100.027 27.1853
      vertex 2.85616 100.027 28.9852
      vertex 5.71091 100.027 28.9407
    endloop
  endfacet
  facet normal 0 1 0
    outer loop
      vertex 0 100.027 29
      vertex 0 100.027 27.2
      vertex -2.85616 100.027 28.9852
    endloop
  endfacet
  facet normal 0 1 0
    outer loop
      vertex 2.83646 100.027 27.1853
      vertex 5.71091 100.027 28.9407
      vertex 8.56708 100.027 28.8667
    endloop
  endfacet
  facet normal 0 1 -0
    outer loop
      vertex -2.83646 100.027 27.1853
      vertex -2.85616 100.027 28.9852
      vertex 0 100.027 27.2
    endloop
  endfacet
  facet normal 0 1 0
    outer loop
      vertex 2.83646 100.027 27.1853
      vertex 8.56708 100.027 28.8667
      vertex 11.4219 100.027 28.763
    endloop
  endfacet
  facet normal 0 1 0
    outer loop
      vertex -2.85616 100.027 28.9852
      vertex -2.83646 100.027 27.1853
      vertex -5.71091 100.027 28.9407
    endloop
  endfacet
  facet normal 0 1 0
    outer loop
      vertex 2.83646 100.027 27.1853
      vertex 11.4219 100.027 28.763
      vertex 14.2782 100.027 28.6296
    endloop
  endfacet
  facet normal 0 1 -0
    outer loop
      vertex -5.67451 100.027 27.1411
      vertex -5.71091 100.027 28.9407
      vertex -2.83646 100.027 27.1853
    endloop
  endfacet
  facet normal 0 1 0
    outer loop
      vertex 2.83646 100.027 27.1853
      vertex 14.2782 100.027 28.6296
      vertex 17.1331 100.027 28.4667
    endloop
  endfacet
  facet normal 0 1 0
    outer loop
      vertex -5.71091 100.027 28.9407
      vertex -5.67451 100.027 27.1411
      vertex -8.56708 100.027 28.8667
    endloop
  endfacet
  facet normal 0 1 0
    outer loop
      vertex 2.83646 100.027 27.1853
      vertex 17.1331 100.027 28.4667
      vertex 19.9881 100.027 28.2741
    endloop
  endfacet
  facet normal 0 1 -0
    outer loop
      vertex -8.51094 100.027 27.0675
      vertex -8.56708 100.027 28.8667
      vertex -5.67451 100.027 27.1411
    endloop
  endfacet
  facet normal 0 1 0
    outer loop
      vertex 2.83646 100.027 27.1853
      vertex 19.9881 100.027 28.2741
      vertex 22.8448 100.027 28.0518
    endloop
  endfacet
  facet normal 0 1 0
    outer loop
      vertex -8.56708 100.027 28.8667
      vertex -8.51094 100.027 27.0675
      vertex -11.4219 100.027 28.763
    endloop
  endfacet
  facet normal 0 1 0
    outer loop
      vertex 2.83646 100.027 27.1853
      vertex 22.8448 100.027 28.0518
      vertex 23.7513 100.027 27.9719
    endloop
  endfacet
  facet normal 0 1 -0
    outer loop
      vertex -11.3478 100.027 26.9645
      vertex -11.4219 100.027 28.763
      vertex -8.51094 100.027 27.0675
    endloop
  endfacet
  facet normal 0 1 0
    outer loop
      vertex 2.83646 100.027 27.1853
      vertex 23.7513 100.027 27.9719
      vertex 23.8504 100.027 27.9664
    endloop
  endfacet
  facet normal 0 1 0
    outer loop
      vertex -11.4219 100.027 28.763
      vertex -11.3478 100.027 26.9645
      vertex -14.2782 100.027 28.6296
    endloop
  endfacet
  facet normal 0.0623366 0 0.998055
    outer loop
      vertex 2.68721 100.027 46.717
      vertex 2.83611 53.56 46.7077
      vertex 2.83611 100.027 46.7077
    endloop
  endfacet
  facet normal 0.0623366 0 0.998055
    outer loop
      vertex 2.83611 53.56 46.7077
      vertex 2.68721 100.027 46.717
      vertex 2.68721 53.56 46.717
    endloop
  endfacet
  facet normal 0.0932364 0 0.995644
    outer loop
      vertex 2.83611 100.027 46.7077
      vertex 5.44919 53.56 46.463
      vertex 5.44919 100.027 46.463
    endloop
  endfacet
  facet normal 0.0932364 0 0.995644
    outer loop
      vertex 5.44919 53.56 46.463
      vertex 2.83611 100.027 46.7077
      vertex 2.83611 53.56 46.7077
    endloop
  endfacet
  facet normal 0.123384 0 0.992359
    outer loop
      vertex 5.44919 100.027 46.463
      vertex 5.59557 53.56 46.4448
      vertex 5.59557 100.027 46.4448
    endloop
  endfacet
  facet normal 0.123384 0 0.992359
    outer loop
      vertex 5.59557 53.56 46.4448
      vertex 5.44919 100.027 46.463
      vertex 5.44919 53.56 46.463
    endloop
  endfacet
  facet normal 0.154235 0 0.988034
    outer loop
      vertex 5.59557 100.027 46.4448
      vertex 8.20923 53.56 46.0368
      vertex 8.20923 100.027 46.0368
    endloop
  endfacet
  facet normal 0.154235 0 0.988034
    outer loop
      vertex 8.20923 53.56 46.0368
      vertex 5.59557 100.027 46.4448
      vertex 5.59557 53.56 46.4448
    endloop
  endfacet
  facet normal 0.183834 0 0.982957
    outer loop
      vertex 8.20923 100.027 46.0368
      vertex 8.35146 53.56 46.0102
      vertex 8.35146 100.027 46.0102
    endloop
  endfacet
  facet normal 0.183834 0 0.982957
    outer loop
      vertex 8.35146 53.56 46.0102
      vertex 8.20923 100.027 46.0368
      vertex 8.20923 53.56 46.0368
    endloop
  endfacet
  facet normal 0.213476 0 0.976948
    outer loop
      vertex 8.35146 100.027 46.0102
      vertex 10.9664 53.56 45.4388
      vertex 10.9664 100.027 45.4388
    endloop
  endfacet
  facet normal 0.213476 0 0.976948
    outer loop
      vertex 10.9664 53.56 45.4388
      vertex 8.35146 100.027 46.0102
      vertex 8.35146 53.56 46.0102
    endloop
  endfacet
  facet normal 0.241868 0 0.970309
    outer loop
      vertex 10.9664 100.027 45.4388
      vertex 11.1032 53.56 45.4047
      vertex 11.1032 100.027 45.4047
    endloop
  endfacet
  facet normal 0.241868 0 0.970309
    outer loop
      vertex 11.1032 53.56 45.4047
      vertex 10.9664 100.027 45.4388
      vertex 10.9664 53.56 45.4388
    endloop
  endfacet
  facet normal 0.270471 0 0.962728
    outer loop
      vertex 11.1032 100.027 45.4047
      vertex 13.7194 53.56 44.6697
      vertex 13.7194 100.027 44.6697
    endloop
  endfacet
  facet normal 0.270471 0 0.962728
    outer loop
      vertex 13.7194 53.56 44.6697
      vertex 11.1032 100.027 45.4047
      vertex 11.1032 53.56 45.4047
    endloop
  endfacet
  facet normal 0.297482 0 0.954727
    outer loop
      vertex 13.7194 100.027 44.6697
      vertex 13.8497 53.56 44.6291
      vertex 13.8497 100.027 44.6291
    endloop
  endfacet
  facet normal 0.297482 0 0.954727
    outer loop
      vertex 13.8497 53.56 44.6291
      vertex 13.7194 100.027 44.6697
      vertex 13.7194 53.56 44.6697
    endloop
  endfacet
  facet normal 0.324765 0 0.945795
    outer loop
      vertex 13.8497 100.027 44.6291
      vertex 16.4681 53.56 43.73
      vertex 16.4681 100.027 43.73
    endloop
  endfacet
  facet normal 0.324765 0 0.945795
    outer loop
      vertex 16.4681 53.56 43.73
      vertex 13.8497 100.027 44.6291
      vertex 13.8497 53.56 44.6291
    endloop
  endfacet
  facet normal 0.350957 0 0.936392
    outer loop
      vertex 16.4681 100.027 43.73
      vertex 16.5911 53.56 43.6839
      vertex 16.5911 100.027 43.6839
    endloop
  endfacet
  facet normal 0.350957 0 0.936392
    outer loop
      vertex 16.5911 53.56 43.6839
      vertex 16.4681 100.027 43.73
      vertex 16.4681 53.56 43.73
    endloop
  endfacet
  facet normal 0.376008 0 0.926616
    outer loop
      vertex 16.5911 100.027 43.6839
      vertex 19.2112 53.56 42.6207
      vertex 19.2112 100.027 42.6207
    endloop
  endfacet
  facet normal 0.376008 0 0.926616
    outer loop
      vertex 19.2112 53.56 42.6207
      vertex 16.5911 100.027 43.6839
      vertex 16.5911 53.56 43.6839
    endloop
  endfacet
  facet normal 0.399859 0 0.916576
    outer loop
      vertex 19.2112 100.027 42.6207
      vertex 19.3265 53.56 42.5704
      vertex 19.3265 100.027 42.5704
    endloop
  endfacet
  facet normal 0.399859 0 0.916576
    outer loop
      vertex 19.3265 53.56 42.5704
      vertex 19.2112 100.027 42.6207
      vertex 19.2112 53.56 42.6207
    endloop
  endfacet
  facet normal 0.424076 0 0.905626
    outer loop
      vertex 19.3265 100.027 42.5704
      vertex 21.9485 53.56 41.3426
      vertex 21.9485 100.027 41.3426
    endloop
  endfacet
  facet normal 0.424076 0 0.905626
    outer loop
      vertex 21.9485 53.56 41.3426
      vertex 19.3265 100.027 42.5704
      vertex 19.3265 53.56 42.5704
    endloop
  endfacet
  facet normal 0.446212 0 0.894927
    outer loop
      vertex 21.9485 100.027 41.3426
      vertex 22.0558 53.56 41.2891
      vertex 22.0558 100.027 41.2891
    endloop
  endfacet
  facet normal 0.446212 0 0.894927
    outer loop
      vertex 22.0558 53.56 41.2891
      vertex 21.9485 100.027 41.3426
      vertex 21.9485 53.56 41.3426
    endloop
  endfacet
  facet normal 0.46875 0 0.883331
    outer loop
      vertex 22.0558 100.027 41.2891
      vertex 24.0844 53.56 40.2126
      vertex 24.0844 100.027 40.2126
    endloop
  endfacet
  facet normal 0.46875 0 0.883331
    outer loop
      vertex 24.0844 53.56 40.2126
      vertex 22.0558 100.027 41.2891
      vertex 22.0558 53.56 41.2891
    endloop
  endfacet
  facet normal 0.511603 0 0.859222
    outer loop
      vertex 24.0844 100.027 40.2126
      vertex 24.3249 53.56 40.0694
      vertex 24.3249 100.027 40.0694
    endloop
  endfacet
  facet normal 0.511603 0 0.859222
    outer loop
      vertex 24.3249 53.56 40.0694
      vertex 24.0844 100.027 40.2126
      vertex 24.0844 53.56 40.2126
    endloop
  endfacet
  facet normal 0.221861 0 -0.975078
    outer loop
      vertex 24.4565 53.56 26.2141
      vertex 24.7725 100.027 26.286
      vertex 24.7725 53.56 26.286
    endloop
  endfacet
  facet normal 0.221861 0 -0.975078
    outer loop
      vertex 24.7725 100.027 26.286
      vertex 24.4565 53.56 26.2141
      vertex 24.4565 100.027 26.2141
    endloop
  endfacet
  facet normal 0.125288 0 -0.99212
    outer loop
      vertex 24.135 53.56 26.1735
      vertex 24.4565 100.027 26.2141
      vertex 24.4565 53.56 26.2141
    endloop
  endfacet
  facet normal 0.125288 0 -0.99212
    outer loop
      vertex 24.4565 100.027 26.2141
      vertex 24.135 53.56 26.1735
      vertex 24.135 100.027 26.1735
    endloop
  endfacet
  facet normal 0.0271218 0 -0.999632
    outer loop
      vertex 23.8254 53.56 26.1651
      vertex 24.135 100.027 26.1735
      vertex 24.135 53.56 26.1735
    endloop
  endfacet
  facet normal 0.0271218 0 -0.999632
    outer loop
      vertex 24.135 100.027 26.1735
      vertex 23.8254 53.56 26.1651
      vertex 23.8254 100.027 26.1651
    endloop
  endfacet
  facet normal -0.0547057 0 -0.998503
    outer loop
      vertex 23.6228 53.56 26.1762
      vertex 23.8254 100.027 26.1651
      vertex 23.8254 53.56 26.1651
    endloop
  endfacet
  facet normal -0.0547057 0 -0.998503
    outer loop
      vertex 23.8254 100.027 26.1651
      vertex 23.6228 53.56 26.1762
      vertex 23.6228 100.027 26.1762
    endloop
  endfacet
  facet normal -0.0878531 0 -0.996133
    outer loop
      vertex 22.6953 53.56 26.258
      vertex 23.6228 100.027 26.1762
      vertex 23.6228 53.56 26.1762
    endloop
  endfacet
  facet normal -0.0878531 0 -0.996133
    outer loop
      vertex 23.6228 100.027 26.1762
      vertex 22.6953 53.56 26.258
      vertex 22.6953 100.027 26.258
    endloop
  endfacet
  facet normal -0.0776072 0 -0.996984
    outer loop
      vertex 19.8575 53.56 26.4789
      vertex 22.6953 100.027 26.258
      vertex 22.6953 53.56 26.258
    endloop
  endfacet
  facet normal -0.0776072 0 -0.996984
    outer loop
      vertex 22.6953 100.027 26.258
      vertex 19.8575 53.56 26.4789
      vertex 19.8575 100.027 26.4789
    endloop
  endfacet
  facet normal -0.0672662 0 -0.997735
    outer loop
      vertex 17.0215 53.56 26.6701
      vertex 19.8575 100.027 26.4789
      vertex 19.8575 53.56 26.4789
    endloop
  endfacet
  facet normal -0.0672662 0 -0.997735
    outer loop
      vertex 19.8575 100.027 26.4789
      vertex 17.0215 53.56 26.6701
      vertex 17.0215 100.027 26.6701
    endloop
  endfacet
  facet normal -0.0569766 0 -0.998376
    outer loop
      vertex 14.1846 53.56 26.832
      vertex 17.0215 100.027 26.6701
      vertex 17.0215 53.56 26.6701
    endloop
  endfacet
  facet normal -0.0569766 0 -0.998376
    outer loop
      vertex 17.0215 100.027 26.6701
      vertex 14.1846 53.56 26.832
      vertex 14.1846 100.027 26.832
    endloop
  endfacet
  facet normal -0.0466567 0 -0.998911
    outer loop
      vertex 11.3478 53.56 26.9645
      vertex 14.1846 100.027 26.832
      vertex 14.1846 53.56 26.832
    endloop
  endfacet
  facet normal -0.0466567 0 -0.998911
    outer loop
      vertex 14.1846 100.027 26.832
      vertex 11.3478 53.56 26.9645
      vertex 11.3478 100.027 26.9645
    endloop
  endfacet
  facet normal -0.0362838 0 -0.999342
    outer loop
      vertex 8.51094 53.56 27.0675
      vertex 11.3478 100.027 26.9645
      vertex 11.3478 53.56 26.9645
    endloop
  endfacet
  facet normal -0.0362838 0 -0.999342
    outer loop
      vertex 11.3478 100.027 26.9645
      vertex 8.51094 53.56 27.0675
      vertex 8.51094 100.027 27.0675
    endloop
  endfacet
  facet normal -0.0259394 0 -0.999664
    outer loop
      vertex 5.67451 53.56 27.1411
      vertex 8.51094 100.027 27.0675
      vertex 8.51094 53.56 27.0675
    endloop
  endfacet
  facet normal -0.0259394 0 -0.999664
    outer loop
      vertex 8.51094 100.027 27.0675
      vertex 5.67451 53.56 27.1411
      vertex 5.67451 100.027 27.1411
    endloop
  endfacet
  facet normal -0.0155722 0 -0.999879
    outer loop
      vertex 2.83646 53.56 27.1853
      vertex 5.67451 100.027 27.1411
      vertex 5.67451 53.56 27.1411
    endloop
  endfacet
  facet normal -0.0155722 0 -0.999879
    outer loop
      vertex 5.67451 100.027 27.1411
      vertex 2.83646 53.56 27.1853
      vertex 2.83646 100.027 27.1853
    endloop
  endfacet
  facet normal -0.00518245 0 -0.999987
    outer loop
      vertex 0 53.56 27.2
      vertex 2.83646 100.027 27.1853
      vertex 2.83646 53.56 27.1853
    endloop
  endfacet
  facet normal -0.00518245 0 -0.999987
    outer loop
      vertex 2.83646 100.027 27.1853
      vertex 0 53.56 27.2
      vertex 0 100.027 27.2
    endloop
  endfacet
  facet normal 0.00518245 0 -0.999987
    outer loop
      vertex -2.83646 53.56 27.1853
      vertex 0 100.027 27.2
      vertex 0 53.56 27.2
    endloop
  endfacet
  facet normal 0.00518245 0 -0.999987
    outer loop
      vertex 0 100.027 27.2
      vertex -2.83646 53.56 27.1853
      vertex -2.83646 100.027 27.1853
    endloop
  endfacet
  facet normal 0.0155722 0 -0.999879
    outer loop
      vertex -5.67451 53.56 27.1411
      vertex -2.83646 100.027 27.1853
      vertex -2.83646 53.56 27.1853
    endloop
  endfacet
  facet normal 0.0155722 0 -0.999879
    outer loop
      vertex -2.83646 100.027 27.1853
      vertex -5.67451 53.56 27.1411
      vertex -5.67451 100.027 27.1411
    endloop
  endfacet
  facet normal 0.0259394 0 -0.999664
    outer loop
      vertex -8.51094 53.56 27.0675
      vertex -5.67451 100.027 27.1411
      vertex -5.67451 53.56 27.1411
    endloop
  endfacet
  facet normal 0.0259394 0 -0.999664
    outer loop
      vertex -5.67451 100.027 27.1411
      vertex -8.51094 53.56 27.0675
      vertex -8.51094 100.027 27.0675
    endloop
  endfacet
  facet normal 0.0362838 0 -0.999342
    outer loop
      vertex -11.3478 53.56 26.9645
      vertex -8.51094 100.027 27.0675
      vertex -8.51094 53.56 27.0675
    endloop
  endfacet
  facet normal 0.0362838 0 -0.999342
    outer loop
      vertex -8.51094 100.027 27.0675
      vertex -11.3478 53.56 26.9645
      vertex -11.3478 100.027 26.9645
    endloop
  endfacet
  facet normal 0.0466567 0 -0.998911
    outer loop
      vertex -14.1846 53.56 26.832
      vertex -11.3478 100.027 26.9645
      vertex -11.3478 53.56 26.9645
    endloop
  endfacet
  facet normal 0.0466567 0 -0.998911
    outer loop
      vertex -11.3478 100.027 26.9645
      vertex -14.1846 53.56 26.832
      vertex -14.1846 100.027 26.832
    endloop
  endfacet
  facet normal 0.0569766 0 -0.998376
    outer loop
      vertex -17.0215 53.56 26.6701
      vertex -14.1846 100.027 26.832
      vertex -14.1846 53.56 26.832
    endloop
  endfacet
  facet normal 0.0569766 0 -0.998376
    outer loop
      vertex -14.1846 100.027 26.832
      vertex -17.0215 53.56 26.6701
      vertex -17.0215 100.027 26.6701
    endloop
  endfacet
  facet normal 0.0672662 0 -0.997735
    outer loop
      vertex -19.8575 53.56 26.4789
      vertex -17.0215 100.027 26.6701
      vertex -17.0215 53.56 26.6701
    endloop
  endfacet
  facet normal 0.0672662 0 -0.997735
    outer loop
      vertex -17.0215 100.027 26.6701
      vertex -19.8575 53.56 26.4789
      vertex -19.8575 100.027 26.4789
    endloop
  endfacet
  facet normal 0.0776072 0 -0.996984
    outer loop
      vertex -22.6953 53.56 26.258
      vertex -19.8575 100.027 26.4789
      vertex -19.8575 53.56 26.4789
    endloop
  endfacet
  facet normal 0.0776072 0 -0.996984
    outer loop
      vertex -19.8575 100.027 26.4789
      vertex -22.6953 53.56 26.258
      vertex -22.6953 100.027 26.258
    endloop
  endfacet
  facet normal 0.0878846 0 -0.996131
    outer loop
      vertex -23.6372 53.56 26.1749
      vertex -22.6953 100.027 26.258
      vertex -22.6953 53.56 26.258
    endloop
  endfacet
  facet normal 0.0878846 0 -0.996131
    outer loop
      vertex -22.6953 100.027 26.258
      vertex -23.6372 53.56 26.1749
      vertex -23.6372 100.027 26.1749
    endloop
  endfacet
  facet normal 0.0385978 0 -0.999255
    outer loop
      vertex -23.9168 53.56 26.1641
      vertex -23.6372 100.027 26.1749
      vertex -23.6372 53.56 26.1749
    endloop
  endfacet
  facet normal 0.0385978 0 -0.999255
    outer loop
      vertex -23.6372 100.027 26.1749
      vertex -23.9168 53.56 26.1641
      vertex -23.9168 100.027 26.1641
    endloop
  endfacet
  facet normal -0.0592466 0 -0.998243
    outer loop
      vertex -24.2403 53.56 26.1833
      vertex -23.9168 100.027 26.1641
      vertex -23.9168 53.56 26.1641
    endloop
  endfacet
  facet normal -0.0592466 0 -0.998243
    outer loop
      vertex -23.9168 100.027 26.1641
      vertex -24.2403 53.56 26.1833
      vertex -24.2403 100.027 26.1833
    endloop
  endfacet
  facet normal -0.156787 0 -0.987632
    outer loop
      vertex -24.5603 53.56 26.2341
      vertex -24.2403 100.027 26.1833
      vertex -24.2403 53.56 26.1833
    endloop
  endfacet
  facet normal -0.156787 0 -0.987632
    outer loop
      vertex -24.2403 100.027 26.1833
      vertex -24.5603 53.56 26.2341
      vertex -24.5603 100.027 26.2341
    endloop
  endfacet
  facet normal -0.468765 0 0.883323
    outer loop
      vertex -24.0943 100.027 40.2073
      vertex -22.0558 53.56 41.2891
      vertex -22.0558 100.027 41.2891
    endloop
  endfacet
  facet normal -0.468765 0 0.883323
    outer loop
      vertex -22.0558 53.56 41.2891
      vertex -24.0943 100.027 40.2073
      vertex -24.0943 53.56 40.2073
    endloop
  endfacet
  facet normal -0.446212 0 0.894927
    outer loop
      vertex -22.0558 100.027 41.2891
      vertex -21.9485 53.56 41.3426
      vertex -21.9485 100.027 41.3426
    endloop
  endfacet
  facet normal -0.446212 0 0.894927
    outer loop
      vertex -21.9485 53.56 41.3426
      vertex -22.0558 100.027 41.2891
      vertex -22.0558 53.56 41.2891
    endloop
  endfacet
  facet normal -0.424076 0 0.905626
    outer loop
      vertex -21.9485 100.027 41.3426
      vertex -19.3265 53.56 42.5704
      vertex -19.3265 100.027 42.5704
    endloop
  endfacet
  facet normal -0.424076 0 0.905626
    outer loop
      vertex -19.3265 53.56 42.5704
      vertex -21.9485 100.027 41.3426
      vertex -21.9485 53.56 41.3426
    endloop
  endfacet
  facet normal -0.399859 0 0.916576
    outer loop
      vertex -19.3265 100.027 42.5704
      vertex -19.2112 53.56 42.6207
      vertex -19.2112 100.027 42.6207
    endloop
  endfacet
  facet normal -0.399859 0 0.916576
    outer loop
      vertex -19.2112 53.56 42.6207
      vertex -19.3265 100.027 42.5704
      vertex -19.3265 53.56 42.5704
    endloop
  endfacet
  facet normal -0.376008 0 0.926616
    outer loop
      vertex -19.2112 100.027 42.6207
      vertex -16.5911 53.56 43.6839
      vertex -16.5911 100.027 43.6839
    endloop
  endfacet
  facet normal -0.376008 0 0.926616
    outer loop
      vertex -16.5911 53.56 43.6839
      vertex -19.2112 100.027 42.6207
      vertex -19.2112 53.56 42.6207
    endloop
  endfacet
  facet normal -0.350957 0 0.936392
    outer loop
      vertex -16.5911 100.027 43.6839
      vertex -16.4681 53.56 43.73
      vertex -16.4681 100.027 43.73
    endloop
  endfacet
  facet normal -0.350957 0 0.936392
    outer loop
      vertex -16.4681 53.56 43.73
      vertex -16.5911 100.027 43.6839
      vertex -16.5911 53.56 43.6839
    endloop
  endfacet
  facet normal -0.324765 0 0.945795
    outer loop
      vertex -16.4681 100.027 43.73
      vertex -13.8497 53.56 44.6291
      vertex -13.8497 100.027 44.6291
    endloop
  endfacet
  facet normal -0.324765 0 0.945795
    outer loop
      vertex -13.8497 53.56 44.6291
      vertex -16.4681 100.027 43.73
      vertex -16.4681 53.56 43.73
    endloop
  endfacet
  facet normal -0.297482 0 0.954727
    outer loop
      vertex -13.8497 100.027 44.6291
      vertex -13.7194 53.56 44.6697
      vertex -13.7194 100.027 44.6697
    endloop
  endfacet
  facet normal -0.297482 0 0.954727
    outer loop
      vertex -13.7194 53.56 44.6697
      vertex -13.8497 100.027 44.6291
      vertex -13.8497 53.56 44.6291
    endloop
  endfacet
  facet normal -0.270471 0 0.962728
    outer loop
      vertex -13.7194 100.027 44.6697
      vertex -11.1032 53.56 45.4047
      vertex -11.1032 100.027 45.4047
    endloop
  endfacet
  facet normal -0.270471 0 0.962728
    outer loop
      vertex -11.1032 53.56 45.4047
      vertex -13.7194 100.027 44.6697
      vertex -13.7194 53.56 44.6697
    endloop
  endfacet
  facet normal -0.241868 0 0.970309
    outer loop
      vertex -11.1032 100.027 45.4047
      vertex -10.9664 53.56 45.4388
      vertex -10.9664 100.027 45.4388
    endloop
  endfacet
  facet normal -0.241868 0 0.970309
    outer loop
      vertex -10.9664 53.56 45.4388
      vertex -11.1032 100.027 45.4047
      vertex -11.1032 53.56 45.4047
    endloop
  endfacet
  facet normal -0.213476 0 0.976948
    outer loop
      vertex -10.9664 100.027 45.4388
      vertex -8.35146 53.56 46.0102
      vertex -8.35146 100.027 46.0102
    endloop
  endfacet
  facet normal -0.213476 0 0.976948
    outer loop
      vertex -8.35146 53.56 46.0102
      vertex -10.9664 100.027 45.4388
      vertex -10.9664 53.56 45.4388
    endloop
  endfacet
  facet normal -0.183834 0 0.982957
    outer loop
      vertex -8.35146 100.027 46.0102
      vertex -8.20923 53.56 46.0368
      vertex -8.20923 100.027 46.0368
    endloop
  endfacet
  facet normal -0.183834 0 0.982957
    outer loop
      vertex -8.20923 53.56 46.0368
      vertex -8.35146 100.027 46.0102
      vertex -8.35146 53.56 46.0102
    endloop
  endfacet
  facet normal -0.154235 0 0.988034
    outer loop
      vertex -8.20923 100.027 46.0368
      vertex -5.59557 53.56 46.4448
      vertex -5.59557 100.027 46.4448
    endloop
  endfacet
  facet normal -0.154235 0 0.988034
    outer loop
      vertex -5.59557 53.56 46.4448
      vertex -8.20923 100.027 46.0368
      vertex -8.20923 53.56 46.0368
    endloop
  endfacet
  facet normal -0.123384 0 0.992359
    outer loop
      vertex -5.59557 100.027 46.4448
      vertex -5.44919 53.56 46.463
      vertex -5.44919 100.027 46.463
    endloop
  endfacet
  facet normal -0.123384 0 0.992359
    outer loop
      vertex -5.44919 53.56 46.463
      vertex -5.59557 100.027 46.4448
      vertex -5.59557 53.56 46.4448
    endloop
  endfacet
  facet normal -0.0932364 0 0.995644
    outer loop
      vertex -5.44919 100.027 46.463
      vertex -2.83611 53.56 46.7077
      vertex -2.83611 100.027 46.7077
    endloop
  endfacet
  facet normal -0.0932364 0 0.995644
    outer loop
      vertex -2.83611 53.56 46.7077
      vertex -5.44919 100.027 46.463
      vertex -5.44919 53.56 46.463
    endloop
  endfacet
  facet normal -0.0623366 0 0.998055
    outer loop
      vertex -2.83611 100.027 46.7077
      vertex -2.68721 53.56 46.717
      vertex -2.68721 100.027 46.717
    endloop
  endfacet
  facet normal -0.0623366 0 0.998055
    outer loop
      vertex -2.68721 53.56 46.717
      vertex -2.83611 100.027 46.7077
      vertex -2.83611 53.56 46.7077
    endloop
  endfacet
  facet normal -0.0311832 0 0.999514
    outer loop
      vertex -2.68721 100.027 46.717
      vertex -0.0748901 53.56 46.7985
      vertex -0.0748901 100.027 46.7985
    endloop
  endfacet
  facet normal -0.0311832 0 0.999514
    outer loop
      vertex -0.0748901 53.56 46.7985
      vertex -2.68721 100.027 46.717
      vertex -2.68721 53.56 46.717
    endloop
  endfacet
  facet normal -0 0 1
    outer loop
      vertex -0.0748901 100.027 46.7985
      vertex 0.0748901 53.56 46.7985
      vertex 0.0748901 100.027 46.7985
    endloop
  endfacet
  facet normal 0 0 1
    outer loop
      vertex 0.0748901 53.56 46.7985
      vertex -0.0748901 100.027 46.7985
      vertex -0.0748901 53.56 46.7985
    endloop
  endfacet
  facet normal 0.0311832 0 0.999514
    outer loop
      vertex 0.0748901 100.027 46.7985
      vertex 2.68721 53.56 46.717
      vertex 2.68721 100.027 46.717
    endloop
  endfacet
  facet normal 0.0311832 0 0.999514
    outer loop
      vertex 2.68721 53.56 46.717
      vertex 0.0748901 100.027 46.7985
      vertex 0.0748901 53.56 46.7985
    endloop
  endfacet
  facet normal 0.707107 -0 0.707107
    outer loop
      vertex -11.5404 9.36 47.0918
      vertex -10.2676 22.86 45.819
      vertex -11.5404 22.86 47.0918
    endloop
  endfacet
  facet normal 0.707107 0 0.707107
    outer loop
      vertex -10.2676 22.86 45.819
      vertex -11.5404 9.36 47.0918
      vertex -10.2676 9.36 45.819
    endloop
  endfacet
  facet normal -0.707115 0 -0.707098
    outer loop
      vertex -9.41903 9.36 46.6676
      vertex -10.6918 22.86 47.9404
      vertex -9.41903 22.86 46.6676
    endloop
  endfacet
  facet normal -0.707115 -0 -0.707098
    outer loop
      vertex -10.6918 22.86 47.9404
      vertex -9.41903 9.36 46.6676
      vertex -10.6918 9.36 47.9404
    endloop
  endfacet
  facet normal 0 -1 0
    outer loop
      vertex -9.86414 22.86 46.2641
      vertex -11.1369 22.86 47.5369
      vertex -11.5404 22.86 47.0918
    endloop
  endfacet
  facet normal 0 -1 0
    outer loop
      vertex -11.1369 22.86 47.5369
      vertex -9.86414 22.86 46.2641
      vertex -10.6918 22.86 47.9404
    endloop
  endfacet
  facet normal 0 -1 0
    outer loop
      vertex -10.6918 22.86 47.9404
      vertex -9.4584 22.86 46.6319
      vertex -9.41903 22.86 46.6676
    endloop
  endfacet
  facet normal 0 -1 0
    outer loop
      vertex -10.6918 22.86 47.9404
      vertex -9.86414 22.86 46.2641
      vertex -9.4584 22.86 46.6319
    endloop
  endfacet
  facet normal -0 -1 0
    outer loop
      vertex -9.86414 22.86 46.2641
      vertex -11.5404 22.86 47.0918
      vertex -10.2676 22.86 45.819
    endloop
  endfacet
  facet normal 0.707115 0 -0.707098
    outer loop
      vertex 10.6918 9.36 47.9404
      vertex 9.41903 22.86 46.6676
      vertex 10.6918 22.86 47.9404
    endloop
  endfacet
  facet normal 0.707115 0 -0.707098
    outer loop
      vertex 9.41903 22.86 46.6676
      vertex 10.6918 9.36 47.9404
      vertex 9.41903 9.36 46.6676
    endloop
  endfacet
  facet normal -0.707107 0 0.707107
    outer loop
      vertex 10.2676 9.36 45.819
      vertex 11.5404 22.86 47.0918
      vertex 10.2676 22.86 45.819
    endloop
  endfacet
  facet normal -0.707107 0 0.707107
    outer loop
      vertex 11.5404 22.86 47.0918
      vertex 10.2676 9.36 45.819
      vertex 11.5404 9.36 47.0918
    endloop
  endfacet
  facet normal 0 -1 0
    outer loop
      vertex 9.86414 22.86 46.2641
      vertex 11.1369 22.86 47.5369
      vertex 10.6918 22.86 47.9404
    endloop
  endfacet
  facet normal 0 -1 0
    outer loop
      vertex 9.4584 22.86 46.6319
      vertex 10.6918 22.86 47.9404
      vertex 9.41903 22.86 46.6676
    endloop
  endfacet
  facet normal 0 -1 0
    outer loop
      vertex 9.86414 22.86 46.2641
      vertex 10.6918 22.86 47.9404
      vertex 9.4584 22.86 46.6319
    endloop
  endfacet
  facet normal 0 -1 -0
    outer loop
      vertex 11.1369 22.86 47.5369
      vertex 9.86414 22.86 46.2641
      vertex 11.5404 22.86 47.0918
    endloop
  endfacet
  facet normal 0 -1 0
    outer loop
      vertex 11.5404 22.86 47.0918
      vertex 9.86414 22.86 46.2641
      vertex 10.2676 22.86 45.819
    endloop
  endfacet
  facet normal -0.707107 0 -0.707107
    outer loop
      vertex 10.2676 9.36 26.981
      vertex 11.5404 22.86 25.7082
      vertex 11.5404 9.36 25.7082
    endloop
  endfacet
  facet normal -0.707107 0 -0.707107
    outer loop
      vertex 11.5404 22.86 25.7082
      vertex 10.2676 9.36 26.981
      vertex 10.2676 22.86 26.981
    endloop
  endfacet
  facet normal 0 -1 0
    outer loop
      vertex 9.86414 22.86 26.5359
      vertex 11.5404 22.86 25.7082
      vertex 10.2676 22.86 26.981
    endloop
  endfacet
  facet normal 0 -1 0
    outer loop
      vertex 10.6918 22.86 24.8596
      vertex 9.86414 22.86 26.5359
      vertex 9.41903 22.86 26.1324
    endloop
  endfacet
  facet normal 0 -1 0
    outer loop
      vertex 9.86414 22.86 26.5359
      vertex 11.1369 22.86 25.2631
      vertex 11.5404 22.86 25.7082
    endloop
  endfacet
  facet normal 0 -1 0
    outer loop
      vertex 9.86414 22.86 26.5359
      vertex 10.6918 22.86 24.8596
      vertex 11.1369 22.86 25.2631
    endloop
  endfacet
  facet normal 0.707115 0 0.707098
    outer loop
      vertex 9.41903 22.86 26.1324
      vertex 10.6918 9.36 24.8596
      vertex 10.6918 22.86 24.8596
    endloop
  endfacet
  facet normal 0.707115 0 0.707098
    outer loop
      vertex 10.6918 9.36 24.8596
      vertex 9.41903 22.86 26.1324
      vertex 9.41903 9.36 26.1324
    endloop
  endfacet
  facet normal 0.707107 0 -0.707107
    outer loop
      vertex -11.5404 9.36 25.7082
      vertex -10.2676 22.86 26.981
      vertex -10.2676 9.36 26.981
    endloop
  endfacet
  facet normal 0.707107 0 -0.707107
    outer loop
      vertex -10.2676 22.86 26.981
      vertex -11.5404 9.36 25.7082
      vertex -11.5404 22.86 25.7082
    endloop
  endfacet
  facet normal -0.707115 0 0.707098
    outer loop
      vertex -10.6918 22.86 24.8596
      vertex -9.41903 9.36 26.1324
      vertex -9.41903 22.86 26.1324
    endloop
  endfacet
  facet normal -0.707115 0 0.707098
    outer loop
      vertex -9.41903 9.36 26.1324
      vertex -10.6918 22.86 24.8596
      vertex -10.6918 9.36 24.8596
    endloop
  endfacet
  facet normal 0 -1 0
    outer loop
      vertex -11.5404 22.86 25.7082
      vertex -9.86414 22.86 26.5359
      vertex -10.2676 22.86 26.981
    endloop
  endfacet
  facet normal 0 -1 0
    outer loop
      vertex -11.1369 22.86 25.2631
      vertex -9.86414 22.86 26.5359
      vertex -11.5404 22.86 25.7082
    endloop
  endfacet
  facet normal 0 -1 0
    outer loop
      vertex -10.6918 22.86 24.8596
      vertex -9.86414 22.86 26.5359
      vertex -11.1369 22.86 25.2631
    endloop
  endfacet
  facet normal 0 -1 -0
    outer loop
      vertex -9.86414 22.86 26.5359
      vertex -10.6918 22.86 24.8596
      vertex -9.41903 22.86 26.1324
    endloop
  endfacet
  facet normal -0.857725 0 0.514109
    outer loop
      vertex 11.599 9.36 28.6498
      vertex 12.3028 34.86 29.824
      vertex 11.599 34.86 28.6498
    endloop
  endfacet
  facet normal -0.857725 0 0.514109
    outer loop
      vertex 12.3028 34.86 29.824
      vertex 11.599 9.36 28.6498
      vertex 12.3028 9.36 29.824
    endloop
  endfacet
  facet normal -0.336892 0 0.941543
    outer loop
      vertex 4.04947 34.86 23.0507
      vertex 5.33843 9.36 23.5119
      vertex 5.33843 34.86 23.5119
    endloop
  endfacet
  facet normal -0.336892 0 0.941543
    outer loop
      vertex 5.33843 9.36 23.5119
      vertex 4.04947 34.86 23.0507
      vertex 4.04947 9.36 23.0507
    endloop
  endfacet
  facet normal 0.427545 0 0.903994
    outer loop
      vertex -6.57598 34.86 24.0972
      vertex -5.33843 9.36 23.5119
      vertex -5.33843 34.86 23.5119
    endloop
  endfacet
  facet normal 0.427545 0 0.903994
    outer loop
      vertex -5.33843 9.36 23.5119
      vertex -6.57598 34.86 24.0972
      vertex -6.57598 9.36 24.0972
    endloop
  endfacet
  facet normal 0.904001 -0 0.42753
    outer loop
      vertex -12.8881 9.36 31.0616
      vertex -12.3028 34.86 29.824
      vertex -12.8881 34.86 31.0616
    endloop
  endfacet
  facet normal 0.904001 0 0.42753
    outer loop
      vertex -12.3028 34.86 29.824
      vertex -12.8881 9.36 31.0616
      vertex -12.3028 9.36 29.824
    endloop
  endfacet
  facet normal -0.998796 0 -0.0490632
    outer loop
      vertex 13.9231 9.36 36.9469
      vertex 13.8828 34.86 37.7673
      vertex 13.9231 34.86 36.9469
    endloop
  endfacet
  facet normal -0.998796 -0 -0.0490632
    outer loop
      vertex 13.8828 34.86 37.7673
      vertex 13.9231 9.36 36.9469
      vertex 13.8828 9.36 37.7673
    endloop
  endfacet
  facet normal -0.0490873 0 0.998794
    outer loop
      vertex 0 35.86 22.45
      vertex 1.36734 9.36 22.5172
      vertex 1.36734 35.86 22.5172
    endloop
  endfacet
  facet normal -0.0490873 0 0.998794
    outer loop
      vertex 1.36734 9.36 22.5172
      vertex 0 35.86 22.45
      vertex 0 9.36 22.45
    endloop
  endfacet
  facet normal -0.514103 0 0.857729
    outer loop
      vertex 6.57598 34.86 24.0972
      vertex 7.7502 9.36 24.801
      vertex 7.7502 34.86 24.801
    endloop
  endfacet
  facet normal -0.514103 0 0.857729
    outer loop
      vertex 7.7502 9.36 24.801
      vertex 6.57598 34.86 24.0972
      vertex 6.57598 9.36 24.0972
    endloop
  endfacet
  facet normal 0.989185 -0 0.146676
    outer loop
      vertex -13.8828 9.36 35.0327
      vertex -13.682 34.86 33.6785
      vertex -13.8828 34.86 35.0327
    endloop
  endfacet
  facet normal 0.989185 0 0.146676
    outer loop
      vertex -13.682 34.86 33.6785
      vertex -13.8828 9.36 35.0327
      vertex -13.682 9.36 33.6785
    endloop
  endfacet
  facet normal 0.740932 -1.36004e-06 0.67158
    outer loop
      vertex -10.7835 34.86 27.5502
      vertex -10.2676 22.86 26.981
      vertex -9.86414 34.86 26.5359
    endloop
  endfacet
  facet normal 0.740946 -0 0.671564
    outer loop
      vertex -10.7835 9.36 27.5502
      vertex -10.2676 22.86 26.981
      vertex -10.7835 34.86 27.5502
    endloop
  endfacet
  facet normal 0.740946 0 0.671564
    outer loop
      vertex -10.2676 22.86 26.981
      vertex -10.7835 9.36 27.5502
      vertex -10.2676 9.36 26.981
    endloop
  endfacet
  facet normal 0.740914 0 0.6716
    outer loop
      vertex -9.86414 34.86 26.5359
      vertex -10.2676 22.86 26.981
      vertex -9.86414 22.86 26.5359
    endloop
  endfacet
  facet normal 0.243009 -0 0.970024
    outer loop
      vertex -2.72151 35.06 22.718
      vertex -2.72151 35.86 22.718
      vertex -3.58452 35.86 22.9342
    endloop
  endfacet
  facet normal 0.243024 0 0.97002
    outer loop
      vertex -4.04947 34.86 23.0507
      vertex -2.72151 9.36 22.718
      vertex -2.72151 34.86 22.718
    endloop
  endfacet
  facet normal 0.243024 0 0.97002
    outer loop
      vertex -2.72151 9.36 22.718
      vertex -4.04947 34.86 23.0507
      vertex -4.04947 9.36 23.0507
    endloop
  endfacet
  facet normal 0.671538 0 0.74097
    outer loop
      vertex -8.84979 34.86 25.6165
      vertex -9.41903 22.86 26.1324
      vertex -8.84979 9.36 25.6165
    endloop
  endfacet
  facet normal 0.671578 -3.41432e-06 0.740934
    outer loop
      vertex -9.86414 34.86 26.5359
      vertex -9.41903 22.86 26.1324
      vertex -8.84979 34.86 25.6165
    endloop
  endfacet
  facet normal 0.671628 0 0.740888
    outer loop
      vertex -9.41903 22.86 26.1324
      vertex -9.86414 34.86 26.5359
      vertex -9.86414 22.86 26.5359
    endloop
  endfacet
  facet normal 0.671538 0 0.74097
    outer loop
      vertex -8.84979 9.36 25.6165
      vertex -9.41903 22.86 26.1324
      vertex -9.41903 9.36 26.1324
    endloop
  endfacet
  facet normal -0.514103 0 -0.857729
    outer loop
      vertex 6.57598 35.36 48.7028
      vertex 7.7502 35.86 47.999
      vertex 7.7502 35.36 47.999
    endloop
  endfacet
  facet normal -0.514103 0 -0.857729
    outer loop
      vertex 7.7502 35.86 47.999
      vertex 6.57598 35.36 48.7028
      vertex 6.57598 35.86 48.7028
    endloop
  endfacet
  facet normal 0.904 0 -0.427532
    outer loop
      vertex -12.5369 9.36 42.481
      vertex -12.8881 34.86 41.7384
      vertex -12.5369 34.86 42.481
    endloop
  endfacet
  facet normal 0.904 0 -0.427532
    outer loop
      vertex -12.8881 34.86 41.7384
      vertex -12.5369 9.36 42.481
      vertex -12.8881 9.36 41.7384
    endloop
  endfacet
  facet normal -0.146679 0 -0.989184
    outer loop
      vertex 1.36734 35.36 50.2828
      vertex 2.72151 35.86 50.082
      vertex 2.72151 35.36 50.082
    endloop
  endfacet
  facet normal -0.146679 0 -0.989184
    outer loop
      vertex 2.72151 35.86 50.082
      vertex 1.36734 35.36 50.2828
      vertex 1.36734 35.86 50.2828
    endloop
  endfacet
  facet normal -0.989185 0 0.146676
    outer loop
      vertex 13.682 9.36 33.6785
      vertex 13.8828 34.86 35.0327
      vertex 13.682 34.86 33.6785
    endloop
  endfacet
  facet normal -0.989185 0 0.146676
    outer loop
      vertex 13.8828 34.86 35.0327
      vertex 13.682 9.36 33.6785
      vertex 13.8828 9.36 35.0327
    endloop
  endfacet
  facet normal -0.803214 0 0.59569
    outer loop
      vertex 10.7835 9.36 27.5502
      vertex 11.599 34.86 28.6498
      vertex 10.7835 34.86 27.5502
    endloop
  endfacet
  facet normal -0.803214 0 0.59569
    outer loop
      vertex 11.599 34.86 28.6498
      vertex 10.7835 9.36 27.5502
      vertex 11.599 9.36 28.6498
    endloop
  endfacet
  facet normal -0.671628 0 0.740888
    outer loop
      vertex 9.86414 34.86 26.5359
      vertex 9.41903 22.86 26.1324
      vertex 9.86414 22.86 26.5359
    endloop
  endfacet
  facet normal -0.671578 -3.41432e-06 0.740934
    outer loop
      vertex 8.84979 34.86 25.6165
      vertex 9.41903 22.86 26.1324
      vertex 9.86414 34.86 26.5359
    endloop
  endfacet
  facet normal -0.671538 0 0.74097
    outer loop
      vertex 8.84979 9.36 25.6165
      vertex 9.41903 22.86 26.1324
      vertex 8.84979 34.86 25.6165
    endloop
  endfacet
  facet normal -0.671538 0 0.74097
    outer loop
      vertex 9.41903 22.86 26.1324
      vertex 8.84979 9.36 25.6165
      vertex 9.41903 9.36 26.1324
    endloop
  endfacet
  facet normal 0.0490873 0 0.998794
    outer loop
      vertex -1.36734 35.86 22.5172
      vertex 0 9.36 22.45
      vertex 0 35.86 22.45
    endloop
  endfacet
  facet normal 0.0490873 0 0.998794
    outer loop
      vertex 0 9.36 22.45
      vertex -1.36734 35.86 22.5172
      vertex -1.36734 9.36 22.5172
    endloop
  endfacet
  facet normal -0.243073 0 0.970008
    outer loop
      vertex 3.58428 35.86 22.9342
      vertex 2.72151 35.86 22.718
      vertex 2.72151 35.06 22.718
    endloop
  endfacet
  facet normal -0.243024 0 0.97002
    outer loop
      vertex 2.72151 34.86 22.718
      vertex 4.04947 9.36 23.0507
      vertex 4.04947 34.86 23.0507
    endloop
  endfacet
  facet normal -0.243024 0 0.97002
    outer loop
      vertex 4.04947 9.36 23.0507
      vertex 2.72151 34.86 22.718
      vertex 2.72151 9.36 22.718
    endloop
  endfacet
  facet normal -0.146679 0 0.989184
    outer loop
      vertex 1.36734 35.86 22.5172
      vertex 2.72151 35.06 22.718
      vertex 2.72151 35.86 22.718
    endloop
  endfacet
  facet normal -0.146679 0 0.989184
    outer loop
      vertex 2.72151 35.06 22.718
      vertex 1.36734 35.86 22.5172
      vertex 2.72151 34.86 22.718
    endloop
  endfacet
  facet normal -0.146679 0 0.989184
    outer loop
      vertex 1.36734 9.36 22.5172
      vertex 2.72151 34.86 22.718
      vertex 1.36734 35.86 22.5172
    endloop
  endfacet
  facet normal -0.146679 0 0.989184
    outer loop
      vertex 2.72151 34.86 22.718
      vertex 1.36734 9.36 22.5172
      vertex 2.72151 9.36 22.718
    endloop
  endfacet
  facet normal -0.427545 0 0.903994
    outer loop
      vertex 5.33843 34.86 23.5119
      vertex 6.57598 9.36 24.0972
      vertex 6.57598 34.86 24.0972
    endloop
  endfacet
  facet normal -0.427545 0 0.903994
    outer loop
      vertex 6.57598 9.36 24.0972
      vertex 5.33843 34.86 23.5119
      vertex 5.33843 9.36 23.5119
    endloop
  endfacet
  facet normal -0.595694 0 0.803212
    outer loop
      vertex 7.7502 34.86 24.801
      vertex 8.84979 9.36 25.6165
      vertex 8.84979 34.86 25.6165
    endloop
  endfacet
  facet normal -0.595694 0 0.803212
    outer loop
      vertex 8.84979 9.36 25.6165
      vertex 7.7502 34.86 24.801
      vertex 7.7502 9.36 24.801
    endloop
  endfacet
  facet normal 0.998794 -0 0.0490887
    outer loop
      vertex -13.95 9.36 36.4
      vertex -13.8828 34.86 35.0327
      vertex -13.95 34.86 36.4
    endloop
  endfacet
  facet normal 0.998794 0 0.0490887
    outer loop
      vertex -13.8828 34.86 35.0327
      vertex -13.95 9.36 36.4
      vertex -13.8828 9.36 35.0327
    endloop
  endfacet
  facet normal 0.941538 -0 0.336906
    outer loop
      vertex -13.3493 9.36 32.3505
      vertex -12.8881 34.86 31.0616
      vertex -13.3493 34.86 32.3505
    endloop
  endfacet
  facet normal 0.941538 0 0.336906
    outer loop
      vertex -12.8881 34.86 31.0616
      vertex -13.3493 9.36 32.3505
      vertex -12.8881 9.36 31.0616
    endloop
  endfacet
  facet normal 0.970022 -0 0.243017
    outer loop
      vertex -13.682 9.36 33.6785
      vertex -13.3493 34.86 32.3505
      vertex -13.682 34.86 33.6785
    endloop
  endfacet
  facet normal 0.970022 0 0.243017
    outer loop
      vertex -13.3493 34.86 32.3505
      vertex -13.682 9.36 33.6785
      vertex -13.3493 9.36 32.3505
    endloop
  endfacet
  facet normal 0.857725 -0 0.514109
    outer loop
      vertex -12.3028 9.36 29.824
      vertex -11.599 34.86 28.6498
      vertex -12.3028 34.86 29.824
    endloop
  endfacet
  facet normal 0.857725 0 0.514109
    outer loop
      vertex -11.599 34.86 28.6498
      vertex -12.3028 9.36 29.824
      vertex -11.599 9.36 28.6498
    endloop
  endfacet
  facet normal 0.803214 -0 0.59569
    outer loop
      vertex -11.599 9.36 28.6498
      vertex -10.7835 34.86 27.5502
      vertex -11.599 34.86 28.6498
    endloop
  endfacet
  facet normal 0.803214 0 0.59569
    outer loop
      vertex -10.7835 34.86 27.5502
      vertex -11.599 9.36 28.6498
      vertex -10.7835 9.36 27.5502
    endloop
  endfacet
  facet normal 0.336892 0 0.941543
    outer loop
      vertex -5.33843 34.86 23.5119
      vertex -4.04947 9.36 23.0507
      vertex -4.04947 34.86 23.0507
    endloop
  endfacet
  facet normal 0.336892 0 0.941543
    outer loop
      vertex -4.04947 9.36 23.0507
      vertex -5.33843 34.86 23.5119
      vertex -5.33843 9.36 23.5119
    endloop
  endfacet
  facet normal 0.146679 -0 0.989184
    outer loop
      vertex -2.72151 35.06 22.718
      vertex -1.36734 35.86 22.5172
      vertex -2.72151 35.86 22.718
    endloop
  endfacet
  facet normal 0.146679 -0 0.989184
    outer loop
      vertex -2.72151 34.86 22.718
      vertex -1.36734 35.86 22.5172
      vertex -2.72151 35.06 22.718
    endloop
  endfacet
  facet normal 0.146679 0 0.989184
    outer loop
      vertex -1.36734 35.86 22.5172
      vertex -2.72151 34.86 22.718
      vertex -1.36734 9.36 22.5172
    endloop
  endfacet
  facet normal 0.146679 0 0.989184
    outer loop
      vertex -1.36734 9.36 22.5172
      vertex -2.72151 34.86 22.718
      vertex -2.72151 9.36 22.718
    endloop
  endfacet
  facet normal 0.595694 0 0.803212
    outer loop
      vertex -8.84979 34.86 25.6165
      vertex -7.7502 9.36 24.801
      vertex -7.7502 34.86 24.801
    endloop
  endfacet
  facet normal 0.595694 0 0.803212
    outer loop
      vertex -7.7502 9.36 24.801
      vertex -8.84979 34.86 25.6165
      vertex -8.84979 9.36 25.6165
    endloop
  endfacet
  facet normal 0.514103 0 0.857729
    outer loop
      vertex -7.7502 34.86 24.801
      vertex -6.57598 9.36 24.0972
      vertex -6.57598 34.86 24.0972
    endloop
  endfacet
  facet normal 0.514103 0 0.857729
    outer loop
      vertex -6.57598 9.36 24.0972
      vertex -7.7502 34.86 24.801
      vertex -7.7502 9.36 24.801
    endloop
  endfacet
  facet normal -0.998794 0 0.0490887
    outer loop
      vertex 13.8828 9.36 35.0327
      vertex 13.95 34.86 36.4
      vertex 13.8828 34.86 35.0327
    endloop
  endfacet
  facet normal -0.998794 0 0.0490887
    outer loop
      vertex 13.95 34.86 36.4
      vertex 13.8828 9.36 35.0327
      vertex 13.95 9.36 36.4
    endloop
  endfacet
  facet normal -0.904001 0 0.42753
    outer loop
      vertex 12.3028 9.36 29.824
      vertex 12.8881 34.86 31.0616
      vertex 12.3028 34.86 29.824
    endloop
  endfacet
  facet normal -0.904001 0 0.42753
    outer loop
      vertex 12.8881 34.86 31.0616
      vertex 12.3028 9.36 29.824
      vertex 12.8881 9.36 31.0616
    endloop
  endfacet
  facet normal -0.941538 0 0.336906
    outer loop
      vertex 12.8881 9.36 31.0616
      vertex 13.3493 34.86 32.3505
      vertex 12.8881 34.86 31.0616
    endloop
  endfacet
  facet normal -0.941538 0 0.336906
    outer loop
      vertex 13.3493 34.86 32.3505
      vertex 12.8881 9.36 31.0616
      vertex 13.3493 9.36 32.3505
    endloop
  endfacet
  facet normal -0.970022 0 0.243017
    outer loop
      vertex 13.3493 9.36 32.3505
      vertex 13.682 34.86 33.6785
      vertex 13.3493 34.86 32.3505
    endloop
  endfacet
  facet normal -0.970022 0 0.243017
    outer loop
      vertex 13.682 34.86 33.6785
      vertex 13.3493 9.36 32.3505
      vertex 13.682 9.36 33.6785
    endloop
  endfacet
  facet normal -0.740914 0 0.6716
    outer loop
      vertex 10.2676 22.86 26.981
      vertex 9.86414 34.86 26.5359
      vertex 9.86414 22.86 26.5359
    endloop
  endfacet
  facet normal -0.740932 -1.36004e-06 0.67158
    outer loop
      vertex 9.86414 34.86 26.5359
      vertex 10.2676 22.86 26.981
      vertex 10.7835 34.86 27.5502
    endloop
  endfacet
  facet normal -0.740946 0 0.671564
    outer loop
      vertex 10.7835 9.36 27.5502
      vertex 10.2676 22.86 26.981
      vertex 10.2676 9.36 26.981
    endloop
  endfacet
  facet normal -0.740946 0 0.671564
    outer loop
      vertex 10.2676 22.86 26.981
      vertex 10.7835 9.36 27.5502
      vertex 10.7835 34.86 27.5502
    endloop
  endfacet
  facet normal 0 -1 0
    outer loop
      vertex -0.109606 35.86 50.1213
      vertex 0 35.86 50.35
      vertex -1.36734 35.86 50.2828
    endloop
  endfacet
  facet normal 0 -1 0
    outer loop
      vertex 0.00197047 35.86 50.1247
      vertex 0 35.86 50.35
      vertex -0.00197047 35.86 50.1247
    endloop
  endfacet
  facet normal 0 -1 0
    outer loop
      vertex 0 35.86 50.35
      vertex -0.109606 35.86 50.1213
      vertex -0.00197047 35.86 50.1247
    endloop
  endfacet
  facet normal 0 -1 0
    outer loop
      vertex -1.53483 35.86 50.0462
      vertex -1.36734 35.86 50.2828
      vertex -2.72151 35.86 50.082
    endloop
  endfacet
  facet normal 0 -1 -0
    outer loop
      vertex -1.36734 35.86 50.2828
      vertex -1.41937 35.86 50.057
      vertex -0.109606 35.86 50.1213
    endloop
  endfacet
  facet normal 0 -1 0
    outer loop
      vertex -1.36734 35.86 50.2828
      vertex -1.42329 35.86 50.0567
      vertex -1.41937 35.86 50.057
    endloop
  endfacet
  facet normal 0 -1 0
    outer loop
      vertex -1.36734 35.86 50.2828
      vertex -1.53098 35.86 50.0466
      vertex -1.42329 35.86 50.0567
    endloop
  endfacet
  facet normal 0 -1 0
    outer loop
      vertex -1.36734 35.86 50.2828
      vertex -1.53483 35.86 50.0462
      vertex -1.53098 35.86 50.0466
    endloop
  endfacet
  facet normal 0 -1 -0
    outer loop
      vertex -2.72151 35.86 50.082
      vertex -2.83198 35.86 49.8537
      vertex -1.53483 35.86 50.0462
    endloop
  endfacet
  facet normal 0 -1 0
    outer loop
      vertex -2.72151 35.86 50.082
      vertex -2.93975 35.86 49.8369
      vertex -2.83198 35.86 49.8537
    endloop
  endfacet
  facet normal 0 -1 0
    outer loop
      vertex -2.72151 35.86 50.082
      vertex -2.9435 35.86 49.8362
      vertex -2.93975 35.86 49.8369
    endloop
  endfacet
  facet normal 0 -1 0
    outer loop
      vertex -2.72151 35.86 50.082
      vertex -3.0514 35.86 49.8126
      vertex -2.9435 35.86 49.8362
    endloop
  endfacet
  facet normal 0 -1 0
    outer loop
      vertex -2.72151 35.86 50.082
      vertex -3.055 35.86 49.8117
      vertex -3.0514 35.86 49.8126
    endloop
  endfacet
  facet normal 0 -1 0
    outer loop
      vertex -4.04947 35.86 49.7493
      vertex -3.055 35.86 49.8117
      vertex -2.72151 35.86 50.082
    endloop
  endfacet
  facet normal 0 -1 -0
    outer loop
      vertex -4.04947 35.86 49.7493
      vertex -4.32704 35.86 49.4931
      vertex -3.055 35.86 49.8117
    endloop
  endfacet
  facet normal 0 -1 0
    outer loop
      vertex -4.04947 35.86 49.7493
      vertex -4.43509 35.86 49.4628
      vertex -4.32704 35.86 49.4931
    endloop
  endfacet
  facet normal 0 -1 0
    outer loop
      vertex -4.04947 35.86 49.7493
      vertex -4.43852 35.86 49.4617
      vertex -4.43509 35.86 49.4628
    endloop
  endfacet
  facet normal 0 -1 0
    outer loop
      vertex -4.04947 35.86 49.7493
      vertex -4.54677 35.86 49.4245
      vertex -4.43852 35.86 49.4617
    endloop
  endfacet
  facet normal 0 -1 0
    outer loop
      vertex -5.33843 35.86 49.2881
      vertex -4.54677 35.86 49.4245
      vertex -4.04947 35.86 49.7493
    endloop
  endfacet
  facet normal 0 -1 -0
    outer loop
      vertex -5.33843 35.86 49.2881
      vertex -5.78146 35.86 48.9827
      vertex -4.54677 35.86 49.4245
    endloop
  endfacet
  facet normal 0 -1 0
    outer loop
      vertex -5.33843 35.86 49.2881
      vertex -5.78469 35.86 48.9815
      vertex -5.78146 35.86 48.9827
    endloop
  endfacet
  facet normal 0 -1 0
    outer loop
      vertex -5.33843 35.86 49.2881
      vertex -5.89313 35.86 48.9375
      vertex -5.78469 35.86 48.9815
    endloop
  endfacet
  facet normal 0 -1 0
    outer loop
      vertex -5.33843 35.86 49.2881
      vertex -5.89616 35.86 48.9362
      vertex -5.89313 35.86 48.9375
    endloop
  endfacet
  facet normal 0 -1 0
    outer loop
      vertex -5.33843 35.86 49.2881
      vertex -6.00481 35.86 48.8853
      vertex -5.89616 35.86 48.9362
    endloop
  endfacet
  facet normal 0 -1 0
    outer loop
      vertex -6.57598 35.86 48.7028
      vertex -6.00481 35.86 48.8853
      vertex -5.33843 35.86 49.2881
    endloop
  endfacet
  facet normal 0 -1 -0
    outer loop
      vertex -6.57598 35.86 48.7028
      vertex -7.19025 35.86 48.3247
      vertex -6.00481 35.86 48.8853
    endloop
  endfacet
  facet normal 0 -1 0
    outer loop
      vertex -6.57598 35.86 48.7028
      vertex -7.19307 35.86 48.3233
      vertex -7.19025 35.86 48.3247
    endloop
  endfacet
  facet normal 0 -1 0
    outer loop
      vertex -6.57598 35.86 48.7028
      vertex -7.27601 35.86 48.2792
      vertex -7.19307 35.86 48.3233
    endloop
  endfacet
  facet normal 0 -1 0
    outer loop
      vertex -7.7502 35.86 47.999
      vertex -7.27601 35.86 48.2792
      vertex -6.57598 35.86 48.7028
    endloop
  endfacet
  facet normal 0 -1 0
    outer loop
      vertex -7.27601 35.86 48.2792
      vertex -7.7502 35.86 47.999
      vertex -7.77817 35.86 47.9783
    endloop
  endfacet
  facet normal 0 -1 0
    outer loop
      vertex 0.109606 35.86 50.1213
      vertex 0 35.86 50.35
      vertex 0.00197047 35.86 50.1247
    endloop
  endfacet
  facet normal 0 -1 0
    outer loop
      vertex 0 35.86 50.35
      vertex 0.109606 35.86 50.1213
      vertex 1.36734 35.86 50.2828
    endloop
  endfacet
  facet normal 0 -1 0
    outer loop
      vertex 1.41937 35.86 50.057
      vertex 1.36734 35.86 50.2828
      vertex 0.109606 35.86 50.1213
    endloop
  endfacet
  facet normal 0 -1 0
    outer loop
      vertex 1.42329 35.86 50.0567
      vertex 1.36734 35.86 50.2828
      vertex 1.41937 35.86 50.057
    endloop
  endfacet
  facet normal 0 -1 0
    outer loop
      vertex 1.53098 35.86 50.0466
      vertex 1.36734 35.86 50.2828
      vertex 1.42329 35.86 50.0567
    endloop
  endfacet
  facet normal 0 -1 0
    outer loop
      vertex 1.53483 35.86 50.0462
      vertex 1.36734 35.86 50.2828
      vertex 1.53098 35.86 50.0466
    endloop
  endfacet
  facet normal 0 -1 0
    outer loop
      vertex 1.36734 35.86 50.2828
      vertex 1.53483 35.86 50.0462
      vertex 2.72151 35.86 50.082
    endloop
  endfacet
  facet normal 0 -1 0
    outer loop
      vertex 2.83198 35.86 49.8537
      vertex 2.72151 35.86 50.082
      vertex 1.53483 35.86 50.0462
    endloop
  endfacet
  facet normal 0 -1 0
    outer loop
      vertex 2.93975 35.86 49.8369
      vertex 2.72151 35.86 50.082
      vertex 2.83198 35.86 49.8537
    endloop
  endfacet
  facet normal 0 -1 0
    outer loop
      vertex 2.9435 35.86 49.8362
      vertex 2.72151 35.86 50.082
      vertex 2.93975 35.86 49.8369
    endloop
  endfacet
  facet normal 0 -1 0
    outer loop
      vertex 3.0514 35.86 49.8126
      vertex 2.72151 35.86 50.082
      vertex 2.9435 35.86 49.8362
    endloop
  endfacet
  facet normal 0 -1 0
    outer loop
      vertex 3.055 35.86 49.8117
      vertex 2.72151 35.86 50.082
      vertex 3.0514 35.86 49.8126
    endloop
  endfacet
  facet normal 0 -1 0
    outer loop
      vertex 3.055 35.86 49.8117
      vertex 4.04947 35.86 49.7493
      vertex 2.72151 35.86 50.082
    endloop
  endfacet
  facet normal 0 -1 0
    outer loop
      vertex 4.32704 35.86 49.4931
      vertex 4.04947 35.86 49.7493
      vertex 3.055 35.86 49.8117
    endloop
  endfacet
  facet normal 0 -1 0
    outer loop
      vertex 4.43509 35.86 49.4628
      vertex 4.04947 35.86 49.7493
      vertex 4.32704 35.86 49.4931
    endloop
  endfacet
  facet normal 0 -1 0
    outer loop
      vertex 4.43852 35.86 49.4617
      vertex 4.04947 35.86 49.7493
      vertex 4.43509 35.86 49.4628
    endloop
  endfacet
  facet normal 0 -1 0
    outer loop
      vertex 4.54677 35.86 49.4245
      vertex 4.04947 35.86 49.7493
      vertex 4.43852 35.86 49.4617
    endloop
  endfacet
  facet normal 0 -1 0
    outer loop
      vertex 4.54677 35.86 49.4245
      vertex 5.33843 35.86 49.2881
      vertex 4.04947 35.86 49.7493
    endloop
  endfacet
  facet normal 0 -1 0
    outer loop
      vertex 5.78146 35.86 48.9827
      vertex 5.33843 35.86 49.2881
      vertex 4.54677 35.86 49.4245
    endloop
  endfacet
  facet normal 0 -1 0
    outer loop
      vertex 5.78469 35.86 48.9815
      vertex 5.33843 35.86 49.2881
      vertex 5.78146 35.86 48.9827
    endloop
  endfacet
  facet normal 0 -1 0
    outer loop
      vertex 5.89313 35.86 48.9375
      vertex 5.33843 35.86 49.2881
      vertex 5.78469 35.86 48.9815
    endloop
  endfacet
  facet normal 0 -1 0
    outer loop
      vertex 5.89616 35.86 48.9362
      vertex 5.33843 35.86 49.2881
      vertex 5.89313 35.86 48.9375
    endloop
  endfacet
  facet normal 0 -1 0
    outer loop
      vertex 6.00481 35.86 48.8853
      vertex 5.33843 35.86 49.2881
      vertex 5.89616 35.86 48.9362
    endloop
  endfacet
  facet normal 0 -1 0
    outer loop
      vertex 6.00481 35.86 48.8853
      vertex 6.57598 35.86 48.7028
      vertex 5.33843 35.86 49.2881
    endloop
  endfacet
  facet normal 0 -1 0
    outer loop
      vertex 7.19025 35.86 48.3247
      vertex 6.57598 35.86 48.7028
      vertex 6.00481 35.86 48.8853
    endloop
  endfacet
  facet normal 0 -1 0
    outer loop
      vertex 7.19307 35.86 48.3233
      vertex 6.57598 35.86 48.7028
      vertex 7.19025 35.86 48.3247
    endloop
  endfacet
  facet normal 0 -1 0
    outer loop
      vertex 7.27601 35.86 48.2792
      vertex 6.57598 35.86 48.7028
      vertex 7.19307 35.86 48.3233
    endloop
  endfacet
  facet normal 0 -1 0
    outer loop
      vertex 7.28134 35.86 48.2761
      vertex 6.57598 35.86 48.7028
      vertex 7.27601 35.86 48.2792
    endloop
  endfacet
  facet normal 0 -1 0
    outer loop
      vertex 7.28134 35.86 48.2761
      vertex 7.7502 35.86 47.999
      vertex 6.57598 35.86 48.7028
    endloop
  endfacet
  facet normal -0 -1 -0
    outer loop
      vertex 7.7502 35.86 47.999
      vertex 7.28134 35.86 48.2761
      vertex 7.77802 35.86 47.9784
    endloop
  endfacet
  facet normal 0 -1 0
    outer loop
      vertex -2.72151 35.86 22.718
      vertex -2.3222 35.86 22.747
      vertex -3.58452 35.86 22.9342
    endloop
  endfacet
  facet normal 0 -1 0
    outer loop
      vertex -2.72151 35.86 22.718
      vertex -2.31601 35.86 22.7466
      vertex -2.3222 35.86 22.747
    endloop
  endfacet
  facet normal 0 -1 0
    outer loop
      vertex -1.36734 35.86 22.5172
      vertex -2.31601 35.86 22.7466
      vertex -2.72151 35.86 22.718
    endloop
  endfacet
  facet normal 0 -1 0
    outer loop
      vertex -2.31601 35.86 22.7466
      vertex -1.36734 35.86 22.5172
      vertex -1.00625 35.86 22.6823
    endloop
  endfacet
  facet normal 0 -1 0
    outer loop
      vertex 2.32634 35.86 22.7476
      vertex 2.72151 35.86 22.718
      vertex 3.58428 35.86 22.9342
    endloop
  endfacet
  facet normal 0 -1 0
    outer loop
      vertex 2.32019 35.86 22.7468
      vertex 2.72151 35.86 22.718
      vertex 2.32634 35.86 22.7476
    endloop
  endfacet
  facet normal 0 -1 0
    outer loop
      vertex 1.36734 35.86 22.5172
      vertex 2.32019 35.86 22.7468
      vertex 1.01042 35.86 22.6824
    endloop
  endfacet
  facet normal 0 -1 0
    outer loop
      vertex 1.36734 35.86 22.5172
      vertex 1.01042 35.86 22.6824
      vertex 1.00423 35.86 22.6823
    endloop
  endfacet
  facet normal 0 -1 0
    outer loop
      vertex 0 35.86 22.45
      vertex -1.00625 35.86 22.6823
      vertex -1.36734 35.86 22.5172
    endloop
  endfacet
  facet normal 0 -1 0
    outer loop
      vertex -1.00625 35.86 22.6823
      vertex 0 35.86 22.45
      vertex 1.00423 35.86 22.6823
    endloop
  endfacet
  facet normal 0 -1 -0
    outer loop
      vertex 2.32019 35.86 22.7468
      vertex 1.36734 35.86 22.5172
      vertex 2.72151 35.86 22.718
    endloop
  endfacet
  facet normal 0 -1 -0
    outer loop
      vertex 1.00423 35.86 22.6823
      vertex 0 35.86 22.45
      vertex 1.36734 35.86 22.5172
    endloop
  endfacet
  facet normal -0.989181 0 -0.146703
    outer loop
      vertex 13.8828 9.36 37.7673
      vertex 13.7623 34.86 38.5798
      vertex 13.8828 34.86 37.7673
    endloop
  endfacet
  facet normal -0.989181 -0 -0.146703
    outer loop
      vertex 13.7623 34.86 38.5798
      vertex 13.8828 9.36 37.7673
      vertex 13.7623 9.36 38.5798
    endloop
  endfacet
  facet normal -0.941541 0 -0.336899
    outer loop
      vertex 13.1648 9.36 40.9651
      vertex 12.8881 34.86 41.7384
      vertex 13.1648 34.86 40.9651
    endloop
  endfacet
  facet normal -0.941541 -0 -0.336899
    outer loop
      vertex 12.8881 34.86 41.7384
      vertex 13.1648 9.36 40.9651
      vertex 12.8881 9.36 41.7384
    endloop
  endfacet
  facet normal -0.857708 0 -0.514138
    outer loop
      vertex 12.0213 9.36 43.4457
      vertex 11.599 34.86 44.1502
      vertex 12.0213 34.86 43.4457
    endloop
  endfacet
  facet normal -0.857708 -0 -0.514138
    outer loop
      vertex 11.599 34.86 44.1502
      vertex 12.0213 9.36 43.4457
      vertex 11.599 9.36 44.1502
    endloop
  endfacet
  facet normal -0.904 0 -0.427532
    outer loop
      vertex 12.8881 9.36 41.7384
      vertex 12.5369 34.86 42.481
      vertex 12.8881 34.86 41.7384
    endloop
  endfacet
  facet normal -0.904 -0 -0.427532
    outer loop
      vertex 12.5369 34.86 42.481
      vertex 12.8881 9.36 41.7384
      vertex 12.5369 9.36 42.481
    endloop
  endfacet
  facet normal 0.0490873 0 -0.998794
    outer loop
      vertex -1.36734 35.36 50.2828
      vertex 0 35.86 50.35
      vertex 0 35.36 50.35
    endloop
  endfacet
  facet normal 0.0490873 0 -0.998794
    outer loop
      vertex 0 35.86 50.35
      vertex -1.36734 35.36 50.2828
      vertex -1.36734 35.86 50.2828
    endloop
  endfacet
  facet normal 0.514103 0 -0.857729
    outer loop
      vertex -7.7502 35.36 47.999
      vertex -6.57598 35.86 48.7028
      vertex -6.57598 35.36 48.7028
    endloop
  endfacet
  facet normal 0.514103 0 -0.857729
    outer loop
      vertex -6.57598 35.86 48.7028
      vertex -7.7502 35.36 47.999
      vertex -7.7502 35.86 47.999
    endloop
  endfacet
  facet normal 0.998796 0 -0.0490632
    outer loop
      vertex -13.8828 9.36 37.7673
      vertex -13.9231 34.86 36.9469
      vertex -13.8828 34.86 37.7673
    endloop
  endfacet
  facet normal 0.998796 0 -0.0490632
    outer loop
      vertex -13.9231 34.86 36.9469
      vertex -13.8828 9.36 37.7673
      vertex -13.9231 9.36 36.9469
    endloop
  endfacet
  facet normal -0.427565 0 -0.903985
    outer loop
      vertex 6.08096 9.36 48.9369
      vertex 5.33843 9.36 49.2881
      vertex 6.08096 35.36 48.9369
    endloop
  endfacet
  facet normal -0.427515 0 -0.904008
    outer loop
      vertex 6.08096 35.36 48.9369
      vertex 6.57598 35.86 48.7028
      vertex 6.57598 35.36 48.7028
    endloop
  endfacet
  facet normal -0.427545 3.61598e-05 -0.903994
    outer loop
      vertex 6.08096 35.36 48.9369
      vertex 5.33843 35.86 49.2881
      vertex 6.57598 35.86 48.7028
    endloop
  endfacet
  facet normal -0.427565 -0 -0.903985
    outer loop
      vertex 5.33843 35.86 49.2881
      vertex 6.08096 35.36 48.9369
      vertex 5.33843 9.36 49.2881
    endloop
  endfacet
  facet normal -0.803231 0 -0.595667
    outer loop
      vertex 11.599 9.36 44.1502
      vertex 11.1097 34.86 44.81
      vertex 11.599 34.86 44.1502
    endloop
  endfacet
  facet normal -0.803231 -0 -0.595667
    outer loop
      vertex 11.1097 34.86 44.81
      vertex 11.599 9.36 44.1502
      vertex 11.1097 9.36 44.81
    endloop
  endfacet
  facet normal 0.671538 0 -0.74097
    outer loop
      vertex -9.41903 22.86 46.6676
      vertex -8.84979 9.36 47.1835
      vertex -9.41903 9.36 46.6676
    endloop
  endfacet
  facet normal 0.671538 0 -0.74097
    outer loop
      vertex -8.84979 9.36 47.1835
      vertex -9.41903 22.86 46.6676
      vertex -8.84979 34.86 47.1835
    endloop
  endfacet
  facet normal 0.671736 0 -0.740791
    outer loop
      vertex -9.4584 34.86 46.6319
      vertex -9.41903 22.86 46.6676
      vertex -9.4584 22.86 46.6319
    endloop
  endfacet
  facet normal 0.671551 -1.10434e-06 -0.740958
    outer loop
      vertex -9.41903 22.86 46.6676
      vertex -9.4584 34.86 46.6319
      vertex -8.84979 34.86 47.1835
    endloop
  endfacet
  facet normal -0.0490873 0 -0.998794
    outer loop
      vertex 0 35.36 50.35
      vertex 1.36734 35.86 50.2828
      vertex 1.36734 35.36 50.2828
    endloop
  endfacet
  facet normal -0.0490873 0 -0.998794
    outer loop
      vertex 1.36734 35.86 50.2828
      vertex 0 35.36 50.35
      vertex 0 35.86 50.35
    endloop
  endfacet
  facet normal 0.336872 0 -0.94155
    outer loop
      vertex -4.56506 9.36 49.5648
      vertex -5.33843 9.36 49.2881
      vertex -4.56506 35.36 49.5648
    endloop
  endfacet
  facet normal 0.336921 0 -0.941533
    outer loop
      vertex -4.56506 35.36 49.5648
      vertex -4.04947 35.86 49.7493
      vertex -4.04947 35.36 49.7493
    endloop
  endfacet
  facet normal 0.336892 3.3619e-05 -0.941543
    outer loop
      vertex -4.56506 35.36 49.5648
      vertex -5.33843 35.86 49.2881
      vertex -4.04947 35.86 49.7493
    endloop
  endfacet
  facet normal 0.336872 0 -0.94155
    outer loop
      vertex -5.33843 35.86 49.2881
      vertex -4.56506 35.36 49.5648
      vertex -5.33843 9.36 49.2881
    endloop
  endfacet
  facet normal 0.59669 0 -0.802472
    outer loop
      vertex -7.76069 35.36 47.9912
      vertex -7.7502 35.86 47.999
      vertex -7.7502 35.36 47.999
    endloop
  endfacet
  facet normal 0.594884 5.87987e-05 -0.803812
    outer loop
      vertex -7.7502 35.86 47.999
      vertex -7.76069 35.36 47.9912
      vertex -7.77817 35.86 47.9783
    endloop
  endfacet
  facet normal 0.595696 0 -0.80321
    outer loop
      vertex -8.84979 9.36 47.1835
      vertex -8.19004 34.86 47.6728
      vertex -8.19004 9.36 47.6728
    endloop
  endfacet
  facet normal 0.595696 0 -0.80321
    outer loop
      vertex -8.19004 34.86 47.6728
      vertex -8.84979 9.36 47.1835
      vertex -8.84979 34.86 47.1835
    endloop
  endfacet
  facet normal 0.989181 0 -0.146703
    outer loop
      vertex -13.7623 9.36 38.5798
      vertex -13.8828 34.86 37.7673
      vertex -13.7623 34.86 38.5798
    endloop
  endfacet
  facet normal 0.989181 0 -0.146703
    outer loop
      vertex -13.8828 34.86 37.7673
      vertex -13.7623 9.36 38.5798
      vertex -13.8828 9.36 37.7673
    endloop
  endfacet
  facet normal 0.941541 0 -0.336899
    outer loop
      vertex -12.8881 9.36 41.7384
      vertex -13.1648 34.86 40.9651
      vertex -12.8881 34.86 41.7384
    endloop
  endfacet
  facet normal 0.941541 0 -0.336899
    outer loop
      vertex -13.1648 34.86 40.9651
      vertex -12.8881 9.36 41.7384
      vertex -13.1648 9.36 40.9651
    endloop
  endfacet
  facet normal 0.857708 0 -0.514138
    outer loop
      vertex -11.599 9.36 44.1502
      vertex -12.0213 34.86 43.4457
      vertex -11.599 34.86 44.1502
    endloop
  endfacet
  facet normal 0.857708 0 -0.514138
    outer loop
      vertex -12.0213 34.86 43.4457
      vertex -11.599 9.36 44.1502
      vertex -12.0213 9.36 43.4457
    endloop
  endfacet
  facet normal 0.803231 0 -0.595667
    outer loop
      vertex -11.1097 9.36 44.81
      vertex -11.599 34.86 44.1502
      vertex -11.1097 34.86 44.81
    endloop
  endfacet
  facet normal 0.803231 0 -0.595667
    outer loop
      vertex -11.599 34.86 44.1502
      vertex -11.1097 9.36 44.81
      vertex -11.599 9.36 44.1502
    endloop
  endfacet
  facet normal -0.243024 0 -0.97002
    outer loop
      vertex 2.72151 35.36 50.082
      vertex 4.04947 35.86 49.7493
      vertex 4.04947 35.36 49.7493
    endloop
  endfacet
  facet normal -0.243024 0 -0.97002
    outer loop
      vertex 4.04947 35.86 49.7493
      vertex 2.72151 35.36 50.082
      vertex 2.72151 35.86 50.082
    endloop
  endfacet
  facet normal -0.593936 -0 -0.804513
    outer loop
      vertex 7.7502 35.86 47.999
      vertex 7.76063 35.36 47.9913
      vertex 7.7502 35.36 47.999
    endloop
  endfacet
  facet normal -0.595089 -3.72075e-05 -0.80366
    outer loop
      vertex 7.76063 35.36 47.9913
      vertex 7.7502 35.86 47.999
      vertex 7.77802 35.86 47.9784
    endloop
  endfacet
  facet normal -0.595696 0 -0.80321
    outer loop
      vertex 8.19004 9.36 47.6728
      vertex 8.84979 34.86 47.1835
      vertex 8.84979 9.36 47.1835
    endloop
  endfacet
  facet normal -0.595696 0 -0.80321
    outer loop
      vertex 8.84979 34.86 47.1835
      vertex 8.19004 9.36 47.6728
      vertex 8.19004 34.86 47.6728
    endloop
  endfacet
  facet normal -0.671538 0 -0.74097
    outer loop
      vertex 9.41903 9.36 46.6676
      vertex 8.84979 9.36 47.1835
      vertex 9.41903 22.86 46.6676
    endloop
  endfacet
  facet normal -0.671736 0 -0.740791
    outer loop
      vertex 9.41903 22.86 46.6676
      vertex 9.4584 34.86 46.6319
      vertex 9.4584 22.86 46.6319
    endloop
  endfacet
  facet normal -0.671538 -0 -0.74097
    outer loop
      vertex 8.84979 34.86 47.1835
      vertex 9.41903 22.86 46.6676
      vertex 8.84979 9.36 47.1835
    endloop
  endfacet
  facet normal -0.671551 -1.10434e-06 -0.740958
    outer loop
      vertex 9.41903 22.86 46.6676
      vertex 8.84979 34.86 47.1835
      vertex 9.4584 34.86 46.6319
    endloop
  endfacet
  facet normal 0.146679 0 -0.989184
    outer loop
      vertex -2.72151 35.36 50.082
      vertex -1.36734 35.86 50.2828
      vertex -1.36734 35.36 50.2828
    endloop
  endfacet
  facet normal 0.146679 0 -0.989184
    outer loop
      vertex -1.36734 35.86 50.2828
      vertex -2.72151 35.36 50.082
      vertex -2.72151 35.86 50.082
    endloop
  endfacet
  facet normal 0.427565 0 -0.903985
    outer loop
      vertex -6.08096 35.36 48.9369
      vertex -5.33843 9.36 49.2881
      vertex -6.08096 9.36 48.9369
    endloop
  endfacet
  facet normal 0.427565 0 -0.903985
    outer loop
      vertex -5.33843 9.36 49.2881
      vertex -6.08096 35.36 48.9369
      vertex -5.33843 35.86 49.2881
    endloop
  endfacet
  facet normal 0.427515 0 -0.904008
    outer loop
      vertex -6.57598 35.86 48.7028
      vertex -6.08096 35.36 48.9369
      vertex -6.57598 35.36 48.7028
    endloop
  endfacet
  facet normal 0.427545 3.61598e-05 -0.903994
    outer loop
      vertex -6.08096 35.36 48.9369
      vertex -6.57598 35.86 48.7028
      vertex -5.33843 35.86 49.2881
    endloop
  endfacet
  facet normal -0.336872 -0 -0.94155
    outer loop
      vertex 4.56506 35.36 49.5648
      vertex 5.33843 9.36 49.2881
      vertex 4.56506 9.36 49.5648
    endloop
  endfacet
  facet normal -0.336872 0 -0.94155
    outer loop
      vertex 5.33843 9.36 49.2881
      vertex 4.56506 35.36 49.5648
      vertex 5.33843 35.86 49.2881
    endloop
  endfacet
  facet normal -0.336921 -0 -0.941533
    outer loop
      vertex 4.04947 35.86 49.7493
      vertex 4.56506 35.36 49.5648
      vertex 4.04947 35.36 49.7493
    endloop
  endfacet
  facet normal -0.336892 3.3619e-05 -0.941543
    outer loop
      vertex 4.56506 35.36 49.5648
      vertex 4.04947 35.86 49.7493
      vertex 5.33843 35.86 49.2881
    endloop
  endfacet
  facet normal 0.243024 0 -0.97002
    outer loop
      vertex -4.04947 35.36 49.7493
      vertex -2.72151 35.86 50.082
      vertex -2.72151 35.36 50.082
    endloop
  endfacet
  facet normal 0.243024 0 -0.97002
    outer loop
      vertex -2.72151 35.86 50.082
      vertex -4.04947 35.36 49.7493
      vertex -4.04947 35.86 49.7493
    endloop
  endfacet
  facet normal 0.834334 0.539176 0.114789
    outer loop
      vertex -13.8828 34.86 35.0327
      vertex -24.7533 52.86 29.4961
      vertex -24.7723 52.86 29.6342
    endloop
  endfacet
  facet normal 0.0900387 -0.265032 -0.960027
    outer loop
      vertex -1.53098 35.86 50.0466
      vertex -2.69618 54.06 44.9129
      vertex -1.42329 35.86 50.0567
    endloop
  endfacet
  facet normal 0.0898995 -0.265043 -0.960037
    outer loop
      vertex -2.69618 54.06 44.9129
      vertex -1.53098 35.86 50.0466
      vertex -5.2538 54.06 44.6734
    endloop
  endfacet
  facet normal 0.814368 0.546541 0.195184
    outer loop
      vertex -13.682 34.86 33.6785
      vertex -24.7102 52.86 29.2892
      vertex -24.7427 52.86 29.4248
    endloop
  endfacet
  facet normal 0.700961 0.499632 0.508942
    outer loop
      vertex -11.599 34.86 28.6498
      vertex -24.3442 52.86 28.5329
      vertex -24.4261 52.86 28.6457
    endloop
  endfacet
  facet normal 0.615283 0.422833 0.665311
    outer loop
      vertex -9.86414 34.86 26.5359
      vertex -24.0579 52.86 28.2226
      vertex -24.1603 52.86 28.3173
    endloop
  endfacet
  facet normal -0.731954 0.52173 0.438225
    outer loop
      vertex 11.599 34.86 28.6498
      vertex 24.5119 52.86 28.7879
      vertex 24.4749 52.86 28.7261
    endloop
  endfacet
  facet normal -0.731796 0.521613 0.438629
    outer loop
      vertex 24.5119 52.86 28.7879
      vertex 11.599 34.86 28.6498
      vertex 12.3028 34.86 29.824
    endloop
  endfacet
  facet normal 0.697211 0.497027 0.516586
    outer loop
      vertex -11.599 34.86 28.6498
      vertex -24.3013 52.86 28.475
      vertex -24.3442 52.86 28.5329
    endloop
  endfacet
  facet normal 0.697033 0.496905 0.516943
    outer loop
      vertex -24.3013 52.86 28.475
      vertex -11.599 34.86 28.6498
      vertex -10.7835 34.86 27.5502
    endloop
  endfacet
  facet normal 0 -1 0
    outer loop
      vertex -2.85616 54.06 28.9852
      vertex 2.85616 54.06 28.9852
      vertex 0 54.06 29
    endloop
  endfacet
  facet normal 0 -1 0
    outer loop
      vertex -5.71091 54.06 28.9407
      vertex 2.85616 54.06 28.9852
      vertex -2.85616 54.06 28.9852
    endloop
  endfacet
  facet normal 0 -1 0
    outer loop
      vertex -5.71091 54.06 28.9407
      vertex 5.71091 54.06 28.9407
      vertex 2.85616 54.06 28.9852
    endloop
  endfacet
  facet normal 0 -1 0
    outer loop
      vertex -8.56708 54.06 28.8667
      vertex 5.71091 54.06 28.9407
      vertex -5.71091 54.06 28.9407
    endloop
  endfacet
  facet normal 0 -1 0
    outer loop
      vertex -8.56708 54.06 28.8667
      vertex 8.56708 54.06 28.8667
      vertex 5.71091 54.06 28.9407
    endloop
  endfacet
  facet normal 0 -1 0
    outer loop
      vertex -11.4219 54.06 28.763
      vertex 8.56708 54.06 28.8667
      vertex -8.56708 54.06 28.8667
    endloop
  endfacet
  facet normal 0 -1 0
    outer loop
      vertex -11.4219 54.06 28.763
      vertex 11.4219 54.06 28.763
      vertex 8.56708 54.06 28.8667
    endloop
  endfacet
  facet normal 0 -1 0
    outer loop
      vertex -14.2782 54.06 28.6296
      vertex 11.4219 54.06 28.763
      vertex -11.4219 54.06 28.763
    endloop
  endfacet
  facet normal 0 -1 0
    outer loop
      vertex -14.2782 54.06 28.6296
      vertex 14.2782 54.06 28.6296
      vertex 11.4219 54.06 28.763
    endloop
  endfacet
  facet normal 0 -1 0
    outer loop
      vertex -17.1331 54.06 28.4667
      vertex 14.2782 54.06 28.6296
      vertex -14.2782 54.06 28.6296
    endloop
  endfacet
  facet normal 0 -1 0
    outer loop
      vertex -17.1331 54.06 28.4667
      vertex 17.1331 54.06 28.4667
      vertex 14.2782 54.06 28.6296
    endloop
  endfacet
  facet normal 0 -1 0
    outer loop
      vertex -19.9881 54.06 28.2741
      vertex 17.1331 54.06 28.4667
      vertex -17.1331 54.06 28.4667
    endloop
  endfacet
  facet normal 0 -1 0
    outer loop
      vertex -19.9881 54.06 28.2741
      vertex 19.9881 54.06 28.2741
      vertex 17.1331 54.06 28.4667
    endloop
  endfacet
  facet normal 0 -1 0
    outer loop
      vertex -22.8448 54.06 28.0518
      vertex 19.9881 54.06 28.2741
      vertex -19.9881 54.06 28.2741
    endloop
  endfacet
  facet normal 0 -1 0
    outer loop
      vertex -22.8448 54.06 28.0518
      vertex 22.8448 54.06 28.0518
      vertex 19.9881 54.06 28.2741
    endloop
  endfacet
  facet normal 0 -1 0
    outer loop
      vertex -23.7513 54.06 27.9719
      vertex 22.8448 54.06 28.0518
      vertex -22.8448 54.06 28.0518
    endloop
  endfacet
  facet normal 0 -1 0
    outer loop
      vertex -23.7513 54.06 27.9719
      vertex 23.7513 54.06 27.9719
      vertex 22.8448 54.06 28.0518
    endloop
  endfacet
  facet normal 0 -1 0
    outer loop
      vertex -23.7513 54.06 27.9719
      vertex 23.8504 54.06 27.9664
      vertex 23.7513 54.06 27.9719
    endloop
  endfacet
  facet normal -0 -1 0
    outer loop
      vertex 23.8504 54.06 27.9664
      vertex -23.7513 54.06 27.9719
      vertex -23.8984 54.06 27.9661
    endloop
  endfacet
  facet normal 0.873937 0.460963 -0.154099
    outer loop
      vertex -23.4339 52.86 37.66
      vertex -13.682 34.86 39.1215
      vertex -24.7456 52.86 30.221
    endloop
  endfacet
  facet normal 0.862841 -0 0.505475
    outer loop
      vertex -25.2131 52.86 28.7725
      vertex -25.1387 100.027 28.6455
      vertex -25.2131 100.027 28.7725
    endloop
  endfacet
  facet normal 0.862841 0 0.505475
    outer loop
      vertex -25.1387 100.027 28.6455
      vertex -25.2131 52.86 28.7725
      vertex -25.1387 52.86 28.6455
    endloop
  endfacet
  facet normal -0.828424 0.400119 -0.391942
    outer loop
      vertex 12.8881 34.86 41.7384
      vertex 23.2731 52.86 38.1638
      vertex 23.3039 52.86 38.0987
    endloop
  endfacet
  facet normal -0.828463 0.400169 -0.391808
    outer loop
      vertex 12.5369 34.86 42.481
      vertex 23.2731 52.86 38.1638
      vertex 12.8881 34.86 41.7384
    endloop
  endfacet
  facet normal -0.828464 0.40017 -0.391805
    outer loop
      vertex 23.2731 52.86 38.1638
      vertex 12.5369 34.86 42.481
      vertex 12.3028 34.86 42.976
    endloop
  endfacet
  facet normal -0.849326 0.526248 0.0413441
    outer loop
      vertex 13.8828 34.86 35.0327
      vertex 24.781 52.86 29.8
      vertex 24.7775 52.86 29.7281
    endloop
  endfacet
  facet normal -0.84926 0.526323 0.0417394
    outer loop
      vertex 24.781 52.86 29.8
      vertex 13.8828 34.86 35.0327
      vertex 13.95 34.86 36.4
    endloop
  endfacet
  facet normal -0.491413 0.291227 0.820793
    outer loop
      vertex 23.7357 52.86 27.985
      vertex 7.7502 34.86 24.801
      vertex 23.7975 52.86 28.022
    endloop
  endfacet
  facet normal -0.491761 0.291595 0.820453
    outer loop
      vertex 7.7502 34.86 24.801
      vertex 23.7357 52.86 27.985
      vertex 6.57598 34.86 24.0972
    endloop
  endfacet
  facet normal -0.799127 0.358521 -0.482555
    outer loop
      vertex 23.104 52.86 38.4709
      vertex 23.1761 52.86 38.3515
      vertex 11.599 34.86 44.1502
    endloop
  endfacet
  facet normal -0.610075 0.418025 0.6731
    outer loop
      vertex 24.0745 52.86 28.2369
      vertex 9.86414 34.86 26.5359
      vertex 24.1279 52.86 28.2853
    endloop
  endfacet
  facet normal -0.610083 0.418032 0.673089
    outer loop
      vertex 9.86414 34.86 26.5359
      vertex 24.0745 52.86 28.2369
      vertex 8.84979 34.86 25.6165
    endloop
  endfacet
  facet normal -0.422323 0.21324 0.881006
    outer loop
      vertex 5.33843 34.86 23.5119
      vertex 23.8419 53.1002 27.9669
      vertex 23.8504 53.1191 27.9664
    endloop
  endfacet
  facet normal -0.417154 0.207041 0.884939
    outer loop
      vertex 5.33843 34.86 23.5119
      vertex 23.8504 53.1191 27.9664
      vertex 23.8928 53.1994 27.9676
    endloop
  endfacet
  facet normal -0.418171 0.208255 0.884174
    outer loop
      vertex 23.8419 53.1002 27.9669
      vertex 5.33843 34.86 23.5119
      vertex 6.57598 34.86 24.0972
    endloop
  endfacet
  facet normal 0.864066 0.500798 -0.0509005
    outer loop
      vertex -24.7695 52.86 30.0567
      vertex -13.8828 34.86 37.7673
      vertex -24.7777 52.86 29.9175
    endloop
  endfacet
  facet normal 0.865538 0.45147 -0.216841
    outer loop
      vertex -13.682 34.86 39.1215
      vertex -23.3855 52.86 37.8658
      vertex -13.3493 34.86 40.4495
    endloop
  endfacet
  facet normal 0.865561 0.451492 -0.2167
    outer loop
      vertex -23.3855 52.86 37.8658
      vertex -13.682 34.86 39.1215
      vertex -23.403 52.86 37.7959
    endloop
  endfacet
  facet normal 0.862809 0.503751 -0.0423832
    outer loop
      vertex -13.9231 34.86 36.9469
      vertex -24.7777 52.86 29.9175
      vertex -13.8828 34.86 37.7673
    endloop
  endfacet
  facet normal 0.862816 0.503734 -0.0424387
    outer loop
      vertex -13.95 34.86 36.4
      vertex -24.7777 52.86 29.9175
      vertex -13.9231 34.86 36.9469
    endloop
  endfacet
  facet normal 0.8629 0.50353 -0.043145
    outer loop
      vertex -24.7777 52.86 29.9175
      vertex -13.95 34.86 36.4
      vertex -24.7813 52.86 29.8455
    endloop
  endfacet
  facet normal 0.418173 0.208227 0.884179
    outer loop
      vertex -5.33843 34.86 23.5119
      vertex -23.9451 53.3015 27.9689
      vertex -6.57598 34.86 24.0972
    endloop
  endfacet
  facet normal 0.419022 0.209239 0.883538
    outer loop
      vertex -23.9451 53.3015 27.9689
      vertex -5.33843 34.86 23.5119
      vertex -23.9925 53.3846 27.9717
    endloop
  endfacet
  facet normal 0.436857 0 0.899531
    outer loop
      vertex -24.6036 100.027 28.1505
      vertex -24.4712 52.86 28.0862
      vertex -24.4712 100.027 28.0862
    endloop
  endfacet
  facet normal 0.436857 0 0.899531
    outer loop
      vertex -24.4712 52.86 28.0862
      vertex -24.6036 100.027 28.1505
      vertex -24.6036 52.86 28.1505
    endloop
  endfacet
  facet normal 0.61009 0.418009 0.673096
    outer loop
      vertex -24.0045 52.86 28.1742
      vertex -9.86414 34.86 26.5359
      vertex -8.84979 34.86 25.6165
    endloop
  endfacet
  facet normal 0.610082 0.418002 0.673108
    outer loop
      vertex -9.86414 34.86 26.5359
      vertex -24.0045 52.86 28.1742
      vertex -24.0579 52.86 28.2226
    endloop
  endfacet
  facet normal 0.656835 0.462759 0.595333
    outer loop
      vertex -10.7835 34.86 27.5502
      vertex -24.1603 52.86 28.3173
      vertex -24.2087 52.86 28.3707
    endloop
  endfacet
  facet normal 0.656827 0.462753 0.595347
    outer loop
      vertex -24.1603 52.86 28.3173
      vertex -10.7835 34.86 27.5502
      vertex -9.86414 34.86 26.5359
    endloop
  endfacet
  facet normal 0.762134 0.537808 0.360437
    outer loop
      vertex -12.3028 34.86 29.824
      vertex -24.5644 52.86 28.893
      vertex -12.8881 34.86 31.0616
    endloop
  endfacet
  facet normal 0.762092 0.537786 0.360559
    outer loop
      vertex -24.5644 52.86 28.893
      vertex -12.3028 34.86 29.824
      vertex -24.5336 52.86 28.8279
    endloop
  endfacet
  facet normal -0.82775 0.399019 -0.39448
    outer loop
      vertex 23.2131 52.86 38.2897
      vertex 23.2731 52.86 38.1638
      vertex 12.3028 34.86 42.976
    endloop
  endfacet
  facet normal -0.475179 0.272283 0.8367
    outer loop
      vertex 23.7513 52.9272 27.9719
      vertex 6.57598 34.86 24.0972
      vertex 23.7179 52.86 27.9748
    endloop
  endfacet
  facet normal -0.476321 0.2736 0.835621
    outer loop
      vertex 6.57598 34.86 24.0972
      vertex 23.7513 52.9272 27.9719
      vertex 23.8419 53.1002 27.9669
    endloop
  endfacet
  facet normal -0.477949 0.275488 0.834069
    outer loop
      vertex 23.7357 52.86 27.985
      vertex 23.7179 52.86 27.9748
      vertex 6.57598 34.86 24.0972
    endloop
  endfacet
  facet normal -0.697025 0.496923 0.516937
    outer loop
      vertex 11.599 34.86 28.6498
      vertex 24.3577 52.86 28.5502
      vertex 10.7835 34.86 27.5502
    endloop
  endfacet
  facet normal -0.696878 0.496821 0.517233
    outer loop
      vertex 24.3577 52.86 28.5502
      vertex 11.599 34.86 28.6498
      vertex 24.4006 52.86 28.608
    endloop
  endfacet
  facet normal 0.816158 0 -0.577829
    outer loop
      vertex -23.6785 52.86 38.2444
      vertex -23.7636 100.027 38.1242
      vertex -23.6785 100.027 38.2444
    endloop
  endfacet
  facet normal 0.816158 0 -0.577829
    outer loop
      vertex -23.7636 100.027 38.1242
      vertex -23.6785 52.86 38.2444
      vertex -23.7636 52.86 38.1242
    endloop
  endfacet
  facet normal -0.78856 0.546165 0.282625
    outer loop
      vertex 12.8881 34.86 31.0616
      vertex 24.6792 52.86 29.1758
      vertex 24.6549 52.86 29.108
    endloop
  endfacet
  facet normal -0.788683 0.546202 0.28221
    outer loop
      vertex 24.6792 52.86 29.1758
      vertex 12.8881 34.86 31.0616
      vertex 13.3493 34.86 32.3505
    endloop
  endfacet
  facet normal -0.238809 0 0.971067
    outer loop
      vertex 2.72151 35.06 22.718
      vertex 24.2871 53.86 28.0215
      vertex 24.2871 54.06 28.0215
    endloop
  endfacet
  facet normal -0.238809 0 0.971067
    outer loop
      vertex 24.2871 53.86 28.0215
      vertex 2.72151 35.06 22.718
      vertex 2.72151 34.86 22.718
    endloop
  endfacet
  facet normal -0.124577 -0.133794 0.983148
    outer loop
      vertex 23.9975 54.06 27.9704
      vertex 2.32634 35.86 22.7476
      vertex 24.1435 54.06 27.9889
    endloop
  endfacet
  facet normal -0.127902 -0.129864 0.983248
    outer loop
      vertex 2.32634 35.86 22.7476
      vertex 23.9975 54.06 27.9704
      vertex 2.32019 35.86 22.7468
    endloop
  endfacet
  facet normal -0.221338 -0.0209204 0.974973
    outer loop
      vertex 24.2871 54.06 28.0215
      vertex 24.1435 54.06 27.9889
      vertex 2.72151 35.06 22.718
    endloop
  endfacet
  facet normal -0.688835 0.489775 0.534441
    outer loop
      vertex 24.3577 52.86 28.5502
      vertex 24.2722 52.86 28.44
      vertex 10.7835 34.86 27.5502
    endloop
  endfacet
  facet normal -0.495188 0 0.868786
    outer loop
      vertex 24.5611 100.027 28.1281
      vertex 24.689 52.86 28.201
      vertex 24.689 100.027 28.201
    endloop
  endfacet
  facet normal -0.495188 0 0.868786
    outer loop
      vertex 24.689 52.86 28.201
      vertex 24.5611 100.027 28.1281
      vertex 24.5611 52.86 28.1281
    endloop
  endfacet
  facet normal 0.517946 0 -0.855413
    outer loop
      vertex -23.2016 53.86 38.6433
      vertex -7.75021 35.06 47.999
      vertex -7.75021 34.86 47.999
    endloop
  endfacet
  facet normal 0.517946 0 -0.855413
    outer loop
      vertex -7.75021 35.06 47.999
      vertex -23.2016 53.86 38.6433
      vertex -23.2016 54.06 38.6433
    endloop
  endfacet
  facet normal 0.868563 0.454529 -0.197488
    outer loop
      vertex -23.403 52.86 37.7959
      vertex -13.682 34.86 39.1215
      vertex -23.4339 52.86 37.66
    endloop
  endfacet
  facet normal 0.346429 0 0.938076
    outer loop
      vertex -24.4712 100.027 28.0862
      vertex -24.3331 52.86 28.0352
      vertex -24.3331 100.027 28.0352
    endloop
  endfacet
  facet normal 0.346429 0 0.938076
    outer loop
      vertex -24.3331 52.86 28.0352
      vertex -24.4712 100.027 28.0862
      vertex -24.4712 52.86 28.0862
    endloop
  endfacet
  facet normal 0.34313 0.121288 0.931424
    outer loop
      vertex -5.33843 34.86 23.5119
      vertex -24.0453 53.5094 27.9749
      vertex -23.9925 53.3846 27.9717
    endloop
  endfacet
  facet normal 0.343848 0.122096 0.931054
    outer loop
      vertex -24.0453 53.5094 27.9749
      vertex -5.33843 34.86 23.5119
      vertex -24.1491 53.6759 27.9914
    endloop
  endfacet
  facet normal 0.476094 0.275058 0.835271
    outer loop
      vertex -7.7502 34.86 24.801
      vertex -23.7192 52.8629 27.9747
      vertex -23.7177 52.86 27.9748
    endloop
  endfacet
  facet normal 0.499099 0.299359 0.813194
    outer loop
      vertex -7.7502 34.86 24.801
      vertex -23.7177 52.86 27.9748
      vertex -23.8355 52.86 28.0471
    endloop
  endfacet
  facet normal 0.679408 0 0.733761
    outer loop
      vertex -24.9545 100.027 28.4163
      vertex -24.8465 52.86 28.3163
      vertex -24.8465 100.027 28.3163
    endloop
  endfacet
  facet normal 0.679408 0 0.733761
    outer loop
      vertex -24.8465 52.86 28.3163
      vertex -24.9545 100.027 28.4163
      vertex -24.9545 52.86 28.4163
    endloop
  endfacet
  facet normal 0.832216 0.540546 0.1234
    outer loop
      vertex -13.682 34.86 33.6785
      vertex -24.7533 52.86 29.4961
      vertex -13.8828 34.86 35.0327
    endloop
  endfacet
  facet normal 0.832149 0.540577 0.123714
    outer loop
      vertex -24.7533 52.86 29.4961
      vertex -13.682 34.86 33.6785
      vertex -24.7427 52.86 29.4248
    endloop
  endfacet
  facet normal 0.990631 -0 0.136568
    outer loop
      vertex -25.3773 52.86 29.3343
      vertex -25.3572 100.027 29.1885
      vertex -25.3773 100.027 29.3343
    endloop
  endfacet
  facet normal 0.990631 0 0.136568
    outer loop
      vertex -25.3572 100.027 29.1885
      vertex -25.3773 52.86 29.3343
      vertex -25.3572 52.86 29.1885
    endloop
  endfacet
  facet normal 0.972338 -0 0.233578
    outer loop
      vertex -25.3572 52.86 29.1885
      vertex -25.3228 100.027 29.0453
      vertex -25.3572 100.027 29.1885
    endloop
  endfacet
  facet normal 0.972338 0 0.233578
    outer loop
      vertex -25.3228 100.027 29.0453
      vertex -25.3572 52.86 29.1885
      vertex -25.3228 52.86 29.0453
    endloop
  endfacet
  facet normal -0.866949 0.452775 -0.208313
    outer loop
      vertex 23.3931 52.86 37.8298
      vertex 23.4339 52.86 37.66
      vertex 13.682 34.86 39.1215
    endloop
  endfacet
  facet normal -0.783413 0.544623 0.299417
    outer loop
      vertex 24.6549 52.86 29.108
      vertex 24.6051 52.86 28.9777
      vertex 12.8881 34.86 31.0616
    endloop
  endfacet
  facet normal -0.762081 0.537805 0.360554
    outer loop
      vertex 12.3028 34.86 29.824
      vertex 24.6051 52.86 28.9777
      vertex 24.5743 52.86 28.9126
    endloop
  endfacet
  facet normal -0.762122 0.537827 0.360432
    outer loop
      vertex 24.6051 52.86 28.9777
      vertex 12.3028 34.86 29.824
      vertex 12.8881 34.86 31.0616
    endloop
  endfacet
  facet normal -0.865588 0.451438 -0.216706
    outer loop
      vertex 13.682 34.86 39.1215
      vertex 23.3756 52.86 37.8997
      vertex 23.3931 52.86 37.8298
    endloop
  endfacet
  facet normal -0.865564 0.451416 -0.216847
    outer loop
      vertex 23.3756 52.86 37.8997
      vertex 13.682 34.86 39.1215
      vertex 13.3493 34.86 40.4495
    endloop
  endfacet
  facet normal -0.332783 0.109571 0.936616
    outer loop
      vertex 4.04947 34.86 23.0507
      vertex 24.0404 53.4754 27.9758
      vertex 24.0646 53.5224 27.9789
    endloop
  endfacet
  facet normal -0.334773 0.111971 0.935622
    outer loop
      vertex 24.0404 53.4754 27.9758
      vertex 4.04947 34.86 23.0507
      vertex 5.33843 34.86 23.5119
    endloop
  endfacet
  facet normal -0.314621 0.0878409 0.945144
    outer loop
      vertex 24.1435 53.6974 27.9889
      vertex 4.04947 34.86 23.0507
      vertex 24.0646 53.5224 27.9789
    endloop
  endfacet
  facet normal -0.317096 0.0907709 0.944039
    outer loop
      vertex 4.04947 34.86 23.0507
      vertex 24.1435 53.6974 27.9889
      vertex 24.2871 53.86 28.0215
    endloop
  endfacet
  facet normal -0.145869 -0.108331 0.983355
    outer loop
      vertex 24.1435 54.06 27.9889
      vertex 2.32634 35.86 22.7476
      vertex 3.58428 35.86 22.9342
    endloop
  endfacet
  facet normal -0.143781 -0.1107 0.983398
    outer loop
      vertex 24.1435 54.06 27.9889
      vertex 3.58428 35.86 22.9342
      vertex 2.72151 35.06 22.718
    endloop
  endfacet
  facet normal 0.047804 -0.222568 0.973744
    outer loop
      vertex -2.31601 35.86 22.7466
      vertex -1.00625 35.86 22.6823
      vertex -23.8984 54.06 27.9661
    endloop
  endfacet
  facet normal 0 -0.278821 0.960343
    outer loop
      vertex 23.8504 54.06 27.9664
      vertex -1.00625 35.86 22.6823
      vertex 1.00423 35.86 22.6823
    endloop
  endfacet
  facet normal -6.03373e-06 -0.278814 0.960345
    outer loop
      vertex -1.00625 35.86 22.6823
      vertex 23.8504 54.06 27.9664
      vertex -23.8984 54.06 27.9661
    endloop
  endfacet
  facet normal 0.99925 -0 0.0387201
    outer loop
      vertex -25.383 52.86 29.4814
      vertex -25.3773 100.027 29.3343
      vertex -25.383 100.027 29.4814
    endloop
  endfacet
  facet normal 0.99925 0 0.0387201
    outer loop
      vertex -25.3773 100.027 29.3343
      vertex -25.383 52.86 29.4814
      vertex -25.3773 52.86 29.3343
    endloop
  endfacet
  facet normal 0.872032 0.47207 -0.129267
    outer loop
      vertex -13.7623 34.86 38.5798
      vertex -24.7456 52.86 30.221
      vertex -13.682 34.86 39.1215
    endloop
  endfacet
  facet normal 0.872037 0.472044 -0.12933
    outer loop
      vertex -13.8828 34.86 37.7673
      vertex -24.7456 52.86 30.221
      vertex -13.7623 34.86 38.5798
    endloop
  endfacet
  facet normal 0.872055 0.471923 -0.129646
    outer loop
      vertex -24.7456 52.86 30.221
      vertex -13.8828 34.86 37.7673
      vertex -24.7562 52.86 30.1497
    endloop
  endfacet
  facet normal 0.854069 0.435336 -0.28469
    outer loop
      vertex -23.3414 52.86 37.9981
      vertex -13.3493 34.86 40.4495
      vertex -23.3855 52.86 37.8658
    endloop
  endfacet
  facet normal 0.243021 0.00504282 0.970008
    outer loop
      vertex -4.04947 34.86 23.0507
      vertex -2.72151 34.86 22.718
      vertex -24.1907 53.86 27.998
    endloop
  endfacet
  facet normal 0.334774 0.111937 0.935626
    outer loop
      vertex -4.04947 34.86 23.0507
      vertex -24.1491 53.6759 27.9914
      vertex -5.33843 34.86 23.5119
    endloop
  endfacet
  facet normal 0.338207 0.11606 0.933888
    outer loop
      vertex -24.1491 53.6759 27.9914
      vertex -4.04947 34.86 23.0507
      vertex -24.1652 53.7027 27.9939
    endloop
  endfacet
  facet normal 0.426403 0.217268 0.878052
    outer loop
      vertex -6.57598 34.86 24.0972
      vertex -23.8984 53.2209 27.9661
      vertex -23.8007 53.0138 27.9699
    endloop
  endfacet
  facet normal 0.424972 0.21569 0.879134
    outer loop
      vertex -23.8984 53.2209 27.9661
      vertex -6.57598 34.86 24.0972
      vertex -23.9451 53.3015 27.9689
    endloop
  endfacet
  facet normal 0.491765 0.291569 0.82046
    outer loop
      vertex -6.57598 34.86 24.0972
      vertex -23.7192 52.8629 27.9747
      vertex -7.7502 34.86 24.801
    endloop
  endfacet
  facet normal 0.491223 0.290935 0.821009
    outer loop
      vertex -6.57598 34.86 24.0972
      vertex -23.7513 52.925 27.9719
      vertex -23.7192 52.8629 27.9747
    endloop
  endfacet
  facet normal 0.492524 0.292456 0.819689
    outer loop
      vertex -23.7513 52.925 27.9719
      vertex -6.57598 34.86 24.0972
      vertex -23.8007 53.0138 27.9699
    endloop
  endfacet
  facet normal 0.522466 0 0.85266
    outer loop
      vertex -24.7291 100.027 28.2274
      vertex -24.6036 52.86 28.1505
      vertex -24.6036 100.027 28.1505
    endloop
  endfacet
  facet normal 0.522466 0 0.85266
    outer loop
      vertex -24.6036 52.86 28.1505
      vertex -24.7291 100.027 28.2274
      vertex -24.7291 52.86 28.2274
    endloop
  endfacet
  facet normal 0.747971 -0 0.663731
    outer loop
      vertex -25.0522 52.86 28.5264
      vertex -24.9545 100.027 28.4163
      vertex -25.0522 100.027 28.5264
    endloop
  endfacet
  facet normal 0.747971 0 0.663731
    outer loop
      vertex -24.9545 100.027 28.4163
      vertex -25.0522 52.86 28.5264
      vertex -24.9545 52.86 28.4163
    endloop
  endfacet
  facet normal 0.661428 0.466554 0.587231
    outer loop
      vertex -10.7835 34.86 27.5502
      vertex -24.2087 52.86 28.3707
      vertex -24.3013 52.86 28.475
    endloop
  endfacet
  facet normal 0.908238 -0 0.418455
    outer loop
      vertex -25.2747 52.86 28.9062
      vertex -25.2131 100.027 28.7725
      vertex -25.2747 100.027 28.9062
    endloop
  endfacet
  facet normal 0.908238 0 0.418455
    outer loop
      vertex -25.2131 100.027 28.7725
      vertex -25.2747 52.86 28.9062
      vertex -25.2131 52.86 28.7725
    endloop
  endfacet
  facet normal -0.992152 0 -0.125038
    outer loop
      vertex 25.3787 52.86 29.5805
      vertex 25.3603 100.027 29.7265
      vertex 25.3787 100.027 29.5805
    endloop
  endfacet
  facet normal -0.992152 -0 -0.125038
    outer loop
      vertex 25.3603 100.027 29.7265
      vertex 25.3787 52.86 29.5805
      vertex 25.3603 52.86 29.7265
    endloop
  endfacet
  facet normal -0.862745 0.503898 -0.041939
    outer loop
      vertex 13.95 34.86 36.4
      vertex 24.7737 52.86 30.0114
      vertex 24.7772 52.86 29.9394
    endloop
  endfacet
  facet normal -0.862803 0.503756 -0.0424381
    outer loop
      vertex 13.9231 34.86 36.9469
      vertex 24.7737 52.86 30.0114
      vertex 13.95 34.86 36.4
    endloop
  endfacet
  facet normal -0.862796 0.503773 -0.0423826
    outer loop
      vertex 24.7737 52.86 30.0114
      vertex 13.9231 34.86 36.9469
      vertex 13.8828 34.86 37.7673
    endloop
  endfacet
  facet normal -0.790193 0 0.612858
    outer loop
      vertex 25.0216 52.86 28.4894
      vertex 25.1118 100.027 28.6057
      vertex 25.0216 100.027 28.4894
    endloop
  endfacet
  facet normal -0.790193 0 0.612858
    outer loop
      vertex 25.1118 100.027 28.6057
      vertex 25.0216 52.86 28.4894
      vertex 25.1118 52.86 28.6057
    endloop
  endfacet
  facet normal -0.755848 0.534451 0.378227
    outer loop
      vertex 24.5743 52.86 28.9126
      vertex 24.5119 52.86 28.7879
      vertex 12.3028 34.86 29.824
    endloop
  endfacet
  facet normal -0.985706 0 0.168474
    outer loop
      vertex 25.3475 52.86 29.1414
      vertex 25.3723 100.027 29.2865
      vertex 25.3475 100.027 29.1414
    endloop
  endfacet
  facet normal -0.985706 0 0.168474
    outer loop
      vertex 25.3723 100.027 29.2865
      vertex 25.3475 52.86 29.1414
      vertex 25.3723 52.86 29.2865
    endloop
  endfacet
  facet normal -0.860381 0.509111 -0.0234537
    outer loop
      vertex 24.7772 52.86 29.9394
      vertex 24.781 52.86 29.8
      vertex 13.95 34.86 36.4
    endloop
  endfacet
  facet normal -0.933992 0 0.357294
    outer loop
      vertex 25.256 52.86 28.8619
      vertex 25.3086 100.027 28.9994
      vertex 25.256 100.027 28.8619
    endloop
  endfacet
  facet normal -0.933992 0 0.357294
    outer loop
      vertex 25.3086 100.027 28.9994
      vertex 25.256 52.86 28.8619
      vertex 25.3086 52.86 28.9994
    endloop
  endfacet
  facet normal -0.660679 0.173087 -0.730441
    outer loop
      vertex 9.86414 34.86 46.2641
      vertex 22.782 52.86 38.8453
      vertex 22.8354 52.86 38.797
    endloop
  endfacet
  facet normal -0.66138 0.173935 -0.729604
    outer loop
      vertex 9.4584 34.86 46.6319
      vertex 22.782 52.86 38.8453
      vertex 9.86414 34.86 46.2641
    endloop
  endfacet
  facet normal -0.661323 0.173863 -0.729673
    outer loop
      vertex 22.782 52.86 38.8453
      vertex 9.4584 34.86 46.6319
      vertex 8.84979 34.86 47.1835
    endloop
  endfacet
  facet normal -0.849364 0.429441 -0.306859
    outer loop
      vertex 23.3039 52.86 38.0987
      vertex 23.3513 52.86 37.9675
      vertex 12.8881 34.86 41.7384
    endloop
  endfacet
  facet normal -0.207556 -0.234142 -0.949788
    outer loop
      vertex 3.0514 35.86 49.8126
      vertex 7.99371 54.06 44.2459
      vertex 10.5563 54.06 43.6859
    endloop
  endfacet
  facet normal -0.207733 -0.234086 -0.949763
    outer loop
      vertex 7.99371 54.06 44.2459
      vertex 3.0514 35.86 49.8126
      vertex 2.9435 35.86 49.8362
    endloop
  endfacet
  facet normal -0.243021 0.00507608 0.970008
    outer loop
      vertex 4.04947 34.86 23.0507
      vertex 24.2871 53.86 28.0215
      vertex 2.72151 34.86 22.718
    endloop
  endfacet
  facet normal -0.400898 0.187742 0.89668
    outer loop
      vertex 23.9975 53.4096 27.9704
      vertex 5.33843 34.86 23.5119
      vertex 23.8928 53.1994 27.9676
    endloop
  endfacet
  facet normal -0.400997 0.187859 0.89661
    outer loop
      vertex 5.33843 34.86 23.5119
      vertex 23.9975 53.4096 27.9704
      vertex 24.0404 53.4754 27.9758
    endloop
  endfacet
  facet normal -0.0478791 -0.222455 0.973767
    outer loop
      vertex 2.32019 35.86 22.7468
      vertex 23.9975 54.06 27.9704
      vertex 1.01042 35.86 22.6824
    endloop
  endfacet
  facet normal -0.0263324 -0.248102 0.968376
    outer loop
      vertex 23.8504 54.06 27.9664
      vertex 1.01042 35.86 22.6824
      vertex 23.9975 54.06 27.9704
    endloop
  endfacet
  facet normal -0.0155945 -0.260684 0.965298
    outer loop
      vertex 1.01042 35.86 22.6824
      vertex 23.8504 54.06 27.9664
      vertex 1.00423 35.86 22.6823
    endloop
  endfacet
  facet normal -0.656819 0.462773 0.59534
    outer loop
      vertex 10.7835 34.86 27.5502
      vertex 24.2238 52.86 28.3866
      vertex 9.86414 34.86 26.5359
    endloop
  endfacet
  facet normal -0.656827 0.462779 0.595326
    outer loop
      vertex 24.2238 52.86 28.3866
      vertex 10.7835 34.86 27.5502
      vertex 24.2722 52.86 28.44
    endloop
  endfacet
  facet normal 0.849272 0.526303 0.04174
    outer loop
      vertex -13.8828 34.86 35.0327
      vertex -24.7758 52.86 29.7062
      vertex -13.95 34.86 36.4
    endloop
  endfacet
  facet normal 0.849349 0.526215 0.0412878
    outer loop
      vertex -24.7758 52.86 29.7062
      vertex -13.8828 34.86 35.0327
      vertex -24.7723 52.86 29.6342
    endloop
  endfacet
  facet normal 0.8509 0.524253 0.0335962
    outer loop
      vertex -13.95 34.86 36.4
      vertex -24.7758 52.86 29.7062
      vertex -24.7813 52.86 29.8455
    endloop
  endfacet
  facet normal 0.612858 0 -0.790193
    outer loop
      vertex -23.4752 52.86 38.4568
      vertex -23.3589 100.027 38.547
      vertex -23.3589 52.86 38.547
    endloop
  endfacet
  facet normal 0.612858 0 -0.790193
    outer loop
      vertex -23.3589 100.027 38.547
      vertex -23.4752 52.86 38.4568
      vertex -23.4752 100.027 38.4568
    endloop
  endfacet
  facet normal 0.593309 0.0894344 -0.799991
    outer loop
      vertex -23.1603 53.5999 38.6652
      vertex -8.19004 34.86 47.6728
      vertex -8.84979 34.86 47.1835
    endloop
  endfacet
  facet normal 0.593312 0.0894377 -0.799989
    outer loop
      vertex -8.19004 34.86 47.6728
      vertex -23.1603 53.5999 38.6652
      vertex -7.75021 34.86 47.999
    endloop
  endfacet
  facet normal 0.592263 0.0881149 -0.800912
    outer loop
      vertex -7.75021 34.86 47.999
      vertex -23.1603 53.5999 38.6652
      vertex -23.1876 53.6516 38.6507
    endloop
  endfacet
  facet normal 0.236964 -0.220768 -0.946102
    outer loop
      vertex -3.055 35.86 49.8117
      vertex -4.32704 35.86 49.4931
      vertex -10.6418 54.06 43.6646
    endloop
  endfacet
  facet normal 0.975153 0 -0.221533
    outer loop
      vertex -23.9431 52.86 37.7223
      vertex -23.9757 100.027 37.5788
      vertex -23.9431 100.027 37.7223
    endloop
  endfacet
  facet normal 0.975153 0 -0.221533
    outer loop
      vertex -23.9757 100.027 37.5788
      vertex -23.9431 52.86 37.7223
      vertex -23.9757 52.86 37.5788
    endloop
  endfacet
  facet normal 0.871742 0.47384 -0.124668
    outer loop
      vertex -24.7562 52.86 30.1497
      vertex -13.8828 34.86 37.7673
      vertex -24.7695 52.86 30.0567
    endloop
  endfacet
  facet normal 0.834035 0.407306 -0.372138
    outer loop
      vertex -23.2603 52.86 38.1933
      vertex -12.8881 34.86 41.7384
      vertex -23.3171 52.86 38.066
    endloop
  endfacet
  facet normal 0.849884 0.43037 -0.304103
    outer loop
      vertex -13.1648 34.86 40.9651
      vertex -23.3171 52.86 38.066
      vertex -12.8881 34.86 41.7384
    endloop
  endfacet
  facet normal 0.849881 0.430366 -0.304118
    outer loop
      vertex -13.3493 34.86 40.4495
      vertex -23.3171 52.86 38.066
      vertex -13.1648 34.86 40.9651
    endloop
  endfacet
  facet normal 0.849873 0.430357 -0.304152
    outer loop
      vertex -23.3171 52.86 38.066
      vertex -13.3493 34.86 40.4495
      vertex -23.3414 52.86 37.9981
    endloop
  endfacet
  facet normal 0.252462 0.0157095 0.967479
    outer loop
      vertex -24.1652 53.7027 27.9939
      vertex -4.04947 34.86 23.0507
      vertex -24.1907 53.86 27.998
    endloop
  endfacet
  facet normal 0.603688 0 0.797221
    outer loop
      vertex -24.8465 100.027 28.3163
      vertex -24.7291 52.86 28.2274
      vertex -24.7291 100.027 28.2274
    endloop
  endfacet
  facet normal 0.603688 0 0.797221
    outer loop
      vertex -24.7291 52.86 28.2274
      vertex -24.8465 100.027 28.3163
      vertex -24.8465 52.86 28.3163
    endloop
  endfacet
  facet normal 0.731805 0.521595 0.438634
    outer loop
      vertex -11.599 34.86 28.6498
      vertex -24.4631 52.86 28.7075
      vertex -12.3028 34.86 29.824
    endloop
  endfacet
  facet normal 0.731965 0.52171 0.438231
    outer loop
      vertex -24.4631 52.86 28.7075
      vertex -11.599 34.86 28.6498
      vertex -24.4261 52.86 28.6457
    endloop
  endfacet
  facet normal 0.735283 0.523442 0.430543
    outer loop
      vertex -12.3028 34.86 29.824
      vertex -24.4631 52.86 28.7075
      vertex -24.5336 52.86 28.8279
    endloop
  endfacet
  facet normal 0.788694 0.546183 0.282214
    outer loop
      vertex -12.8881 34.86 31.0616
      vertex -24.647 52.86 29.0875
      vertex -13.3493 34.86 32.3505
    endloop
  endfacet
  facet normal 0.78857 0.546148 0.282629
    outer loop
      vertex -24.647 52.86 29.0875
      vertex -12.8881 34.86 31.0616
      vertex -24.6227 52.86 29.0197
    endloop
  endfacet
  facet normal 0.765275 0.538846 0.352135
    outer loop
      vertex -12.8881 34.86 31.0616
      vertex -24.5644 52.86 28.893
      vertex -24.6227 52.86 29.0197
    endloop
  endfacet
  facet normal 0.791305 0.546401 0.274375
    outer loop
      vertex -13.3493 34.86 32.3505
      vertex -24.647 52.86 29.0875
      vertex -24.6927 52.86 29.2193
    endloop
  endfacet
  facet normal 0.811981 0.547088 0.203423
    outer loop
      vertex -13.3493 34.86 32.3505
      vertex -24.7102 52.86 29.2892
      vertex -13.682 34.86 33.6785
    endloop
  endfacet
  facet normal 0.812015 0.547087 0.203294
    outer loop
      vertex -24.7102 52.86 29.2892
      vertex -13.3493 34.86 32.3505
      vertex -24.6927 52.86 29.2193
    endloop
  endfacet
  facet normal -0.849798 0.430207 -0.304574
    outer loop
      vertex 13.3493 34.86 40.4495
      vertex 23.3513 52.86 37.9675
      vertex 23.3756 52.86 37.8997
    endloop
  endfacet
  facet normal -0.849899 0.430325 -0.304124
    outer loop
      vertex 13.1648 34.86 40.9651
      vertex 23.3513 52.86 37.9675
      vertex 13.3493 34.86 40.4495
    endloop
  endfacet
  facet normal -0.849902 0.430329 -0.30411
    outer loop
      vertex 23.3513 52.86 37.9675
      vertex 13.1648 34.86 40.9651
      vertex 12.8881 34.86 41.7384
    endloop
  endfacet
  facet normal -0.724773 0.516518 0.455975
    outer loop
      vertex 24.4749 52.86 28.7261
      vertex 24.4006 52.86 28.608
      vertex 11.599 34.86 28.6498
    endloop
  endfacet
  facet normal -0.845998 0.529781 0.0601679
    outer loop
      vertex 24.7775 52.86 29.7281
      vertex 24.7676 52.86 29.5889
      vertex 13.8828 34.86 35.0327
    endloop
  endfacet
  facet normal -0.812004 0.547103 0.203291
    outer loop
      vertex 13.3493 34.86 32.3505
      vertex 24.7335 52.86 29.3802
      vertex 24.716 52.86 29.3103
    endloop
  endfacet
  facet normal -0.811971 0.547104 0.203421
    outer loop
      vertex 24.7335 52.86 29.3802
      vertex 13.3493 34.86 32.3505
      vertex 13.682 34.86 33.6785
    endloop
  endfacet
  facet normal -0.894427 0 0.447214
    outer loop
      vertex 25.1902 52.86 28.7303
      vertex 25.256 100.027 28.8619
      vertex 25.1902 100.027 28.7303
    endloop
  endfacet
  facet normal -0.894427 0 0.447214
    outer loop
      vertex 25.256 100.027 28.8619
      vertex 25.1902 52.86 28.7303
      vertex 25.256 52.86 28.8619
    endloop
  endfacet
  facet normal -0.984807 0 -0.173652
    outer loop
      vertex 25.3603 52.86 29.7265
      vertex 23.9757 100.027 37.5788
      vertex 25.3603 100.027 29.7265
    endloop
  endfacet
  facet normal -0.984807 -0 -0.173652
    outer loop
      vertex 23.9757 100.027 37.5788
      vertex 25.3603 52.86 29.7265
      vertex 23.9757 52.86 37.5788
    endloop
  endfacet
  facet normal -0.873937 0.460963 -0.154099
    outer loop
      vertex 23.4339 52.86 37.66
      vertex 24.7456 52.86 30.221
      vertex 13.682 34.86 39.1215
    endloop
  endfacet
  facet normal -0.593312 0.0893812 -0.799995
    outer loop
      vertex 8.19004 34.86 47.6728
      vertex 22.9489 53.2121 38.7774
      vertex 8.84979 34.86 47.1835
    endloop
  endfacet
  facet normal -0.593315 0.0893845 -0.799993
    outer loop
      vertex 7.75021 34.86 47.999
      vertex 22.9489 53.2121 38.7774
      vertex 8.19004 34.86 47.6728
    endloop
  endfacet
  facet normal -0.593089 0.0890977 -0.800192
    outer loop
      vertex 22.9489 53.2121 38.7774
      vertex 7.75021 34.86 47.999
      vertex 23.0158 53.3386 38.7419
    endloop
  endfacet
  facet normal -0.659623 0.171585 -0.731749
    outer loop
      vertex 22.782 52.86 38.8453
      vertex 8.84979 34.86 47.1835
      vertex 22.7262 52.86 38.8956
    endloop
  endfacet
  facet normal -0.659526 0.171456 -0.731866
    outer loop
      vertex 22.9489 53.2121 38.7774
      vertex 22.7262 52.86 38.8956
      vertex 8.84979 34.86 47.1835
    endloop
  endfacet
  facet normal -0.763977 0.309709 -0.566056
    outer loop
      vertex 11.599 34.86 44.1502
      vertex 23.0611 52.86 38.5288
      vertex 23.104 52.86 38.4709
    endloop
  endfacet
  facet normal -0.763798 0.30948 -0.566423
    outer loop
      vertex 11.1097 34.86 44.81
      vertex 23.0611 52.86 38.5288
      vertex 11.599 34.86 44.1502
    endloop
  endfacet
  facet normal -0.763768 0.309437 -0.566487
    outer loop
      vertex 23.0611 52.86 38.5288
      vertex 11.1097 34.86 44.81
      vertex 10.7835 34.86 45.2498
    endloop
  endfacet
  facet normal -0.319525 -0.179146 -0.930489
    outer loop
      vertex 4.54677 35.86 49.4245
      vertex 13.2894 54.06 42.9183
      vertex 15.8602 54.06 42.0355
    endloop
  endfacet
  facet normal -0.319744 -0.179023 -0.930438
    outer loop
      vertex 13.2894 54.06 42.9183
      vertex 4.54677 35.86 49.4245
      vertex 4.43852 35.86 49.4617
    endloop
  endfacet
  facet normal -0.514084 -0.00425986 -0.857729
    outer loop
      vertex 23.3281 54.06 38.568
      vertex 7.76064 35.36 47.9913
      vertex 7.77802 35.86 47.9784
    endloop
  endfacet
  facet normal -0.514193 -0.00413662 -0.857665
    outer loop
      vertex 7.76064 35.36 47.9913
      vertex 23.3281 54.06 38.568
      vertex 7.75021 35.06 47.999
    endloop
  endfacet
  facet normal -0.5141 -0.00424123 -0.85772
    outer loop
      vertex 23.3281 54.06 38.568
      vertex 7.77802 35.86 47.9784
      vertex 7.28134 35.86 48.2761
    endloop
  endfacet
  facet normal 0 -0.0257914 -0.999667
    outer loop
      vertex 7.77802 35.86 47.9784
      vertex 7.76064 35.36 47.9913
      vertex 7.76063 35.36 47.9913
    endloop
  endfacet
  facet normal -0.467997 -0.0573866 -0.881865
    outer loop
      vertex 7.27601 35.86 48.2792
      vertex 21.2319 54.06 39.6886
      vertex 23.2016 54.06 38.6433
    endloop
  endfacet
  facet normal -0.468717 -0.0566754 -0.881528
    outer loop
      vertex 21.2319 54.06 39.6886
      vertex 7.27601 35.86 48.2792
      vertex 7.19307 35.86 48.3233
    endloop
  endfacet
  facet normal -0.236964 -0.220768 -0.946102
    outer loop
      vertex 10.6418 54.06 43.6646
      vertex 4.32704 35.86 49.4931
      vertex 3.055 35.86 49.8117
    endloop
  endfacet
  facet normal -0.940584 0 -0.339561
    outer loop
      vertex 23.9326 52.86 37.758
      vertex 23.8826 100.027 37.8965
      vertex 23.9326 100.027 37.758
    endloop
  endfacet
  facet normal -0.940584 -0 -0.339561
    outer loop
      vertex 23.8826 100.027 37.8965
      vertex 23.9326 52.86 37.758
      vertex 23.8826 52.86 37.8965
    endloop
  endfacet
  facet normal -0.800339 0.360356 -0.479167
    outer loop
      vertex 12.3028 34.86 42.976
      vertex 23.1761 52.86 38.3515
      vertex 23.2131 52.86 38.2897
    endloop
  endfacet
  facet normal -0.800187 0.360162 -0.479567
    outer loop
      vertex 12.0213 34.86 43.4457
      vertex 23.1761 52.86 38.3515
      vertex 12.3028 34.86 42.976
    endloop
  endfacet
  facet normal -0.800159 0.360124 -0.479641
    outer loop
      vertex 23.1761 52.86 38.3515
      vertex 12.0213 34.86 43.4457
      vertex 11.599 34.86 44.1502
    endloop
  endfacet
  facet normal -0.142005 -0.253352 -0.956895
    outer loop
      vertex 5.34528 54.06 44.662
      vertex 2.83198 35.86 49.8537
      vertex 1.53483 35.86 50.0462
    endloop
  endfacet
  facet normal -0.0300346 -0.270918 -0.962134
    outer loop
      vertex 0.109606 35.86 50.1213
      vertex 0.0467987 54.06 44.9985
      vertex 2.60313 54.06 44.9187
    endloop
  endfacet
  facet normal -0.0303916 -0.270916 -0.962123
    outer loop
      vertex 0.0467987 54.06 44.9985
      vertex 0.109606 35.86 50.1213
      vertex 0.00197047 35.86 50.1247
    endloop
  endfacet
  facet normal 0.391028 -0.128274 -0.911396
    outer loop
      vertex -5.89616 35.86 48.9362
      vertex -18.5125 54.06 40.9617
      vertex -5.89313 35.86 48.9375
    endloop
  endfacet
  facet normal 0.397793 -0.12264 -0.909241
    outer loop
      vertex -18.5125 54.06 40.9617
      vertex -5.89616 35.86 48.9362
      vertex -18.5845 54.06 40.9302
    endloop
  endfacet
  facet normal -0.316635 0 0.948547
    outer loop
      vertex 24.2871 54.06 28.0215
      vertex 24.4267 100.027 28.0681
      vertex 24.2871 100.027 28.0215
    endloop
  endfacet
  facet normal -0.316635 0 0.948547
    outer loop
      vertex 24.4267 100.027 28.0681
      vertex 24.2871 54.06 28.0215
      vertex 24.4267 52.86 28.0681
    endloop
  endfacet
  facet normal -0.316635 0 0.948547
    outer loop
      vertex 24.2871 53.86 28.0215
      vertex 24.4267 52.86 28.0681
      vertex 24.2871 54.06 28.0215
    endloop
  endfacet
  facet normal -0.316635 0 0.948547
    outer loop
      vertex 24.4267 52.86 28.0681
      vertex 24.2871 53.86 28.0215
      vertex 24.2871 52.86 28.0215
    endloop
  endfacet
  facet normal 0.609349 0.108282 -0.785473
    outer loop
      vertex -8.84979 34.86 47.1835
      vertex -22.8487 53.0462 38.8306
      vertex -23.1603 53.5999 38.6652
    endloop
  endfacet
  facet normal 0.913251 0 -0.407398
    outer loop
      vertex -23.8365 52.86 37.9964
      vertex -23.8965 100.027 37.8619
      vertex -23.8365 100.027 37.9964
    endloop
  endfacet
  facet normal 0.913251 0 -0.407398
    outer loop
      vertex -23.8965 100.027 37.8619
      vertex -23.8365 52.86 37.9964
      vertex -23.8965 52.86 37.8619
    endloop
  endfacet
  facet normal 0.763755 0.309484 -0.566478
    outer loop
      vertex -11.1097 34.86 44.81
      vertex -22.9998 52.86 38.6131
      vertex -10.7835 34.86 45.2498
    endloop
  endfacet
  facet normal 0.763785 0.309526 -0.566414
    outer loop
      vertex -11.599 34.86 44.1502
      vertex -22.9998 52.86 38.6131
      vertex -11.1097 34.86 44.81
    endloop
  endfacet
  facet normal 0.763966 0.309753 -0.566047
    outer loop
      vertex -22.9998 52.86 38.6131
      vertex -11.599 34.86 44.1502
      vertex -23.0427 52.86 38.5552
    endloop
  endfacet
  facet normal 0.98999 0 -0.141139
    outer loop
      vertex -25.3603 52.86 29.7265
      vertex -25.3743 100.027 29.6283
      vertex -25.3603 100.027 29.7265
    endloop
  endfacet
  facet normal 0.98999 0 -0.141139
    outer loop
      vertex -25.3743 100.027 29.6283
      vertex -25.3603 52.86 29.7265
      vertex -25.3743 52.86 29.6283
    endloop
  endfacet
  facet normal 0.998251 0 -0.0591204
    outer loop
      vertex -25.3743 52.86 29.6283
      vertex -25.383 100.027 29.4814
      vertex -25.3743 100.027 29.6283
    endloop
  endfacet
  facet normal 0.998251 0 -0.0591204
    outer loop
      vertex -25.383 100.027 29.4814
      vertex -25.3743 52.86 29.6283
      vertex -25.383 52.86 29.4814
    endloop
  endfacet
  facet normal 0.868619 0 -0.49548
    outer loop
      vertex -23.7636 52.86 38.1242
      vertex -23.8365 100.027 37.9964
      vertex -23.7636 100.027 38.1242
    endloop
  endfacet
  facet normal 0.868619 0 -0.49548
    outer loop
      vertex -23.8365 100.027 37.9964
      vertex -23.7636 52.86 38.1242
      vertex -23.8365 52.86 37.9964
    endloop
  endfacet
  facet normal 0.807276 0.369421 -0.460254
    outer loop
      vertex -23.1604 52.86 38.3796
      vertex -12.3028 34.86 42.976
      vertex -23.2295 52.86 38.2584
    endloop
  endfacet
  facet normal 0.828447 0.400214 -0.391797
    outer loop
      vertex -12.5369 34.86 42.481
      vertex -23.2295 52.86 38.2584
      vertex -12.3028 34.86 42.976
    endloop
  endfacet
  facet normal 0.828446 0.400213 -0.391799
    outer loop
      vertex -12.8881 34.86 41.7384
      vertex -23.2295 52.86 38.2584
      vertex -12.5369 34.86 42.481
    endloop
  endfacet
  facet normal 0.828406 0.400164 -0.391934
    outer loop
      vertex -23.2295 52.86 38.2584
      vertex -12.8881 34.86 41.7384
      vertex -23.2603 52.86 38.1933
    endloop
  endfacet
  facet normal 0.14583 -0.108406 0.983352
    outer loop
      vertex -2.3222 35.86 22.747
      vertex -24.0453 54.06 27.9749
      vertex -3.58452 35.86 22.9342
    endloop
  endfacet
  facet normal 0.145193 -0.109126 0.983367
    outer loop
      vertex -2.72151 35.06 22.718
      vertex -3.58452 35.86 22.9342
      vertex -24.0453 54.06 27.9749
    endloop
  endfacet
  facet normal 0.238818 -0 0.971064
    outer loop
      vertex -24.1907 53.86 27.998
      vertex -2.72151 35.06 22.718
      vertex -24.1907 54.06 27.998
    endloop
  endfacet
  facet normal 0.238818 0 0.971064
    outer loop
      vertex -2.72151 35.06 22.718
      vertex -24.1907 53.86 27.998
      vertex -2.72151 34.86 22.718
    endloop
  endfacet
  facet normal 0.555454 0.361303 0.748953
    outer loop
      vertex -23.8355 52.86 28.0471
      vertex -8.84979 34.86 25.6165
      vertex -7.7502 34.86 24.801
    endloop
  endfacet
  facet normal 0.555176 0.361026 0.749293
    outer loop
      vertex -8.84979 34.86 25.6165
      vertex -23.8355 52.86 28.0471
      vertex -23.8934 52.86 28.09
    endloop
  endfacet
  facet normal 0.561717 0.367609 0.741173
    outer loop
      vertex -8.84979 34.86 25.6165
      vertex -23.8934 52.86 28.09
      vertex -24.0045 52.86 28.1742
    endloop
  endfacet
  facet normal 0.809118 -0 0.587646
    outer loop
      vertex -25.1387 52.86 28.6455
      vertex -25.0522 100.027 28.5264
      vertex -25.1387 100.027 28.6455
    endloop
  endfacet
  facet normal 0.809118 0 0.587646
    outer loop
      vertex -25.0522 100.027 28.5264
      vertex -25.1387 52.86 28.6455
      vertex -25.0522 52.86 28.5264
    endloop
  endfacet
  facet normal 0.945091 -0 0.326807
    outer loop
      vertex -25.3228 52.86 29.0453
      vertex -25.2747 100.027 28.9062
      vertex -25.3228 100.027 29.0453
    endloop
  endfacet
  facet normal 0.945091 0 0.326807
    outer loop
      vertex -25.2747 100.027 28.9062
      vertex -25.3228 52.86 29.0453
      vertex -25.2747 52.86 28.9062
    endloop
  endfacet
  facet normal -0.647277 0.453368 0.612773
    outer loop
      vertex 24.2238 52.86 28.3866
      vertex 24.1279 52.86 28.2853
      vertex 9.86414 34.86 26.5359
    endloop
  endfacet
  facet normal -0.964465 0 0.264209
    outer loop
      vertex 25.3086 52.86 28.9994
      vertex 25.3475 100.027 29.1414
      vertex 25.3086 100.027 28.9994
    endloop
  endfacet
  facet normal -0.964465 0 0.264209
    outer loop
      vertex 25.3475 100.027 29.1414
      vertex 25.3086 52.86 28.9994
      vertex 25.3475 52.86 29.1414
    endloop
  endfacet
  facet normal -0.807363 0.547146 0.220899
    outer loop
      vertex 24.716 52.86 29.3103
      vertex 24.6792 52.86 29.1758
      vertex 13.3493 34.86 32.3505
    endloop
  endfacet
  facet normal -0.997503 0 0.0706197
    outer loop
      vertex 25.3723 52.86 29.2865
      vertex 25.3827 100.027 29.4334
      vertex 25.3723 100.027 29.2865
    endloop
  endfacet
  facet normal -0.997503 0 0.0706197
    outer loop
      vertex 25.3827 100.027 29.4334
      vertex 25.3723 52.86 29.2865
      vertex 25.3827 52.86 29.4334
    endloop
  endfacet
  facet normal -0.846392 0 0.532561
    outer loop
      vertex 25.1118 52.86 28.6057
      vertex 25.1902 100.027 28.7303
      vertex 25.1118 100.027 28.6057
    endloop
  endfacet
  facet normal -0.846392 0 0.532561
    outer loop
      vertex 25.1902 100.027 28.7303
      vertex 25.1118 52.86 28.6057
      vertex 25.1902 52.86 28.7303
    endloop
  endfacet
  facet normal -0.717905 0.247428 -0.650686
    outer loop
      vertex 10.7835 34.86 45.2498
      vertex 22.9293 52.86 38.6939
      vertex 22.9777 52.86 38.6405
    endloop
  endfacet
  facet normal -0.717896 0.247417 -0.6507
    outer loop
      vertex 22.9293 52.86 38.6939
      vertex 10.7835 34.86 45.2498
      vertex 9.86414 34.86 46.2641
    endloop
  endfacet
  facet normal -0.762465 0.307503 -0.569289
    outer loop
      vertex 22.9777 52.86 38.6405
      vertex 23.0611 52.86 38.5288
      vertex 10.7835 34.86 45.2498
    endloop
  endfacet
  facet normal -0.591561 0.0871572 -0.801536
    outer loop
      vertex 23.2016 53.6939 38.6433
      vertex 7.75021 34.86 47.999
      vertex 23.3281 53.86 38.568
    endloop
  endfacet
  facet normal -0.591064 0.0865336 -0.80197
    outer loop
      vertex 7.75021 34.86 47.999
      vertex 23.2016 53.6939 38.6433
      vertex 23.0158 53.3386 38.7419
    endloop
  endfacet
  facet normal -0.59313 -0 -0.805107
    outer loop
      vertex 23.3281 53.86 38.568
      vertex 23.4466 52.86 38.4807
      vertex 23.3281 52.86 38.568
    endloop
  endfacet
  facet normal -0.59313 -0 -0.805107
    outer loop
      vertex 23.3281 54.06 38.568
      vertex 23.4466 52.86 38.4807
      vertex 23.3281 53.86 38.568
    endloop
  endfacet
  facet normal -0.59313 0 -0.805107
    outer loop
      vertex 23.4466 52.86 38.4807
      vertex 23.3281 54.06 38.568
      vertex 23.4466 100.027 38.4807
    endloop
  endfacet
  facet normal -0.59313 0 -0.805107
    outer loop
      vertex 23.4466 100.027 38.4807
      vertex 23.3281 54.06 38.568
      vertex 23.3281 100.027 38.568
    endloop
  endfacet
  facet normal -0.716665 0.245676 -0.652714
    outer loop
      vertex 22.8354 52.86 38.797
      vertex 22.9293 52.86 38.6939
      vertex 9.86414 34.86 46.2641
    endloop
  endfacet
  facet normal -0.511482 -0.00737243 -0.859262
    outer loop
      vertex 7.28134 35.86 48.2761
      vertex 23.2016 54.06 38.6433
      vertex 23.3281 54.06 38.568
    endloop
  endfacet
  facet normal -0.502682 -0.0177304 -0.864289
    outer loop
      vertex 23.2016 54.06 38.6433
      vertex 7.28134 35.86 48.2761
      vertex 7.27601 35.86 48.2792
    endloop
  endfacet
  facet normal -0.517894 -0 -0.855445
    outer loop
      vertex 7.75021 35.06 47.999
      vertex 23.3281 53.86 38.568
      vertex 7.75021 34.86 47.999
    endloop
  endfacet
  facet normal -0.517894 0 -0.855445
    outer loop
      vertex 23.3281 53.86 38.568
      vertex 7.75021 35.06 47.999
      vertex 23.3281 54.06 38.568
    endloop
  endfacet
  facet normal -0.331982 -0.170304 -0.927785
    outer loop
      vertex 15.8602 54.06 42.0355
      vertex 5.78146 35.86 48.9827
      vertex 4.54677 35.86 49.4245
    endloop
  endfacet
  facet normal -0.345046 -0.161828 -0.92453
    outer loop
      vertex 5.78469 35.86 48.9815
      vertex 15.8602 54.06 42.0355
      vertex 15.9371 54.06 42.0068
    endloop
  endfacet
  facet normal -0.343616 -0.162761 -0.924899
    outer loop
      vertex 15.8602 54.06 42.0355
      vertex 5.78469 35.86 48.9815
      vertex 5.78146 35.86 48.9827
    endloop
  endfacet
  facet normal -0.855991 0 -0.516991
    outer loop
      vertex 23.8193 52.86 38.0294
      vertex 23.7432 100.027 38.1554
      vertex 23.8193 100.027 38.0294
    endloop
  endfacet
  facet normal -0.855991 -0 -0.516991
    outer loop
      vertex 23.7432 100.027 38.1554
      vertex 23.8193 52.86 38.0294
      vertex 23.7432 52.86 38.1554
    endloop
  endfacet
  facet normal -0.972274 0 -0.233845
    outer loop
      vertex 23.9757 52.86 37.5788
      vertex 23.9326 100.027 37.758
      vertex 23.9757 100.027 37.5788
    endloop
  endfacet
  facet normal -0.972274 -0 -0.233845
    outer loop
      vertex 23.9326 100.027 37.758
      vertex 23.9757 52.86 37.5788
      vertex 23.9326 52.86 37.758
    endloop
  endfacet
  facet normal -0.872055 0.471923 -0.129646
    outer loop
      vertex 13.8828 34.86 37.7673
      vertex 24.7456 52.86 30.221
      vertex 24.7562 52.86 30.1497
    endloop
  endfacet
  facet normal -0.872037 0.472044 -0.12933
    outer loop
      vertex 13.7623 34.86 38.5798
      vertex 24.7456 52.86 30.221
      vertex 13.8828 34.86 37.7673
    endloop
  endfacet
  facet normal -0.872032 0.47207 -0.129267
    outer loop
      vertex 24.7456 52.86 30.221
      vertex 13.7623 34.86 38.5798
      vertex 13.682 34.86 39.1215
    endloop
  endfacet
  facet normal -0.870688 0.479338 -0.110174
    outer loop
      vertex 24.7562 52.86 30.1497
      vertex 24.7737 52.86 30.0114
      vertex 13.8828 34.86 37.7673
    endloop
  endfacet
  facet normal -0.235739 -0.221338 -0.946275
    outer loop
      vertex 3.055 35.86 49.8117
      vertex 10.5563 54.06 43.6859
      vertex 10.6418 54.06 43.6646
    endloop
  endfacet
  facet normal -0.23654 -0.220969 -0.946161
    outer loop
      vertex 10.5563 54.06 43.6859
      vertex 3.055 35.86 49.8117
      vertex 3.0514 35.86 49.8126
    endloop
  endfacet
  facet normal -0.149233 -0.252133 -0.956116
    outer loop
      vertex 2.93975 35.86 49.8369
      vertex 5.34528 54.06 44.662
      vertex 7.90483 54.06 44.2625
    endloop
  endfacet
  facet normal -0.14905 -0.252163 -0.956137
    outer loop
      vertex 5.34528 54.06 44.662
      vertex 2.93975 35.86 49.8369
      vertex 2.83198 35.86 49.8537
    endloop
  endfacet
  facet normal -0.178071 -0.243443 -0.953429
    outer loop
      vertex 2.9435 35.86 49.8362
      vertex 7.90483 54.06 44.2625
      vertex 7.99371 54.06 44.2459
    endloop
  endfacet
  facet normal -0.177975 -0.243472 -0.953439
    outer loop
      vertex 7.90483 54.06 44.2625
      vertex 2.9435 35.86 49.8362
      vertex 2.93975 35.86 49.8369
    endloop
  endfacet
  facet normal -0.0472325 -0.268554 -0.962106
    outer loop
      vertex 2.60313 54.06 44.9187
      vertex 1.41937 35.86 50.057
      vertex 0.109606 35.86 50.1213
    endloop
  endfacet
  facet normal -0.119455 -0.258571 -0.958578
    outer loop
      vertex 1.53483 35.86 50.0462
      vertex 5.2538 54.06 44.6734
      vertex 5.34528 54.06 44.662
    endloop
  endfacet
  facet normal -0.099704 -0.262924 -0.959651
    outer loop
      vertex 5.2538 54.06 44.6734
      vertex 1.53483 35.86 50.0462
      vertex 1.53098 35.86 50.0466
    endloop
  endfacet
  facet normal 0.14905 -0.252163 -0.956137
    outer loop
      vertex -2.93975 35.86 49.8369
      vertex -5.34528 54.06 44.662
      vertex -2.83198 35.86 49.8537
    endloop
  endfacet
  facet normal 0.149233 -0.252133 -0.956116
    outer loop
      vertex -5.34528 54.06 44.662
      vertex -2.93975 35.86 49.8369
      vertex -7.90483 54.06 44.2625
    endloop
  endfacet
  facet normal -0.407651 0 0.913138
    outer loop
      vertex 24.4267 100.027 28.0681
      vertex 24.5611 52.86 28.1281
      vertex 24.5611 100.027 28.1281
    endloop
  endfacet
  facet normal -0.407651 0 0.913138
    outer loop
      vertex 24.5611 52.86 28.1281
      vertex 24.4267 100.027 28.0681
      vertex 24.4267 52.86 28.0681
    endloop
  endfacet
  facet normal 0.522256 0.00480346 -0.852775
    outer loop
      vertex -7.75021 34.86 47.999
      vertex -23.1876 53.6516 38.6507
      vertex -23.2016 53.86 38.6433
    endloop
  endfacet
  facet normal 0.674891 0.190536 -0.712894
    outer loop
      vertex -22.7588 52.86 38.8677
      vertex -9.86414 34.86 46.2641
      vertex -22.8601 52.86 38.7718
    endloop
  endfacet
  facet normal 0.660589 0.173042 -0.730533
    outer loop
      vertex -9.86414 34.86 46.2641
      vertex -22.7588 52.86 38.8677
      vertex -22.7306 52.86 38.8932
    endloop
  endfacet
  facet normal 0.661374 0.173986 -0.729598
    outer loop
      vertex -22.7306 52.86 38.8932
      vertex -9.4584 34.86 46.6319
      vertex -9.86414 34.86 46.2641
    endloop
  endfacet
  facet normal 0.661317 0.173914 -0.729667
    outer loop
      vertex -9.4584 34.86 46.6319
      vertex -22.7306 52.86 38.8932
      vertex -8.84979 34.86 47.1835
    endloop
  endfacet
  facet normal 0.662088 0.174944 -0.728721
    outer loop
      vertex -8.84979 34.86 47.1835
      vertex -22.7306 52.86 38.8932
      vertex -22.8487 53.0462 38.8306
    endloop
  endfacet
  facet normal 0.717886 0.247469 -0.650691
    outer loop
      vertex -10.7835 34.86 45.2498
      vertex -22.8601 52.86 38.7718
      vertex -9.86414 34.86 46.2641
    endloop
  endfacet
  facet normal 0.718437 0.248152 -0.649822
    outer loop
      vertex -22.8601 52.86 38.7718
      vertex -10.7835 34.86 45.2498
      vertex -22.9084 52.86 38.7184
    endloop
  endfacet
  facet normal 0.728928 0.261429 -0.632707
    outer loop
      vertex -22.9084 52.86 38.7184
      vertex -10.7835 34.86 45.2498
      vertex -22.9998 52.86 38.6131
    endloop
  endfacet
  facet normal 0.443185 -0.0816666 -0.892702
    outer loop
      vertex -7.19307 35.86 48.3233
      vertex -21.1648 54.06 39.722
      vertex -7.19025 35.86 48.3247
    endloop
  endfacet
  facet normal 0.444157 -0.0807324 -0.892304
    outer loop
      vertex -21.1648 54.06 39.722
      vertex -7.19307 35.86 48.3233
      vertex -21.2319 54.06 39.6886
    endloop
  endfacet
  facet normal 0.514199 -0.00415126 -0.857661
    outer loop
      vertex -7.76069 35.36 47.9912
      vertex -23.2016 54.06 38.6433
      vertex -7.77817 35.86 47.9783
    endloop
  endfacet
  facet normal 0.514026 -0.0043452 -0.857763
    outer loop
      vertex -23.2016 54.06 38.6433
      vertex -7.76069 35.36 47.9912
      vertex -7.75021 35.06 47.999
    endloop
  endfacet
  facet normal 0.513993 -0.00438812 -0.857783
    outer loop
      vertex -7.27601 35.86 48.2792
      vertex -7.77817 35.86 47.9783
      vertex -23.2016 54.06 38.6433
    endloop
  endfacet
  facet normal 0.984807 0 -0.173652
    outer loop
      vertex -23.9757 52.86 37.5788
      vertex -25.3603 100.027 29.7265
      vertex -23.9757 100.027 37.5788
    endloop
  endfacet
  facet normal 0.984807 0 -0.173652
    outer loop
      vertex -25.3603 100.027 29.7265
      vertex -23.9757 52.86 37.5788
      vertex -25.3603 52.86 29.7265
    endloop
  endfacet
  facet normal 0.68782 0 -0.725881
    outer loop
      vertex -23.582 52.86 38.3556
      vertex -23.4752 100.027 38.4568
      vertex -23.4752 52.86 38.4568
    endloop
  endfacet
  facet normal 0.68782 0 -0.725881
    outer loop
      vertex -23.4752 100.027 38.4568
      vertex -23.582 52.86 38.3556
      vertex -23.582 100.027 38.3556
    endloop
  endfacet
  facet normal 0.52213 0 -0.852866
    outer loop
      vertex -23.3589 52.86 38.547
      vertex -23.2016 53.86 38.6433
      vertex -23.2016 52.86 38.6433
    endloop
  endfacet
  facet normal 0.52213 0 -0.852866
    outer loop
      vertex -23.2016 53.86 38.6433
      vertex -23.3589 52.86 38.547
      vertex -23.2016 54.06 38.6433
    endloop
  endfacet
  facet normal 0.52213 0 -0.852866
    outer loop
      vertex -23.3589 100.027 38.547
      vertex -23.2016 54.06 38.6433
      vertex -23.3589 52.86 38.547
    endloop
  endfacet
  facet normal 0.52213 0 -0.852866
    outer loop
      vertex -23.2016 54.06 38.6433
      vertex -23.3589 100.027 38.547
      vertex -23.2016 100.027 38.6433
    endloop
  endfacet
  facet normal 0.156169 -0.0967022 0.982985
    outer loop
      vertex -2.72151 35.06 22.718
      vertex -24.0453 54.06 27.9749
      vertex -24.1907 54.06 27.998
    endloop
  endfacet
  facet normal -0.59871 0.405875 0.690516
    outer loop
      vertex 24.0745 52.86 28.2369
      vertex 23.9692 52.86 28.1456
      vertex 8.84979 34.86 25.6165
    endloop
  endfacet
  facet normal -0.555171 0.361046 0.749287
    outer loop
      vertex 23.9113 52.86 28.1027
      vertex 8.84979 34.86 25.6165
      vertex 23.9692 52.86 28.1456
    endloop
  endfacet
  facet normal -0.555449 0.361326 0.748946
    outer loop
      vertex 8.84979 34.86 25.6165
      vertex 23.9113 52.86 28.1027
      vertex 7.7502 34.86 24.801
    endloop
  endfacet
  facet normal -0.832103 0.54061 0.12388
    outer loop
      vertex 13.682 34.86 33.6785
      vertex 24.7676 52.86 29.5889
      vertex 24.757 52.86 29.5177
    endloop
  endfacet
  facet normal -0.832204 0.540563 0.123399
    outer loop
      vertex 24.7676 52.86 29.5889
      vertex 13.682 34.86 33.6785
      vertex 13.8828 34.86 35.0327
    endloop
  endfacet
  facet normal -0.828187 0.542284 0.141545
    outer loop
      vertex 24.757 52.86 29.5177
      vertex 24.7335 52.86 29.3802
      vertex 13.682 34.86 33.6785
    endloop
  endfacet
  facet normal -0.99963 0 -0.0271823
    outer loop
      vertex 25.3827 52.86 29.4334
      vertex 25.3787 100.027 29.5805
      vertex 25.3827 100.027 29.4334
    endloop
  endfacet
  facet normal -0.99963 -0 -0.0271823
    outer loop
      vertex 25.3787 100.027 29.5805
      vertex 25.3827 52.86 29.4334
      vertex 25.3787 52.86 29.5805
    endloop
  endfacet
  facet normal -0.801627 0 -0.597824
    outer loop
      vertex 23.7432 52.86 38.1554
      vertex 23.6552 100.027 38.2734
      vertex 23.7432 100.027 38.1554
    endloop
  endfacet
  facet normal -0.801627 -0 -0.597824
    outer loop
      vertex 23.6552 100.027 38.2734
      vertex 23.7432 52.86 38.1554
      vertex 23.6552 52.86 38.2734
    endloop
  endfacet
  facet normal -0.37211 -0.143837 -0.916976
    outer loop
      vertex 5.89313 35.86 48.9375
      vertex 15.9371 54.06 42.0068
      vertex 18.5125 54.06 40.9617
    endloop
  endfacet
  facet normal -0.372072 -0.143862 -0.916988
    outer loop
      vertex 15.9371 54.06 42.0068
      vertex 5.89313 35.86 48.9375
      vertex 5.78469 35.86 48.9815
    endloop
  endfacet
  facet normal -0.292182 -0.194557 -0.936364
    outer loop
      vertex 4.43852 35.86 49.4617
      vertex 13.208 54.06 42.9437
      vertex 13.2894 54.06 42.9183
    endloop
  endfacet
  facet normal -0.299797 -0.190336 -0.934823
    outer loop
      vertex 13.208 54.06 42.9437
      vertex 4.43852 35.86 49.4617
      vertex 4.43509 35.86 49.4628
    endloop
  endfacet
  facet normal -0.902823 0 -0.430013
    outer loop
      vertex 23.8826 52.86 37.8965
      vertex 23.8193 100.027 38.0294
      vertex 23.8826 100.027 37.8965
    endloop
  endfacet
  facet normal -0.902823 -0 -0.430013
    outer loop
      vertex 23.8193 100.027 38.0294
      vertex 23.8826 52.86 37.8965
      vertex 23.8193 52.86 38.0294
    endloop
  endfacet
  facet normal -0.0599425 -0.267599 -0.961664
    outer loop
      vertex 1.42329 35.86 50.0567
      vertex 2.60313 54.06 44.9187
      vertex 2.69618 54.06 44.9129
    endloop
  endfacet
  facet normal -0.0735471 -0.266534 -0.961015
    outer loop
      vertex 2.60313 54.06 44.9187
      vertex 1.42329 35.86 50.0567
      vertex 1.41937 35.86 50.057
    endloop
  endfacet
  facet normal -0.0898995 -0.265043 -0.960037
    outer loop
      vertex 1.53098 35.86 50.0466
      vertex 2.69618 54.06 44.9129
      vertex 5.2538 54.06 44.6734
    endloop
  endfacet
  facet normal -0.0900387 -0.265032 -0.960027
    outer loop
      vertex 2.69618 54.06 44.9129
      vertex 1.53098 35.86 50.0466
      vertex 1.42329 35.86 50.0567
    endloop
  endfacet
  facet normal 0.207733 -0.234086 -0.949763
    outer loop
      vertex -3.0514 35.86 49.8126
      vertex -7.99371 54.06 44.2459
      vertex -2.9435 35.86 49.8362
    endloop
  endfacet
  facet normal 0.207556 -0.234142 -0.949788
    outer loop
      vertex -7.99371 54.06 44.2459
      vertex -3.0514 35.86 49.8126
      vertex -10.5563 54.06 43.6859
    endloop
  endfacet
  facet normal 0.142005 -0.253352 -0.956895
    outer loop
      vertex -1.53483 35.86 50.0462
      vertex -2.83198 35.86 49.8537
      vertex -5.34528 54.06 44.662
    endloop
  endfacet
  facet normal 0.422016 -0.102051 -0.900826
    outer loop
      vertex -6.00481 35.86 48.8853
      vertex -18.5845 54.06 40.9302
      vertex -5.89616 35.86 48.9362
    endloop
  endfacet
  facet normal 0.421835 -0.102206 -0.900894
    outer loop
      vertex -18.5845 54.06 40.9302
      vertex -6.00481 35.86 48.8853
      vertex -21.1648 54.06 39.722
    endloop
  endfacet
  facet normal 0.468717 -0.0566754 -0.881528
    outer loop
      vertex -7.27601 35.86 48.2792
      vertex -21.2319 54.06 39.6886
      vertex -7.19307 35.86 48.3233
    endloop
  endfacet
  facet normal 0.467997 -0.0573866 -0.881865
    outer loop
      vertex -21.2319 54.06 39.6886
      vertex -7.27601 35.86 48.2792
      vertex -23.2016 54.06 38.6433
    endloop
  endfacet
  facet normal 0.425429 -0.098565 -0.899608
    outer loop
      vertex -6.00481 35.86 48.8853
      vertex -7.19025 35.86 48.3247
      vertex -21.1648 54.06 39.722
    endloop
  endfacet
  facet normal 0.948547 0 -0.316635
    outer loop
      vertex -23.8965 52.86 37.8619
      vertex -23.9431 100.027 37.7223
      vertex -23.8965 100.027 37.8619
    endloop
  endfacet
  facet normal 0.948547 0 -0.316635
    outer loop
      vertex -23.9431 100.027 37.7223
      vertex -23.8965 52.86 37.8619
      vertex -23.9431 52.86 37.7223
    endloop
  endfacet
  facet normal 0.800144 0.36017 -0.479632
    outer loop
      vertex -12.0213 34.86 43.4457
      vertex -23.1234 52.86 38.4414
      vertex -11.599 34.86 44.1502
    endloop
  endfacet
  facet normal 0.800172 0.360207 -0.479558
    outer loop
      vertex -12.3028 34.86 42.976
      vertex -23.1234 52.86 38.4414
      vertex -12.0213 34.86 43.4457
    endloop
  endfacet
  facet normal 0.800324 0.3604 -0.479159
    outer loop
      vertex -23.1234 52.86 38.4414
      vertex -12.3028 34.86 42.976
      vertex -23.1604 52.86 38.3796
    endloop
  endfacet
  facet normal 0.772579 0.320881 -0.547866
    outer loop
      vertex -23.0427 52.86 38.5552
      vertex -11.599 34.86 44.1502
      vertex -23.1234 52.86 38.4414
    endloop
  endfacet
  facet normal 0.0631129 -0.205253 0.976672
    outer loop
      vertex -23.8984 54.06 27.9661
      vertex -2.3222 35.86 22.747
      vertex -2.31601 35.86 22.7466
    endloop
  endfacet
  facet normal 0.0584572 -0.210533 0.975837
    outer loop
      vertex -2.3222 35.86 22.747
      vertex -23.8984 54.06 27.9661
      vertex -24.0453 54.06 27.9749
    endloop
  endfacet
  facet normal 0.252754 0 0.967531
    outer loop
      vertex -24.3331 100.027 28.0352
      vertex -24.1907 54.06 27.998
      vertex -24.1907 100.027 27.998
    endloop
  endfacet
  facet normal 0.252754 -0 0.967531
    outer loop
      vertex -24.3331 52.86 28.0352
      vertex -24.1907 54.06 27.998
      vertex -24.3331 100.027 28.0352
    endloop
  endfacet
  facet normal 0.252754 0 0.967531
    outer loop
      vertex -24.1907 54.06 27.998
      vertex -24.3331 52.86 28.0352
      vertex -24.1907 53.86 27.998
    endloop
  endfacet
  facet normal 0.252754 0 0.967531
    outer loop
      vertex -24.1907 53.86 27.998
      vertex -24.3331 52.86 28.0352
      vertex -24.1907 52.86 27.998
    endloop
  endfacet
  facet normal -0.578149 0 0.815931
    outer loop
      vertex 24.689 100.027 28.201
      vertex 24.8091 52.86 28.2861
      vertex 24.8091 100.027 28.2861
    endloop
  endfacet
  facet normal -0.578149 0 0.815931
    outer loop
      vertex 24.8091 52.86 28.2861
      vertex 24.689 100.027 28.201
      vertex 24.689 52.86 28.201
    endloop
  endfacet
  facet normal -0.542558 0.34679 0.765094
    outer loop
      vertex 23.9113 52.86 28.1027
      vertex 23.7975 52.86 28.022
      vertex 7.7502 34.86 24.801
    endloop
  endfacet
  facet normal -0.655034 0 0.755599
    outer loop
      vertex 24.8091 100.027 28.2861
      vertex 24.9203 52.86 28.3825
      vertex 24.9203 100.027 28.3825
    endloop
  endfacet
  facet normal -0.655034 0 0.755599
    outer loop
      vertex 24.9203 52.86 28.3825
      vertex 24.8091 100.027 28.2861
      vertex 24.8091 52.86 28.2861
    endloop
  endfacet
  facet normal -0.725863 0 0.687839
    outer loop
      vertex 24.9203 52.86 28.3825
      vertex 25.0216 100.027 28.4894
      vertex 24.9203 100.027 28.3825
    endloop
  endfacet
  facet normal -0.725863 0 0.687839
    outer loop
      vertex 25.0216 100.027 28.4894
      vertex 24.9203 52.86 28.3825
      vertex 25.0216 52.86 28.4894
    endloop
  endfacet
  facet normal -0.66949 0 -0.742821
    outer loop
      vertex 23.4466 52.86 38.4807
      vertex 23.556 100.027 38.3821
      vertex 23.556 52.86 38.3821
    endloop
  endfacet
  facet normal -0.66949 0 -0.742821
    outer loop
      vertex 23.556 100.027 38.3821
      vertex 23.4466 52.86 38.4807
      vertex 23.4466 100.027 38.4807
    endloop
  endfacet
  facet normal -0.738647 0 -0.674092
    outer loop
      vertex 23.6552 52.86 38.2734
      vertex 23.556 100.027 38.3821
      vertex 23.6552 100.027 38.2734
    endloop
  endfacet
  facet normal -0.738647 -0 -0.674092
    outer loop
      vertex 23.556 100.027 38.3821
      vertex 23.6552 52.86 38.2734
      vertex 23.556 52.86 38.3821
    endloop
  endfacet
  facet normal -0.421835 -0.102206 -0.900894
    outer loop
      vertex 6.00481 35.86 48.8853
      vertex 18.5845 54.06 40.9302
      vertex 21.1648 54.06 39.722
    endloop
  endfacet
  facet normal -0.422016 -0.102051 -0.900826
    outer loop
      vertex 18.5845 54.06 40.9302
      vertex 6.00481 35.86 48.8853
      vertex 5.89616 35.86 48.9362
    endloop
  endfacet
  facet normal -0.425429 -0.098565 -0.899608
    outer loop
      vertex 21.1648 54.06 39.722
      vertex 7.19025 35.86 48.3247
      vertex 6.00481 35.86 48.8853
    endloop
  endfacet
  facet normal -0.397793 -0.12264 -0.909241
    outer loop
      vertex 5.89616 35.86 48.9362
      vertex 18.5125 54.06 40.9617
      vertex 18.5845 54.06 40.9302
    endloop
  endfacet
  facet normal -0.391028 -0.128274 -0.911396
    outer loop
      vertex 18.5125 54.06 40.9617
      vertex 5.89616 35.86 48.9362
      vertex 5.89313 35.86 48.9375
    endloop
  endfacet
  facet normal -0.264438 -0.209709 -0.941326
    outer loop
      vertex 4.43509 35.86 49.4628
      vertex 10.6418 54.06 43.6646
      vertex 13.208 54.06 42.9437
    endloop
  endfacet
  facet normal -0.263996 -0.209887 -0.941411
    outer loop
      vertex 10.6418 54.06 43.6646
      vertex 4.43509 35.86 49.4628
      vertex 4.32704 35.86 49.4931
    endloop
  endfacet
  facet normal 0.299797 -0.190336 -0.934823
    outer loop
      vertex -4.43852 35.86 49.4617
      vertex -13.208 54.06 42.9437
      vertex -4.43509 35.86 49.4628
    endloop
  endfacet
  facet normal 0.292182 -0.194557 -0.936364
    outer loop
      vertex -13.208 54.06 42.9437
      vertex -4.43852 35.86 49.4617
      vertex -13.2894 54.06 42.9183
    endloop
  endfacet
  facet normal 0.177975 -0.243472 -0.953439
    outer loop
      vertex -2.9435 35.86 49.8362
      vertex -7.90483 54.06 44.2625
      vertex -2.93975 35.86 49.8369
    endloop
  endfacet
  facet normal 0.178071 -0.243443 -0.953429
    outer loop
      vertex -7.90483 54.06 44.2625
      vertex -2.9435 35.86 49.8362
      vertex -7.99371 54.06 44.2459
    endloop
  endfacet
  facet normal 0.0735471 -0.266534 -0.961015
    outer loop
      vertex -1.42329 35.86 50.0567
      vertex -2.60313 54.06 44.9187
      vertex -1.41937 35.86 50.057
    endloop
  endfacet
  facet normal 0.0599425 -0.267599 -0.961664
    outer loop
      vertex -2.60313 54.06 44.9187
      vertex -1.42329 35.86 50.0567
      vertex -2.69618 54.06 44.9129
    endloop
  endfacet
  facet normal 0.755263 0 -0.655422
    outer loop
      vertex -23.582 52.86 38.3556
      vertex -23.6785 100.027 38.2444
      vertex -23.582 100.027 38.3556
    endloop
  endfacet
  facet normal 0.755263 0 -0.655422
    outer loop
      vertex -23.6785 100.027 38.2444
      vertex -23.582 52.86 38.3556
      vertex -23.6785 52.86 38.2444
    endloop
  endfacet
  facet normal -0.444157 -0.0807324 -0.892304
    outer loop
      vertex 7.19307 35.86 48.3233
      vertex 21.1648 54.06 39.722
      vertex 21.2319 54.06 39.6886
    endloop
  endfacet
  facet normal -0.443185 -0.0816666 -0.892702
    outer loop
      vertex 21.1648 54.06 39.722
      vertex 7.19307 35.86 48.3233
      vertex 7.19025 35.86 48.3247
    endloop
  endfacet
  facet normal 0.343616 -0.162761 -0.924899
    outer loop
      vertex -5.78469 35.86 48.9815
      vertex -15.8602 54.06 42.0355
      vertex -5.78146 35.86 48.9827
    endloop
  endfacet
  facet normal 0.345046 -0.161828 -0.92453
    outer loop
      vertex -15.8602 54.06 42.0355
      vertex -5.78469 35.86 48.9815
      vertex -15.9371 54.06 42.0068
    endloop
  endfacet
  facet normal 0.372072 -0.143862 -0.916988
    outer loop
      vertex -5.89313 35.86 48.9375
      vertex -15.9371 54.06 42.0068
      vertex -5.78469 35.86 48.9815
    endloop
  endfacet
  facet normal 0.37211 -0.143837 -0.916976
    outer loop
      vertex -15.9371 54.06 42.0068
      vertex -5.89313 35.86 48.9375
      vertex -18.5125 54.06 40.9617
    endloop
  endfacet
  facet normal 0.23654 -0.220969 -0.946161
    outer loop
      vertex -3.055 35.86 49.8117
      vertex -10.5563 54.06 43.6859
      vertex -3.0514 35.86 49.8126
    endloop
  endfacet
  facet normal 0.235739 -0.221338 -0.946275
    outer loop
      vertex -10.5563 54.06 43.6859
      vertex -3.055 35.86 49.8117
      vertex -10.6418 54.06 43.6646
    endloop
  endfacet
  facet normal 0.099704 -0.262924 -0.959651
    outer loop
      vertex -1.53483 35.86 50.0462
      vertex -5.2538 54.06 44.6734
      vertex -1.53098 35.86 50.0466
    endloop
  endfacet
  facet normal 0.119455 -0.258571 -0.958578
    outer loop
      vertex -5.2538 54.06 44.6734
      vertex -1.53483 35.86 50.0462
      vertex -5.34528 54.06 44.662
    endloop
  endfacet
  facet normal 0.0472325 -0.268554 -0.962106
    outer loop
      vertex -0.109606 35.86 50.1213
      vertex -1.41937 35.86 50.057
      vertex -2.60313 54.06 44.9187
    endloop
  endfacet
  facet normal 0.263996 -0.209887 -0.941411
    outer loop
      vertex -4.43509 35.86 49.4628
      vertex -10.6418 54.06 43.6646
      vertex -4.32704 35.86 49.4931
    endloop
  endfacet
  facet normal 0.264438 -0.209709 -0.941326
    outer loop
      vertex -10.6418 54.06 43.6646
      vertex -4.43509 35.86 49.4628
      vertex -13.208 54.06 42.9437
    endloop
  endfacet
  facet normal 0.331982 -0.170304 -0.927785
    outer loop
      vertex -4.54677 35.86 49.4245
      vertex -5.78146 35.86 48.9827
      vertex -15.8602 54.06 42.0355
    endloop
  endfacet
  facet normal 0.319744 -0.179023 -0.930438
    outer loop
      vertex -4.54677 35.86 49.4245
      vertex -13.2894 54.06 42.9183
      vertex -4.43852 35.86 49.4617
    endloop
  endfacet
  facet normal 0.319525 -0.179146 -0.930489
    outer loop
      vertex -13.2894 54.06 42.9183
      vertex -4.54677 35.86 49.4245
      vertex -15.8602 54.06 42.0355
    endloop
  endfacet
  facet normal 0.0303916 -0.270916 -0.962123
    outer loop
      vertex -0.109606 35.86 50.1213
      vertex -0.0467987 54.06 44.9985
      vertex -0.00197047 35.86 50.1247
    endloop
  endfacet
  facet normal 0.0300346 -0.270918 -0.962134
    outer loop
      vertex -0.0467987 54.06 44.9985
      vertex -0.109606 35.86 50.1213
      vertex -2.60313 54.06 44.9187
    endloop
  endfacet
  facet normal 0 -0.271111 -0.962548
    outer loop
      vertex -0.00197047 35.86 50.1247
      vertex 0.0467987 54.06 44.9985
      vertex 0.00197047 35.86 50.1247
    endloop
  endfacet
  facet normal -0 -0.271111 -0.962548
    outer loop
      vertex 0.0467987 54.06 44.9985
      vertex -0.00197047 35.86 50.1247
      vertex -0.0467987 54.06 44.9985
    endloop
  endfacet
  facet normal 0 1 0
    outer loop
      vertex 23.2016 52.86 38.6433
      vertex 22.782 52.86 38.8453
      vertex 22.7262 52.86 38.8956
    endloop
  endfacet
  facet normal 0 1 0
    outer loop
      vertex 23.2016 52.86 38.6433
      vertex 22.8354 52.86 38.797
      vertex 22.782 52.86 38.8453
    endloop
  endfacet
  facet normal 0 1 0
    outer loop
      vertex 23.2016 52.86 38.6433
      vertex 22.9293 52.86 38.6939
      vertex 22.8354 52.86 38.797
    endloop
  endfacet
  facet normal 0 1 0
    outer loop
      vertex 23.2016 52.86 38.6433
      vertex 22.9777 52.86 38.6405
      vertex 22.9293 52.86 38.6939
    endloop
  endfacet
  facet normal 0 1 0
    outer loop
      vertex 23.104 52.86 38.4709
      vertex 23.2016 52.86 38.6433
      vertex 23.3281 52.86 38.568
    endloop
  endfacet
  facet normal 0 1 0
    outer loop
      vertex 23.2016 52.86 38.6433
      vertex 23.0611 52.86 38.5288
      vertex 22.9777 52.86 38.6405
    endloop
  endfacet
  facet normal 0 1 0
    outer loop
      vertex 23.1761 52.86 38.3515
      vertex 23.3281 52.86 38.568
      vertex 23.4466 52.86 38.4807
    endloop
  endfacet
  facet normal 0 1 0
    outer loop
      vertex 23.2016 52.86 38.6433
      vertex 23.104 52.86 38.4709
      vertex 23.0611 52.86 38.5288
    endloop
  endfacet
  facet normal 0 1 0
    outer loop
      vertex 23.2131 52.86 38.2897
      vertex 23.4466 52.86 38.4807
      vertex 23.556 52.86 38.3821
    endloop
  endfacet
  facet normal 0 1 0
    outer loop
      vertex 23.3281 52.86 38.568
      vertex 23.1761 52.86 38.3515
      vertex 23.104 52.86 38.4709
    endloop
  endfacet
  facet normal 0 1 0
    outer loop
      vertex 23.4466 52.86 38.4807
      vertex 23.2131 52.86 38.2897
      vertex 23.1761 52.86 38.3515
    endloop
  endfacet
  facet normal 0 1 0
    outer loop
      vertex 23.3039 52.86 38.0987
      vertex 23.556 52.86 38.3821
      vertex 23.6552 52.86 38.2734
    endloop
  endfacet
  facet normal 0 1 0
    outer loop
      vertex 23.556 52.86 38.3821
      vertex 23.2731 52.86 38.1638
      vertex 23.2131 52.86 38.2897
    endloop
  endfacet
  facet normal 0 1 0
    outer loop
      vertex 23.3513 52.86 37.9675
      vertex 23.6552 52.86 38.2734
      vertex 23.7432 52.86 38.1554
    endloop
  endfacet
  facet normal 0 1 0
    outer loop
      vertex 23.556 52.86 38.3821
      vertex 23.3039 52.86 38.0987
      vertex 23.2731 52.86 38.1638
    endloop
  endfacet
  facet normal 0 1 0
    outer loop
      vertex 23.3756 52.86 37.8997
      vertex 23.7432 52.86 38.1554
      vertex 23.8193 52.86 38.0294
    endloop
  endfacet
  facet normal 0 1 0
    outer loop
      vertex 23.6552 52.86 38.2734
      vertex 23.3513 52.86 37.9675
      vertex 23.3039 52.86 38.0987
    endloop
  endfacet
  facet normal 0 1 0
    outer loop
      vertex 23.7432 52.86 38.1554
      vertex 23.3756 52.86 37.8997
      vertex 23.3513 52.86 37.9675
    endloop
  endfacet
  facet normal 0 1 0
    outer loop
      vertex 23.3931 52.86 37.8298
      vertex 23.8193 52.86 38.0294
      vertex 23.8826 52.86 37.8965
    endloop
  endfacet
  facet normal 0 1 0
    outer loop
      vertex 23.8193 52.86 38.0294
      vertex 23.3931 52.86 37.8298
      vertex 23.3756 52.86 37.8997
    endloop
  endfacet
  facet normal 0 1 0
    outer loop
      vertex 23.4339 52.86 37.66
      vertex 23.8826 52.86 37.8965
      vertex 23.9326 52.86 37.758
    endloop
  endfacet
  facet normal 0 1 0
    outer loop
      vertex 23.8826 52.86 37.8965
      vertex 23.4339 52.86 37.66
      vertex 23.3931 52.86 37.8298
    endloop
  endfacet
  facet normal 0 1 0
    outer loop
      vertex 23.9757 52.86 37.5788
      vertex 23.4339 52.86 37.66
      vertex 23.9326 52.86 37.758
    endloop
  endfacet
  facet normal 0 1 0
    outer loop
      vertex 23.9757 52.86 37.5788
      vertex 24.7456 52.86 30.221
      vertex 23.4339 52.86 37.66
    endloop
  endfacet
  facet normal 0 1 0
    outer loop
      vertex 25.3603 52.86 29.7265
      vertex 24.7456 52.86 30.221
      vertex 23.9757 52.86 37.5788
    endloop
  endfacet
  facet normal 0 1 0
    outer loop
      vertex 24.7456 52.86 30.221
      vertex 25.3603 52.86 29.7265
      vertex 24.7562 52.86 30.1497
    endloop
  endfacet
  facet normal 0 1 0
    outer loop
      vertex 24.7562 52.86 30.1497
      vertex 25.3603 52.86 29.7265
      vertex 24.7737 52.86 30.0114
    endloop
  endfacet
  facet normal 0 1 0
    outer loop
      vertex 25.3603 52.86 29.7265
      vertex 24.7772 52.86 29.9394
      vertex 24.7737 52.86 30.0114
    endloop
  endfacet
  facet normal 0 1 0
    outer loop
      vertex 25.3603 52.86 29.7265
      vertex 24.781 52.86 29.8
      vertex 24.7772 52.86 29.9394
    endloop
  endfacet
  facet normal 0 1 0
    outer loop
      vertex 25.3603 52.86 29.7265
      vertex 24.7775 52.86 29.7281
      vertex 24.781 52.86 29.8
    endloop
  endfacet
  facet normal 0 1 0
    outer loop
      vertex 25.3603 52.86 29.7265
      vertex 24.7676 52.86 29.5889
      vertex 24.7775 52.86 29.7281
    endloop
  endfacet
  facet normal 0 1 0
    outer loop
      vertex 25.3787 52.86 29.5805
      vertex 24.7676 52.86 29.5889
      vertex 25.3603 52.86 29.7265
    endloop
  endfacet
  facet normal 0 1 0
    outer loop
      vertex 25.3787 52.86 29.5805
      vertex 24.757 52.86 29.5177
      vertex 24.7676 52.86 29.5889
    endloop
  endfacet
  facet normal 0 1 0
    outer loop
      vertex 25.3827 52.86 29.4334
      vertex 24.757 52.86 29.5177
      vertex 25.3787 52.86 29.5805
    endloop
  endfacet
  facet normal 0 1 0
    outer loop
      vertex 25.3827 52.86 29.4334
      vertex 24.7335 52.86 29.3802
      vertex 24.757 52.86 29.5177
    endloop
  endfacet
  facet normal 0 1 -0
    outer loop
      vertex 25.3723 52.86 29.2865
      vertex 24.7335 52.86 29.3802
      vertex 25.3827 52.86 29.4334
    endloop
  endfacet
  facet normal 0 1 0
    outer loop
      vertex 24.7335 52.86 29.3802
      vertex 25.3723 52.86 29.2865
      vertex 24.716 52.86 29.3103
    endloop
  endfacet
  facet normal 0 1 -0
    outer loop
      vertex 25.3475 52.86 29.1414
      vertex 24.716 52.86 29.3103
      vertex 25.3723 52.86 29.2865
    endloop
  endfacet
  facet normal 0 1 0
    outer loop
      vertex 24.716 52.86 29.3103
      vertex 25.3475 52.86 29.1414
      vertex 24.6792 52.86 29.1758
    endloop
  endfacet
  facet normal 0 1 -0
    outer loop
      vertex 25.3086 52.86 28.9994
      vertex 24.6792 52.86 29.1758
      vertex 25.3475 52.86 29.1414
    endloop
  endfacet
  facet normal 0 1 -0
    outer loop
      vertex 25.256 52.86 28.8619
      vertex 24.6792 52.86 29.1758
      vertex 25.3086 52.86 28.9994
    endloop
  endfacet
  facet normal 0 1 0
    outer loop
      vertex 24.6792 52.86 29.1758
      vertex 25.256 52.86 28.8619
      vertex 24.6549 52.86 29.108
    endloop
  endfacet
  facet normal 0 1 -0
    outer loop
      vertex 25.1902 52.86 28.7303
      vertex 24.6549 52.86 29.108
      vertex 25.256 52.86 28.8619
    endloop
  endfacet
  facet normal 0 1 0
    outer loop
      vertex 24.6549 52.86 29.108
      vertex 25.1902 52.86 28.7303
      vertex 24.6051 52.86 28.9777
    endloop
  endfacet
  facet normal 0 1 -0
    outer loop
      vertex 25.1118 52.86 28.6057
      vertex 24.6051 52.86 28.9777
      vertex 25.1902 52.86 28.7303
    endloop
  endfacet
  facet normal 0 1 0
    outer loop
      vertex 24.6051 52.86 28.9777
      vertex 25.1118 52.86 28.6057
      vertex 24.5743 52.86 28.9126
    endloop
  endfacet
  facet normal 0 1 -0
    outer loop
      vertex 25.0216 52.86 28.4894
      vertex 24.5743 52.86 28.9126
      vertex 25.1118 52.86 28.6057
    endloop
  endfacet
  facet normal 0 1 0
    outer loop
      vertex 24.5743 52.86 28.9126
      vertex 25.0216 52.86 28.4894
      vertex 24.5119 52.86 28.7879
    endloop
  endfacet
  facet normal 0 1 -0
    outer loop
      vertex 24.9203 52.86 28.3825
      vertex 24.5119 52.86 28.7879
      vertex 25.0216 52.86 28.4894
    endloop
  endfacet
  facet normal 0 1 0
    outer loop
      vertex 24.5119 52.86 28.7879
      vertex 24.9203 52.86 28.3825
      vertex 24.4749 52.86 28.7261
    endloop
  endfacet
  facet normal 0 1 -0
    outer loop
      vertex 24.8091 52.86 28.2861
      vertex 24.4749 52.86 28.7261
      vertex 24.9203 52.86 28.3825
    endloop
  endfacet
  facet normal 0 1 0
    outer loop
      vertex 24.4749 52.86 28.7261
      vertex 24.8091 52.86 28.2861
      vertex 24.4006 52.86 28.608
    endloop
  endfacet
  facet normal 0 1 -0
    outer loop
      vertex 24.689 52.86 28.201
      vertex 24.4006 52.86 28.608
      vertex 24.8091 52.86 28.2861
    endloop
  endfacet
  facet normal 0 1 0
    outer loop
      vertex 24.4006 52.86 28.608
      vertex 24.689 52.86 28.201
      vertex 24.3577 52.86 28.5502
    endloop
  endfacet
  facet normal 0 1 -0
    outer loop
      vertex 24.5611 52.86 28.1281
      vertex 24.3577 52.86 28.5502
      vertex 24.689 52.86 28.201
    endloop
  endfacet
  facet normal 0 1 0
    outer loop
      vertex 24.3577 52.86 28.5502
      vertex 24.5611 52.86 28.1281
      vertex 24.2722 52.86 28.44
    endloop
  endfacet
  facet normal 0 1 -0
    outer loop
      vertex 24.4267 52.86 28.0681
      vertex 24.2722 52.86 28.44
      vertex 24.5611 52.86 28.1281
    endloop
  endfacet
  facet normal 0 1 0
    outer loop
      vertex 24.2722 52.86 28.44
      vertex 24.4267 52.86 28.0681
      vertex 24.2238 52.86 28.3866
    endloop
  endfacet
  facet normal 0 1 0
    outer loop
      vertex 24.2238 52.86 28.3866
      vertex 24.4267 52.86 28.0681
      vertex 24.1279 52.86 28.2853
    endloop
  endfacet
  facet normal 0 1 -0
    outer loop
      vertex 24.2871 52.86 28.0215
      vertex 24.1279 52.86 28.2853
      vertex 24.4267 52.86 28.0681
    endloop
  endfacet
  facet normal 0 1 0
    outer loop
      vertex 24.1279 52.86 28.2853
      vertex 24.2871 52.86 28.0215
      vertex 24.0745 52.86 28.2369
    endloop
  endfacet
  facet normal 0 1 -0
    outer loop
      vertex 24.1435 52.86 27.9889
      vertex 24.0745 52.86 28.2369
      vertex 24.2871 52.86 28.0215
    endloop
  endfacet
  facet normal 0 1 0
    outer loop
      vertex 24.0745 52.86 28.2369
      vertex 24.1435 52.86 27.9889
      vertex 23.9692 52.86 28.1456
    endloop
  endfacet
  facet normal 0 1 -0
    outer loop
      vertex 23.9975 52.86 27.9704
      vertex 23.9692 52.86 28.1456
      vertex 24.1435 52.86 27.9889
    endloop
  endfacet
  facet normal 0 1 0
    outer loop
      vertex 23.9692 52.86 28.1456
      vertex 23.9975 52.86 27.9704
      vertex 23.9113 52.86 28.1027
    endloop
  endfacet
  facet normal 0 1 0
    outer loop
      vertex 23.8504 52.86 27.9664
      vertex 23.9113 52.86 28.1027
      vertex 23.9975 52.86 27.9704
    endloop
  endfacet
  facet normal 0 1 0
    outer loop
      vertex 23.9113 52.86 28.1027
      vertex 23.8504 52.86 27.9664
      vertex 23.7975 52.86 28.022
    endloop
  endfacet
  facet normal 0 1 0
    outer loop
      vertex 23.7357 52.86 27.985
      vertex 23.7513 52.86 27.9719
      vertex 23.7179 52.86 27.9748
    endloop
  endfacet
  facet normal -0 1 0
    outer loop
      vertex 23.7513 52.86 27.9719
      vertex 23.7975 52.86 28.022
      vertex 23.8504 52.86 27.9664
    endloop
  endfacet
  facet normal 0 1 0
    outer loop
      vertex 23.7975 52.86 28.022
      vertex 23.7513 52.86 27.9719
      vertex 23.7357 52.86 27.985
    endloop
  endfacet
  facet normal 0 1 -0
    outer loop
      vertex -22.7588 52.86 38.8677
      vertex -23.2016 52.86 38.6433
      vertex -22.7306 52.86 38.8932
    endloop
  endfacet
  facet normal 0 1 -0
    outer loop
      vertex -22.8601 52.86 38.7718
      vertex -23.2016 52.86 38.6433
      vertex -22.7588 52.86 38.8677
    endloop
  endfacet
  facet normal 0 1 -0
    outer loop
      vertex -22.9084 52.86 38.7184
      vertex -23.2016 52.86 38.6433
      vertex -22.8601 52.86 38.7718
    endloop
  endfacet
  facet normal 0 1 -0
    outer loop
      vertex -22.9998 52.86 38.6131
      vertex -23.2016 52.86 38.6433
      vertex -22.9084 52.86 38.7184
    endloop
  endfacet
  facet normal 0 1 -0
    outer loop
      vertex -23.0427 52.86 38.5552
      vertex -23.2016 52.86 38.6433
      vertex -22.9998 52.86 38.6131
    endloop
  endfacet
  facet normal 0 1 -0
    outer loop
      vertex -23.1234 52.86 38.4414
      vertex -23.2016 52.86 38.6433
      vertex -23.0427 52.86 38.5552
    endloop
  endfacet
  facet normal 0 1 0
    outer loop
      vertex -23.2016 52.86 38.6433
      vertex -23.1234 52.86 38.4414
      vertex -23.3589 52.86 38.547
    endloop
  endfacet
  facet normal 0 1 -0
    outer loop
      vertex -23.1604 52.86 38.3796
      vertex -23.3589 52.86 38.547
      vertex -23.1234 52.86 38.4414
    endloop
  endfacet
  facet normal 0 1 -0
    outer loop
      vertex -23.2295 52.86 38.2584
      vertex -23.3589 52.86 38.547
      vertex -23.1604 52.86 38.3796
    endloop
  endfacet
  facet normal 0 1 0
    outer loop
      vertex -23.3589 52.86 38.547
      vertex -23.2295 52.86 38.2584
      vertex -23.4752 52.86 38.4568
    endloop
  endfacet
  facet normal 0 1 -0
    outer loop
      vertex -23.2603 52.86 38.1933
      vertex -23.4752 52.86 38.4568
      vertex -23.2295 52.86 38.2584
    endloop
  endfacet
  facet normal 0 1 0
    outer loop
      vertex -23.4752 52.86 38.4568
      vertex -23.2603 52.86 38.1933
      vertex -23.582 52.86 38.3556
    endloop
  endfacet
  facet normal 0 1 -0
    outer loop
      vertex -23.3171 52.86 38.066
      vertex -23.582 52.86 38.3556
      vertex -23.2603 52.86 38.1933
    endloop
  endfacet
  facet normal 0 1 0
    outer loop
      vertex -23.582 52.86 38.3556
      vertex -23.3171 52.86 38.066
      vertex -23.6785 52.86 38.2444
    endloop
  endfacet
  facet normal 0 1 -0
    outer loop
      vertex -23.3414 52.86 37.9981
      vertex -23.6785 52.86 38.2444
      vertex -23.3171 52.86 38.066
    endloop
  endfacet
  facet normal 0 1 0
    outer loop
      vertex -23.6785 52.86 38.2444
      vertex -23.3414 52.86 37.9981
      vertex -23.7636 52.86 38.1242
    endloop
  endfacet
  facet normal 0 1 -0
    outer loop
      vertex -23.3855 52.86 37.8658
      vertex -23.7636 52.86 38.1242
      vertex -23.3414 52.86 37.9981
    endloop
  endfacet
  facet normal 0 1 0
    outer loop
      vertex -23.7636 52.86 38.1242
      vertex -23.3855 52.86 37.8658
      vertex -23.8365 52.86 37.9964
    endloop
  endfacet
  facet normal 0 1 -0
    outer loop
      vertex -23.403 52.86 37.7959
      vertex -23.8365 52.86 37.9964
      vertex -23.3855 52.86 37.8658
    endloop
  endfacet
  facet normal 0 1 0
    outer loop
      vertex -23.8365 52.86 37.9964
      vertex -23.403 52.86 37.7959
      vertex -23.8965 52.86 37.8619
    endloop
  endfacet
  facet normal 0 1 -0
    outer loop
      vertex -23.4339 52.86 37.66
      vertex -23.8965 52.86 37.8619
      vertex -23.403 52.86 37.7959
    endloop
  endfacet
  facet normal 0 1 0
    outer loop
      vertex -23.8965 52.86 37.8619
      vertex -23.4339 52.86 37.66
      vertex -23.9431 52.86 37.7223
    endloop
  endfacet
  facet normal 0 1 0
    outer loop
      vertex -23.4339 52.86 37.66
      vertex -23.9757 52.86 37.5788
      vertex -23.9431 52.86 37.7223
    endloop
  endfacet
  facet normal 0 1 0
    outer loop
      vertex -24.7456 52.86 30.221
      vertex -23.9757 52.86 37.5788
      vertex -23.4339 52.86 37.66
    endloop
  endfacet
  facet normal 0 1 0
    outer loop
      vertex -25.3603 52.86 29.7265
      vertex -24.7456 52.86 30.221
      vertex -24.7562 52.86 30.1497
    endloop
  endfacet
  facet normal 0 1 0
    outer loop
      vertex -25.3603 52.86 29.7265
      vertex -24.7562 52.86 30.1497
      vertex -24.7695 52.86 30.0567
    endloop
  endfacet
  facet normal 0 1 -0
    outer loop
      vertex -24.7456 52.86 30.221
      vertex -25.3603 52.86 29.7265
      vertex -23.9757 52.86 37.5788
    endloop
  endfacet
  facet normal 0 1 -0
    outer loop
      vertex -24.7777 52.86 29.9175
      vertex -25.3603 52.86 29.7265
      vertex -24.7695 52.86 30.0567
    endloop
  endfacet
  facet normal 0 1 -0
    outer loop
      vertex -24.7813 52.86 29.8455
      vertex -25.3603 52.86 29.7265
      vertex -24.7777 52.86 29.9175
    endloop
  endfacet
  facet normal 0 1 0
    outer loop
      vertex -24.7758 52.86 29.7062
      vertex -25.3603 52.86 29.7265
      vertex -24.7813 52.86 29.8455
    endloop
  endfacet
  facet normal 0 1 0
    outer loop
      vertex -24.7723 52.86 29.6342
      vertex -25.3603 52.86 29.7265
      vertex -24.7758 52.86 29.7062
    endloop
  endfacet
  facet normal 0 1 0
    outer loop
      vertex -24.7723 52.86 29.6342
      vertex -25.3743 52.86 29.6283
      vertex -25.3603 52.86 29.7265
    endloop
  endfacet
  facet normal 0 1 0
    outer loop
      vertex -25.383 52.86 29.4814
      vertex -24.7723 52.86 29.6342
      vertex -24.7533 52.86 29.4961
    endloop
  endfacet
  facet normal 0 1 0
    outer loop
      vertex -24.7723 52.86 29.6342
      vertex -25.383 52.86 29.4814
      vertex -25.3743 52.86 29.6283
    endloop
  endfacet
  facet normal 0 1 0
    outer loop
      vertex -25.3773 52.86 29.3343
      vertex -24.7533 52.86 29.4961
      vertex -24.7427 52.86 29.4248
    endloop
  endfacet
  facet normal 0 1 0
    outer loop
      vertex -24.7533 52.86 29.4961
      vertex -25.3773 52.86 29.3343
      vertex -25.383 52.86 29.4814
    endloop
  endfacet
  facet normal 0 1 0
    outer loop
      vertex -25.3572 52.86 29.1885
      vertex -24.7427 52.86 29.4248
      vertex -24.7102 52.86 29.2892
    endloop
  endfacet
  facet normal 0 1 0
    outer loop
      vertex -25.3228 52.86 29.0453
      vertex -24.7102 52.86 29.2892
      vertex -24.6927 52.86 29.2193
    endloop
  endfacet
  facet normal 0 1 0
    outer loop
      vertex -24.7427 52.86 29.4248
      vertex -25.3572 52.86 29.1885
      vertex -25.3773 52.86 29.3343
    endloop
  endfacet
  facet normal 0 1 0
    outer loop
      vertex -25.2747 52.86 28.9062
      vertex -24.6927 52.86 29.2193
      vertex -24.647 52.86 29.0875
    endloop
  endfacet
  facet normal 0 1 0
    outer loop
      vertex -24.7102 52.86 29.2892
      vertex -25.3228 52.86 29.0453
      vertex -25.3572 52.86 29.1885
    endloop
  endfacet
  facet normal 0 1 0
    outer loop
      vertex -25.2131 52.86 28.7725
      vertex -24.647 52.86 29.0875
      vertex -24.6227 52.86 29.0197
    endloop
  endfacet
  facet normal 0 1 0
    outer loop
      vertex -24.6927 52.86 29.2193
      vertex -25.2747 52.86 28.9062
      vertex -25.3228 52.86 29.0453
    endloop
  endfacet
  facet normal 0 1 0
    outer loop
      vertex -25.1387 52.86 28.6455
      vertex -24.6227 52.86 29.0197
      vertex -24.5644 52.86 28.893
    endloop
  endfacet
  facet normal 0 1 0
    outer loop
      vertex -25.0522 52.86 28.5264
      vertex -24.5644 52.86 28.893
      vertex -24.5336 52.86 28.8279
    endloop
  endfacet
  facet normal 0 1 0
    outer loop
      vertex -24.647 52.86 29.0875
      vertex -25.2131 52.86 28.7725
      vertex -25.2747 52.86 28.9062
    endloop
  endfacet
  facet normal 0 1 0
    outer loop
      vertex -24.9545 52.86 28.4163
      vertex -24.5336 52.86 28.8279
      vertex -24.4631 52.86 28.7075
    endloop
  endfacet
  facet normal 0 1 0
    outer loop
      vertex -24.8465 52.86 28.3163
      vertex -24.4631 52.86 28.7075
      vertex -24.4261 52.86 28.6457
    endloop
  endfacet
  facet normal 0 1 0
    outer loop
      vertex -24.6227 52.86 29.0197
      vertex -25.1387 52.86 28.6455
      vertex -25.2131 52.86 28.7725
    endloop
  endfacet
  facet normal 0 1 0
    outer loop
      vertex -24.7291 52.86 28.2274
      vertex -24.4261 52.86 28.6457
      vertex -24.3442 52.86 28.5329
    endloop
  endfacet
  facet normal 0 1 0
    outer loop
      vertex -24.5644 52.86 28.893
      vertex -25.0522 52.86 28.5264
      vertex -25.1387 52.86 28.6455
    endloop
  endfacet
  facet normal 0 1 0
    outer loop
      vertex -24.6036 52.86 28.1505
      vertex -24.3442 52.86 28.5329
      vertex -24.3013 52.86 28.475
    endloop
  endfacet
  facet normal 0 1 0
    outer loop
      vertex -24.5336 52.86 28.8279
      vertex -24.9545 52.86 28.4163
      vertex -25.0522 52.86 28.5264
    endloop
  endfacet
  facet normal 0 1 0
    outer loop
      vertex -24.4712 52.86 28.0862
      vertex -24.3013 52.86 28.475
      vertex -24.2087 52.86 28.3707
    endloop
  endfacet
  facet normal 0 1 0
    outer loop
      vertex -24.3331 52.86 28.0352
      vertex -24.2087 52.86 28.3707
      vertex -24.1603 52.86 28.3173
    endloop
  endfacet
  facet normal 0 1 0
    outer loop
      vertex -24.4631 52.86 28.7075
      vertex -24.8465 52.86 28.3163
      vertex -24.9545 52.86 28.4163
    endloop
  endfacet
  facet normal 0 1 0
    outer loop
      vertex -24.4261 52.86 28.6457
      vertex -24.7291 52.86 28.2274
      vertex -24.8465 52.86 28.3163
    endloop
  endfacet
  facet normal 0 1 0
    outer loop
      vertex -24.1907 52.86 27.998
      vertex -24.1603 52.86 28.3173
      vertex -24.0579 52.86 28.2226
    endloop
  endfacet
  facet normal 0 1 0
    outer loop
      vertex -24.1907 52.86 27.998
      vertex -24.0579 52.86 28.2226
      vertex -24.0045 52.86 28.1742
    endloop
  endfacet
  facet normal 0 1 0
    outer loop
      vertex -24.3442 52.86 28.5329
      vertex -24.6036 52.86 28.1505
      vertex -24.7291 52.86 28.2274
    endloop
  endfacet
  facet normal 0 1 0
    outer loop
      vertex -24.0453 52.86 27.9749
      vertex -24.0045 52.86 28.1742
      vertex -23.8934 52.86 28.09
    endloop
  endfacet
  facet normal 0 1 0
    outer loop
      vertex -24.3013 52.86 28.475
      vertex -24.4712 52.86 28.0862
      vertex -24.6036 52.86 28.1505
    endloop
  endfacet
  facet normal 0 1 0
    outer loop
      vertex -23.8984 52.86 27.9661
      vertex -23.8934 52.86 28.09
      vertex -23.8355 52.86 28.0471
    endloop
  endfacet
  facet normal 0 1 0
    outer loop
      vertex -24.2087 52.86 28.3707
      vertex -24.3331 52.86 28.0352
      vertex -24.4712 52.86 28.0862
    endloop
  endfacet
  facet normal 0 1 0
    outer loop
      vertex -24.1603 52.86 28.3173
      vertex -24.1907 52.86 27.998
      vertex -24.3331 52.86 28.0352
    endloop
  endfacet
  facet normal 0 1 0
    outer loop
      vertex -24.0045 52.86 28.1742
      vertex -24.0453 52.86 27.9749
      vertex -24.1907 52.86 27.998
    endloop
  endfacet
  facet normal 0 1 -0
    outer loop
      vertex -23.7513 52.86 27.9719
      vertex -23.8355 52.86 28.0471
      vertex -23.7177 52.86 27.9748
    endloop
  endfacet
  facet normal 0 1 0
    outer loop
      vertex -23.8984 52.86 27.9661
      vertex -23.8355 52.86 28.0471
      vertex -23.7513 52.86 27.9719
    endloop
  endfacet
  facet normal 0 1 0
    outer loop
      vertex -23.8934 52.86 28.09
      vertex -23.8984 52.86 27.9661
      vertex -24.0453 52.86 27.9749
    endloop
  endfacet
  facet normal -0.0622113 0 -0.998063
    outer loop
      vertex 2.60313 54.06 44.9187
      vertex 2.69618 100.027 44.9129
      vertex 2.69618 54.06 44.9129
    endloop
  endfacet
  facet normal -0.0622113 0 -0.998063
    outer loop
      vertex 2.69618 100.027 44.9129
      vertex 2.60313 54.06 44.9187
      vertex 2.60313 100.027 44.9187
    endloop
  endfacet
  facet normal -0.0932339 0 -0.995644
    outer loop
      vertex 2.69618 54.06 44.9129
      vertex 5.2538 100.027 44.6734
      vertex 5.2538 54.06 44.6734
    endloop
  endfacet
  facet normal -0.0932339 0 -0.995644
    outer loop
      vertex 5.2538 100.027 44.6734
      vertex 2.69618 54.06 44.9129
      vertex 2.69618 100.027 44.9129
    endloop
  endfacet
  facet normal -0.123661 0 -0.992325
    outer loop
      vertex 5.2538 54.06 44.6734
      vertex 5.34528 100.027 44.662
      vertex 5.34528 54.06 44.662
    endloop
  endfacet
  facet normal -0.123661 0 -0.992325
    outer loop
      vertex 5.34528 100.027 44.662
      vertex 5.2538 54.06 44.6734
      vertex 5.2538 100.027 44.6734
    endloop
  endfacet
  facet normal -0.154215 0 -0.988037
    outer loop
      vertex 5.34528 54.06 44.662
      vertex 7.90483 100.027 44.2625
      vertex 7.90483 54.06 44.2625
    endloop
  endfacet
  facet normal -0.154215 0 -0.988037
    outer loop
      vertex 7.90483 100.027 44.2625
      vertex 5.34528 54.06 44.662
      vertex 5.34528 100.027 44.662
    endloop
  endfacet
  facet normal -0.183594 0 -0.983002
    outer loop
      vertex 7.90483 54.06 44.2625
      vertex 7.99371 100.027 44.2459
      vertex 7.99371 54.06 44.2459
    endloop
  endfacet
  facet normal -0.183594 0 -0.983002
    outer loop
      vertex 7.99371 100.027 44.2459
      vertex 7.90483 54.06 44.2625
      vertex 7.90483 100.027 44.2625
    endloop
  endfacet
  facet normal -0.213491 0 -0.976945
    outer loop
      vertex 7.99371 54.06 44.2459
      vertex 10.5563 100.027 43.6859
      vertex 10.5563 54.06 43.6859
    endloop
  endfacet
  facet normal -0.213491 0 -0.976945
    outer loop
      vertex 10.5563 100.027 43.6859
      vertex 7.99371 54.06 44.2459
      vertex 7.99371 100.027 44.2459
    endloop
  endfacet
  facet normal -0.241734 0 -0.970342
    outer loop
      vertex 10.5563 54.06 43.6859
      vertex 10.6418 100.027 43.6646
      vertex 10.6418 54.06 43.6646
    endloop
  endfacet
  facet normal -0.241734 0 -0.970342
    outer loop
      vertex 10.6418 100.027 43.6646
      vertex 10.5563 54.06 43.6859
      vertex 10.5563 100.027 43.6859
    endloop
  endfacet
  facet normal -0.270452 0 -0.962733
    outer loop
      vertex 10.6418 54.06 43.6646
      vertex 13.208 100.027 42.9437
      vertex 13.208 54.06 42.9437
    endloop
  endfacet
  facet normal -0.270452 0 -0.962733
    outer loop
      vertex 13.208 100.027 42.9437
      vertex 10.6418 54.06 43.6646
      vertex 10.6418 100.027 43.6646
    endloop
  endfacet
  facet normal -0.297874 0 -0.954605
    outer loop
      vertex 13.208 54.06 42.9437
      vertex 13.2894 100.027 42.9183
      vertex 13.2894 54.06 42.9183
    endloop
  endfacet
  facet normal -0.297874 0 -0.954605
    outer loop
      vertex 13.2894 100.027 42.9183
      vertex 13.208 54.06 42.9437
      vertex 13.208 100.027 42.9437
    endloop
  endfacet
  facet normal -0.32478 0 -0.94579
    outer loop
      vertex 13.2894 54.06 42.9183
      vertex 15.8602 100.027 42.0355
      vertex 15.8602 54.06 42.0355
    endloop
  endfacet
  facet normal -0.32478 0 -0.94579
    outer loop
      vertex 15.8602 100.027 42.0355
      vertex 13.2894 54.06 42.9183
      vertex 13.2894 100.027 42.9183
    endloop
  endfacet
  facet normal -0.349654 0 -0.936879
    outer loop
      vertex 15.8602 54.06 42.0355
      vertex 15.9371 100.027 42.0068
      vertex 15.9371 54.06 42.0068
    endloop
  endfacet
  facet normal -0.349654 0 -0.936879
    outer loop
      vertex 15.9371 100.027 42.0068
      vertex 15.8602 54.06 42.0355
      vertex 15.8602 100.027 42.0355
    endloop
  endfacet
  facet normal -0.37602 0 -0.926612
    outer loop
      vertex 15.9371 54.06 42.0068
      vertex 18.5125 100.027 40.9617
      vertex 18.5125 54.06 40.9617
    endloop
  endfacet
  facet normal -0.37602 0 -0.926612
    outer loop
      vertex 18.5125 100.027 40.9617
      vertex 15.9371 54.06 42.0068
      vertex 15.9371 100.027 42.0068
    endloop
  endfacet
  facet normal -0.400819 0 -0.916157
    outer loop
      vertex 18.5125 54.06 40.9617
      vertex 18.5845 100.027 40.9302
      vertex 18.5845 54.06 40.9302
    endloop
  endfacet
  facet normal -0.400819 0 -0.916157
    outer loop
      vertex 18.5845 100.027 40.9302
      vertex 18.5125 54.06 40.9617
      vertex 18.5125 100.027 40.9617
    endloop
  endfacet
  facet normal -0.424055 0 -0.905636
    outer loop
      vertex 18.5845 54.06 40.9302
      vertex 21.1648 100.027 39.722
      vertex 21.1648 54.06 39.722
    endloop
  endfacet
  facet normal -0.424055 0 -0.905636
    outer loop
      vertex 21.1648 100.027 39.722
      vertex 18.5845 54.06 40.9302
      vertex 18.5845 100.027 40.9302
    endloop
  endfacet
  facet normal -0.445612 0 -0.895226
    outer loop
      vertex 21.1648 54.06 39.722
      vertex 21.2319 100.027 39.6886
      vertex 21.2319 54.06 39.6886
    endloop
  endfacet
  facet normal -0.445612 0 -0.895226
    outer loop
      vertex 21.2319 100.027 39.6886
      vertex 21.1648 54.06 39.722
      vertex 21.1648 100.027 39.722
    endloop
  endfacet
  facet normal -0.468769 0 -0.883321
    outer loop
      vertex 21.2319 54.06 39.6886
      vertex 23.2016 100.027 38.6433
      vertex 23.2016 54.06 38.6433
    endloop
  endfacet
  facet normal -0.468769 0 -0.883321
    outer loop
      vertex 23.2016 100.027 38.6433
      vertex 21.2319 54.06 39.6886
      vertex 21.2319 100.027 39.6886
    endloop
  endfacet
  facet normal -0.468761 0 -0.883325
    outer loop
      vertex 23.2016 52.86 38.6433
      vertex 23.0158 53.3386 38.7419
      vertex 23.2016 53.6939 38.6433
    endloop
  endfacet
  facet normal -0.468747 7.00022e-06 -0.883332
    outer loop
      vertex 23.2016 52.86 38.6433
      vertex 22.9489 53.2121 38.7774
      vertex 23.0158 53.3386 38.7419
    endloop
  endfacet
  facet normal -0.468784 -2.67545e-05 -0.883313
    outer loop
      vertex 22.9489 53.2121 38.7774
      vertex 23.2016 52.86 38.6433
      vertex 22.7262 52.86 38.8956
    endloop
  endfacet
  facet normal -0.511496 0 -0.859286
    outer loop
      vertex 23.2016 54.06 38.6433
      vertex 23.3281 100.027 38.568
      vertex 23.3281 54.06 38.568
    endloop
  endfacet
  facet normal -0.511496 0 -0.859286
    outer loop
      vertex 23.3281 100.027 38.568
      vertex 23.2016 54.06 38.6433
      vertex 23.2016 100.027 38.6433
    endloop
  endfacet
  facet normal -0.511496 -0 -0.859286
    outer loop
      vertex 23.2016 53.6939 38.6433
      vertex 23.3281 52.86 38.568
      vertex 23.2016 52.86 38.6433
    endloop
  endfacet
  facet normal -0.511496 0 -0.859286
    outer loop
      vertex 23.3281 52.86 38.568
      vertex 23.2016 53.6939 38.6433
      vertex 23.3281 53.86 38.568
    endloop
  endfacet
  facet normal -0.221386 0 0.975186
    outer loop
      vertex 24.1435 100.027 27.9889
      vertex 24.2871 54.06 28.0215
      vertex 24.2871 100.027 28.0215
    endloop
  endfacet
  facet normal -0.221386 0 0.975186
    outer loop
      vertex 24.2871 54.06 28.0215
      vertex 24.1435 100.027 27.9889
      vertex 24.1435 54.06 27.9889
    endloop
  endfacet
  facet normal -0.221386 0 0.975186
    outer loop
      vertex 24.1435 53.6974 27.9889
      vertex 24.2871 52.86 28.0215
      vertex 24.2871 53.86 28.0215
    endloop
  endfacet
  facet normal -0.221386 0 0.975186
    outer loop
      vertex 24.2871 52.86 28.0215
      vertex 24.1435 53.6974 27.9889
      vertex 24.1435 52.86 27.9889
    endloop
  endfacet
  facet normal -0.125707 0 0.992067
    outer loop
      vertex 23.9975 100.027 27.9704
      vertex 24.1435 54.06 27.9889
      vertex 24.1435 100.027 27.9889
    endloop
  endfacet
  facet normal -0.125707 0 0.992067
    outer loop
      vertex 24.1435 54.06 27.9889
      vertex 23.9975 100.027 27.9704
      vertex 23.9975 54.06 27.9704
    endloop
  endfacet
  facet normal -0.125737 0 0.992064
    outer loop
      vertex 24.0646 53.5224 27.9789
      vertex 24.1435 52.86 27.9889
      vertex 24.1435 53.6974 27.9889
    endloop
  endfacet
  facet normal -0.126812 -0.000130157 0.991927
    outer loop
      vertex 24.0404 53.4754 27.9758
      vertex 24.1435 52.86 27.9889
      vertex 24.0646 53.5224 27.9789
    endloop
  endfacet
  facet normal -0.125126 0.000156962 0.992141
    outer loop
      vertex 23.9975 53.4096 27.9704
      vertex 24.1435 52.86 27.9889
      vertex 24.0404 53.4754 27.9758
    endloop
  endfacet
  facet normal -0.125707 0 0.992067
    outer loop
      vertex 24.1435 52.86 27.9889
      vertex 23.9975 53.4096 27.9704
      vertex 23.9975 52.86 27.9704
    endloop
  endfacet
  facet normal -0.0271823 0 0.99963
    outer loop
      vertex 23.8504 100.027 27.9664
      vertex 23.9975 54.06 27.9704
      vertex 23.9975 100.027 27.9704
    endloop
  endfacet
  facet normal -0.0271823 0 0.99963
    outer loop
      vertex 23.9975 54.06 27.9704
      vertex 23.8504 100.027 27.9664
      vertex 23.8504 54.06 27.9664
    endloop
  endfacet
  facet normal -0.0267335 0 0.999643
    outer loop
      vertex 23.8928 53.1994 27.9676
      vertex 23.9975 52.86 27.9704
      vertex 23.9975 53.4096 27.9704
    endloop
  endfacet
  facet normal -0.0277164 -0.000303419 0.999616
    outer loop
      vertex 23.8504 53.1191 27.9664
      vertex 23.9975 52.86 27.9704
      vertex 23.8928 53.1994 27.9676
    endloop
  endfacet
  facet normal -0.0271823 0 0.99963
    outer loop
      vertex 23.9975 52.86 27.9704
      vertex 23.8504 53.1191 27.9664
      vertex 23.8504 52.86 27.9664
    endloop
  endfacet
  facet normal 0.0554142 0 0.998463
    outer loop
      vertex 23.7513 100.027 27.9719
      vertex 23.8504 54.06 27.9664
      vertex 23.8504 100.027 27.9664
    endloop
  endfacet
  facet normal 0.0554142 0 0.998463
    outer loop
      vertex 23.8504 54.06 27.9664
      vertex 23.7513 100.027 27.9719
      vertex 23.7513 54.06 27.9719
    endloop
  endfacet
  facet normal 0.058722 0 0.998274
    outer loop
      vertex 23.8419 53.1002 27.9669
      vertex 23.8504 52.86 27.9664
      vertex 23.8504 53.1191 27.9664
    endloop
  endfacet
  facet normal 0.0553329 -0.000120336 0.998468
    outer loop
      vertex 23.7513 52.9272 27.9719
      vertex 23.8504 52.86 27.9664
      vertex 23.8419 53.1002 27.9669
    endloop
  endfacet
  facet normal 0.0554142 0 0.998463
    outer loop
      vertex 23.8504 52.86 27.9664
      vertex 23.7513 52.9272 27.9719
      vertex 23.7513 52.86 27.9719
    endloop
  endfacet
  facet normal 0.0865009 0 0.996252
    outer loop
      vertex 23.7513 52.9272 27.9719
      vertex 23.7179 52.86 27.9748
      vertex 23.7513 52.86 27.9719
    endloop
  endfacet
  facet normal 0.0878008 0 0.996138
    outer loop
      vertex 22.8448 100.027 28.0518
      vertex 23.7513 54.06 27.9719
      vertex 23.7513 100.027 27.9719
    endloop
  endfacet
  facet normal 0.0878008 0 0.996138
    outer loop
      vertex 23.7513 54.06 27.9719
      vertex 22.8448 100.027 28.0518
      vertex 22.8448 54.06 28.0518
    endloop
  endfacet
  facet normal 0.0775825 0 0.996986
    outer loop
      vertex 19.9881 100.027 28.2741
      vertex 22.8448 54.06 28.0518
      vertex 22.8448 100.027 28.0518
    endloop
  endfacet
  facet normal 0.0775825 0 0.996986
    outer loop
      vertex 22.8448 54.06 28.0518
      vertex 19.9881 100.027 28.2741
      vertex 19.9881 54.06 28.2741
    endloop
  endfacet
  facet normal 0.0673076 0 0.997732
    outer loop
      vertex 17.1331 100.027 28.4667
      vertex 19.9881 54.06 28.2741
      vertex 19.9881 100.027 28.2741
    endloop
  endfacet
  facet normal 0.0673076 0 0.997732
    outer loop
      vertex 19.9881 54.06 28.2741
      vertex 17.1331 100.027 28.4667
      vertex 17.1331 54.06 28.4667
    endloop
  endfacet
  facet normal 0.0569671 0 0.998376
    outer loop
      vertex 14.2782 100.027 28.6296
      vertex 17.1331 54.06 28.4667
      vertex 17.1331 100.027 28.4667
    endloop
  endfacet
  facet normal 0.0569671 0 0.998376
    outer loop
      vertex 17.1331 54.06 28.4667
      vertex 14.2782 100.027 28.6296
      vertex 14.2782 54.06 28.6296
    endloop
  endfacet
  facet normal 0.0466529 0 0.998911
    outer loop
      vertex 11.4219 100.027 28.763
      vertex 14.2782 54.06 28.6296
      vertex 14.2782 100.027 28.6296
    endloop
  endfacet
  facet normal 0.0466529 0 0.998911
    outer loop
      vertex 14.2782 54.06 28.6296
      vertex 11.4219 100.027 28.763
      vertex 11.4219 54.06 28.763
    endloop
  endfacet
  facet normal 0.0363006 0 0.999341
    outer loop
      vertex 8.56708 100.027 28.8667
      vertex 11.4219 54.06 28.763
      vertex 11.4219 100.027 28.763
    endloop
  endfacet
  facet normal 0.0363006 0 0.999341
    outer loop
      vertex 11.4219 54.06 28.763
      vertex 8.56708 100.027 28.8667
      vertex 8.56708 54.06 28.8667
    endloop
  endfacet
  facet normal 0.0259001 0 0.999665
    outer loop
      vertex 5.71091 100.027 28.9407
      vertex 8.56708 54.06 28.8667
      vertex 8.56708 100.027 28.8667
    endloop
  endfacet
  facet normal 0.0259001 0 0.999665
    outer loop
      vertex 8.56708 54.06 28.8667
      vertex 5.71091 100.027 28.9407
      vertex 5.71091 54.06 28.9407
    endloop
  endfacet
  facet normal 0.0155862 0 0.999879
    outer loop
      vertex 2.85616 100.027 28.9852
      vertex 5.71091 54.06 28.9407
      vertex 5.71091 100.027 28.9407
    endloop
  endfacet
  facet normal 0.0155862 0 0.999879
    outer loop
      vertex 5.71091 54.06 28.9407
      vertex 2.85616 100.027 28.9852
      vertex 2.85616 54.06 28.9852
    endloop
  endfacet
  facet normal 0.00518171 0 0.999987
    outer loop
      vertex 0 100.027 29
      vertex 2.85616 54.06 28.9852
      vertex 2.85616 100.027 28.9852
    endloop
  endfacet
  facet normal 0.00518171 0 0.999987
    outer loop
      vertex 2.85616 54.06 28.9852
      vertex 0 100.027 29
      vertex 0 54.06 29
    endloop
  endfacet
  facet normal -0.00518171 0 0.999987
    outer loop
      vertex -2.85616 100.027 28.9852
      vertex 0 54.06 29
      vertex 0 100.027 29
    endloop
  endfacet
  facet normal -0.00518171 0 0.999987
    outer loop
      vertex 0 54.06 29
      vertex -2.85616 100.027 28.9852
      vertex -2.85616 54.06 28.9852
    endloop
  endfacet
  facet normal -0.0155862 0 0.999879
    outer loop
      vertex -5.71091 100.027 28.9407
      vertex -2.85616 54.06 28.9852
      vertex -2.85616 100.027 28.9852
    endloop
  endfacet
  facet normal -0.0155862 0 0.999879
    outer loop
      vertex -2.85616 54.06 28.9852
      vertex -5.71091 100.027 28.9407
      vertex -5.71091 54.06 28.9407
    endloop
  endfacet
  facet normal -0.0259001 0 0.999665
    outer loop
      vertex -8.56708 100.027 28.8667
      vertex -5.71091 54.06 28.9407
      vertex -5.71091 100.027 28.9407
    endloop
  endfacet
  facet normal -0.0259001 0 0.999665
    outer loop
      vertex -5.71091 54.06 28.9407
      vertex -8.56708 100.027 28.8667
      vertex -8.56708 54.06 28.8667
    endloop
  endfacet
  facet normal -0.0363006 0 0.999341
    outer loop
      vertex -11.4219 100.027 28.763
      vertex -8.56708 54.06 28.8667
      vertex -8.56708 100.027 28.8667
    endloop
  endfacet
  facet normal -0.0363006 0 0.999341
    outer loop
      vertex -8.56708 54.06 28.8667
      vertex -11.4219 100.027 28.763
      vertex -11.4219 54.06 28.763
    endloop
  endfacet
  facet normal -0.0466529 0 0.998911
    outer loop
      vertex -14.2782 100.027 28.6296
      vertex -11.4219 54.06 28.763
      vertex -11.4219 100.027 28.763
    endloop
  endfacet
  facet normal -0.0466529 0 0.998911
    outer loop
      vertex -11.4219 54.06 28.763
      vertex -14.2782 100.027 28.6296
      vertex -14.2782 54.06 28.6296
    endloop
  endfacet
  facet normal -0.0569671 0 0.998376
    outer loop
      vertex -17.1331 100.027 28.4667
      vertex -14.2782 54.06 28.6296
      vertex -14.2782 100.027 28.6296
    endloop
  endfacet
  facet normal -0.0569671 0 0.998376
    outer loop
      vertex -14.2782 54.06 28.6296
      vertex -17.1331 100.027 28.4667
      vertex -17.1331 54.06 28.4667
    endloop
  endfacet
  facet normal -0.0673076 0 0.997732
    outer loop
      vertex -19.9881 100.027 28.2741
      vertex -17.1331 54.06 28.4667
      vertex -17.1331 100.027 28.4667
    endloop
  endfacet
  facet normal -0.0673076 0 0.997732
    outer loop
      vertex -17.1331 54.06 28.4667
      vertex -19.9881 100.027 28.2741
      vertex -19.9881 54.06 28.2741
    endloop
  endfacet
  facet normal -0.0775825 0 0.996986
    outer loop
      vertex -22.8448 100.027 28.0518
      vertex -19.9881 54.06 28.2741
      vertex -19.9881 100.027 28.2741
    endloop
  endfacet
  facet normal -0.0775825 0 0.996986
    outer loop
      vertex -19.9881 54.06 28.2741
      vertex -22.8448 100.027 28.0518
      vertex -22.8448 54.06 28.0518
    endloop
  endfacet
  facet normal -0.0859854 -0.0101219 0.996245
    outer loop
      vertex -23.7192 52.8629 27.9747
      vertex -23.7513 52.86 27.9719
      vertex -23.7177 52.86 27.9748
    endloop
  endfacet
  facet normal -0.0868975 0 0.996217
    outer loop
      vertex -23.7513 52.86 27.9719
      vertex -23.7192 52.8629 27.9747
      vertex -23.7513 52.925 27.9719
    endloop
  endfacet
  facet normal -0.0878008 0 0.996138
    outer loop
      vertex -23.7513 100.027 27.9719
      vertex -22.8448 54.06 28.0518
      vertex -22.8448 100.027 28.0518
    endloop
  endfacet
  facet normal -0.0878008 0 0.996138
    outer loop
      vertex -22.8448 54.06 28.0518
      vertex -23.7513 100.027 27.9719
      vertex -23.7513 54.06 27.9719
    endloop
  endfacet
  facet normal -0.0393983 0 0.999224
    outer loop
      vertex -23.8984 100.027 27.9661
      vertex -23.7513 54.06 27.9719
      vertex -23.7513 100.027 27.9719
    endloop
  endfacet
  facet normal -0.0393983 0 0.999224
    outer loop
      vertex -23.7513 54.06 27.9719
      vertex -23.8984 100.027 27.9661
      vertex -23.8984 54.06 27.9661
    endloop
  endfacet
  facet normal -0.0396064 0.000471563 0.999215
    outer loop
      vertex -23.8984 52.86 27.9661
      vertex -23.7513 52.925 27.9719
      vertex -23.8007 53.0138 27.9699
    endloop
  endfacet
  facet normal -0.0388652 0 0.999244
    outer loop
      vertex -23.8984 52.86 27.9661
      vertex -23.8007 53.0138 27.9699
      vertex -23.8984 53.2209 27.9661
    endloop
  endfacet
  facet normal -0.0393983 0 0.999224
    outer loop
      vertex -23.7513 52.925 27.9719
      vertex -23.8984 52.86 27.9661
      vertex -23.7513 52.86 27.9719
    endloop
  endfacet
  facet normal 0.0597975 0 0.998211
    outer loop
      vertex -24.0453 100.027 27.9749
      vertex -23.8984 54.06 27.9661
      vertex -23.8984 100.027 27.9661
    endloop
  endfacet
  facet normal 0.0597975 0 0.998211
    outer loop
      vertex -23.8984 54.06 27.9661
      vertex -24.0453 100.027 27.9749
      vertex -24.0453 54.06 27.9749
    endloop
  endfacet
  facet normal 0.0598282 -1.25236e-05 0.998209
    outer loop
      vertex -24.0453 52.86 27.9749
      vertex -23.8984 53.2209 27.9661
      vertex -23.9451 53.3015 27.9689
    endloop
  endfacet
  facet normal 0.0591979 0.000131035 0.998246
    outer loop
      vertex -24.0453 52.86 27.9749
      vertex -23.9451 53.3015 27.9689
      vertex -23.9925 53.3846 27.9717
    endloop
  endfacet
  facet normal 0.0604951 -0 0.998168
    outer loop
      vertex -24.0453 52.86 27.9749
      vertex -23.9925 53.3846 27.9717
      vertex -24.0453 53.5094 27.9749
    endloop
  endfacet
  facet normal 0.0597975 0 0.998211
    outer loop
      vertex -23.8984 53.2209 27.9661
      vertex -24.0453 52.86 27.9749
      vertex -23.8984 52.86 27.9661
    endloop
  endfacet
  facet normal 0.156966 -1.42292e-05 0.987604
    outer loop
      vertex -24.1907 52.86 27.998
      vertex -24.0453 53.5094 27.9749
      vertex -24.1491 53.6759 27.9914
    endloop
  endfacet
  facet normal 0.153695 0.000156703 0.988118
    outer loop
      vertex -24.1907 52.86 27.998
      vertex -24.1491 53.6759 27.9914
      vertex -24.1652 53.7027 27.9939
    endloop
  endfacet
  facet normal 0.158745 -0 0.98732
    outer loop
      vertex -24.1907 52.86 27.998
      vertex -24.1652 53.7027 27.9939
      vertex -24.1907 53.86 27.998
    endloop
  endfacet
  facet normal 0.156904 0 0.987614
    outer loop
      vertex -24.0453 53.5094 27.9749
      vertex -24.1907 52.86 27.998
      vertex -24.0453 52.86 27.9749
    endloop
  endfacet
  facet normal 0.156904 0 0.987614
    outer loop
      vertex -24.1907 100.027 27.998
      vertex -24.0453 54.06 27.9749
      vertex -24.0453 100.027 27.9749
    endloop
  endfacet
  facet normal 0.156904 0 0.987614
    outer loop
      vertex -24.0453 54.06 27.9749
      vertex -24.1907 100.027 27.998
      vertex -24.1907 54.06 27.998
    endloop
  endfacet
  facet normal 0.468689 0.000287974 -0.883363
    outer loop
      vertex -23.2016 52.86 38.6433
      vertex -22.8487 53.0462 38.8306
      vertex -22.7306 52.86 38.8932
    endloop
  endfacet
  facet normal 0.468817 -2.43287e-05 -0.883295
    outer loop
      vertex -23.2016 52.86 38.6433
      vertex -23.1603 53.5999 38.6652
      vertex -22.8487 53.0462 38.8306
    endloop
  endfacet
  facet normal 0.469019 -3.87528e-05 -0.883188
    outer loop
      vertex -23.2016 52.86 38.6433
      vertex -23.1876 53.6516 38.6507
      vertex -23.1603 53.5999 38.6652
    endloop
  endfacet
  facet normal 0.467307 0 -0.884095
    outer loop
      vertex -23.1876 53.6516 38.6507
      vertex -23.2016 52.86 38.6433
      vertex -23.2016 53.86 38.6433
    endloop
  endfacet
  facet normal 0.468769 0 -0.883321
    outer loop
      vertex -23.2016 54.06 38.6433
      vertex -21.2319 100.027 39.6886
      vertex -21.2319 54.06 39.6886
    endloop
  endfacet
  facet normal 0.468769 0 -0.883321
    outer loop
      vertex -21.2319 100.027 39.6886
      vertex -23.2016 54.06 38.6433
      vertex -23.2016 100.027 38.6433
    endloop
  endfacet
  facet normal 0.445612 0 -0.895226
    outer loop
      vertex -21.2319 54.06 39.6886
      vertex -21.1648 100.027 39.722
      vertex -21.1648 54.06 39.722
    endloop
  endfacet
  facet normal 0.445612 0 -0.895226
    outer loop
      vertex -21.1648 100.027 39.722
      vertex -21.2319 54.06 39.6886
      vertex -21.2319 100.027 39.6886
    endloop
  endfacet
  facet normal 0.424055 0 -0.905636
    outer loop
      vertex -21.1648 54.06 39.722
      vertex -18.5845 100.027 40.9302
      vertex -18.5845 54.06 40.9302
    endloop
  endfacet
  facet normal 0.424055 0 -0.905636
    outer loop
      vertex -18.5845 100.027 40.9302
      vertex -21.1648 54.06 39.722
      vertex -21.1648 100.027 39.722
    endloop
  endfacet
  facet normal 0.400819 0 -0.916157
    outer loop
      vertex -18.5845 54.06 40.9302
      vertex -18.5125 100.027 40.9617
      vertex -18.5125 54.06 40.9617
    endloop
  endfacet
  facet normal 0.400819 0 -0.916157
    outer loop
      vertex -18.5125 100.027 40.9617
      vertex -18.5845 54.06 40.9302
      vertex -18.5845 100.027 40.9302
    endloop
  endfacet
  facet normal 0.37602 0 -0.926612
    outer loop
      vertex -18.5125 54.06 40.9617
      vertex -15.9371 100.027 42.0068
      vertex -15.9371 54.06 42.0068
    endloop
  endfacet
  facet normal 0.37602 0 -0.926612
    outer loop
      vertex -15.9371 100.027 42.0068
      vertex -18.5125 54.06 40.9617
      vertex -18.5125 100.027 40.9617
    endloop
  endfacet
  facet normal 0.349654 0 -0.936879
    outer loop
      vertex -15.9371 54.06 42.0068
      vertex -15.8602 100.027 42.0355
      vertex -15.8602 54.06 42.0355
    endloop
  endfacet
  facet normal 0.349654 0 -0.936879
    outer loop
      vertex -15.8602 100.027 42.0355
      vertex -15.9371 54.06 42.0068
      vertex -15.9371 100.027 42.0068
    endloop
  endfacet
  facet normal 0.32478 0 -0.94579
    outer loop
      vertex -15.8602 54.06 42.0355
      vertex -13.2894 100.027 42.9183
      vertex -13.2894 54.06 42.9183
    endloop
  endfacet
  facet normal 0.32478 0 -0.94579
    outer loop
      vertex -13.2894 100.027 42.9183
      vertex -15.8602 54.06 42.0355
      vertex -15.8602 100.027 42.0355
    endloop
  endfacet
  facet normal 0.297874 0 -0.954605
    outer loop
      vertex -13.2894 54.06 42.9183
      vertex -13.208 100.027 42.9437
      vertex -13.208 54.06 42.9437
    endloop
  endfacet
  facet normal 0.297874 0 -0.954605
    outer loop
      vertex -13.208 100.027 42.9437
      vertex -13.2894 54.06 42.9183
      vertex -13.2894 100.027 42.9183
    endloop
  endfacet
  facet normal 0.270452 0 -0.962733
    outer loop
      vertex -13.208 54.06 42.9437
      vertex -10.6418 100.027 43.6646
      vertex -10.6418 54.06 43.6646
    endloop
  endfacet
  facet normal 0.270452 0 -0.962733
    outer loop
      vertex -10.6418 100.027 43.6646
      vertex -13.208 54.06 42.9437
      vertex -13.208 100.027 42.9437
    endloop
  endfacet
  facet normal 0.241734 0 -0.970342
    outer loop
      vertex -10.6418 54.06 43.6646
      vertex -10.5563 100.027 43.6859
      vertex -10.5563 54.06 43.6859
    endloop
  endfacet
  facet normal 0.241734 0 -0.970342
    outer loop
      vertex -10.5563 100.027 43.6859
      vertex -10.6418 54.06 43.6646
      vertex -10.6418 100.027 43.6646
    endloop
  endfacet
  facet normal 0.213491 0 -0.976945
    outer loop
      vertex -10.5563 54.06 43.6859
      vertex -7.99371 100.027 44.2459
      vertex -7.99371 54.06 44.2459
    endloop
  endfacet
  facet normal 0.213491 0 -0.976945
    outer loop
      vertex -7.99371 100.027 44.2459
      vertex -10.5563 54.06 43.6859
      vertex -10.5563 100.027 43.6859
    endloop
  endfacet
  facet normal 0.183594 0 -0.983002
    outer loop
      vertex -7.99371 54.06 44.2459
      vertex -7.90483 100.027 44.2625
      vertex -7.90483 54.06 44.2625
    endloop
  endfacet
  facet normal 0.183594 0 -0.983002
    outer loop
      vertex -7.90483 100.027 44.2625
      vertex -7.99371 54.06 44.2459
      vertex -7.99371 100.027 44.2459
    endloop
  endfacet
  facet normal 0.154215 0 -0.988037
    outer loop
      vertex -7.90483 54.06 44.2625
      vertex -5.34528 100.027 44.662
      vertex -5.34528 54.06 44.662
    endloop
  endfacet
  facet normal 0.154215 0 -0.988037
    outer loop
      vertex -5.34528 100.027 44.662
      vertex -7.90483 54.06 44.2625
      vertex -7.90483 100.027 44.2625
    endloop
  endfacet
  facet normal 0.123661 0 -0.992325
    outer loop
      vertex -5.34528 54.06 44.662
      vertex -5.2538 100.027 44.6734
      vertex -5.2538 54.06 44.6734
    endloop
  endfacet
  facet normal 0.123661 0 -0.992325
    outer loop
      vertex -5.2538 100.027 44.6734
      vertex -5.34528 54.06 44.662
      vertex -5.34528 100.027 44.662
    endloop
  endfacet
  facet normal 0.0932339 0 -0.995644
    outer loop
      vertex -5.2538 54.06 44.6734
      vertex -2.69618 100.027 44.9129
      vertex -2.69618 54.06 44.9129
    endloop
  endfacet
  facet normal 0.0932339 0 -0.995644
    outer loop
      vertex -2.69618 100.027 44.9129
      vertex -5.2538 54.06 44.6734
      vertex -5.2538 100.027 44.6734
    endloop
  endfacet
  facet normal 0.0622113 0 -0.998063
    outer loop
      vertex -2.69618 54.06 44.9129
      vertex -2.60313 100.027 44.9187
      vertex -2.60313 54.06 44.9187
    endloop
  endfacet
  facet normal 0.0622113 0 -0.998063
    outer loop
      vertex -2.60313 100.027 44.9187
      vertex -2.69618 54.06 44.9129
      vertex -2.69618 100.027 44.9129
    endloop
  endfacet
  facet normal 0.0312014 0 -0.999513
    outer loop
      vertex -2.60313 54.06 44.9187
      vertex -0.0467987 100.027 44.9985
      vertex -0.0467987 54.06 44.9985
    endloop
  endfacet
  facet normal 0.0312014 0 -0.999513
    outer loop
      vertex -0.0467987 100.027 44.9985
      vertex -2.60313 54.06 44.9187
      vertex -2.60313 100.027 44.9187
    endloop
  endfacet
  facet normal 0 0 -1
    outer loop
      vertex -0.0467987 54.06 44.9985
      vertex 0.0467987 100.027 44.9985
      vertex 0.0467987 54.06 44.9985
    endloop
  endfacet
  facet normal -0 0 -1
    outer loop
      vertex 0.0467987 100.027 44.9985
      vertex -0.0467987 54.06 44.9985
      vertex -0.0467987 100.027 44.9985
    endloop
  endfacet
  facet normal -0.0312014 0 -0.999513
    outer loop
      vertex 0.0467987 54.06 44.9985
      vertex 2.60313 100.027 44.9187
      vertex 2.60313 54.06 44.9187
    endloop
  endfacet
  facet normal -0.0312014 0 -0.999513
    outer loop
      vertex 2.60313 100.027 44.9187
      vertex 0.0467987 54.06 44.9985
      vertex 0.0467987 100.027 44.9985
    endloop
  endfacet
endsolid OpenSCAD_Model
