solid OpenSCAD_Model
  facet normal 0.998796 0 -0.0490591
    outer loop
      vertex 18.05 27.61 36.4
      vertex 17.9631 53.41 34.6308
      vertex 18.05 53.41 36.4
    endloop
  endfacet
  facet normal 0.998796 0 -0.0490591
    outer loop
      vertex 17.9631 53.41 34.6308
      vertex 18.05 27.61 36.4
      vertex 17.9631 27.61 34.6308
    endloop
  endfacet
  facet normal 0 0 0
    outer loop
      vertex 18.05 53.41 36.4
      vertex 18.05 27.41 36.4
      vertex 18.05 27.61 36.4
    endloop
  endfacet
  facet normal -0.998796 0 -0.0490591
    outer loop
      vertex -17.9631 27.61 34.6308
      vertex -18.05 53.41 36.4
      vertex -17.9631 53.41 34.6308
    endloop
  endfacet
  facet normal -0.998796 -0 -0.0490591
    outer loop
      vertex -18.05 53.41 36.4
      vertex -17.9631 27.61 34.6308
      vertex -18.05 27.61 36.4
    endloop
  endfacet
  facet normal -0 0 0
    outer loop
      vertex -18.05 27.61 36.4
      vertex -18.05 27.41 36.4
      vertex -18.05 53.41 36.4
    endloop
  endfacet
  facet normal -0.0490588 -0 -0.998796
    outer loop
      vertex -1.76921 53.41 18.4369
      vertex 0 28.7129 18.35
      vertex -1.76921 28.5949 18.4369
    endloop
  endfacet
  facet normal -0.0490588 0 -0.998796
    outer loop
      vertex 0 28.7129 18.35
      vertex -1.76921 53.41 18.4369
      vertex 0 53.41 18.35
    endloop
  endfacet
  facet normal 0.0491154 0 0.998793
    outer loop
      vertex 1.76921 53.41 54.3631
      vertex 1.06153 27.61 54.3979
      vertex 1.76921 27.41 54.3631
    endloop
  endfacet
  facet normal 0.0490588 1.55613e-06 0.998796
    outer loop
      vertex 0 53.41 54.45
      vertex 1.06153 27.61 54.3979
      vertex 1.76921 53.41 54.3631
    endloop
  endfacet
  facet normal 0.0490211 0 0.998798
    outer loop
      vertex 1.06153 27.61 54.3979
      vertex 0 53.41 54.45
      vertex 0 27.61 54.45
    endloop
  endfacet
  facet normal 0.0491154 0 0.998793
    outer loop
      vertex 1.76921 27.41 54.3631
      vertex 1.06153 27.61 54.3979
      vertex 1.06153 27.41 54.3979
    endloop
  endfacet
  facet normal 0.671534 0 -0.740974
    outer loop
      vertex 11.4508 27.61 22.4472
      vertex 12.7633 53.41 23.6367
      vertex 12.7633 27.61 23.6367
    endloop
  endfacet
  facet normal 0.671534 0 -0.740974
    outer loop
      vertex 12.7633 53.41 23.6367
      vertex 11.4508 27.61 22.4472
      vertex 11.4508 53.41 22.4472
    endloop
  endfacet
  facet normal -0.671534 0 -0.740974
    outer loop
      vertex -12.7633 27.61 23.6367
      vertex -11.4508 53.41 22.4472
      vertex -11.4508 27.61 22.4472
    endloop
  endfacet
  facet normal -0.671534 0 -0.740974
    outer loop
      vertex -11.4508 53.41 22.4472
      vertex -12.7633 27.61 23.6367
      vertex -12.7633 53.41 23.6367
    endloop
  endfacet
  facet normal -0.336883 -0.00129661 -0.941546
    outer loop
      vertex -6.90744 27.61 19.724
      vertex -5.23964 27.6572 19.1272
      vertex -5.33672 27.61 19.162
    endloop
  endfacet
  facet normal -0.336916 -0 -0.941535
    outer loop
      vertex -6.90744 53.41 19.724
      vertex -5.23964 27.6572 19.1272
      vertex -6.90744 27.61 19.724
    endloop
  endfacet
  facet normal -0.336916 0 -0.941535
    outer loop
      vertex -5.23964 27.6572 19.1272
      vertex -6.90744 53.41 19.724
      vertex -5.23964 53.41 19.1272
    endloop
  endfacet
  facet normal 0.904002 0 -0.427528
    outer loop
      vertex 16.676 27.61 29.4926
      vertex 15.9187 53.41 27.8913
      vertex 16.676 53.41 29.4926
    endloop
  endfacet
  facet normal 0.904002 0 -0.427528
    outer loop
      vertex 15.9187 53.41 27.8913
      vertex 16.676 27.61 29.4926
      vertex 15.9187 27.61 27.8913
    endloop
  endfacet
  facet normal 0.336883 -0.00129661 -0.941546
    outer loop
      vertex 5.23964 27.6572 19.1272
      vertex 6.90744 27.61 19.724
      vertex 5.33672 27.61 19.162
    endloop
  endfacet
  facet normal 0.336916 0 -0.941535
    outer loop
      vertex 6.90744 27.61 19.724
      vertex 5.23964 27.6572 19.1272
      vertex 6.90744 53.41 19.724
    endloop
  endfacet
  facet normal 0.336916 0 -0.941535
    outer loop
      vertex 6.90744 53.41 19.724
      vertex 5.23964 27.6572 19.1272
      vertex 5.23964 53.41 19.1272
    endloop
  endfacet
  facet normal 0.514133 0 -0.857711
    outer loop
      vertex 8.50871 27.61 20.4813
      vertex 10.028 53.41 21.392
      vertex 10.028 27.61 21.392
    endloop
  endfacet
  facet normal 0.514133 0 -0.857711
    outer loop
      vertex 10.028 53.41 21.392
      vertex 8.50871 27.61 20.4813
      vertex 8.50871 53.41 20.4813
    endloop
  endfacet
  facet normal -0.904002 0 -0.427528
    outer loop
      vertex -15.9187 27.61 27.8913
      vertex -16.676 53.41 29.4926
      vertex -15.9187 53.41 27.8913
    endloop
  endfacet
  facet normal -0.904002 -0 -0.427528
    outer loop
      vertex -16.676 53.41 29.4926
      vertex -15.9187 27.61 27.8913
      vertex -16.676 27.61 29.4926
    endloop
  endfacet
  facet normal -0.242979 -0 -0.970031
    outer loop
      vertex -5.23964 53.41 19.1272
      vertex -3.52138 28.2418 18.6968
      vertex -5.23964 27.6572 19.1272
    endloop
  endfacet
  facet normal -0.242979 0 -0.970031
    outer loop
      vertex -3.52138 28.2418 18.6968
      vertex -5.23964 53.41 19.1272
      vertex -3.52138 53.41 18.6968
    endloop
  endfacet
  facet normal 0.970029 -2.44424e-06 0.242987
    outer loop
      vertex 17.2728 53.41 41.6396
      vertex 17.4449 27.61 40.9523
      vertex 17.7032 53.41 39.9214
    endloop
  endfacet
  facet normal 0.970051 -0 0.242901
    outer loop
      vertex 17.2728 27.41 41.6396
      vertex 17.4449 27.61 40.9523
      vertex 17.2728 53.41 41.6396
    endloop
  endfacet
  facet normal 0.970051 0 0.242901
    outer loop
      vertex 17.4449 27.61 40.9523
      vertex 17.2728 27.41 41.6396
      vertex 17.4449 27.41 40.9523
    endloop
  endfacet
  facet normal 0.970015 0 0.243045
    outer loop
      vertex 17.7032 53.41 39.9214
      vertex 17.4449 27.61 40.9523
      vertex 17.7032 27.61 39.9214
    endloop
  endfacet
  facet normal 0.336916 0 0.941535
    outer loop
      vertex 5.23964 53.41 53.6728
      vertex 6.90744 27.41 53.076
      vertex 6.90744 53.41 53.076
    endloop
  endfacet
  facet normal 0.336916 0 0.941535
    outer loop
      vertex 6.90744 27.41 53.076
      vertex 5.23964 53.41 53.6728
      vertex 5.23964 27.41 53.6728
    endloop
  endfacet
  facet normal 0.427535 0 0.903999
    outer loop
      vertex 6.90744 53.41 53.076
      vertex 8.50871 27.41 52.3187
      vertex 8.50871 53.41 52.3187
    endloop
  endfacet
  facet normal 0.427535 0 0.903999
    outer loop
      vertex 8.50871 27.41 52.3187
      vertex 6.90744 53.41 53.076
      vertex 6.90744 27.41 53.076
    endloop
  endfacet
  facet normal 0.970029 0 -0.242987
    outer loop
      vertex 17.7032 27.61 32.8786
      vertex 17.2728 53.41 31.1604
      vertex 17.7032 53.41 32.8786
    endloop
  endfacet
  facet normal 0.970029 0 -0.242987
    outer loop
      vertex 17.2728 53.41 31.1604
      vertex 17.7032 27.61 32.8786
      vertex 17.2728 27.61 31.1604
    endloop
  endfacet
  facet normal 0.989178 0 -0.146723
    outer loop
      vertex 17.9631 27.61 34.6308
      vertex 17.7032 53.41 32.8786
      vertex 17.9631 53.41 34.6308
    endloop
  endfacet
  facet normal 0.989178 0 -0.146723
    outer loop
      vertex 17.7032 53.41 32.8786
      vertex 17.9631 27.61 34.6308
      vertex 17.7032 27.61 32.8786
    endloop
  endfacet
  facet normal 0.941535 0 -0.336916
    outer loop
      vertex 17.2728 27.61 31.1604
      vertex 16.676 53.41 29.4926
      vertex 17.2728 53.41 31.1604
    endloop
  endfacet
  facet normal 0.941535 0 -0.336916
    outer loop
      vertex 16.676 53.41 29.4926
      vertex 17.2728 27.61 31.1604
      vertex 16.676 27.61 29.4926
    endloop
  endfacet
  facet normal 0.803213 0 -0.595692
    outer loop
      vertex 15.008 27.61 26.372
      vertex 13.9528 53.41 24.9492
      vertex 15.008 53.41 26.372
    endloop
  endfacet
  facet normal 0.803213 0 -0.595692
    outer loop
      vertex 13.9528 53.41 24.9492
      vertex 15.008 27.61 26.372
      vertex 13.9528 27.61 24.9492
    endloop
  endfacet
  facet normal 0.740974 0 -0.671534
    outer loop
      vertex 13.9528 27.61 24.9492
      vertex 12.7633 53.41 23.6367
      vertex 13.9528 53.41 24.9492
    endloop
  endfacet
  facet normal 0.740974 0 -0.671534
    outer loop
      vertex 12.7633 53.41 23.6367
      vertex 13.9528 27.61 24.9492
      vertex 12.7633 27.61 23.6367
    endloop
  endfacet
  facet normal 0.857712 0 -0.51413
    outer loop
      vertex 15.9187 27.61 27.8913
      vertex 15.008 53.41 26.372
      vertex 15.9187 53.41 27.8913
    endloop
  endfacet
  facet normal 0.857712 0 -0.51413
    outer loop
      vertex 15.008 53.41 26.372
      vertex 15.9187 27.61 27.8913
      vertex 15.008 27.61 26.372
    endloop
  endfacet
  facet normal 0.146725 0 -0.989177
    outer loop
      vertex 1.76921 28.5949 18.4369
      vertex 3.52138 53.41 18.6968
      vertex 3.52138 28.2418 18.6968
    endloop
  endfacet
  facet normal 0.146725 0 -0.989177
    outer loop
      vertex 3.52138 53.41 18.6968
      vertex 1.76921 28.5949 18.4369
      vertex 1.76921 53.41 18.4369
    endloop
  endfacet
  facet normal 0.242979 0 -0.970031
    outer loop
      vertex 3.52138 28.2418 18.6968
      vertex 5.23964 53.41 19.1272
      vertex 5.23964 27.6572 19.1272
    endloop
  endfacet
  facet normal 0.242979 0 -0.970031
    outer loop
      vertex 5.23964 53.41 19.1272
      vertex 3.52138 28.2418 18.6968
      vertex 3.52138 53.41 18.6968
    endloop
  endfacet
  facet normal 0.0490588 0 -0.998796
    outer loop
      vertex 0 28.7129 18.35
      vertex 1.76921 53.41 18.4369
      vertex 1.76921 28.5949 18.4369
    endloop
  endfacet
  facet normal 0.0490588 0 -0.998796
    outer loop
      vertex 1.76921 53.41 18.4369
      vertex 0 28.7129 18.35
      vertex 0 53.41 18.35
    endloop
  endfacet
  facet normal 0.427535 0 -0.903999
    outer loop
      vertex 6.90744 27.61 19.724
      vertex 8.50871 53.41 20.4813
      vertex 8.50871 27.61 20.4813
    endloop
  endfacet
  facet normal 0.427535 0 -0.903999
    outer loop
      vertex 8.50871 53.41 20.4813
      vertex 6.90744 27.61 19.724
      vertex 6.90744 53.41 19.724
    endloop
  endfacet
  facet normal 0.595692 0 -0.803213
    outer loop
      vertex 10.028 27.61 21.392
      vertex 11.4508 53.41 22.4472
      vertex 11.4508 27.61 22.4472
    endloop
  endfacet
  facet normal 0.595692 0 -0.803213
    outer loop
      vertex 11.4508 53.41 22.4472
      vertex 10.028 27.61 21.392
      vertex 10.028 53.41 21.392
    endloop
  endfacet
  facet normal -0.970029 0 -0.242987
    outer loop
      vertex -17.2728 27.61 31.1604
      vertex -17.7032 53.41 32.8786
      vertex -17.2728 53.41 31.1604
    endloop
  endfacet
  facet normal -0.970029 -0 -0.242987
    outer loop
      vertex -17.7032 53.41 32.8786
      vertex -17.2728 27.61 31.1604
      vertex -17.7032 27.61 32.8786
    endloop
  endfacet
  facet normal -0.803213 0 -0.595692
    outer loop
      vertex -13.9528 27.61 24.9492
      vertex -15.008 53.41 26.372
      vertex -13.9528 53.41 24.9492
    endloop
  endfacet
  facet normal -0.803213 -0 -0.595692
    outer loop
      vertex -15.008 53.41 26.372
      vertex -13.9528 27.61 24.9492
      vertex -15.008 27.61 26.372
    endloop
  endfacet
  facet normal -0.740974 0 -0.671534
    outer loop
      vertex -12.7633 27.61 23.6367
      vertex -13.9528 53.41 24.9492
      vertex -12.7633 53.41 23.6367
    endloop
  endfacet
  facet normal -0.740974 -0 -0.671534
    outer loop
      vertex -13.9528 53.41 24.9492
      vertex -12.7633 27.61 23.6367
      vertex -13.9528 27.61 24.9492
    endloop
  endfacet
  facet normal -0.857712 0 -0.51413
    outer loop
      vertex -15.008 27.61 26.372
      vertex -15.9187 53.41 27.8913
      vertex -15.008 53.41 26.372
    endloop
  endfacet
  facet normal -0.857712 -0 -0.51413
    outer loop
      vertex -15.9187 53.41 27.8913
      vertex -15.008 27.61 26.372
      vertex -15.9187 27.61 27.8913
    endloop
  endfacet
  facet normal -0.941535 0 -0.336916
    outer loop
      vertex -16.676 27.61 29.4926
      vertex -17.2728 53.41 31.1604
      vertex -16.676 53.41 29.4926
    endloop
  endfacet
  facet normal -0.941535 -0 -0.336916
    outer loop
      vertex -17.2728 53.41 31.1604
      vertex -16.676 27.61 29.4926
      vertex -17.2728 27.61 31.1604
    endloop
  endfacet
  facet normal -0.989178 0 -0.146723
    outer loop
      vertex -17.7032 27.61 32.8786
      vertex -17.9631 53.41 34.6308
      vertex -17.7032 53.41 32.8786
    endloop
  endfacet
  facet normal -0.989178 -0 -0.146723
    outer loop
      vertex -17.9631 53.41 34.6308
      vertex -17.7032 27.61 32.8786
      vertex -17.9631 27.61 34.6308
    endloop
  endfacet
  facet normal 0 1 -0
    outer loop
      vertex 0.637111 53.41 52.6187
      vertex 0 53.41 54.45
      vertex 1.76921 53.41 54.3631
    endloop
  endfacet
  facet normal 0 1 -0
    outer loop
      vertex 2.53924 53.41 52.4314
      vertex 1.76921 53.41 54.3631
      vertex 3.52138 53.41 54.1032
    endloop
  endfacet
  facet normal 0 1 0
    outer loop
      vertex 0 53.41 54.45
      vertex 0.637111 53.41 52.6187
      vertex 0 53.41 52.65
    endloop
  endfacet
  facet normal 0 1 -0
    outer loop
      vertex 3.78898 53.41 52.1828
      vertex 3.52138 53.41 54.1032
      vertex 5.23964 53.41 53.6728
    endloop
  endfacet
  facet normal 0 1 0
    outer loop
      vertex -0.637111 53.41 52.6187
      vertex 0 53.41 54.45
      vertex 0 53.41 52.65
    endloop
  endfacet
  facet normal 0 1 0
    outer loop
      vertex 4.71713 53.41 51.9503
      vertex 5.23964 53.41 53.6728
      vertex 6.90744 53.41 53.076
    endloop
  endfacet
  facet normal 0 1 0
    outer loop
      vertex 0 53.41 54.45
      vertex -0.637111 53.41 52.6187
      vertex -1.76921 53.41 54.3631
    endloop
  endfacet
  facet normal 0 1 0
    outer loop
      vertex -2.53924 53.41 52.4314
      vertex -1.76921 53.41 54.3631
      vertex -1.59278 53.41 52.5718
    endloop
  endfacet
  facet normal 0 1 -0
    outer loop
      vertex -1.59278 53.41 52.5718
      vertex -1.76921 53.41 54.3631
      vertex -0.637111 53.41 52.6187
    endloop
  endfacet
  facet normal 0 1 0
    outer loop
      vertex 1.76921 53.41 54.3631
      vertex 1.59278 53.41 52.5718
      vertex 0.637111 53.41 52.6187
    endloop
  endfacet
  facet normal 0 1 0
    outer loop
      vertex 1.76921 53.41 54.3631
      vertex 2.53924 53.41 52.4314
      vertex 1.59278 53.41 52.5718
    endloop
  endfacet
  facet normal 0 1 0
    outer loop
      vertex 3.52138 53.41 54.1032
      vertex 3.17022 53.41 52.3378
      vertex 2.53924 53.41 52.4314
    endloop
  endfacet
  facet normal 0 1 0
    outer loop
      vertex 6.21861 53.41 51.413
      vertex 6.90744 53.41 53.076
      vertex 8.50871 53.41 52.3187
    endloop
  endfacet
  facet normal 0 1 0
    outer loop
      vertex 3.52138 53.41 54.1032
      vertex 3.78898 53.41 52.1828
      vertex 3.17022 53.41 52.3378
    endloop
  endfacet
  facet normal 0 1 0
    outer loop
      vertex 5.23964 53.41 53.6728
      vertex 4.71713 53.41 51.9503
      vertex 3.78898 53.41 52.1828
    endloop
  endfacet
  facet normal 0 1 0
    outer loop
      vertex 6.90744 53.41 53.076
      vertex 6.21861 53.41 51.413
      vertex 4.71713 53.41 51.9503
    endloop
  endfacet
  facet normal 0 1 0
    outer loop
      vertex 8.48089 53.41 50.2393
      vertex 8.50871 53.41 52.3187
      vertex 10.028 53.41 51.408
    endloop
  endfacet
  facet normal 0 1 0
    outer loop
      vertex 8.50871 53.41 52.3187
      vertex 7.6602 53.41 50.7312
      vertex 6.21861 53.41 51.413
    endloop
  endfacet
  facet normal 0 1 0
    outer loop
      vertex 9.02802 53.41 49.9114
      vertex 10.028 53.41 51.408
      vertex 11.4508 53.41 50.3528
    endloop
  endfacet
  facet normal 0 1 0
    outer loop
      vertex 8.50871 53.41 52.3187
      vertex 8.48089 53.41 50.2393
      vertex 7.6602 53.41 50.7312
    endloop
  endfacet
  facet normal 0 1 0
    outer loop
      vertex 10.028 53.41 51.408
      vertex 9.02802 53.41 49.9114
      vertex 8.48089 53.41 50.2393
    endloop
  endfacet
  facet normal 0 1 0
    outer loop
      vertex 10.3089 53.41 48.9614
      vertex 11.4508 53.41 50.3528
      vertex 12.7633 53.41 49.1633
    endloop
  endfacet
  facet normal 0 1 0
    outer loop
      vertex 11.4508 53.41 50.3528
      vertex 10.3089 53.41 48.9614
      vertex 9.02802 53.41 49.9114
    endloop
  endfacet
  facet normal 0 1 0
    outer loop
      vertex 12.7633 53.41 49.1633
      vertex 11.4905 53.41 47.8905
      vertex 10.3089 53.41 48.9614
    endloop
  endfacet
  facet normal 0 1 0
    outer loop
      vertex 13.9528 53.41 47.8508
      vertex 11.4905 53.41 47.8905
      vertex 12.7633 53.41 49.1633
    endloop
  endfacet
  facet normal 0 1 0
    outer loop
      vertex 13.9528 53.41 47.8508
      vertex 12.5614 53.41 46.7089
      vertex 11.4905 53.41 47.8905
    endloop
  endfacet
  facet normal 0 1 0
    outer loop
      vertex 15.008 53.41 46.428
      vertex 12.5614 53.41 46.7089
      vertex 13.9528 53.41 47.8508
    endloop
  endfacet
  facet normal 0 1 0
    outer loop
      vertex 15.008 53.41 46.428
      vertex 13.5114 53.41 45.428
      vertex 12.5614 53.41 46.7089
    endloop
  endfacet
  facet normal 0 1 0
    outer loop
      vertex 13.8393 53.41 44.8809
      vertex 15.008 53.41 46.428
      vertex 15.9187 53.41 44.9087
    endloop
  endfacet
  facet normal 0 1 0
    outer loop
      vertex 15.008 53.41 46.428
      vertex 13.8393 53.41 44.8809
      vertex 13.5114 53.41 45.428
    endloop
  endfacet
  facet normal 0 1 0
    outer loop
      vertex 15.9187 53.41 44.9087
      vertex 14.3312 53.41 44.0602
      vertex 13.8393 53.41 44.8809
    endloop
  endfacet
  facet normal 0 1 0
    outer loop
      vertex 16.676 53.41 43.3074
      vertex 14.3312 53.41 44.0602
      vertex 15.9187 53.41 44.9087
    endloop
  endfacet
  facet normal 0 1 0
    outer loop
      vertex 16.676 53.41 43.3074
      vertex 15.013 53.41 42.6186
      vertex 14.3312 53.41 44.0602
    endloop
  endfacet
  facet normal 0 1 0
    outer loop
      vertex 16.676 53.41 43.3074
      vertex 15.3354 53.41 41.7177
      vertex 15.013 53.41 42.6186
    endloop
  endfacet
  facet normal 0 1 0
    outer loop
      vertex 17.2728 53.41 41.6396
      vertex 15.3354 53.41 41.7177
      vertex 16.676 53.41 43.3074
    endloop
  endfacet
  facet normal 0 1 0
    outer loop
      vertex 17.2728 53.41 41.6396
      vertex 15.5503 53.41 41.1171
      vertex 15.3354 53.41 41.7177
    endloop
  endfacet
  facet normal 0 1 0
    outer loop
      vertex 17.7032 53.41 39.9214
      vertex 15.5503 53.41 41.1171
      vertex 17.2728 53.41 41.6396
    endloop
  endfacet
  facet normal 0 1 0
    outer loop
      vertex 17.7032 53.41 39.9214
      vertex 15.9378 53.41 39.5702
      vertex 15.5503 53.41 41.1171
    endloop
  endfacet
  facet normal 0 1 0
    outer loop
      vertex 17.9631 53.41 38.1692
      vertex 15.9378 53.41 39.5702
      vertex 17.7032 53.41 39.9214
    endloop
  endfacet
  facet normal 0 1 0
    outer loop
      vertex 17.9631 53.41 38.1692
      vertex 16.1718 53.41 37.9928
      vertex 15.9378 53.41 39.5702
    endloop
  endfacet
  facet normal 0 1 0
    outer loop
      vertex 18.05 53.41 36.4
      vertex 16.1718 53.41 37.9928
      vertex 17.9631 53.41 38.1692
    endloop
  endfacet
  facet normal 0 1 0
    outer loop
      vertex 18.05 53.41 36.4
      vertex 16.25 53.41 36.4
      vertex 16.1718 53.41 37.9928
    endloop
  endfacet
  facet normal 0 1 0
    outer loop
      vertex 18.05 53.41 36.4
      vertex 16.1718 53.41 34.8072
      vertex 16.25 53.41 36.4
    endloop
  endfacet
  facet normal 0 1 -0
    outer loop
      vertex 17.9631 53.41 34.6308
      vertex 16.1718 53.41 34.8072
      vertex 18.05 53.41 36.4
    endloop
  endfacet
  facet normal 0 1 0
    outer loop
      vertex 17.9631 53.41 34.6308
      vertex 15.9378 53.41 33.2298
      vertex 16.1718 53.41 34.8072
    endloop
  endfacet
  facet normal 0 1 -0
    outer loop
      vertex 17.7032 53.41 32.8786
      vertex 15.9378 53.41 33.2298
      vertex 17.9631 53.41 34.6308
    endloop
  endfacet
  facet normal 0 1 0
    outer loop
      vertex 17.7032 53.41 32.8786
      vertex 15.5503 53.41 31.6829
      vertex 15.9378 53.41 33.2298
    endloop
  endfacet
  facet normal 0 1 -0
    outer loop
      vertex 17.2728 53.41 31.1604
      vertex 15.5503 53.41 31.6829
      vertex 17.7032 53.41 32.8786
    endloop
  endfacet
  facet normal 0 1 0
    outer loop
      vertex 17.2728 53.41 31.1604
      vertex 15.013 53.41 30.1814
      vertex 15.5503 53.41 31.6829
    endloop
  endfacet
  facet normal 0 1 -0
    outer loop
      vertex 16.676 53.41 29.4926
      vertex 15.013 53.41 30.1814
      vertex 17.2728 53.41 31.1604
    endloop
  endfacet
  facet normal 0 1 0
    outer loop
      vertex 16.676 53.41 29.4926
      vertex 14.3312 53.41 28.7398
      vertex 15.013 53.41 30.1814
    endloop
  endfacet
  facet normal 0 1 -0
    outer loop
      vertex 15.9187 53.41 27.8913
      vertex 14.3312 53.41 28.7398
      vertex 16.676 53.41 29.4926
    endloop
  endfacet
  facet normal 0 1 0
    outer loop
      vertex 15.9187 53.41 27.8913
      vertex 13.5114 53.41 27.372
      vertex 14.3312 53.41 28.7398
    endloop
  endfacet
  facet normal 0 1 -0
    outer loop
      vertex 15.008 53.41 26.372
      vertex 13.5114 53.41 27.372
      vertex 15.9187 53.41 27.8913
    endloop
  endfacet
  facet normal 0 1 0
    outer loop
      vertex 15.008 53.41 26.372
      vertex 12.5614 53.41 26.0911
      vertex 13.5114 53.41 27.372
    endloop
  endfacet
  facet normal 0 1 -0
    outer loop
      vertex 13.9528 53.41 24.9492
      vertex 12.5614 53.41 26.0911
      vertex 15.008 53.41 26.372
    endloop
  endfacet
  facet normal 0 1 0
    outer loop
      vertex 13.9528 53.41 24.9492
      vertex 11.4905 53.41 24.9095
      vertex 12.5614 53.41 26.0911
    endloop
  endfacet
  facet normal 0 1 -0
    outer loop
      vertex 12.7633 53.41 23.6367
      vertex 11.4905 53.41 24.9095
      vertex 13.9528 53.41 24.9492
    endloop
  endfacet
  facet normal 0 1 0
    outer loop
      vertex 11.4905 53.41 24.9095
      vertex 12.7633 53.41 23.6367
      vertex 10.3089 53.41 23.8386
    endloop
  endfacet
  facet normal 0 1 -0
    outer loop
      vertex 11.4508 53.41 22.4472
      vertex 10.3089 53.41 23.8386
      vertex 12.7633 53.41 23.6367
    endloop
  endfacet
  facet normal 0 1 0
    outer loop
      vertex 10.3089 53.41 23.8386
      vertex 11.4508 53.41 22.4472
      vertex 9.02802 53.41 22.8886
    endloop
  endfacet
  facet normal 0 1 -0
    outer loop
      vertex 10.028 53.41 21.392
      vertex 9.02802 53.41 22.8886
      vertex 11.4508 53.41 22.4472
    endloop
  endfacet
  facet normal 0 1 0
    outer loop
      vertex 9.02802 53.41 22.8886
      vertex 10.028 53.41 21.392
      vertex 7.6602 53.41 22.0688
    endloop
  endfacet
  facet normal 0 1 -0
    outer loop
      vertex 8.50871 53.41 20.4813
      vertex 7.6602 53.41 22.0688
      vertex 10.028 53.41 21.392
    endloop
  endfacet
  facet normal 0 1 0
    outer loop
      vertex 7.6602 53.41 22.0688
      vertex 8.50871 53.41 20.4813
      vertex 6.21861 53.41 21.387
    endloop
  endfacet
  facet normal 0 1 -0
    outer loop
      vertex 6.90744 53.41 19.724
      vertex 6.21861 53.41 21.387
      vertex 8.50871 53.41 20.4813
    endloop
  endfacet
  facet normal 0 1 0
    outer loop
      vertex 6.21861 53.41 21.387
      vertex 6.90744 53.41 19.724
      vertex 4.71713 53.41 20.8497
    endloop
  endfacet
  facet normal 0 1 -0
    outer loop
      vertex 5.23964 53.41 19.1272
      vertex 4.71713 53.41 20.8497
      vertex 6.90744 53.41 19.724
    endloop
  endfacet
  facet normal 0 1 0
    outer loop
      vertex 4.71713 53.41 20.8497
      vertex 5.23964 53.41 19.1272
      vertex 3.17022 53.41 20.4622
    endloop
  endfacet
  facet normal 0 1 -0
    outer loop
      vertex 3.52138 53.41 18.6968
      vertex 3.17022 53.41 20.4622
      vertex 5.23964 53.41 19.1272
    endloop
  endfacet
  facet normal 0 1 0
    outer loop
      vertex -1.76921 53.41 54.3631
      vertex -2.53924 53.41 52.4314
      vertex -3.52138 53.41 54.1032
    endloop
  endfacet
  facet normal 0 1 -0
    outer loop
      vertex -3.17022 53.41 52.3378
      vertex -3.52138 53.41 54.1032
      vertex -2.53924 53.41 52.4314
    endloop
  endfacet
  facet normal 0 1 0
    outer loop
      vertex -3.78898 53.41 52.1828
      vertex -3.52138 53.41 54.1032
      vertex -3.17022 53.41 52.3378
    endloop
  endfacet
  facet normal 0 1 0
    outer loop
      vertex -3.52138 53.41 54.1032
      vertex -3.78898 53.41 52.1828
      vertex -5.23964 53.41 53.6728
    endloop
  endfacet
  facet normal 0 1 -0
    outer loop
      vertex -4.71713 53.41 51.9503
      vertex -5.23964 53.41 53.6728
      vertex -3.78898 53.41 52.1828
    endloop
  endfacet
  facet normal 0 1 0
    outer loop
      vertex -5.23964 53.41 53.6728
      vertex -4.71713 53.41 51.9503
      vertex -6.90744 53.41 53.076
    endloop
  endfacet
  facet normal 0 1 -0
    outer loop
      vertex -6.21861 53.41 51.413
      vertex -6.90744 53.41 53.076
      vertex -4.71713 53.41 51.9503
    endloop
  endfacet
  facet normal 0 1 0
    outer loop
      vertex -6.90744 53.41 53.076
      vertex -6.21861 53.41 51.413
      vertex -8.50871 53.41 52.3187
    endloop
  endfacet
  facet normal 0 1 -0
    outer loop
      vertex -7.6602 53.41 50.7312
      vertex -8.50871 53.41 52.3187
      vertex -6.21861 53.41 51.413
    endloop
  endfacet
  facet normal 0 1 -0
    outer loop
      vertex -8.48089 53.41 50.2393
      vertex -8.50871 53.41 52.3187
      vertex -7.6602 53.41 50.7312
    endloop
  endfacet
  facet normal 0 1 0
    outer loop
      vertex -8.50871 53.41 52.3187
      vertex -8.48089 53.41 50.2393
      vertex -10.028 53.41 51.408
    endloop
  endfacet
  facet normal 0 1 -0
    outer loop
      vertex -9.02802 53.41 49.9114
      vertex -10.028 53.41 51.408
      vertex -8.48089 53.41 50.2393
    endloop
  endfacet
  facet normal 0 1 0
    outer loop
      vertex -10.028 53.41 51.408
      vertex -9.02802 53.41 49.9114
      vertex -11.4508 53.41 50.3528
    endloop
  endfacet
  facet normal 0 1 -0
    outer loop
      vertex -10.3089 53.41 48.9614
      vertex -11.4508 53.41 50.3528
      vertex -9.02802 53.41 49.9114
    endloop
  endfacet
  facet normal 0 1 0
    outer loop
      vertex -11.4508 53.41 50.3528
      vertex -10.3089 53.41 48.9614
      vertex -12.7633 53.41 49.1633
    endloop
  endfacet
  facet normal 0 1 -0
    outer loop
      vertex -11.4905 53.41 47.8905
      vertex -12.7633 53.41 49.1633
      vertex -10.3089 53.41 48.9614
    endloop
  endfacet
  facet normal 0 1 0
    outer loop
      vertex -11.4905 53.41 47.8905
      vertex -13.9528 53.41 47.8508
      vertex -12.7633 53.41 49.1633
    endloop
  endfacet
  facet normal 0 1 -0
    outer loop
      vertex -12.5614 53.41 46.7089
      vertex -13.9528 53.41 47.8508
      vertex -11.4905 53.41 47.8905
    endloop
  endfacet
  facet normal 0 1 0
    outer loop
      vertex -12.5614 53.41 46.7089
      vertex -15.008 53.41 46.428
      vertex -13.9528 53.41 47.8508
    endloop
  endfacet
  facet normal 0 1 -0
    outer loop
      vertex -13.5114 53.41 45.428
      vertex -15.008 53.41 46.428
      vertex -12.5614 53.41 46.7089
    endloop
  endfacet
  facet normal 0 1 -0
    outer loop
      vertex -13.8393 53.41 44.8809
      vertex -15.008 53.41 46.428
      vertex -13.5114 53.41 45.428
    endloop
  endfacet
  facet normal 0 1 0
    outer loop
      vertex -15.008 53.41 46.428
      vertex -13.8393 53.41 44.8809
      vertex -15.9187 53.41 44.9087
    endloop
  endfacet
  facet normal 0 1 -0
    outer loop
      vertex -14.3312 53.41 44.0602
      vertex -15.9187 53.41 44.9087
      vertex -13.8393 53.41 44.8809
    endloop
  endfacet
  facet normal 0 1 0
    outer loop
      vertex -14.3312 53.41 44.0602
      vertex -16.676 53.41 43.3074
      vertex -15.9187 53.41 44.9087
    endloop
  endfacet
  facet normal 0 1 -0
    outer loop
      vertex -15.013 53.41 42.6186
      vertex -16.676 53.41 43.3074
      vertex -14.3312 53.41 44.0602
    endloop
  endfacet
  facet normal 0 1 -0
    outer loop
      vertex -15.3354 53.41 41.7177
      vertex -16.676 53.41 43.3074
      vertex -15.013 53.41 42.6186
    endloop
  endfacet
  facet normal 0 1 0
    outer loop
      vertex -15.3354 53.41 41.7177
      vertex -17.2728 53.41 41.6396
      vertex -16.676 53.41 43.3074
    endloop
  endfacet
  facet normal 0 1 -0
    outer loop
      vertex -15.5503 53.41 41.1171
      vertex -17.2728 53.41 41.6396
      vertex -15.3354 53.41 41.7177
    endloop
  endfacet
  facet normal 0 1 0
    outer loop
      vertex -15.5503 53.41 41.1171
      vertex -17.7032 53.41 39.9214
      vertex -17.2728 53.41 41.6396
    endloop
  endfacet
  facet normal 0 1 -0
    outer loop
      vertex -15.9378 53.41 39.5702
      vertex -17.7032 53.41 39.9214
      vertex -15.5503 53.41 41.1171
    endloop
  endfacet
  facet normal 0 1 0
    outer loop
      vertex -15.9378 53.41 39.5702
      vertex -17.9631 53.41 38.1692
      vertex -17.7032 53.41 39.9214
    endloop
  endfacet
  facet normal 0 1 -0
    outer loop
      vertex -16.1718 53.41 37.9928
      vertex -17.9631 53.41 38.1692
      vertex -15.9378 53.41 39.5702
    endloop
  endfacet
  facet normal 0 1 -0
    outer loop
      vertex -16.25 53.41 36.4
      vertex -17.9631 53.41 38.1692
      vertex -16.1718 53.41 37.9928
    endloop
  endfacet
  facet normal 0 1 0
    outer loop
      vertex -16.25 53.41 36.4
      vertex -18.05 53.41 36.4
      vertex -17.9631 53.41 38.1692
    endloop
  endfacet
  facet normal 0 1 0
    outer loop
      vertex -16.1718 53.41 34.8072
      vertex -18.05 53.41 36.4
      vertex -16.25 53.41 36.4
    endloop
  endfacet
  facet normal 0 1 0
    outer loop
      vertex -16.1718 53.41 34.8072
      vertex -17.9631 53.41 34.6308
      vertex -18.05 53.41 36.4
    endloop
  endfacet
  facet normal 0 1 0
    outer loop
      vertex -15.9378 53.41 33.2298
      vertex -17.9631 53.41 34.6308
      vertex -16.1718 53.41 34.8072
    endloop
  endfacet
  facet normal 0 1 0
    outer loop
      vertex -15.9378 53.41 33.2298
      vertex -17.7032 53.41 32.8786
      vertex -17.9631 53.41 34.6308
    endloop
  endfacet
  facet normal 0 1 0
    outer loop
      vertex -15.5503 53.41 31.6829
      vertex -17.7032 53.41 32.8786
      vertex -15.9378 53.41 33.2298
    endloop
  endfacet
  facet normal 0 1 0
    outer loop
      vertex -15.5503 53.41 31.6829
      vertex -17.2728 53.41 31.1604
      vertex -17.7032 53.41 32.8786
    endloop
  endfacet
  facet normal 0 1 0
    outer loop
      vertex -15.013 53.41 30.1814
      vertex -17.2728 53.41 31.1604
      vertex -15.5503 53.41 31.6829
    endloop
  endfacet
  facet normal 0 1 0
    outer loop
      vertex -15.013 53.41 30.1814
      vertex -16.676 53.41 29.4926
      vertex -17.2728 53.41 31.1604
    endloop
  endfacet
  facet normal 0 1 0
    outer loop
      vertex -14.3312 53.41 28.7398
      vertex -16.676 53.41 29.4926
      vertex -15.013 53.41 30.1814
    endloop
  endfacet
  facet normal 0 1 0
    outer loop
      vertex -14.3312 53.41 28.7398
      vertex -15.9187 53.41 27.8913
      vertex -16.676 53.41 29.4926
    endloop
  endfacet
  facet normal 0 1 0
    outer loop
      vertex -13.5114 53.41 27.372
      vertex -15.9187 53.41 27.8913
      vertex -14.3312 53.41 28.7398
    endloop
  endfacet
  facet normal 0 1 0
    outer loop
      vertex -13.5114 53.41 27.372
      vertex -15.008 53.41 26.372
      vertex -15.9187 53.41 27.8913
    endloop
  endfacet
  facet normal 0 1 0
    outer loop
      vertex -12.5614 53.41 26.0911
      vertex -15.008 53.41 26.372
      vertex -13.5114 53.41 27.372
    endloop
  endfacet
  facet normal 0 1 0
    outer loop
      vertex -12.5614 53.41 26.0911
      vertex -13.9528 53.41 24.9492
      vertex -15.008 53.41 26.372
    endloop
  endfacet
  facet normal 0 1 0
    outer loop
      vertex -11.4905 53.41 24.9095
      vertex -13.9528 53.41 24.9492
      vertex -12.5614 53.41 26.0911
    endloop
  endfacet
  facet normal 0 1 0
    outer loop
      vertex -12.7633 53.41 23.6367
      vertex -11.4905 53.41 24.9095
      vertex -10.3089 53.41 23.8386
    endloop
  endfacet
  facet normal 0 1 0
    outer loop
      vertex -11.4905 53.41 24.9095
      vertex -12.7633 53.41 23.6367
      vertex -13.9528 53.41 24.9492
    endloop
  endfacet
  facet normal 0 1 0
    outer loop
      vertex -11.4508 53.41 22.4472
      vertex -10.3089 53.41 23.8386
      vertex -9.02802 53.41 22.8886
    endloop
  endfacet
  facet normal 0 1 0
    outer loop
      vertex -10.3089 53.41 23.8386
      vertex -11.4508 53.41 22.4472
      vertex -12.7633 53.41 23.6367
    endloop
  endfacet
  facet normal 0 1 0
    outer loop
      vertex -10.028 53.41 21.392
      vertex -9.02802 53.41 22.8886
      vertex -7.6602 53.41 22.0688
    endloop
  endfacet
  facet normal 0 1 0
    outer loop
      vertex -9.02802 53.41 22.8886
      vertex -10.028 53.41 21.392
      vertex -11.4508 53.41 22.4472
    endloop
  endfacet
  facet normal 0 1 0
    outer loop
      vertex -8.50871 53.41 20.4813
      vertex -7.6602 53.41 22.0688
      vertex -6.21861 53.41 21.387
    endloop
  endfacet
  facet normal 0 1 0
    outer loop
      vertex -6.90744 53.41 19.724
      vertex -6.21861 53.41 21.387
      vertex -4.71713 53.41 20.8497
    endloop
  endfacet
  facet normal 0 1 0
    outer loop
      vertex -7.6602 53.41 22.0688
      vertex -8.50871 53.41 20.4813
      vertex -10.028 53.41 21.392
    endloop
  endfacet
  facet normal 0 1 0
    outer loop
      vertex -5.23964 53.41 19.1272
      vertex -4.71713 53.41 20.8497
      vertex -3.17022 53.41 20.4622
    endloop
  endfacet
  facet normal 0 1 0
    outer loop
      vertex -3.52138 53.41 18.6968
      vertex -3.17022 53.41 20.4622
      vertex -1.59278 53.41 20.2282
    endloop
  endfacet
  facet normal 0 1 0
    outer loop
      vertex -1.76921 53.41 18.4369
      vertex -1.59278 53.41 20.2282
      vertex 0 53.41 20.15
    endloop
  endfacet
  facet normal 0 1 0
    outer loop
      vertex 3.17022 53.41 20.4622
      vertex 3.52138 53.41 18.6968
      vertex 1.59278 53.41 20.2282
    endloop
  endfacet
  facet normal 0 1 0
    outer loop
      vertex -6.21861 53.41 21.387
      vertex -6.90744 53.41 19.724
      vertex -8.50871 53.41 20.4813
    endloop
  endfacet
  facet normal 0 1 -0
    outer loop
      vertex 1.76921 53.41 18.4369
      vertex 1.59278 53.41 20.2282
      vertex 3.52138 53.41 18.6968
    endloop
  endfacet
  facet normal 0 1 0
    outer loop
      vertex -4.71713 53.41 20.8497
      vertex -5.23964 53.41 19.1272
      vertex -6.90744 53.41 19.724
    endloop
  endfacet
  facet normal 0 1 0
    outer loop
      vertex 1.59278 53.41 20.2282
      vertex 1.76921 53.41 18.4369
      vertex 0 53.41 20.15
    endloop
  endfacet
  facet normal 0 1 0
    outer loop
      vertex -3.17022 53.41 20.4622
      vertex -3.52138 53.41 18.6968
      vertex -5.23964 53.41 19.1272
    endloop
  endfacet
  facet normal 0 1 0
    outer loop
      vertex 0 53.41 18.35
      vertex 0 53.41 20.15
      vertex 1.76921 53.41 18.4369
    endloop
  endfacet
  facet normal 0 1 0
    outer loop
      vertex -1.59278 53.41 20.2282
      vertex -1.76921 53.41 18.4369
      vertex -3.52138 53.41 18.6968
    endloop
  endfacet
  facet normal 0 1 0
    outer loop
      vertex 0 53.41 20.15
      vertex 0 53.41 18.35
      vertex -1.76921 53.41 18.4369
    endloop
  endfacet
  facet normal -0.514133 0 -0.857711
    outer loop
      vertex -10.028 27.61 21.392
      vertex -8.50871 53.41 20.4813
      vertex -8.50871 27.61 20.4813
    endloop
  endfacet
  facet normal -0.514133 0 -0.857711
    outer loop
      vertex -8.50871 53.41 20.4813
      vertex -10.028 27.61 21.392
      vertex -10.028 53.41 21.392
    endloop
  endfacet
  facet normal -0.427535 0 -0.903999
    outer loop
      vertex -8.50871 27.61 20.4813
      vertex -6.90744 53.41 19.724
      vertex -6.90744 27.61 19.724
    endloop
  endfacet
  facet normal -0.427535 0 -0.903999
    outer loop
      vertex -6.90744 53.41 19.724
      vertex -8.50871 27.61 20.4813
      vertex -8.50871 53.41 20.4813
    endloop
  endfacet
  facet normal -0.595692 0 -0.803213
    outer loop
      vertex -11.4508 27.61 22.4472
      vertex -10.028 53.41 21.392
      vertex -10.028 27.61 21.392
    endloop
  endfacet
  facet normal -0.595692 0 -0.803213
    outer loop
      vertex -10.028 53.41 21.392
      vertex -11.4508 27.61 22.4472
      vertex -11.4508 53.41 22.4472
    endloop
  endfacet
  facet normal -0.146725 -0 -0.989177
    outer loop
      vertex -3.52138 53.41 18.6968
      vertex -1.76921 28.5949 18.4369
      vertex -3.52138 28.2418 18.6968
    endloop
  endfacet
  facet normal -0.146725 0 -0.989177
    outer loop
      vertex -1.76921 28.5949 18.4369
      vertex -3.52138 53.41 18.6968
      vertex -1.76921 53.41 18.4369
    endloop
  endfacet
  facet normal 0.998796 -0 0.0490591
    outer loop
      vertex 17.9631 27.41 38.1692
      vertex 18.05 53.41 36.4
      vertex 17.9631 53.41 38.1692
    endloop
  endfacet
  facet normal 0.998796 0 0.0490591
    outer loop
      vertex 18.05 53.41 36.4
      vertex 17.9631 27.41 38.1692
      vertex 18.05 27.41 36.4
    endloop
  endfacet
  facet normal 0.514133 0 0.857711
    outer loop
      vertex 8.50871 53.41 52.3187
      vertex 10.028 27.41 51.408
      vertex 10.028 53.41 51.408
    endloop
  endfacet
  facet normal 0.514133 0 0.857711
    outer loop
      vertex 10.028 27.41 51.408
      vertex 8.50871 53.41 52.3187
      vertex 8.50871 27.41 52.3187
    endloop
  endfacet
  facet normal 0.740974 6.80224e-17 0.671534
    outer loop
      vertex 12.7633 53.41 49.1633
      vertex 13.2391 27.61 48.6383
      vertex 13.9528 53.41 47.8508
    endloop
  endfacet
  facet normal 0.740974 -0 0.671534
    outer loop
      vertex 12.7633 27.41 49.1633
      vertex 13.2391 27.61 48.6383
      vertex 12.7633 53.41 49.1633
    endloop
  endfacet
  facet normal 0.740974 0 0.671534
    outer loop
      vertex 13.2391 27.61 48.6383
      vertex 12.7633 27.41 49.1633
      vertex 13.2391 27.41 48.6383
    endloop
  endfacet
  facet normal 0.740974 0 0.671534
    outer loop
      vertex 13.9528 53.41 47.8508
      vertex 13.2391 27.61 48.6383
      vertex 13.9528 27.61 47.8508
    endloop
  endfacet
  facet normal -0.671534 0 0.740974
    outer loop
      vertex -11.4508 53.41 50.3528
      vertex -12.2383 27.61 49.6391
      vertex -11.4508 27.61 50.3528
    endloop
  endfacet
  facet normal -0.671534 -4.85874e-18 0.740974
    outer loop
      vertex -12.7633 53.41 49.1633
      vertex -12.2383 27.61 49.6391
      vertex -11.4508 53.41 50.3528
    endloop
  endfacet
  facet normal -0.671534 0 0.740974
    outer loop
      vertex -12.7633 27.41 49.1633
      vertex -12.2383 27.61 49.6391
      vertex -12.7633 53.41 49.1633
    endloop
  endfacet
  facet normal -0.671534 0 0.740974
    outer loop
      vertex -12.2383 27.61 49.6391
      vertex -12.7633 27.41 49.1633
      vertex -12.2383 27.41 49.6391
    endloop
  endfacet
  facet normal -0.904002 0 0.427528
    outer loop
      vertex -16.676 27.41 43.3074
      vertex -15.9187 53.41 44.9087
      vertex -16.676 53.41 43.3074
    endloop
  endfacet
  facet normal -0.904002 0 0.427528
    outer loop
      vertex -15.9187 53.41 44.9087
      vertex -16.676 27.41 43.3074
      vertex -15.9187 27.41 44.9087
    endloop
  endfacet
  facet normal -0.803213 0 0.595692
    outer loop
      vertex -15.008 27.61 46.428
      vertex -13.9528 53.41 47.8508
      vertex -15.008 53.41 46.428
    endloop
  endfacet
  facet normal -0.803213 0 0.595692
    outer loop
      vertex -13.9528 53.41 47.8508
      vertex -15.008 27.61 46.428
      vertex -13.9528 27.61 47.8508
    endloop
  endfacet
  facet normal 0.989183 0 0.146688
    outer loop
      vertex 17.8591 27.61 38.8701
      vertex 17.7032 53.41 39.9214
      vertex 17.7032 27.61 39.9214
    endloop
  endfacet
  facet normal 0.989178 -1.41987e-06 0.146723
    outer loop
      vertex 17.7032 53.41 39.9214
      vertex 17.8591 27.61 38.8701
      vertex 17.9631 53.41 38.1692
    endloop
  endfacet
  facet normal 0.98917 0 0.146774
    outer loop
      vertex 17.9631 27.41 38.1692
      vertex 17.8591 27.61 38.8701
      vertex 17.8591 27.41 38.8701
    endloop
  endfacet
  facet normal 0.98917 0 0.146774
    outer loop
      vertex 17.8591 27.61 38.8701
      vertex 17.9631 27.41 38.1692
      vertex 17.9631 53.41 38.1692
    endloop
  endfacet
  facet normal 0.803213 -0 0.595692
    outer loop
      vertex 13.9528 27.61 47.8508
      vertex 15.008 53.41 46.428
      vertex 13.9528 53.41 47.8508
    endloop
  endfacet
  facet normal 0.803213 0 0.595692
    outer loop
      vertex 15.008 53.41 46.428
      vertex 13.9528 27.61 47.8508
      vertex 15.008 27.61 46.428
    endloop
  endfacet
  facet normal 0.671534 0 0.740974
    outer loop
      vertex 12.7633 53.41 49.1633
      vertex 12.2383 27.61 49.6391
      vertex 12.7633 27.41 49.1633
    endloop
  endfacet
  facet normal 0.671534 -4.85874e-18 0.740974
    outer loop
      vertex 11.4508 53.41 50.3528
      vertex 12.2383 27.61 49.6391
      vertex 12.7633 53.41 49.1633
    endloop
  endfacet
  facet normal 0.671534 0 0.740974
    outer loop
      vertex 12.2383 27.61 49.6391
      vertex 11.4508 53.41 50.3528
      vertex 11.4508 27.61 50.3528
    endloop
  endfacet
  facet normal 0.671534 0 0.740974
    outer loop
      vertex 12.7633 27.41 49.1633
      vertex 12.2383 27.61 49.6391
      vertex 12.2383 27.41 49.6391
    endloop
  endfacet
  facet normal 0.904002 -0 0.427528
    outer loop
      vertex 15.9187 27.41 44.9087
      vertex 16.676 53.41 43.3074
      vertex 15.9187 53.41 44.9087
    endloop
  endfacet
  facet normal 0.904002 0 0.427528
    outer loop
      vertex 16.676 53.41 43.3074
      vertex 15.9187 27.41 44.9087
      vertex 16.676 27.41 43.3074
    endloop
  endfacet
  facet normal -0.514133 0 0.857711
    outer loop
      vertex -10.028 53.41 51.408
      vertex -8.50871 27.41 52.3187
      vertex -8.50871 53.41 52.3187
    endloop
  endfacet
  facet normal -0.514133 0 0.857711
    outer loop
      vertex -8.50871 27.41 52.3187
      vertex -10.028 53.41 51.408
      vertex -10.028 27.41 51.408
    endloop
  endfacet
  facet normal -0.740974 0 0.671534
    outer loop
      vertex -13.2391 27.61 48.6383
      vertex -13.9528 53.41 47.8508
      vertex -13.9528 27.61 47.8508
    endloop
  endfacet
  facet normal -0.740974 6.80224e-17 0.671534
    outer loop
      vertex -13.9528 53.41 47.8508
      vertex -13.2391 27.61 48.6383
      vertex -12.7633 53.41 49.1633
    endloop
  endfacet
  facet normal -0.740974 0 0.671534
    outer loop
      vertex -12.7633 27.41 49.1633
      vertex -13.2391 27.61 48.6383
      vertex -13.2391 27.41 48.6383
    endloop
  endfacet
  facet normal -0.740974 0 0.671534
    outer loop
      vertex -13.2391 27.61 48.6383
      vertex -12.7633 27.41 49.1633
      vertex -12.7633 53.41 49.1633
    endloop
  endfacet
  facet normal -0.970015 0 0.243045
    outer loop
      vertex -17.4449 27.61 40.9523
      vertex -17.7032 53.41 39.9214
      vertex -17.7032 27.61 39.9214
    endloop
  endfacet
  facet normal -0.970029 -2.44424e-06 0.242987
    outer loop
      vertex -17.7032 53.41 39.9214
      vertex -17.4449 27.61 40.9523
      vertex -17.2728 53.41 41.6396
    endloop
  endfacet
  facet normal -0.970051 0 0.242901
    outer loop
      vertex -17.2728 27.41 41.6396
      vertex -17.4449 27.61 40.9523
      vertex -17.4449 27.41 40.9523
    endloop
  endfacet
  facet normal -0.970051 0 0.242901
    outer loop
      vertex -17.4449 27.61 40.9523
      vertex -17.2728 27.41 41.6396
      vertex -17.2728 53.41 41.6396
    endloop
  endfacet
  facet normal 0.857725 0 0.514108
    outer loop
      vertex 15.5544 27.61 45.5164
      vertex 15.008 53.41 46.428
      vertex 15.008 27.61 46.428
    endloop
  endfacet
  facet normal 0.857712 -1.06344e-06 0.51413
    outer loop
      vertex 15.008 53.41 46.428
      vertex 15.5544 27.61 45.5164
      vertex 15.9187 53.41 44.9087
    endloop
  endfacet
  facet normal 0.857692 0 0.514164
    outer loop
      vertex 15.9187 27.41 44.9087
      vertex 15.5544 27.61 45.5164
      vertex 15.5544 27.41 45.5164
    endloop
  endfacet
  facet normal 0.857692 0 0.514164
    outer loop
      vertex 15.5544 27.61 45.5164
      vertex 15.9187 27.41 44.9087
      vertex 15.9187 53.41 44.9087
    endloop
  endfacet
  facet normal 0.595731 0 0.803184
    outer loop
      vertex 11.4508 53.41 50.3528
      vertex 10.5971 27.61 50.986
      vertex 11.4508 27.61 50.3528
    endloop
  endfacet
  facet normal 0.595692 2.02881e-06 0.803213
    outer loop
      vertex 10.028 53.41 51.408
      vertex 10.5971 27.61 50.986
      vertex 11.4508 53.41 50.3528
    endloop
  endfacet
  facet normal 0.595633 -0 0.803257
    outer loop
      vertex 10.028 27.41 51.408
      vertex 10.5971 27.61 50.986
      vertex 10.028 53.41 51.408
    endloop
  endfacet
  facet normal 0.595633 0 0.803257
    outer loop
      vertex 10.5971 27.61 50.986
      vertex 10.028 27.41 51.408
      vertex 10.5971 27.41 50.986
    endloop
  endfacet
  facet normal 0.941535 -0 0.336916
    outer loop
      vertex 16.676 27.41 43.3074
      vertex 17.2728 53.41 41.6396
      vertex 16.676 53.41 43.3074
    endloop
  endfacet
  facet normal 0.941535 0 0.336916
    outer loop
      vertex 17.2728 53.41 41.6396
      vertex 16.676 27.41 43.3074
      vertex 17.2728 27.41 41.6396
    endloop
  endfacet
  facet normal -0.0490211 0 0.998798
    outer loop
      vertex 0 53.41 54.45
      vertex -1.06153 27.61 54.3979
      vertex 0 27.61 54.45
    endloop
  endfacet
  facet normal -0.0490588 1.55613e-06 0.998796
    outer loop
      vertex -1.76921 53.41 54.3631
      vertex -1.06153 27.61 54.3979
      vertex 0 53.41 54.45
    endloop
  endfacet
  facet normal -0.0491154 0 0.998793
    outer loop
      vertex -1.76921 27.41 54.3631
      vertex -1.06153 27.61 54.3979
      vertex -1.76921 53.41 54.3631
    endloop
  endfacet
  facet normal -0.0491154 0 0.998793
    outer loop
      vertex -1.06153 27.61 54.3979
      vertex -1.76921 27.41 54.3631
      vertex -1.06153 27.41 54.3979
    endloop
  endfacet
  facet normal -0.336916 0 0.941535
    outer loop
      vertex -6.90744 53.41 53.076
      vertex -5.23964 27.41 53.6728
      vertex -5.23964 53.41 53.6728
    endloop
  endfacet
  facet normal -0.336916 0 0.941535
    outer loop
      vertex -5.23964 27.41 53.6728
      vertex -6.90744 53.41 53.076
      vertex -6.90744 27.41 53.076
    endloop
  endfacet
  facet normal -0.14678 0 0.989169
    outer loop
      vertex -1.76921 53.41 54.3631
      vertex -2.47008 27.61 54.2591
      vertex -1.76921 27.41 54.3631
    endloop
  endfacet
  facet normal -0.146725 -1.52223e-06 0.989177
    outer loop
      vertex -3.52138 53.41 54.1032
      vertex -2.47008 27.61 54.2591
      vertex -1.76921 53.41 54.3631
    endloop
  endfacet
  facet normal -0.146688 0 0.989183
    outer loop
      vertex -2.47008 27.61 54.2591
      vertex -3.52138 53.41 54.1032
      vertex -3.52138 27.61 54.1032
    endloop
  endfacet
  facet normal -0.14678 0 0.989169
    outer loop
      vertex -1.76921 27.41 54.3631
      vertex -2.47008 27.61 54.2591
      vertex -2.47008 27.41 54.2591
    endloop
  endfacet
  facet normal -0.427535 0 0.903999
    outer loop
      vertex -8.50871 53.41 52.3187
      vertex -6.90744 27.41 53.076
      vertex -6.90744 53.41 53.076
    endloop
  endfacet
  facet normal -0.427535 0 0.903999
    outer loop
      vertex -6.90744 27.41 53.076
      vertex -8.50871 53.41 52.3187
      vertex -8.50871 27.41 52.3187
    endloop
  endfacet
  facet normal -0.857712 -1.06344e-06 0.51413
    outer loop
      vertex -15.9187 53.41 44.9087
      vertex -15.5544 27.61 45.5164
      vertex -15.008 53.41 46.428
    endloop
  endfacet
  facet normal -0.857692 0 0.514164
    outer loop
      vertex -15.9187 27.41 44.9087
      vertex -15.5544 27.61 45.5164
      vertex -15.9187 53.41 44.9087
    endloop
  endfacet
  facet normal -0.857692 0 0.514164
    outer loop
      vertex -15.5544 27.61 45.5164
      vertex -15.9187 27.41 44.9087
      vertex -15.5544 27.41 45.5164
    endloop
  endfacet
  facet normal -0.857725 0 0.514108
    outer loop
      vertex -15.008 53.41 46.428
      vertex -15.5544 27.61 45.5164
      vertex -15.008 27.61 46.428
    endloop
  endfacet
  facet normal -0.941535 0 0.336916
    outer loop
      vertex -17.2728 27.41 41.6396
      vertex -16.676 53.41 43.3074
      vertex -17.2728 53.41 41.6396
    endloop
  endfacet
  facet normal -0.941535 0 0.336916
    outer loop
      vertex -16.676 53.41 43.3074
      vertex -17.2728 27.41 41.6396
      vertex -16.676 27.41 43.3074
    endloop
  endfacet
  facet normal -0.989178 -1.41987e-06 0.146723
    outer loop
      vertex -17.9631 53.41 38.1692
      vertex -17.8591 27.61 38.8701
      vertex -17.7032 53.41 39.9214
    endloop
  endfacet
  facet normal -0.98917 0 0.146774
    outer loop
      vertex -17.9631 27.41 38.1692
      vertex -17.8591 27.61 38.8701
      vertex -17.9631 53.41 38.1692
    endloop
  endfacet
  facet normal -0.98917 0 0.146774
    outer loop
      vertex -17.8591 27.61 38.8701
      vertex -17.9631 27.41 38.1692
      vertex -17.8591 27.41 38.8701
    endloop
  endfacet
  facet normal -0.989183 0 0.146688
    outer loop
      vertex -17.7032 53.41 39.9214
      vertex -17.8591 27.61 38.8701
      vertex -17.7032 27.61 39.9214
    endloop
  endfacet
  facet normal -0.998796 0 0.0490591
    outer loop
      vertex -18.05 27.41 36.4
      vertex -17.9631 53.41 38.1692
      vertex -18.05 53.41 36.4
    endloop
  endfacet
  facet normal -0.998796 0 0.0490591
    outer loop
      vertex -17.9631 53.41 38.1692
      vertex -18.05 27.41 36.4
      vertex -17.9631 27.41 38.1692
    endloop
  endfacet
  facet normal 0.242898 0 0.970052
    outer loop
      vertex 5.23964 53.41 53.6728
      vertex 4.55233 27.61 53.8449
      vertex 5.23964 27.41 53.6728
    endloop
  endfacet
  facet normal 0.242979 -2.31239e-06 0.970031
    outer loop
      vertex 3.52138 53.41 54.1032
      vertex 4.55233 27.61 53.8449
      vertex 5.23964 53.41 53.6728
    endloop
  endfacet
  facet normal 0.243034 0 0.970018
    outer loop
      vertex 4.55233 27.61 53.8449
      vertex 3.52138 53.41 54.1032
      vertex 3.52138 27.61 54.1032
    endloop
  endfacet
  facet normal 0.242898 0 0.970052
    outer loop
      vertex 5.23964 27.41 53.6728
      vertex 4.55233 27.61 53.8449
      vertex 4.55233 27.41 53.8449
    endloop
  endfacet
  facet normal 0.146688 0 0.989183
    outer loop
      vertex 3.52138 53.41 54.1032
      vertex 2.47008 27.61 54.2591
      vertex 3.52138 27.61 54.1032
    endloop
  endfacet
  facet normal 0.146725 -1.52223e-06 0.989177
    outer loop
      vertex 1.76921 53.41 54.3631
      vertex 2.47008 27.61 54.2591
      vertex 3.52138 53.41 54.1032
    endloop
  endfacet
  facet normal 0.14678 -0 0.989169
    outer loop
      vertex 1.76921 27.41 54.3631
      vertex 2.47008 27.61 54.2591
      vertex 1.76921 53.41 54.3631
    endloop
  endfacet
  facet normal 0.14678 0 0.989169
    outer loop
      vertex 2.47008 27.61 54.2591
      vertex 1.76921 27.41 54.3631
      vertex 2.47008 27.41 54.2591
    endloop
  endfacet
  facet normal -0.243034 0 0.970018
    outer loop
      vertex -3.52138 53.41 54.1032
      vertex -4.55233 27.61 53.8449
      vertex -3.52138 27.61 54.1032
    endloop
  endfacet
  facet normal -0.242979 -2.31239e-06 0.970031
    outer loop
      vertex -5.23964 53.41 53.6728
      vertex -4.55233 27.61 53.8449
      vertex -3.52138 53.41 54.1032
    endloop
  endfacet
  facet normal -0.242898 0 0.970052
    outer loop
      vertex -5.23964 27.41 53.6728
      vertex -4.55233 27.61 53.8449
      vertex -5.23964 53.41 53.6728
    endloop
  endfacet
  facet normal -0.242898 0 0.970052
    outer loop
      vertex -4.55233 27.61 53.8449
      vertex -5.23964 27.41 53.6728
      vertex -4.55233 27.41 53.8449
    endloop
  endfacet
  facet normal -0.595633 0 0.803257
    outer loop
      vertex -10.028 53.41 51.408
      vertex -10.5971 27.61 50.986
      vertex -10.028 27.41 51.408
    endloop
  endfacet
  facet normal -0.595692 2.02881e-06 0.803213
    outer loop
      vertex -11.4508 53.41 50.3528
      vertex -10.5971 27.61 50.986
      vertex -10.028 53.41 51.408
    endloop
  endfacet
  facet normal -0.595731 0 0.803184
    outer loop
      vertex -10.5971 27.61 50.986
      vertex -11.4508 53.41 50.3528
      vertex -11.4508 27.61 50.3528
    endloop
  endfacet
  facet normal -0.595633 0 0.803257
    outer loop
      vertex -10.028 27.41 51.408
      vertex -10.5971 27.61 50.986
      vertex -10.5971 27.41 50.986
    endloop
  endfacet
  facet normal 0.0490688 0 -0.998795
    outer loop
      vertex -0.637111 37.11 52.6187
      vertex 0 53.41 52.65
      vertex 0 37.11 52.65
    endloop
  endfacet
  facet normal 0.0490688 0 -0.998795
    outer loop
      vertex 0 53.41 52.65
      vertex -0.637111 37.11 52.6187
      vertex -0.637111 53.41 52.6187
    endloop
  endfacet
  facet normal 0.0490688 0 -0.998795
    outer loop
      vertex -0.637111 27.61 52.6187
      vertex 0 33.91 52.65
      vertex 0 27.61 52.65
    endloop
  endfacet
  facet normal 0.0490688 0 -0.998795
    outer loop
      vertex 0 33.91 52.65
      vertex -0.637111 27.61 52.6187
      vertex -0.637111 33.91 52.6187
    endloop
  endfacet
  facet normal 0.740964 0 -0.671545
    outer loop
      vertex -11.4905 37.11 47.8905
      vertex -12.5614 53.41 46.7089
      vertex -11.4905 53.41 47.8905
    endloop
  endfacet
  facet normal 0.740964 0 -0.671545
    outer loop
      vertex -12.5614 53.41 46.7089
      vertex -11.4905 37.11 47.8905
      vertex -12.5614 37.11 46.7089
    endloop
  endfacet
  facet normal 0.740964 0 -0.671545
    outer loop
      vertex -11.4905 27.61 47.8905
      vertex -12.5614 33.91 46.7089
      vertex -11.4905 33.91 47.8905
    endloop
  endfacet
  facet normal 0.740964 0 -0.671545
    outer loop
      vertex -12.5614 33.91 46.7089
      vertex -11.4905 27.61 47.8905
      vertex -12.5614 27.61 46.7089
    endloop
  endfacet
  facet normal -0.941543 0 -0.336892
    outer loop
      vertex 15.5503 37.11 41.1171
      vertex 15.3354 53.41 41.7177
      vertex 15.5503 53.41 41.1171
    endloop
  endfacet
  facet normal -0.941543 -0 -0.336892
    outer loop
      vertex 15.3354 53.41 41.7177
      vertex 15.5503 37.11 41.1171
      vertex 15.3354 37.11 41.7177
    endloop
  endfacet
  facet normal -0.941543 0 -0.336892
    outer loop
      vertex 15.5503 27.61 41.1171
      vertex 15.3354 33.91 41.7177
      vertex 15.5503 33.91 41.1171
    endloop
  endfacet
  facet normal -0.941543 -0 -0.336892
    outer loop
      vertex 15.3354 33.91 41.7177
      vertex 15.5503 27.61 41.1171
      vertex 15.3354 27.61 41.7177
    endloop
  endfacet
  facet normal -0.0490688 0 -0.998795
    outer loop
      vertex 0 37.11 52.65
      vertex 0.637111 53.41 52.6187
      vertex 0.637111 37.11 52.6187
    endloop
  endfacet
  facet normal -0.0490688 0 -0.998795
    outer loop
      vertex 0.637111 53.41 52.6187
      vertex 0 37.11 52.65
      vertex 0 53.41 52.65
    endloop
  endfacet
  facet normal -0.0490688 0 -0.998795
    outer loop
      vertex 0 27.61 52.65
      vertex 0.637111 33.91 52.6187
      vertex 0.637111 27.61 52.6187
    endloop
  endfacet
  facet normal -0.0490688 0 -0.998795
    outer loop
      vertex 0.637111 33.91 52.6187
      vertex 0 27.61 52.65
      vertex 0 33.91 52.65
    endloop
  endfacet
  facet normal -0.242993 0 -0.970028
    outer loop
      vertex 3.17022 37.11 52.3378
      vertex 3.78898 53.41 52.1828
      vertex 3.78898 37.11 52.1828
    endloop
  endfacet
  facet normal -0.242993 0 -0.970028
    outer loop
      vertex 3.78898 53.41 52.1828
      vertex 3.17022 37.11 52.3378
      vertex 3.17022 53.41 52.3378
    endloop
  endfacet
  facet normal -0.242993 0 -0.970028
    outer loop
      vertex 3.17022 27.61 52.3378
      vertex 3.78898 33.91 52.1828
      vertex 3.78898 27.61 52.1828
    endloop
  endfacet
  facet normal -0.242993 0 -0.970028
    outer loop
      vertex 3.78898 33.91 52.1828
      vertex 3.17022 27.61 52.3378
      vertex 3.17022 33.91 52.3378
    endloop
  endfacet
  facet normal -0.595713 0 -0.803197
    outer loop
      vertex 9.02802 37.11 49.9114
      vertex 10.3089 53.41 48.9614
      vertex 10.3089 37.11 48.9614
    endloop
  endfacet
  facet normal -0.595713 0 -0.803197
    outer loop
      vertex 10.3089 53.41 48.9614
      vertex 9.02802 37.11 49.9114
      vertex 9.02802 53.41 49.9114
    endloop
  endfacet
  facet normal -0.595713 0 -0.803197
    outer loop
      vertex 9.02802 27.61 49.9114
      vertex 10.3089 33.91 48.9614
      vertex 10.3089 27.61 48.9614
    endloop
  endfacet
  facet normal -0.595713 0 -0.803197
    outer loop
      vertex 10.3089 33.91 48.9614
      vertex 9.02802 27.61 49.9114
      vertex 9.02802 33.91 49.9114
    endloop
  endfacet
  facet normal -0.740964 0 -0.671545
    outer loop
      vertex 12.5614 37.11 46.7089
      vertex 11.4905 53.41 47.8905
      vertex 12.5614 53.41 46.7089
    endloop
  endfacet
  facet normal -0.740964 -0 -0.671545
    outer loop
      vertex 11.4905 53.41 47.8905
      vertex 12.5614 37.11 46.7089
      vertex 11.4905 37.11 47.8905
    endloop
  endfacet
  facet normal -0.740964 0 -0.671545
    outer loop
      vertex 12.5614 27.61 46.7089
      vertex 11.4905 33.91 47.8905
      vertex 12.5614 33.91 46.7089
    endloop
  endfacet
  facet normal -0.740964 -0 -0.671545
    outer loop
      vertex 11.4905 33.91 47.8905
      vertex 12.5614 27.61 46.7089
      vertex 11.4905 27.61 47.8905
    endloop
  endfacet
  facet normal 0.671545 0 -0.740964
    outer loop
      vertex -11.4905 37.11 47.8905
      vertex -10.3089 53.41 48.9614
      vertex -10.3089 37.11 48.9614
    endloop
  endfacet
  facet normal 0.671545 0 -0.740964
    outer loop
      vertex -10.3089 53.41 48.9614
      vertex -11.4905 37.11 47.8905
      vertex -11.4905 53.41 47.8905
    endloop
  endfacet
  facet normal 0.671545 0 -0.740964
    outer loop
      vertex -11.4905 27.61 47.8905
      vertex -10.3089 33.91 48.9614
      vertex -10.3089 27.61 48.9614
    endloop
  endfacet
  facet normal 0.671545 0 -0.740964
    outer loop
      vertex -10.3089 33.91 48.9614
      vertex -11.4905 27.61 47.8905
      vertex -11.4905 33.91 47.8905
    endloop
  endfacet
  facet normal 0.51406 0 -0.857754
    outer loop
      vertex -9.02802 37.11 49.9114
      vertex -8.48089 53.41 50.2393
      vertex -8.48089 37.11 50.2393
    endloop
  endfacet
  facet normal 0.51406 0 -0.857754
    outer loop
      vertex -8.48089 53.41 50.2393
      vertex -9.02802 37.11 49.9114
      vertex -9.02802 53.41 49.9114
    endloop
  endfacet
  facet normal 0.51406 0 -0.857754
    outer loop
      vertex -9.02802 27.61 49.9114
      vertex -8.48089 33.91 50.2393
      vertex -8.48089 27.61 50.2393
    endloop
  endfacet
  facet normal 0.51406 0 -0.857754
    outer loop
      vertex -8.48089 33.91 50.2393
      vertex -9.02802 27.61 49.9114
      vertex -9.02802 33.91 49.9114
    endloop
  endfacet
  facet normal 0.146735 0 -0.989176
    outer loop
      vertex -3.17022 37.11 52.3378
      vertex -2.53924 53.41 52.4314
      vertex -2.53924 37.11 52.4314
    endloop
  endfacet
  facet normal 0.146735 0 -0.989176
    outer loop
      vertex -2.53924 53.41 52.4314
      vertex -3.17022 37.11 52.3378
      vertex -3.17022 53.41 52.3378
    endloop
  endfacet
  facet normal 0.146735 0 -0.989176
    outer loop
      vertex -3.17022 27.61 52.3378
      vertex -2.53924 33.91 52.4314
      vertex -2.53924 27.61 52.4314
    endloop
  endfacet
  facet normal 0.146735 0 -0.989176
    outer loop
      vertex -2.53924 33.91 52.4314
      vertex -3.17022 27.61 52.3378
      vertex -3.17022 33.91 52.3378
    endloop
  endfacet
  facet normal 0.803202 0 -0.595707
    outer loop
      vertex -12.5614 37.11 46.7089
      vertex -13.5114 53.41 45.428
      vertex -12.5614 53.41 46.7089
    endloop
  endfacet
  facet normal 0.803202 0 -0.595707
    outer loop
      vertex -13.5114 53.41 45.428
      vertex -12.5614 37.11 46.7089
      vertex -13.5114 37.11 45.428
    endloop
  endfacet
  facet normal 0.803202 0 -0.595707
    outer loop
      vertex -12.5614 27.61 46.7089
      vertex -13.5114 33.91 45.428
      vertex -12.5614 33.91 46.7089
    endloop
  endfacet
  facet normal 0.803202 0 -0.595707
    outer loop
      vertex -13.5114 33.91 45.428
      vertex -12.5614 27.61 46.7089
      vertex -13.5114 27.61 45.428
    endloop
  endfacet
  facet normal 0.970028 0 -0.242993
    outer loop
      vertex -15.5503 37.11 41.1171
      vertex -15.9378 53.41 39.5702
      vertex -15.5503 53.41 41.1171
    endloop
  endfacet
  facet normal 0.970028 0 -0.242993
    outer loop
      vertex -15.9378 53.41 39.5702
      vertex -15.5503 37.11 41.1171
      vertex -15.9378 37.11 39.5702
    endloop
  endfacet
  facet normal 0.970028 0 -0.242993
    outer loop
      vertex -15.5503 27.61 41.1171
      vertex -15.9378 33.91 39.5702
      vertex -15.5503 33.91 41.1171
    endloop
  endfacet
  facet normal 0.970028 0 -0.242993
    outer loop
      vertex -15.9378 33.91 39.5702
      vertex -15.5503 27.61 41.1171
      vertex -15.9378 27.61 39.5702
    endloop
  endfacet
  facet normal 0.998797 0 -0.0490369
    outer loop
      vertex -16.1718 37.11 37.9928
      vertex -16.25 53.41 36.4
      vertex -16.1718 53.41 37.9928
    endloop
  endfacet
  facet normal 0.998797 0 -0.0490369
    outer loop
      vertex -16.25 53.41 36.4
      vertex -16.1718 37.11 37.9928
      vertex -16.25 37.11 36.4
    endloop
  endfacet
  facet normal 0.998797 0 -0.0490369
    outer loop
      vertex -16.1718 27.61 37.9928
      vertex -16.25 33.91 36.4
      vertex -16.1718 33.91 37.9928
    endloop
  endfacet
  facet normal 0.998797 0 -0.0490369
    outer loop
      vertex -16.25 33.91 36.4
      vertex -16.1718 27.61 37.9928
      vertex -16.25 27.61 36.4
    endloop
  endfacet
  facet normal -0.146735 0 -0.989176
    outer loop
      vertex 2.53924 37.11 52.4314
      vertex 3.17022 53.41 52.3378
      vertex 3.17022 37.11 52.3378
    endloop
  endfacet
  facet normal -0.146735 0 -0.989176
    outer loop
      vertex 3.17022 53.41 52.3378
      vertex 2.53924 37.11 52.4314
      vertex 2.53924 53.41 52.4314
    endloop
  endfacet
  facet normal -0.146735 0 -0.989176
    outer loop
      vertex 2.53924 27.61 52.4314
      vertex 3.17022 33.91 52.3378
      vertex 3.17022 27.61 52.3378
    endloop
  endfacet
  facet normal -0.146735 0 -0.989176
    outer loop
      vertex 3.17022 33.91 52.3378
      vertex 2.53924 27.61 52.4314
      vertex 2.53924 33.91 52.4314
    endloop
  endfacet
  facet normal -0.671545 0 -0.740964
    outer loop
      vertex 10.3089 37.11 48.9614
      vertex 11.4905 53.41 47.8905
      vertex 11.4905 37.11 47.8905
    endloop
  endfacet
  facet normal -0.671545 0 -0.740964
    outer loop
      vertex 11.4905 53.41 47.8905
      vertex 10.3089 37.11 48.9614
      vertex 10.3089 53.41 48.9614
    endloop
  endfacet
  facet normal -0.671545 0 -0.740964
    outer loop
      vertex 10.3089 27.61 48.9614
      vertex 11.4905 33.91 47.8905
      vertex 11.4905 27.61 47.8905
    endloop
  endfacet
  facet normal -0.671545 0 -0.740964
    outer loop
      vertex 11.4905 33.91 47.8905
      vertex 10.3089 27.61 48.9614
      vertex 10.3089 33.91 48.9614
    endloop
  endfacet
  facet normal -0.51406 0 -0.857754
    outer loop
      vertex 8.48089 37.11 50.2393
      vertex 9.02802 53.41 49.9114
      vertex 9.02802 37.11 49.9114
    endloop
  endfacet
  facet normal -0.51406 0 -0.857754
    outer loop
      vertex 9.02802 53.41 49.9114
      vertex 8.48089 37.11 50.2393
      vertex 8.48089 53.41 50.2393
    endloop
  endfacet
  facet normal -0.51406 0 -0.857754
    outer loop
      vertex 8.48089 27.61 50.2393
      vertex 9.02802 33.91 49.9114
      vertex 9.02802 27.61 49.9114
    endloop
  endfacet
  facet normal -0.51406 0 -0.857754
    outer loop
      vertex 9.02802 33.91 49.9114
      vertex 8.48089 27.61 50.2393
      vertex 8.48089 33.91 50.2393
    endloop
  endfacet
  facet normal -0.803202 0 -0.595707
    outer loop
      vertex 13.5114 37.11 45.428
      vertex 12.5614 53.41 46.7089
      vertex 13.5114 53.41 45.428
    endloop
  endfacet
  facet normal -0.803202 -0 -0.595707
    outer loop
      vertex 12.5614 53.41 46.7089
      vertex 13.5114 37.11 45.428
      vertex 12.5614 37.11 46.7089
    endloop
  endfacet
  facet normal -0.803202 0 -0.595707
    outer loop
      vertex 13.5114 27.61 45.428
      vertex 12.5614 33.91 46.7089
      vertex 13.5114 33.91 45.428
    endloop
  endfacet
  facet normal -0.803202 -0 -0.595707
    outer loop
      vertex 12.5614 33.91 46.7089
      vertex 13.5114 27.61 45.428
      vertex 12.5614 27.61 46.7089
    endloop
  endfacet
  facet normal -0.857742 0 -0.514081
    outer loop
      vertex 13.8393 37.11 44.8809
      vertex 13.5114 53.41 45.428
      vertex 13.8393 53.41 44.8809
    endloop
  endfacet
  facet normal -0.857742 -0 -0.514081
    outer loop
      vertex 13.5114 53.41 45.428
      vertex 13.8393 37.11 44.8809
      vertex 13.5114 37.11 45.428
    endloop
  endfacet
  facet normal -0.857742 0 -0.514081
    outer loop
      vertex 13.8393 27.61 44.8809
      vertex 13.5114 33.91 45.428
      vertex 13.8393 33.91 44.8809
    endloop
  endfacet
  facet normal -0.857742 -0 -0.514081
    outer loop
      vertex 13.5114 33.91 45.428
      vertex 13.8393 27.61 44.8809
      vertex 13.5114 27.61 45.428
    endloop
  endfacet
  facet normal -0.989175 0 -0.14674
    outer loop
      vertex 16.1718 37.11 37.9928
      vertex 15.9378 53.41 39.5702
      vertex 16.1718 53.41 37.9928
    endloop
  endfacet
  facet normal -0.989175 -0 -0.14674
    outer loop
      vertex 15.9378 53.41 39.5702
      vertex 16.1718 37.11 37.9928
      vertex 15.9378 37.11 39.5702
    endloop
  endfacet
  facet normal -0.989175 0 -0.14674
    outer loop
      vertex 16.1718 27.61 37.9928
      vertex 15.9378 33.91 39.5702
      vertex 16.1718 33.91 37.9928
    endloop
  endfacet
  facet normal -0.989175 -0 -0.14674
    outer loop
      vertex 15.9378 33.91 39.5702
      vertex 16.1718 27.61 37.9928
      vertex 15.9378 27.61 39.5702
    endloop
  endfacet
  facet normal -0.970028 0 -0.242993
    outer loop
      vertex 15.9378 37.11 39.5702
      vertex 15.5503 53.41 41.1171
      vertex 15.9378 53.41 39.5702
    endloop
  endfacet
  facet normal -0.970028 -0 -0.242993
    outer loop
      vertex 15.5503 53.41 41.1171
      vertex 15.9378 37.11 39.5702
      vertex 15.5503 37.11 41.1171
    endloop
  endfacet
  facet normal -0.970028 0 -0.242993
    outer loop
      vertex 15.9378 27.61 39.5702
      vertex 15.5503 33.91 41.1171
      vertex 15.9378 33.91 39.5702
    endloop
  endfacet
  facet normal -0.970028 -0 -0.242993
    outer loop
      vertex 15.5503 33.91 41.1171
      vertex 15.9378 27.61 39.5702
      vertex 15.5503 27.61 41.1171
    endloop
  endfacet
  facet normal -0.998797 0 -0.0490369
    outer loop
      vertex 16.25 37.11 36.4
      vertex 16.1718 53.41 37.9928
      vertex 16.25 53.41 36.4
    endloop
  endfacet
  facet normal -0.998797 -0 -0.0490369
    outer loop
      vertex 16.1718 53.41 37.9928
      vertex 16.25 37.11 36.4
      vertex 16.1718 37.11 37.9928
    endloop
  endfacet
  facet normal -0.998797 0 -0.0490369
    outer loop
      vertex 16.25 27.61 36.4
      vertex 16.1718 33.91 37.9928
      vertex 16.25 33.91 36.4
    endloop
  endfacet
  facet normal -0.998797 -0 -0.0490369
    outer loop
      vertex 16.1718 33.91 37.9928
      vertex 16.25 27.61 36.4
      vertex 16.1718 27.61 37.9928
    endloop
  endfacet
  facet normal 0.595713 0 -0.803197
    outer loop
      vertex -10.3089 37.11 48.9614
      vertex -9.02802 53.41 49.9114
      vertex -9.02802 37.11 49.9114
    endloop
  endfacet
  facet normal 0.595713 0 -0.803197
    outer loop
      vertex -9.02802 53.41 49.9114
      vertex -10.3089 37.11 48.9614
      vertex -10.3089 53.41 48.9614
    endloop
  endfacet
  facet normal 0.595713 0 -0.803197
    outer loop
      vertex -10.3089 27.61 48.9614
      vertex -9.02802 33.91 49.9114
      vertex -9.02802 27.61 49.9114
    endloop
  endfacet
  facet normal 0.595713 0 -0.803197
    outer loop
      vertex -9.02802 33.91 49.9114
      vertex -10.3089 27.61 48.9614
      vertex -10.3089 33.91 48.9614
    endloop
  endfacet
  facet normal 0.242993 0 -0.970028
    outer loop
      vertex -3.78898 37.11 52.1828
      vertex -3.17022 53.41 52.3378
      vertex -3.17022 37.11 52.3378
    endloop
  endfacet
  facet normal 0.242993 0 -0.970028
    outer loop
      vertex -3.17022 53.41 52.3378
      vertex -3.78898 37.11 52.1828
      vertex -3.78898 53.41 52.1828
    endloop
  endfacet
  facet normal 0.242993 0 -0.970028
    outer loop
      vertex -3.78898 27.61 52.1828
      vertex -3.17022 33.91 52.3378
      vertex -3.17022 27.61 52.3378
    endloop
  endfacet
  facet normal 0.242993 0 -0.970028
    outer loop
      vertex -3.17022 33.91 52.3378
      vertex -3.78898 27.61 52.1828
      vertex -3.78898 33.91 52.1828
    endloop
  endfacet
  facet normal 0.857742 0 -0.514081
    outer loop
      vertex -13.5114 37.11 45.428
      vertex -13.8393 53.41 44.8809
      vertex -13.5114 53.41 45.428
    endloop
  endfacet
  facet normal 0.857742 0 -0.514081
    outer loop
      vertex -13.8393 53.41 44.8809
      vertex -13.5114 37.11 45.428
      vertex -13.8393 37.11 44.8809
    endloop
  endfacet
  facet normal 0.857742 0 -0.514081
    outer loop
      vertex -13.5114 27.61 45.428
      vertex -13.8393 33.91 44.8809
      vertex -13.5114 33.91 45.428
    endloop
  endfacet
  facet normal 0.857742 0 -0.514081
    outer loop
      vertex -13.8393 33.91 44.8809
      vertex -13.5114 27.61 45.428
      vertex -13.8393 27.61 44.8809
    endloop
  endfacet
  facet normal 0.941543 0 -0.336892
    outer loop
      vertex -15.3354 37.11 41.7177
      vertex -15.5503 53.41 41.1171
      vertex -15.3354 53.41 41.7177
    endloop
  endfacet
  facet normal 0.941543 0 -0.336892
    outer loop
      vertex -15.5503 53.41 41.1171
      vertex -15.3354 37.11 41.7177
      vertex -15.5503 37.11 41.1171
    endloop
  endfacet
  facet normal 0.941543 0 -0.336892
    outer loop
      vertex -15.3354 27.61 41.7177
      vertex -15.5503 33.91 41.1171
      vertex -15.3354 33.91 41.7177
    endloop
  endfacet
  facet normal 0.941543 0 -0.336892
    outer loop
      vertex -15.5503 33.91 41.1171
      vertex -15.3354 27.61 41.7177
      vertex -15.5503 27.61 41.1171
    endloop
  endfacet
  facet normal 0.989175 0 -0.14674
    outer loop
      vertex -15.9378 37.11 39.5702
      vertex -16.1718 53.41 37.9928
      vertex -15.9378 53.41 39.5702
    endloop
  endfacet
  facet normal 0.989175 0 -0.14674
    outer loop
      vertex -16.1718 53.41 37.9928
      vertex -15.9378 37.11 39.5702
      vertex -16.1718 37.11 37.9928
    endloop
  endfacet
  facet normal 0.989175 0 -0.14674
    outer loop
      vertex -15.9378 27.61 39.5702
      vertex -16.1718 33.91 37.9928
      vertex -15.9378 33.91 39.5702
    endloop
  endfacet
  facet normal 0.989175 0 -0.14674
    outer loop
      vertex -16.1718 33.91 37.9928
      vertex -15.9378 27.61 39.5702
      vertex -16.1718 27.61 37.9928
    endloop
  endfacet
  facet normal 0.242919 -0.970047 0
    outer loop
      vertex 55.9754 -42.4039 0
      vertex 56.4514 -42.2847 8.2
      vertex 55.9754 -42.4039 8.2
    endloop
  endfacet
  facet normal 0.242919 -0.970047 0
    outer loop
      vertex 56.4514 -42.2847 8.2
      vertex 55.9754 -42.4039 0
      vertex 56.4514 -42.2847 0
    endloop
  endfacet
  facet normal 0.0491143 -0.998793 0
    outer loop
      vertex 55 -42.5 0
      vertex 55.4901 -42.4759 8.2
      vertex 55 -42.5 8.2
    endloop
  endfacet
  facet normal 0.0491143 -0.998793 0
    outer loop
      vertex 55.4901 -42.4759 8.2
      vertex 55 -42.5 0
      vertex 55.4901 -42.4759 0
    endloop
  endfacet
  facet normal -0.146755 0.989173 0
    outer loop
      vertex -55.4901 42.4759 0
      vertex -55.9754 42.4039 8.2
      vertex -55.4901 42.4759 8.2
    endloop
  endfacet
  facet normal -0.146755 0.989173 0
    outer loop
      vertex -55.9754 42.4039 8.2
      vertex -55.4901 42.4759 0
      vertex -55.9754 42.4039 0
    endloop
  endfacet
  facet normal 0.146755 -0.989173 0
    outer loop
      vertex 55.4901 -42.4759 0
      vertex 55.9754 -42.4039 8.2
      vertex 55.4901 -42.4759 8.2
    endloop
  endfacet
  facet normal 0.146755 -0.989173 0
    outer loop
      vertex 55.9754 -42.4039 8.2
      vertex 55.4901 -42.4759 0
      vertex 55.9754 -42.4039 0
    endloop
  endfacet
  facet normal -1 0 0
    outer loop
      vertex -60 -37.5 0
      vertex -60 37.5 8.2
      vertex -60 37.5 0
    endloop
  endfacet
  facet normal -1 -0 0
    outer loop
      vertex -60 37.5 8.2
      vertex -60 -37.5 0
      vertex -60 -37.5 8.2
    endloop
  endfacet
  facet normal 0 -1 0
    outer loop
      vertex -55 -42.5 0
      vertex 55 -42.5 8.2
      vertex -55 -42.5 8.2
    endloop
  endfacet
  facet normal 0 -1 -0
    outer loop
      vertex 55 -42.5 8.2
      vertex -55 -42.5 0
      vertex 55 -42.5 0
    endloop
  endfacet
  facet normal 0.0491143 0.998793 -0
    outer loop
      vertex 55.4901 42.4759 0
      vertex 55 42.5 8.2
      vertex 55.4901 42.4759 8.2
    endloop
  endfacet
  facet normal 0.0491143 0.998793 0
    outer loop
      vertex 55 42.5 8.2
      vertex 55.4901 42.4759 0
      vertex 55 42.5 0
    endloop
  endfacet
  facet normal 0 1 -0
    outer loop
      vertex 55 42.5 0
      vertex -55 42.5 8.2
      vertex 55 42.5 8.2
    endloop
  endfacet
  facet normal 0 1 0
    outer loop
      vertex -55 42.5 8.2
      vertex 55 42.5 0
      vertex -55 42.5 0
    endloop
  endfacet
  facet normal 1 -0 0
    outer loop
      vertex 60 -37.5 8.2
      vertex 60 37.5 0
      vertex 60 37.5 8.2
    endloop
  endfacet
  facet normal 1 0 0
    outer loop
      vertex 60 37.5 0
      vertex 60 -37.5 8.2
      vertex 60 -37.5 0
    endloop
  endfacet
  facet normal -0.595491 0.803362 0
    outer loop
      vertex -57.7778 41.6573 0
      vertex -58.172 41.3651 8.2
      vertex -57.7778 41.6573 8.2
    endloop
  endfacet
  facet normal -0.595491 0.803362 0
    outer loop
      vertex -58.172 41.3651 8.2
      vertex -57.7778 41.6573 0
      vertex -58.172 41.3651 0
    endloop
  endfacet
  facet normal -0.740806 -0.671719 0
    outer loop
      vertex -58.5355 -41.0355 0
      vertex -58.8651 -40.672 8.2
      vertex -58.8651 -40.672 0
    endloop
  endfacet
  facet normal -0.740806 -0.671719 0
    outer loop
      vertex -58.8651 -40.672 8.2
      vertex -58.5355 -41.0355 0
      vertex -58.5355 -41.0355 8.2
    endloop
  endfacet
  facet normal -0.514226 -0.857655 0
    outer loop
      vertex -57.7778 -41.6573 0
      vertex -57.357 -41.9096 8.2
      vertex -57.7778 -41.6573 8.2
    endloop
  endfacet
  facet normal -0.514226 -0.857655 -0
    outer loop
      vertex -57.357 -41.9096 8.2
      vertex -57.7778 -41.6573 0
      vertex -57.357 -41.9096 0
    endloop
  endfacet
  facet normal -0.595491 -0.803362 0
    outer loop
      vertex -58.172 -41.3651 0
      vertex -57.7778 -41.6573 8.2
      vertex -58.172 -41.3651 8.2
    endloop
  endfacet
  facet normal -0.595491 -0.803362 -0
    outer loop
      vertex -57.7778 -41.6573 8.2
      vertex -58.172 -41.3651 0
      vertex -57.7778 -41.6573 0
    endloop
  endfacet
  facet normal -0.0491143 -0.998793 0
    outer loop
      vertex -55.4901 -42.4759 0
      vertex -55 -42.5 8.2
      vertex -55.4901 -42.4759 8.2
    endloop
  endfacet
  facet normal -0.0491143 -0.998793 -0
    outer loop
      vertex -55 -42.5 8.2
      vertex -55.4901 -42.4759 0
      vertex -55 -42.5 0
    endloop
  endfacet
  facet normal 0.514226 0.857655 -0
    outer loop
      vertex 57.7778 41.6573 0
      vertex 57.357 41.9096 8.2
      vertex 57.7778 41.6573 8.2
    endloop
  endfacet
  facet normal 0.514226 0.857655 0
    outer loop
      vertex 57.357 41.9096 8.2
      vertex 57.7778 41.6573 0
      vertex 57.357 41.9096 0
    endloop
  endfacet
  facet normal 0.595491 0.803362 -0
    outer loop
      vertex 58.172 41.3651 0
      vertex 57.7778 41.6573 8.2
      vertex 58.172 41.3651 8.2
    endloop
  endfacet
  facet normal 0.595491 0.803362 0
    outer loop
      vertex 57.7778 41.6573 8.2
      vertex 58.172 41.3651 0
      vertex 57.7778 41.6573 0
    endloop
  endfacet
  facet normal -0.0491143 0.998793 0
    outer loop
      vertex -55 42.5 0
      vertex -55.4901 42.4759 8.2
      vertex -55 42.5 8.2
    endloop
  endfacet
  facet normal -0.0491143 0.998793 0
    outer loop
      vertex -55.4901 42.4759 8.2
      vertex -55 42.5 0
      vertex -55.4901 42.4759 0
    endloop
  endfacet
  facet normal -0.740806 0.671719 0
    outer loop
      vertex -58.8651 40.672 0
      vertex -58.5355 41.0355 8.2
      vertex -58.5355 41.0355 0
    endloop
  endfacet
  facet normal -0.740806 0.671719 0
    outer loop
      vertex -58.5355 41.0355 8.2
      vertex -58.8651 40.672 0
      vertex -58.8651 40.672 8.2
    endloop
  endfacet
  facet normal -0.803362 0.595491 0
    outer loop
      vertex -59.1573 40.2778 0
      vertex -58.8651 40.672 8.2
      vertex -58.8651 40.672 0
    endloop
  endfacet
  facet normal -0.803362 0.595491 0
    outer loop
      vertex -58.8651 40.672 8.2
      vertex -59.1573 40.2778 0
      vertex -59.1573 40.2778 8.2
    endloop
  endfacet
  facet normal -0.970047 0.242919 0
    outer loop
      vertex -59.9039 38.4754 0
      vertex -59.7847 38.9514 8.2
      vertex -59.7847 38.9514 0
    endloop
  endfacet
  facet normal -0.970047 0.242919 0
    outer loop
      vertex -59.7847 38.9514 8.2
      vertex -59.9039 38.4754 0
      vertex -59.9039 38.4754 8.2
    endloop
  endfacet
  facet normal -0.336879 -0.941548 0
    outer loop
      vertex -56.9134 -42.1194 0
      vertex -56.4514 -42.2847 8.2
      vertex -56.9134 -42.1194 8.2
    endloop
  endfacet
  facet normal -0.336879 -0.941548 -0
    outer loop
      vertex -56.4514 -42.2847 8.2
      vertex -56.9134 -42.1194 0
      vertex -56.4514 -42.2847 0
    endloop
  endfacet
  facet normal -0.146755 -0.989173 0
    outer loop
      vertex -55.9754 -42.4039 0
      vertex -55.4901 -42.4759 8.2
      vertex -55.9754 -42.4039 8.2
    endloop
  endfacet
  facet normal -0.146755 -0.989173 -0
    outer loop
      vertex -55.4901 -42.4759 8.2
      vertex -55.9754 -42.4039 0
      vertex -55.4901 -42.4759 0
    endloop
  endfacet
  facet normal -0.242919 -0.970047 0
    outer loop
      vertex -56.4514 -42.2847 0
      vertex -55.9754 -42.4039 8.2
      vertex -56.4514 -42.2847 8.2
    endloop
  endfacet
  facet normal -0.242919 -0.970047 -0
    outer loop
      vertex -55.9754 -42.4039 8.2
      vertex -56.4514 -42.2847 0
      vertex -55.9754 -42.4039 0
    endloop
  endfacet
  facet normal 0.427543 0.903995 -0
    outer loop
      vertex 57.357 41.9096 0
      vertex 56.9134 42.1194 8.2
      vertex 57.357 41.9096 8.2
    endloop
  endfacet
  facet normal 0.427543 0.903995 0
    outer loop
      vertex 56.9134 42.1194 8.2
      vertex 57.357 41.9096 0
      vertex 56.9134 42.1194 0
    endloop
  endfacet
  facet normal 0.336879 0.941548 -0
    outer loop
      vertex 56.9134 42.1194 0
      vertex 56.4514 42.2847 8.2
      vertex 56.9134 42.1194 8.2
    endloop
  endfacet
  facet normal 0.336879 0.941548 0
    outer loop
      vertex 56.4514 42.2847 8.2
      vertex 56.9134 42.1194 0
      vertex 56.4514 42.2847 0
    endloop
  endfacet
  facet normal 0.242919 0.970047 -0
    outer loop
      vertex 56.4514 42.2847 0
      vertex 55.9754 42.4039 8.2
      vertex 56.4514 42.2847 8.2
    endloop
  endfacet
  facet normal 0.242919 0.970047 0
    outer loop
      vertex 55.9754 42.4039 8.2
      vertex 56.4514 42.2847 0
      vertex 55.9754 42.4039 0
    endloop
  endfacet
  facet normal 0.989173 0.146755 0
    outer loop
      vertex 59.9759 37.9901 8.2
      vertex 59.9039 38.4754 0
      vertex 59.9039 38.4754 8.2
    endloop
  endfacet
  facet normal 0.989173 0.146755 0
    outer loop
      vertex 59.9039 38.4754 0
      vertex 59.9759 37.9901 8.2
      vertex 59.9759 37.9901 0
    endloop
  endfacet
  facet normal 0.970047 0.242919 0
    outer loop
      vertex 59.9039 38.4754 8.2
      vertex 59.7847 38.9514 0
      vertex 59.7847 38.9514 8.2
    endloop
  endfacet
  facet normal 0.970047 0.242919 0
    outer loop
      vertex 59.7847 38.9514 0
      vertex 59.9039 38.4754 8.2
      vertex 59.9039 38.4754 0
    endloop
  endfacet
  facet normal 0.998793 -0.0491143 0
    outer loop
      vertex 59.9759 -37.9901 8.2
      vertex 60 -37.5 0
      vertex 60 -37.5 8.2
    endloop
  endfacet
  facet normal 0.998793 -0.0491143 0
    outer loop
      vertex 60 -37.5 0
      vertex 59.9759 -37.9901 8.2
      vertex 59.9759 -37.9901 0
    endloop
  endfacet
  facet normal 0.903995 -0.427543 0
    outer loop
      vertex 59.4096 -39.857 8.2
      vertex 59.6194 -39.4134 0
      vertex 59.6194 -39.4134 8.2
    endloop
  endfacet
  facet normal 0.903995 -0.427543 0
    outer loop
      vertex 59.6194 -39.4134 0
      vertex 59.4096 -39.857 8.2
      vertex 59.4096 -39.857 0
    endloop
  endfacet
  facet normal 0.803362 -0.595491 0
    outer loop
      vertex 58.8651 -40.672 8.2
      vertex 59.1573 -40.2778 0
      vertex 59.1573 -40.2778 8.2
    endloop
  endfacet
  facet normal 0.803362 -0.595491 0
    outer loop
      vertex 59.1573 -40.2778 0
      vertex 58.8651 -40.672 8.2
      vertex 58.8651 -40.672 0
    endloop
  endfacet
  facet normal 0.514226 -0.857655 0
    outer loop
      vertex 57.357 -41.9096 0
      vertex 57.7778 -41.6573 8.2
      vertex 57.357 -41.9096 8.2
    endloop
  endfacet
  facet normal 0.514226 -0.857655 0
    outer loop
      vertex 57.7778 -41.6573 8.2
      vertex 57.357 -41.9096 0
      vertex 57.7778 -41.6573 0
    endloop
  endfacet
  facet normal 0.336879 -0.941548 0
    outer loop
      vertex 56.4514 -42.2847 0
      vertex 56.9134 -42.1194 8.2
      vertex 56.4514 -42.2847 8.2
    endloop
  endfacet
  facet normal 0.336879 -0.941548 0
    outer loop
      vertex 56.9134 -42.1194 8.2
      vertex 56.4514 -42.2847 0
      vertex 56.9134 -42.1194 0
    endloop
  endfacet
  facet normal 0.740806 -0.671719 0
    outer loop
      vertex 58.5355 -41.0355 8.2
      vertex 58.8651 -40.672 0
      vertex 58.8651 -40.672 8.2
    endloop
  endfacet
  facet normal 0.740806 -0.671719 0
    outer loop
      vertex 58.8651 -40.672 0
      vertex 58.5355 -41.0355 8.2
      vertex 58.5355 -41.0355 0
    endloop
  endfacet
  facet normal -0.242919 0.970047 0
    outer loop
      vertex -55.9754 42.4039 0
      vertex -56.4514 42.2847 8.2
      vertex -55.9754 42.4039 8.2
    endloop
  endfacet
  facet normal -0.242919 0.970047 0
    outer loop
      vertex -56.4514 42.2847 8.2
      vertex -55.9754 42.4039 0
      vertex -56.4514 42.2847 0
    endloop
  endfacet
  facet normal -0.671719 0.740806 0
    outer loop
      vertex -58.172 41.3651 0
      vertex -58.5355 41.0355 8.2
      vertex -58.172 41.3651 8.2
    endloop
  endfacet
  facet normal -0.671719 0.740806 0
    outer loop
      vertex -58.5355 41.0355 8.2
      vertex -58.172 41.3651 0
      vertex -58.5355 41.0355 0
    endloop
  endfacet
  facet normal -0.998793 0.0491143 0
    outer loop
      vertex -60 37.5 0
      vertex -59.9759 37.9901 8.2
      vertex -59.9759 37.9901 0
    endloop
  endfacet
  facet normal -0.998793 0.0491143 0
    outer loop
      vertex -59.9759 37.9901 8.2
      vertex -60 37.5 0
      vertex -60 37.5 8.2
    endloop
  endfacet
  facet normal -0.941548 0.336879 0
    outer loop
      vertex -59.7847 38.9514 0
      vertex -59.6194 39.4134 8.2
      vertex -59.6194 39.4134 0
    endloop
  endfacet
  facet normal -0.941548 0.336879 0
    outer loop
      vertex -59.6194 39.4134 8.2
      vertex -59.7847 38.9514 0
      vertex -59.7847 38.9514 8.2
    endloop
  endfacet
  facet normal -0.857655 0.514226 0
    outer loop
      vertex -59.4096 39.857 0
      vertex -59.1573 40.2778 8.2
      vertex -59.1573 40.2778 0
    endloop
  endfacet
  facet normal -0.857655 0.514226 0
    outer loop
      vertex -59.1573 40.2778 8.2
      vertex -59.4096 39.857 0
      vertex -59.4096 39.857 8.2
    endloop
  endfacet
  facet normal -0.903995 0.427543 0
    outer loop
      vertex -59.6194 39.4134 0
      vertex -59.4096 39.857 8.2
      vertex -59.4096 39.857 0
    endloop
  endfacet
  facet normal -0.903995 0.427543 0
    outer loop
      vertex -59.4096 39.857 8.2
      vertex -59.6194 39.4134 0
      vertex -59.6194 39.4134 8.2
    endloop
  endfacet
  facet normal -0.671719 -0.740806 0
    outer loop
      vertex -58.5355 -41.0355 0
      vertex -58.172 -41.3651 8.2
      vertex -58.5355 -41.0355 8.2
    endloop
  endfacet
  facet normal -0.671719 -0.740806 -0
    outer loop
      vertex -58.172 -41.3651 8.2
      vertex -58.5355 -41.0355 0
      vertex -58.172 -41.3651 0
    endloop
  endfacet
  facet normal -0.998793 -0.0491143 0
    outer loop
      vertex -59.9759 -37.9901 0
      vertex -60 -37.5 8.2
      vertex -60 -37.5 0
    endloop
  endfacet
  facet normal -0.998793 -0.0491143 0
    outer loop
      vertex -60 -37.5 8.2
      vertex -59.9759 -37.9901 0
      vertex -59.9759 -37.9901 8.2
    endloop
  endfacet
  facet normal 0 0 -1
    outer loop
      vertex 55.092 -36.0376 0
      vertex 60 -37.5 0
      vertex 59.9759 -37.9901 0
    endloop
  endfacet
  facet normal 0 0 -1
    outer loop
      vertex 60 -37.5 0
      vertex 56 -33.5 0
      vertex 60 37.5 0
    endloop
  endfacet
  facet normal 0 0 -1
    outer loop
      vertex 55.092 -36.0376 0
      vertex 59.9759 -37.9901 0
      vertex 59.9039 -38.4754 0
    endloop
  endfacet
  facet normal 0 0 -1
    outer loop
      vertex 56 33.5 0
      vertex 60 37.5 0
      vertex 56 -33.5 0
    endloop
  endfacet
  facet normal 0 0 -1
    outer loop
      vertex 55.092 -36.0376 0
      vertex 59.9039 -38.4754 0
      vertex 59.7847 -38.9514 0
    endloop
  endfacet
  facet normal 0 0 -1
    outer loop
      vertex 55.9807 33.8921 0
      vertex 60 37.5 0
      vertex 56 33.5 0
    endloop
  endfacet
  facet normal 0 0 -1
    outer loop
      vertex 54.8284 -36.3284 0
      vertex 59.7847 -38.9514 0
      vertex 59.6194 -39.4134 0
    endloop
  endfacet
  facet normal 0 0 -1
    outer loop
      vertex 55.9231 34.2804 0
      vertex 60 37.5 0
      vertex 55.9807 33.8921 0
    endloop
  endfacet
  facet normal 0 0 -1
    outer loop
      vertex 54.8284 -36.3284 0
      vertex 59.6194 -39.4134 0
      vertex 59.4096 -39.857 0
    endloop
  endfacet
  facet normal 0 0 -1
    outer loop
      vertex 55.8278 34.6611 0
      vertex 60 37.5 0
      vertex 55.9231 34.2804 0
    endloop
  endfacet
  facet normal 0 0 -1
    outer loop
      vertex 54.8284 -36.3284 0
      vertex 59.4096 -39.857 0
      vertex 59.1573 -40.2778 0
    endloop
  endfacet
  facet normal 0 0 -1
    outer loop
      vertex 55.6955 35.0307 0
      vertex 60 37.5 0
      vertex 55.8278 34.6611 0
    endloop
  endfacet
  facet normal 0 0 -1
    outer loop
      vertex 54.5376 -36.592 0
      vertex 59.1573 -40.2778 0
      vertex 58.8651 -40.672 0
    endloop
  endfacet
  facet normal 0 0 -1
    outer loop
      vertex 55.5277 35.3856 0
      vertex 60 37.5 0
      vertex 55.6955 35.0307 0
    endloop
  endfacet
  facet normal 0 0 -1
    outer loop
      vertex 54.5376 -36.592 0
      vertex 58.8651 -40.672 0
      vertex 58.5355 -41.0355 0
    endloop
  endfacet
  facet normal 0 0 -1
    outer loop
      vertex 55.3259 35.7223 0
      vertex 60 37.5 0
      vertex 55.5277 35.3856 0
    endloop
  endfacet
  facet normal 0 0 -1
    outer loop
      vertex 54.5376 -36.592 0
      vertex 58.5355 -41.0355 0
      vertex 58.172 -41.3651 0
    endloop
  endfacet
  facet normal 0 0 -1
    outer loop
      vertex 55.092 36.0376 0
      vertex 60 37.5 0
      vertex 55.3259 35.7223 0
    endloop
  endfacet
  facet normal 0 0 -1
    outer loop
      vertex 54.5376 -36.592 0
      vertex 58.172 -41.3651 0
      vertex 57.7778 -41.6573 0
    endloop
  endfacet
  facet normal -0 0 -1
    outer loop
      vertex 60 37.5 0
      vertex 55.092 36.0376 0
      vertex 59.9759 37.9901 0
    endloop
  endfacet
  facet normal 0 0 -1
    outer loop
      vertex 54.2223 -36.8259 0
      vertex 57.7778 -41.6573 0
      vertex 57.357 -41.9096 0
    endloop
  endfacet
  facet normal -0 0 -1
    outer loop
      vertex 59.9759 37.9901 0
      vertex 55.092 36.0376 0
      vertex 59.9039 38.4754 0
    endloop
  endfacet
  facet normal 0 0 -1
    outer loop
      vertex 54.2223 -36.8259 0
      vertex 57.357 -41.9096 0
      vertex 56.9134 -42.1194 0
    endloop
  endfacet
  facet normal -0 0 -1
    outer loop
      vertex 59.9039 38.4754 0
      vertex 55.092 36.0376 0
      vertex 59.7847 38.9514 0
    endloop
  endfacet
  facet normal 0 0 -1
    outer loop
      vertex 54.2223 -36.8259 0
      vertex 56.9134 -42.1194 0
      vertex 56.4514 -42.2847 0
    endloop
  endfacet
  facet normal 0 0 -1
    outer loop
      vertex 54.8284 36.3284 0
      vertex 59.7847 38.9514 0
      vertex 55.092 36.0376 0
    endloop
  endfacet
  facet normal -0 0 -1
    outer loop
      vertex 59.7847 38.9514 0
      vertex 54.8284 36.3284 0
      vertex 59.6194 39.4134 0
    endloop
  endfacet
  facet normal 0 0 -1
    outer loop
      vertex 60 -37.5 0
      vertex 55.9807 -33.8921 0
      vertex 56 -33.5 0
    endloop
  endfacet
  facet normal 0 0 -1
    outer loop
      vertex 53.8856 -37.0277 0
      vertex 56.4514 -42.2847 0
      vertex 55.9754 -42.4039 0
    endloop
  endfacet
  facet normal 0 0 -1
    outer loop
      vertex 60 -37.5 0
      vertex 55.9231 -34.2804 0
      vertex 55.9807 -33.8921 0
    endloop
  endfacet
  facet normal 0 0 -1
    outer loop
      vertex 60 -37.5 0
      vertex 55.8278 -34.6611 0
      vertex 55.9231 -34.2804 0
    endloop
  endfacet
  facet normal 0 0 -1
    outer loop
      vertex 60 -37.5 0
      vertex 55.6955 -35.0307 0
      vertex 55.8278 -34.6611 0
    endloop
  endfacet
  facet normal 0 0 -1
    outer loop
      vertex 60 -37.5 0
      vertex 55.5277 -35.3856 0
      vertex 55.6955 -35.0307 0
    endloop
  endfacet
  facet normal 0 0 -1
    outer loop
      vertex 53.8856 -37.0277 0
      vertex 55.9754 -42.4039 0
      vertex 55.4901 -42.4759 0
    endloop
  endfacet
  facet normal 0 0 -1
    outer loop
      vertex 60 -37.5 0
      vertex 55.3259 -35.7223 0
      vertex 55.5277 -35.3856 0
    endloop
  endfacet
  facet normal 0 0 -1
    outer loop
      vertex 60 -37.5 0
      vertex 55.092 -36.0376 0
      vertex 55.3259 -35.7223 0
    endloop
  endfacet
  facet normal 0 0 -1
    outer loop
      vertex 53.8856 -37.0277 0
      vertex 55.4901 -42.4759 0
      vertex 55 -42.5 0
    endloop
  endfacet
  facet normal 0 0 -1
    outer loop
      vertex 59.7847 -38.9514 0
      vertex 54.8284 -36.3284 0
      vertex 55.092 -36.0376 0
    endloop
  endfacet
  facet normal 0 0 -1
    outer loop
      vertex 59.1573 -40.2778 0
      vertex 54.5376 -36.592 0
      vertex 54.8284 -36.3284 0
    endloop
  endfacet
  facet normal 0 0 -1
    outer loop
      vertex 57.7778 -41.6573 0
      vertex 54.2223 -36.8259 0
      vertex 54.5376 -36.592 0
    endloop
  endfacet
  facet normal 0 0 -1
    outer loop
      vertex 56.4514 -42.2847 0
      vertex 53.8856 -37.0277 0
      vertex 54.2223 -36.8259 0
    endloop
  endfacet
  facet normal 0 0 -1
    outer loop
      vertex 55 -42.5 0
      vertex 53.5307 -37.1955 0
      vertex 53.8856 -37.0277 0
    endloop
  endfacet
  facet normal 0 0 -1
    outer loop
      vertex 55 -42.5 0
      vertex 53.1611 -37.3278 0
      vertex 53.5307 -37.1955 0
    endloop
  endfacet
  facet normal 0 0 -1
    outer loop
      vertex 55 -42.5 0
      vertex 52.7804 -37.4231 0
      vertex 53.1611 -37.3278 0
    endloop
  endfacet
  facet normal 0 0 -1
    outer loop
      vertex 55 -42.5 0
      vertex 52.3921 -37.4807 0
      vertex 52.7804 -37.4231 0
    endloop
  endfacet
  facet normal 0 0 -1
    outer loop
      vertex 55 -42.5 0
      vertex 52 -37.5 0
      vertex 52.3921 -37.4807 0
    endloop
  endfacet
  facet normal 0 0 -1
    outer loop
      vertex 55 -42.5 0
      vertex -52 -37.5 0
      vertex 52 -37.5 0
    endloop
  endfacet
  facet normal 0 0 -1
    outer loop
      vertex -55 -42.5 0
      vertex -52 -37.5 0
      vertex 55 -42.5 0
    endloop
  endfacet
  facet normal 0 0 -1
    outer loop
      vertex -55 -42.5 0
      vertex -52.3921 -37.4807 0
      vertex -52 -37.5 0
    endloop
  endfacet
  facet normal 0 0 -1
    outer loop
      vertex -55 -42.5 0
      vertex -52.7804 -37.4231 0
      vertex -52.3921 -37.4807 0
    endloop
  endfacet
  facet normal 0 0 -1
    outer loop
      vertex -55 -42.5 0
      vertex -53.1611 -37.3278 0
      vertex -52.7804 -37.4231 0
    endloop
  endfacet
  facet normal 0 0 -1
    outer loop
      vertex -55 -42.5 0
      vertex -53.5307 -37.1955 0
      vertex -53.1611 -37.3278 0
    endloop
  endfacet
  facet normal 0 0 -1
    outer loop
      vertex -55 -42.5 0
      vertex -53.8856 -37.0277 0
      vertex -53.5307 -37.1955 0
    endloop
  endfacet
  facet normal 0 0 -1
    outer loop
      vertex -55.4901 -42.4759 0
      vertex -53.8856 -37.0277 0
      vertex -55 -42.5 0
    endloop
  endfacet
  facet normal 0 0 -1
    outer loop
      vertex -55.9754 -42.4039 0
      vertex -53.8856 -37.0277 0
      vertex -55.4901 -42.4759 0
    endloop
  endfacet
  facet normal 0 0 -1
    outer loop
      vertex -56.4514 -42.2847 0
      vertex -53.8856 -37.0277 0
      vertex -55.9754 -42.4039 0
    endloop
  endfacet
  facet normal -0 0 -1
    outer loop
      vertex -53.8856 -37.0277 0
      vertex -56.4514 -42.2847 0
      vertex -54.2223 -36.8259 0
    endloop
  endfacet
  facet normal 0 0 -1
    outer loop
      vertex -56.9134 -42.1194 0
      vertex -54.2223 -36.8259 0
      vertex -56.4514 -42.2847 0
    endloop
  endfacet
  facet normal 0 0 -1
    outer loop
      vertex -57.357 -41.9096 0
      vertex -54.2223 -36.8259 0
      vertex -56.9134 -42.1194 0
    endloop
  endfacet
  facet normal 0 0 -1
    outer loop
      vertex -57.7778 -41.6573 0
      vertex -54.2223 -36.8259 0
      vertex -57.357 -41.9096 0
    endloop
  endfacet
  facet normal -0 0 -1
    outer loop
      vertex -54.2223 -36.8259 0
      vertex -57.7778 -41.6573 0
      vertex -54.5376 -36.592 0
    endloop
  endfacet
  facet normal 0 0 -1
    outer loop
      vertex -58.172 -41.3651 0
      vertex -54.5376 -36.592 0
      vertex -57.7778 -41.6573 0
    endloop
  endfacet
  facet normal 0 0 -1
    outer loop
      vertex -58.5355 -41.0355 0
      vertex -54.5376 -36.592 0
      vertex -58.172 -41.3651 0
    endloop
  endfacet
  facet normal 0 0 -1
    outer loop
      vertex -58.8651 -40.672 0
      vertex -54.5376 -36.592 0
      vertex -58.5355 -41.0355 0
    endloop
  endfacet
  facet normal 0 0 -1
    outer loop
      vertex -59.1573 -40.2778 0
      vertex -54.5376 -36.592 0
      vertex -58.8651 -40.672 0
    endloop
  endfacet
  facet normal -0 0 -1
    outer loop
      vertex -54.5376 -36.592 0
      vertex -59.1573 -40.2778 0
      vertex -54.8284 -36.3284 0
    endloop
  endfacet
  facet normal 0 0 -1
    outer loop
      vertex -59.6194 -39.4134 0
      vertex -54.8284 -36.3284 0
      vertex -59.4096 -39.857 0
    endloop
  endfacet
  facet normal 0 0 -1
    outer loop
      vertex -59.4096 -39.857 0
      vertex -54.8284 -36.3284 0
      vertex -59.1573 -40.2778 0
    endloop
  endfacet
  facet normal -0 0 -1
    outer loop
      vertex 59.6194 39.4134 0
      vertex 54.8284 36.3284 0
      vertex 59.4096 39.857 0
    endloop
  endfacet
  facet normal -0 0 -1
    outer loop
      vertex 59.4096 39.857 0
      vertex 54.8284 36.3284 0
      vertex 59.1573 40.2778 0
    endloop
  endfacet
  facet normal 0 0 -1
    outer loop
      vertex 54.5376 36.592 0
      vertex 59.1573 40.2778 0
      vertex 54.8284 36.3284 0
    endloop
  endfacet
  facet normal -0 0 -1
    outer loop
      vertex 59.1573 40.2778 0
      vertex 54.5376 36.592 0
      vertex 58.8651 40.672 0
    endloop
  endfacet
  facet normal -0 0 -1
    outer loop
      vertex 58.8651 40.672 0
      vertex 54.5376 36.592 0
      vertex 58.5355 41.0355 0
    endloop
  endfacet
  facet normal -0 0 -1
    outer loop
      vertex 58.5355 41.0355 0
      vertex 54.5376 36.592 0
      vertex 58.172 41.3651 0
    endloop
  endfacet
  facet normal -0 0 -1
    outer loop
      vertex 58.172 41.3651 0
      vertex 54.5376 36.592 0
      vertex 57.7778 41.6573 0
    endloop
  endfacet
  facet normal 0 0 -1
    outer loop
      vertex 54.2223 36.8259 0
      vertex 57.7778 41.6573 0
      vertex 54.5376 36.592 0
    endloop
  endfacet
  facet normal -0 0 -1
    outer loop
      vertex 57.7778 41.6573 0
      vertex 54.2223 36.8259 0
      vertex 57.357 41.9096 0
    endloop
  endfacet
  facet normal -0 0 -1
    outer loop
      vertex 57.357 41.9096 0
      vertex 54.2223 36.8259 0
      vertex 56.9134 42.1194 0
    endloop
  endfacet
  facet normal -0 0 -1
    outer loop
      vertex 56.9134 42.1194 0
      vertex 54.2223 36.8259 0
      vertex 56.4514 42.2847 0
    endloop
  endfacet
  facet normal 0 0 -1
    outer loop
      vertex 53.8856 37.0277 0
      vertex 56.4514 42.2847 0
      vertex 54.2223 36.8259 0
    endloop
  endfacet
  facet normal -0 0 -1
    outer loop
      vertex 56.4514 42.2847 0
      vertex 53.8856 37.0277 0
      vertex 55.9754 42.4039 0
    endloop
  endfacet
  facet normal -0 0 -1
    outer loop
      vertex 55.9754 42.4039 0
      vertex 53.8856 37.0277 0
      vertex 55.4901 42.4759 0
    endloop
  endfacet
  facet normal -0 0 -1
    outer loop
      vertex 55.4901 42.4759 0
      vertex 53.8856 37.0277 0
      vertex 55 42.5 0
    endloop
  endfacet
  facet normal 0 0 -1
    outer loop
      vertex 53.5307 37.1955 0
      vertex 55 42.5 0
      vertex 53.8856 37.0277 0
    endloop
  endfacet
  facet normal 0 0 -1
    outer loop
      vertex 53.1611 37.3278 0
      vertex 55 42.5 0
      vertex 53.5307 37.1955 0
    endloop
  endfacet
  facet normal 0 0 -1
    outer loop
      vertex 52.7804 37.4231 0
      vertex 55 42.5 0
      vertex 53.1611 37.3278 0
    endloop
  endfacet
  facet normal 0 0 -1
    outer loop
      vertex 52.3921 37.4807 0
      vertex 55 42.5 0
      vertex 52.7804 37.4231 0
    endloop
  endfacet
  facet normal 0 0 -1
    outer loop
      vertex 52 37.5 0
      vertex 55 42.5 0
      vertex 52.3921 37.4807 0
    endloop
  endfacet
  facet normal 0 0 -1
    outer loop
      vertex -52 37.5 0
      vertex 55 42.5 0
      vertex 52 37.5 0
    endloop
  endfacet
  facet normal 0 0 -1
    outer loop
      vertex -52 37.5 0
      vertex -55 42.5 0
      vertex 55 42.5 0
    endloop
  endfacet
  facet normal 0 0 -1
    outer loop
      vertex -52.3921 37.4807 0
      vertex -55 42.5 0
      vertex -52 37.5 0
    endloop
  endfacet
  facet normal 0 0 -1
    outer loop
      vertex -52.7804 37.4231 0
      vertex -55 42.5 0
      vertex -52.3921 37.4807 0
    endloop
  endfacet
  facet normal 0 0 -1
    outer loop
      vertex -53.1611 37.3278 0
      vertex -55 42.5 0
      vertex -52.7804 37.4231 0
    endloop
  endfacet
  facet normal 0 0 -1
    outer loop
      vertex -53.5307 37.1955 0
      vertex -55 42.5 0
      vertex -53.1611 37.3278 0
    endloop
  endfacet
  facet normal 0 0 -1
    outer loop
      vertex -53.8856 37.0277 0
      vertex -55 42.5 0
      vertex -53.5307 37.1955 0
    endloop
  endfacet
  facet normal 0 0 -1
    outer loop
      vertex -56.4514 42.2847 0
      vertex -53.8856 37.0277 0
      vertex -54.2223 36.8259 0
    endloop
  endfacet
  facet normal 0 0 -1
    outer loop
      vertex -57.7778 41.6573 0
      vertex -54.2223 36.8259 0
      vertex -54.5376 36.592 0
    endloop
  endfacet
  facet normal 0 0 -1
    outer loop
      vertex -59.1573 40.2778 0
      vertex -54.5376 36.592 0
      vertex -54.8284 36.3284 0
    endloop
  endfacet
  facet normal 0 0 -1
    outer loop
      vertex -59.7847 38.9514 0
      vertex -54.8284 36.3284 0
      vertex -55.092 36.0376 0
    endloop
  endfacet
  facet normal 0 0 -1
    outer loop
      vertex -60 37.5 0
      vertex -55.092 36.0376 0
      vertex -55.3259 35.7223 0
    endloop
  endfacet
  facet normal 0 0 -1
    outer loop
      vertex -53.8856 37.0277 0
      vertex -55.4901 42.4759 0
      vertex -55 42.5 0
    endloop
  endfacet
  facet normal 0 0 -1
    outer loop
      vertex -60 37.5 0
      vertex -55.3259 35.7223 0
      vertex -55.5277 35.3856 0
    endloop
  endfacet
  facet normal 0 0 -1
    outer loop
      vertex -60 37.5 0
      vertex -55.5277 35.3856 0
      vertex -55.6955 35.0307 0
    endloop
  endfacet
  facet normal 0 0 -1
    outer loop
      vertex -60 37.5 0
      vertex -55.6955 35.0307 0
      vertex -55.8278 34.6611 0
    endloop
  endfacet
  facet normal 0 0 -1
    outer loop
      vertex -60 37.5 0
      vertex -55.8278 34.6611 0
      vertex -55.9231 34.2804 0
    endloop
  endfacet
  facet normal 0 0 -1
    outer loop
      vertex -53.8856 37.0277 0
      vertex -55.9754 42.4039 0
      vertex -55.4901 42.4759 0
    endloop
  endfacet
  facet normal 0 0 -1
    outer loop
      vertex -60 37.5 0
      vertex -55.9231 34.2804 0
      vertex -55.9807 33.8921 0
    endloop
  endfacet
  facet normal 0 0 -1
    outer loop
      vertex -60 37.5 0
      vertex -55.9807 33.8921 0
      vertex -56 33.5 0
    endloop
  endfacet
  facet normal -0 0 -1
    outer loop
      vertex -56 -33.5 0
      vertex -60 -37.5 0
      vertex -56 33.5 0
    endloop
  endfacet
  facet normal 0 0 -1
    outer loop
      vertex -60 37.5 0
      vertex -56 33.5 0
      vertex -60 -37.5 0
    endloop
  endfacet
  facet normal 0 0 -1
    outer loop
      vertex -59.7847 -38.9514 0
      vertex -54.8284 -36.3284 0
      vertex -59.6194 -39.4134 0
    endloop
  endfacet
  facet normal 0 0 -1
    outer loop
      vertex -55.092 36.0376 0
      vertex -60 37.5 0
      vertex -59.9759 37.9901 0
    endloop
  endfacet
  facet normal -0 0 -1
    outer loop
      vertex -54.8284 -36.3284 0
      vertex -59.7847 -38.9514 0
      vertex -55.092 -36.0376 0
    endloop
  endfacet
  facet normal 0 0 -1
    outer loop
      vertex -53.8856 37.0277 0
      vertex -56.4514 42.2847 0
      vertex -55.9754 42.4039 0
    endloop
  endfacet
  facet normal 0 0 -1
    outer loop
      vertex -59.9039 -38.4754 0
      vertex -55.092 -36.0376 0
      vertex -59.7847 -38.9514 0
    endloop
  endfacet
  facet normal 0 0 -1
    outer loop
      vertex -54.2223 36.8259 0
      vertex -56.9134 42.1194 0
      vertex -56.4514 42.2847 0
    endloop
  endfacet
  facet normal 0 0 -1
    outer loop
      vertex -59.9759 -37.9901 0
      vertex -55.092 -36.0376 0
      vertex -59.9039 -38.4754 0
    endloop
  endfacet
  facet normal 0 0 -1
    outer loop
      vertex -54.2223 36.8259 0
      vertex -57.357 41.9096 0
      vertex -56.9134 42.1194 0
    endloop
  endfacet
  facet normal 0 0 -1
    outer loop
      vertex -60 -37.5 0
      vertex -55.092 -36.0376 0
      vertex -59.9759 -37.9901 0
    endloop
  endfacet
  facet normal 0 0 -1
    outer loop
      vertex -54.2223 36.8259 0
      vertex -57.7778 41.6573 0
      vertex -57.357 41.9096 0
    endloop
  endfacet
  facet normal -0 0 -1
    outer loop
      vertex -55.092 -36.0376 0
      vertex -60 -37.5 0
      vertex -55.3259 -35.7223 0
    endloop
  endfacet
  facet normal 0 0 -1
    outer loop
      vertex -54.5376 36.592 0
      vertex -58.172 41.3651 0
      vertex -57.7778 41.6573 0
    endloop
  endfacet
  facet normal -0 0 -1
    outer loop
      vertex -55.3259 -35.7223 0
      vertex -60 -37.5 0
      vertex -55.5277 -35.3856 0
    endloop
  endfacet
  facet normal 0 0 -1
    outer loop
      vertex -54.5376 36.592 0
      vertex -58.5355 41.0355 0
      vertex -58.172 41.3651 0
    endloop
  endfacet
  facet normal -0 0 -1
    outer loop
      vertex -55.5277 -35.3856 0
      vertex -60 -37.5 0
      vertex -55.6955 -35.0307 0
    endloop
  endfacet
  facet normal 0 0 -1
    outer loop
      vertex -54.5376 36.592 0
      vertex -58.8651 40.672 0
      vertex -58.5355 41.0355 0
    endloop
  endfacet
  facet normal -0 0 -1
    outer loop
      vertex -55.6955 -35.0307 0
      vertex -60 -37.5 0
      vertex -55.8278 -34.6611 0
    endloop
  endfacet
  facet normal 0 0 -1
    outer loop
      vertex -54.5376 36.592 0
      vertex -59.1573 40.2778 0
      vertex -58.8651 40.672 0
    endloop
  endfacet
  facet normal -0 0 -1
    outer loop
      vertex -55.8278 -34.6611 0
      vertex -60 -37.5 0
      vertex -55.9231 -34.2804 0
    endloop
  endfacet
  facet normal 0 0 -1
    outer loop
      vertex -54.8284 36.3284 0
      vertex -59.4096 39.857 0
      vertex -59.1573 40.2778 0
    endloop
  endfacet
  facet normal -0 0 -1
    outer loop
      vertex -55.9231 -34.2804 0
      vertex -60 -37.5 0
      vertex -55.9807 -33.8921 0
    endloop
  endfacet
  facet normal 0 0 -1
    outer loop
      vertex -54.8284 36.3284 0
      vertex -59.6194 39.4134 0
      vertex -59.4096 39.857 0
    endloop
  endfacet
  facet normal -0 0 -1
    outer loop
      vertex -55.9807 -33.8921 0
      vertex -60 -37.5 0
      vertex -56 -33.5 0
    endloop
  endfacet
  facet normal 0 0 -1
    outer loop
      vertex -54.8284 36.3284 0
      vertex -59.7847 38.9514 0
      vertex -59.6194 39.4134 0
    endloop
  endfacet
  facet normal 0 0 -1
    outer loop
      vertex -55.092 36.0376 0
      vertex -59.9039 38.4754 0
      vertex -59.7847 38.9514 0
    endloop
  endfacet
  facet normal 0 0 -1
    outer loop
      vertex -55.092 36.0376 0
      vertex -59.9759 37.9901 0
      vertex -59.9039 38.4754 0
    endloop
  endfacet
  facet normal -0.803362 -0.595491 0
    outer loop
      vertex -58.8651 -40.672 0
      vertex -59.1573 -40.2778 8.2
      vertex -59.1573 -40.2778 0
    endloop
  endfacet
  facet normal -0.803362 -0.595491 0
    outer loop
      vertex -59.1573 -40.2778 8.2
      vertex -58.8651 -40.672 0
      vertex -58.8651 -40.672 8.2
    endloop
  endfacet
  facet normal -0.989173 -0.146755 0
    outer loop
      vertex -59.9039 -38.4754 0
      vertex -59.9759 -37.9901 8.2
      vertex -59.9759 -37.9901 0
    endloop
  endfacet
  facet normal -0.989173 -0.146755 0
    outer loop
      vertex -59.9759 -37.9901 8.2
      vertex -59.9039 -38.4754 0
      vertex -59.9039 -38.4754 8.2
    endloop
  endfacet
  facet normal -0.970047 -0.242919 0
    outer loop
      vertex -59.7847 -38.9514 0
      vertex -59.9039 -38.4754 8.2
      vertex -59.9039 -38.4754 0
    endloop
  endfacet
  facet normal -0.970047 -0.242919 0
    outer loop
      vertex -59.9039 -38.4754 8.2
      vertex -59.7847 -38.9514 0
      vertex -59.7847 -38.9514 8.2
    endloop
  endfacet
  facet normal -0.427543 -0.903995 0
    outer loop
      vertex -57.357 -41.9096 0
      vertex -56.9134 -42.1194 8.2
      vertex -57.357 -41.9096 8.2
    endloop
  endfacet
  facet normal -0.427543 -0.903995 -0
    outer loop
      vertex -56.9134 -42.1194 8.2
      vertex -57.357 -41.9096 0
      vertex -56.9134 -42.1194 0
    endloop
  endfacet
  facet normal 0.146755 0.989173 -0
    outer loop
      vertex 55.9754 42.4039 0
      vertex 55.4901 42.4759 8.2
      vertex 55.9754 42.4039 8.2
    endloop
  endfacet
  facet normal 0.146755 0.989173 0
    outer loop
      vertex 55.4901 42.4759 8.2
      vertex 55.9754 42.4039 0
      vertex 55.4901 42.4759 0
    endloop
  endfacet
  facet normal 0.671719 0.740806 -0
    outer loop
      vertex 58.5355 41.0355 0
      vertex 58.172 41.3651 8.2
      vertex 58.5355 41.0355 8.2
    endloop
  endfacet
  facet normal 0.671719 0.740806 0
    outer loop
      vertex 58.172 41.3651 8.2
      vertex 58.5355 41.0355 0
      vertex 58.172 41.3651 0
    endloop
  endfacet
  facet normal 0.857655 0.514226 0
    outer loop
      vertex 59.4096 39.857 8.2
      vertex 59.1573 40.2778 0
      vertex 59.1573 40.2778 8.2
    endloop
  endfacet
  facet normal 0.857655 0.514226 0
    outer loop
      vertex 59.1573 40.2778 0
      vertex 59.4096 39.857 8.2
      vertex 59.4096 39.857 0
    endloop
  endfacet
  facet normal 0.941548 0.336879 0
    outer loop
      vertex 59.7847 38.9514 8.2
      vertex 59.6194 39.4134 0
      vertex 59.6194 39.4134 8.2
    endloop
  endfacet
  facet normal 0.941548 0.336879 0
    outer loop
      vertex 59.6194 39.4134 0
      vertex 59.7847 38.9514 8.2
      vertex 59.7847 38.9514 0
    endloop
  endfacet
  facet normal 0.803362 0.595491 0
    outer loop
      vertex 59.1573 40.2778 8.2
      vertex 58.8651 40.672 0
      vertex 58.8651 40.672 8.2
    endloop
  endfacet
  facet normal 0.803362 0.595491 0
    outer loop
      vertex 58.8651 40.672 0
      vertex 59.1573 40.2778 8.2
      vertex 59.1573 40.2778 0
    endloop
  endfacet
  facet normal 0.970047 -0.242919 0
    outer loop
      vertex 59.7847 -38.9514 8.2
      vertex 59.9039 -38.4754 0
      vertex 59.9039 -38.4754 8.2
    endloop
  endfacet
  facet normal 0.970047 -0.242919 0
    outer loop
      vertex 59.9039 -38.4754 0
      vertex 59.7847 -38.9514 8.2
      vertex 59.7847 -38.9514 0
    endloop
  endfacet
  facet normal 0.941548 -0.336879 0
    outer loop
      vertex 59.6194 -39.4134 8.2
      vertex 59.7847 -38.9514 0
      vertex 59.7847 -38.9514 8.2
    endloop
  endfacet
  facet normal 0.941548 -0.336879 0
    outer loop
      vertex 59.7847 -38.9514 0
      vertex 59.6194 -39.4134 8.2
      vertex 59.6194 -39.4134 0
    endloop
  endfacet
  facet normal 0.989173 -0.146755 0
    outer loop
      vertex 59.9039 -38.4754 8.2
      vertex 59.9759 -37.9901 0
      vertex 59.9759 -37.9901 8.2
    endloop
  endfacet
  facet normal 0.989173 -0.146755 0
    outer loop
      vertex 59.9759 -37.9901 0
      vertex 59.9039 -38.4754 8.2
      vertex 59.9039 -38.4754 0
    endloop
  endfacet
  facet normal 0.857655 -0.514226 0
    outer loop
      vertex 59.1573 -40.2778 8.2
      vertex 59.4096 -39.857 0
      vertex 59.4096 -39.857 8.2
    endloop
  endfacet
  facet normal 0.857655 -0.514226 0
    outer loop
      vertex 59.4096 -39.857 0
      vertex 59.1573 -40.2778 8.2
      vertex 59.1573 -40.2778 0
    endloop
  endfacet
  facet normal 0.427543 -0.903995 0
    outer loop
      vertex 56.9134 -42.1194 0
      vertex 57.357 -41.9096 8.2
      vertex 56.9134 -42.1194 8.2
    endloop
  endfacet
  facet normal 0.427543 -0.903995 0
    outer loop
      vertex 57.357 -41.9096 8.2
      vertex 56.9134 -42.1194 0
      vertex 57.357 -41.9096 0
    endloop
  endfacet
  facet normal 0.595491 -0.803362 0
    outer loop
      vertex 57.7778 -41.6573 0
      vertex 58.172 -41.3651 8.2
      vertex 57.7778 -41.6573 8.2
    endloop
  endfacet
  facet normal 0.595491 -0.803362 0
    outer loop
      vertex 58.172 -41.3651 8.2
      vertex 57.7778 -41.6573 0
      vertex 58.172 -41.3651 0
    endloop
  endfacet
  facet normal 0.671719 -0.740806 0
    outer loop
      vertex 58.172 -41.3651 0
      vertex 58.5355 -41.0355 8.2
      vertex 58.172 -41.3651 8.2
    endloop
  endfacet
  facet normal 0.671719 -0.740806 0
    outer loop
      vertex 58.5355 -41.0355 8.2
      vertex 58.172 -41.3651 0
      vertex 58.5355 -41.0355 0
    endloop
  endfacet
  facet normal -0.514226 0.857655 0
    outer loop
      vertex -57.357 41.9096 0
      vertex -57.7778 41.6573 8.2
      vertex -57.357 41.9096 8.2
    endloop
  endfacet
  facet normal -0.514226 0.857655 0
    outer loop
      vertex -57.7778 41.6573 8.2
      vertex -57.357 41.9096 0
      vertex -57.7778 41.6573 0
    endloop
  endfacet
  facet normal -0.427543 0.903995 0
    outer loop
      vertex -56.9134 42.1194 0
      vertex -57.357 41.9096 8.2
      vertex -56.9134 42.1194 8.2
    endloop
  endfacet
  facet normal -0.427543 0.903995 0
    outer loop
      vertex -57.357 41.9096 8.2
      vertex -56.9134 42.1194 0
      vertex -57.357 41.9096 0
    endloop
  endfacet
  facet normal -0.336879 0.941548 0
    outer loop
      vertex -56.4514 42.2847 0
      vertex -56.9134 42.1194 8.2
      vertex -56.4514 42.2847 8.2
    endloop
  endfacet
  facet normal -0.336879 0.941548 0
    outer loop
      vertex -56.9134 42.1194 8.2
      vertex -56.4514 42.2847 0
      vertex -56.9134 42.1194 0
    endloop
  endfacet
  facet normal -0.989173 0.146755 0
    outer loop
      vertex -59.9759 37.9901 0
      vertex -59.9039 38.4754 8.2
      vertex -59.9039 38.4754 0
    endloop
  endfacet
  facet normal -0.989173 0.146755 0
    outer loop
      vertex -59.9039 38.4754 8.2
      vertex -59.9759 37.9901 0
      vertex -59.9759 37.9901 8.2
    endloop
  endfacet
  facet normal -0.941548 -0.336879 0
    outer loop
      vertex -59.6194 -39.4134 0
      vertex -59.7847 -38.9514 8.2
      vertex -59.7847 -38.9514 0
    endloop
  endfacet
  facet normal -0.941548 -0.336879 0
    outer loop
      vertex -59.7847 -38.9514 8.2
      vertex -59.6194 -39.4134 0
      vertex -59.6194 -39.4134 8.2
    endloop
  endfacet
  facet normal -0.903995 -0.427543 0
    outer loop
      vertex -59.4096 -39.857 0
      vertex -59.6194 -39.4134 8.2
      vertex -59.6194 -39.4134 0
    endloop
  endfacet
  facet normal -0.903995 -0.427543 0
    outer loop
      vertex -59.6194 -39.4134 8.2
      vertex -59.4096 -39.857 0
      vertex -59.4096 -39.857 8.2
    endloop
  endfacet
  facet normal 0.740806 0.671719 0
    outer loop
      vertex 58.8651 40.672 8.2
      vertex 58.5355 41.0355 0
      vertex 58.5355 41.0355 8.2
    endloop
  endfacet
  facet normal 0.740806 0.671719 0
    outer loop
      vertex 58.5355 41.0355 0
      vertex 58.8651 40.672 8.2
      vertex 58.8651 40.672 0
    endloop
  endfacet
  facet normal 0.998793 0.0491143 0
    outer loop
      vertex 60 37.5 8.2
      vertex 59.9759 37.9901 0
      vertex 59.9759 37.9901 8.2
    endloop
  endfacet
  facet normal 0.998793 0.0491143 0
    outer loop
      vertex 59.9759 37.9901 0
      vertex 60 37.5 8.2
      vertex 60 37.5 0
    endloop
  endfacet
  facet normal 0.903995 0.427543 0
    outer loop
      vertex 59.6194 39.4134 8.2
      vertex 59.4096 39.857 0
      vertex 59.4096 39.857 8.2
    endloop
  endfacet
  facet normal 0.903995 0.427543 0
    outer loop
      vertex 59.4096 39.857 0
      vertex 59.6194 39.4134 8.2
      vertex 59.6194 39.4134 0
    endloop
  endfacet
  facet normal -0.857655 -0.514226 0
    outer loop
      vertex -59.1573 -40.2778 0
      vertex -59.4096 -39.857 8.2
      vertex -59.4096 -39.857 0
    endloop
  endfacet
  facet normal -0.857655 -0.514226 0
    outer loop
      vertex -59.4096 -39.857 8.2
      vertex -59.1573 -40.2778 0
      vertex -59.1573 -40.2778 8.2
    endloop
  endfacet
  facet normal 0.354607 -0.0526101 0.933534
    outer loop
      vertex 59.9759 -37.9901 8.2
      vertex 17.9631 -1.76921 26.2
      vertex 59.9039 -38.4754 8.2
    endloop
  endfacet
  facet normal 0.106963 -0.427132 0.89784
    outer loop
      vertex 56.4514 -42.2847 8.2
      vertex 5.23964 -17.2728 26.2
      vertex 55.9754 -42.4039 8.2
    endloop
  endfacet
  facet normal 0.0271376 0.552338 0.833179
    outer loop
      vertex 55 42.5 8.2
      vertex 11.6581 23.2326 22.3846
      vertex 12.1176 22.7332 22.7007
    endloop
  endfacet
  facet normal -0.182499 -0.304457 0.93488
    outer loop
      vertex -10.028 -15.008 26.2
      vertex -57.7778 -41.6573 8.2
      vertex -8.50871 -15.9187 26.2
    endloop
  endfacet
  facet normal 0.311274 -0.111385 0.94377
    outer loop
      vertex 17.2728 -5.23964 26.2
      vertex 16.676 -6.90744 26.2
      vertex 59.6194 -39.4134 8.2
    endloop
  endfacet
  facet normal -0.071725 -0.483446 0.872431
    outer loop
      vertex -1.76921 -17.9631 26.2
      vertex -55.9754 -42.4039 8.2
      vertex -55.4901 -42.4759 8.2
    endloop
  endfacet
  facet normal 0 -0.592862 0.805304
    outer loop
      vertex 0 -18.05 26.2
      vertex -55 -42.5 8.2
      vertex 55 -42.5 8.2
    endloop
  endfacet
  facet normal 0.071725 -0.483446 0.872431
    outer loop
      vertex 55.9754 -42.4039 8.2
      vertex 1.76921 -17.9631 26.2
      vertex 55.4901 -42.4759 8.2
    endloop
  endfacet
  facet normal 0.0271589 -0.552306 0.833199
    outer loop
      vertex 55.4901 -42.4759 8.2
      vertex 1.76921 -17.9631 26.2
      vertex 55 -42.5 8.2
    endloop
  endfacet
  facet normal 0.0271302 -0.552349 0.833172
    outer loop
      vertex 1.76921 -17.9631 26.2
      vertex 0 -18.05 26.2
      vertex 55 -42.5 8.2
    endloop
  endfacet
  facet normal 0.331921 -0.0831416 0.939636
    outer loop
      vertex 17.7032 -3.52138 26.2
      vertex 17.2728 -5.23964 26.2
      vertex 59.9039 -38.4754 8.2
    endloop
  endfacet
  facet normal 0.160691 -0.339764 0.926681
    outer loop
      vertex 57.357 -41.9096 8.2
      vertex 8.50871 -15.9187 26.2
      vertex 56.9134 -42.1194 8.2
    endloop
  endfacet
  facet normal 0.220854 -0.243692 0.944372
    outer loop
      vertex 12.7633 -12.7633 26.2
      vertex 11.4508 -13.9528 26.2
      vertex 58.5355 -41.0355 8.2
    endloop
  endfacet
  facet normal -0.18249 0.304472 0.934877
    outer loop
      vertex -14.1807 18.8818 24.1278
      vertex -57.7778 41.6573 8.2
      vertex -14.6667 17.5969 24.4514
    endloop
  endfacet
  facet normal -0.292102 -0.138146 0.946357
    outer loop
      vertex -16.676 -6.90744 26.2
      vertex -59.6194 -39.4134 8.2
      vertex -15.9187 -8.50871 26.2
    endloop
  endfacet
  facet normal -0.202312 -0.272791 0.940561
    outer loop
      vertex -11.4508 -13.9528 26.2
      vertex -58.172 -41.3651 8.2
      vertex -10.028 -15.008 26.2
    endloop
  endfacet
  facet normal 0.311282 -0.111374 0.943769
    outer loop
      vertex 59.7847 -38.9514 8.2
      vertex 17.2728 -5.23964 26.2
      vertex 59.6194 -39.4134 8.2
    endloop
  endfacet
  facet normal 0.292102 -0.138146 0.946357
    outer loop
      vertex 16.676 -6.90744 26.2
      vertex 15.9187 -8.50871 26.2
      vertex 59.6194 -39.4134 8.2
    endloop
  endfacet
  facet normal -0.380091 -0.0186905 0.92476
    outer loop
      vertex -17.9631 -1.76921 26.2
      vertex -60 -37.5 8.2
      vertex -59.9759 -37.9901 8.2
    endloop
  endfacet
  facet normal 0.135972 0.38003 0.914926
    outer loop
      vertex 56.4514 42.2847 8.2
      vertex 13.1895 21.0954 23.4307
      vertex 56.9134 42.1194 8.2
    endloop
  endfacet
  facet normal 0.136504 0.379149 0.915212
    outer loop
      vertex 13.1895 21.0954 23.4307
      vertex 56.4514 42.2847 8.2
      vertex 13.1662 21.1441 23.414
    endloop
  endfacet
  facet normal 0.292115 0.138127 0.946356
    outer loop
      vertex 59.6194 39.4134 8.2
      vertex 16.8872 9.19367 25.8011
      vertex 17.2402 7.33448 25.9635
    endloop
  endfacet
  facet normal -0.311281 0.111374 0.943769
    outer loop
      vertex -59.7847 38.9514 8.2
      vertex -17.5559 5.46813 26.0796
      vertex -59.6194 39.4134 8.2
    endloop
  endfacet
  facet normal -0.296272 0.1315 0.946008
    outer loop
      vertex -17.5559 5.46813 26.0796
      vertex -59.7847 38.9514 8.2
      vertex -17.5565 5.46462 26.0799
    endloop
  endfacet
  facet normal -0.332158 0.0828275 0.93958
    outer loop
      vertex -17.8074 3.7376 26.1441
      vertex -59.9039 38.4754 8.2
      vertex -17.823 3.62059 26.1489
    endloop
  endfacet
  facet normal -0.331906 0.0831628 0.939639
    outer loop
      vertex -59.9039 38.4754 8.2
      vertex -17.8074 3.7376 26.1441
      vertex -17.557 5.46121 26.08
    endloop
  endfacet
  facet normal -0.311274 -0.111385 0.94377
    outer loop
      vertex -17.2728 -5.23964 26.2
      vertex -59.6194 -39.4134 8.2
      vertex -16.676 -6.90744 26.2
    endloop
  endfacet
  facet normal -0.220899 -0.243619 0.94438
    outer loop
      vertex -11.4508 -13.9528 26.2
      vertex -58.5355 -41.0355 8.2
      vertex -58.172 -41.3651 8.2
    endloop
  endfacet
  facet normal -0.331921 -0.0831416 0.939636
    outer loop
      vertex -17.7032 -3.52138 26.2
      vertex -59.9039 -38.4754 8.2
      vertex -17.2728 -5.23964 26.2
    endloop
  endfacet
  facet normal -0.160691 -0.339764 0.926681
    outer loop
      vertex -8.50871 -15.9187 26.2
      vertex -57.357 -41.9096 8.2
      vertex -56.9134 -42.1194 8.2
    endloop
  endfacet
  facet normal -0.0717127 -0.483466 0.872421
    outer loop
      vertex -3.52138 -17.7032 26.2
      vertex -55.9754 -42.4039 8.2
      vertex -1.76921 -17.9631 26.2
    endloop
  endfacet
  facet normal -0.135983 -0.380013 0.914931
    outer loop
      vertex -6.90744 -16.676 26.2
      vertex -56.9134 -42.1194 8.2
      vertex -5.23964 -17.2728 26.2
    endloop
  endfacet
  facet normal -0.106963 -0.427132 0.89784
    outer loop
      vertex -5.23964 -17.2728 26.2
      vertex -56.4514 -42.2847 8.2
      vertex -55.9754 -42.4039 8.2
    endloop
  endfacet
  facet normal -0.135972 -0.380031 0.914925
    outer loop
      vertex -5.23964 -17.2728 26.2
      vertex -56.9134 -42.1194 8.2
      vertex -56.4514 -42.2847 8.2
    endloop
  endfacet
  facet normal -0.0271589 -0.552306 0.833199
    outer loop
      vertex -1.76921 -17.9631 26.2
      vertex -55.4901 -42.4759 8.2
      vertex -55 -42.5 8.2
    endloop
  endfacet
  facet normal -0.0271302 -0.552349 0.833172
    outer loop
      vertex -1.76921 -17.9631 26.2
      vertex -55 -42.5 8.2
      vertex 0 -18.05 26.2
    endloop
  endfacet
  facet normal 0.380091 -0.0186905 0.92476
    outer loop
      vertex 60 -37.5 8.2
      vertex 17.9631 -1.76921 26.2
      vertex 59.9759 -37.9901 8.2
    endloop
  endfacet
  facet normal 0.331935 -0.0831231 0.939633
    outer loop
      vertex 59.9039 -38.4754 8.2
      vertex 17.2728 -5.23964 26.2
      vertex 59.7847 -38.9514 8.2
    endloop
  endfacet
  facet normal 0.256214 -0.190017 0.94776
    outer loop
      vertex 15.008 -10.028 26.2
      vertex 13.9528 -11.4508 26.2
      vertex 58.8651 -40.672 8.2
    endloop
  endfacet
  facet normal 0.2921 -0.138149 0.946357
    outer loop
      vertex 59.6194 -39.4134 8.2
      vertex 15.9187 -8.50871 26.2
      vertex 59.4096 -39.857 8.2
    endloop
  endfacet
  facet normal -0.0271376 0.552338 0.833179
    outer loop
      vertex -11.6581 23.2326 22.3846
      vertex -55 42.5 8.2
      vertex -12.1176 22.7332 22.7007
    endloop
  endfacet
  facet normal 0.071725 0.483446 0.872431
    outer loop
      vertex 55.4901 42.4759 8.2
      vertex 12.1797 22.6571 22.743
      vertex 55.9754 42.4039 8.2
    endloop
  endfacet
  facet normal 0.0720604 0.48291 0.8727
    outer loop
      vertex 12.1797 22.6571 22.743
      vertex 55.4901 42.4759 8.2
      vertex 12.1488 22.6993 22.7222
    endloop
  endfacet
  facet normal -0.292115 0.138127 0.946356
    outer loop
      vertex -16.8872 9.19367 25.8011
      vertex -59.6194 39.4134 8.2
      vertex -17.2402 7.33448 25.9635
    endloop
  endfacet
  facet normal -0.256228 0.189995 0.94776
    outer loop
      vertex -16.0677 12.8268 25.3524
      vertex -58.8651 40.672 8.2
      vertex -16.4922 11.0651 25.5908
    endloop
  endfacet
  facet normal -0.354615 -0.0526001 0.933532
    outer loop
      vertex -17.9631 -1.76921 26.2
      vertex -59.9039 -38.4754 8.2
      vertex -17.7032 -3.52138 26.2
    endloop
  endfacet
  facet normal -0.354607 -0.0526101 0.933534
    outer loop
      vertex -17.9631 -1.76921 26.2
      vertex -59.9759 -37.9901 8.2
      vertex -59.9039 -38.4754 8.2
    endloop
  endfacet
  facet normal -0.220854 -0.243692 0.944372
    outer loop
      vertex -12.7633 -12.7633 26.2
      vertex -58.5355 -41.0355 8.2
      vertex -11.4508 -13.9528 26.2
    endloop
  endfacet
  facet normal -0.238681 -0.216313 0.9467
    outer loop
      vertex -13.9528 -11.4508 26.2
      vertex -58.5355 -41.0355 8.2
      vertex -12.7633 -12.7633 26.2
    endloop
  endfacet
  facet normal -0.273879 -0.16417 0.947649
    outer loop
      vertex -15.9187 -8.50871 26.2
      vertex -59.1573 -40.2778 8.2
      vertex -15.008 -10.028 26.2
    endloop
  endfacet
  facet normal -0.182521 -0.304419 0.934888
    outer loop
      vertex -8.50871 -15.9187 26.2
      vertex -57.7778 -41.6573 8.2
      vertex -57.357 -41.9096 8.2
    endloop
  endfacet
  facet normal -0.160689 -0.339768 0.926681
    outer loop
      vertex -8.50871 -15.9187 26.2
      vertex -56.9134 -42.1194 8.2
      vertex -6.90744 -16.676 26.2
    endloop
  endfacet
  facet normal -0.106983 -0.4271 0.897853
    outer loop
      vertex -5.23964 -17.2728 26.2
      vertex -55.9754 -42.4039 8.2
      vertex -3.52138 -17.7032 26.2
    endloop
  endfacet
  facet normal 0.394316 0 0.918975
    outer loop
      vertex 60 37.5 8.2
      vertex 18.05 0 26.2
      vertex 60 -37.5 8.2
    endloop
  endfacet
  facet normal 0.380106 -0.01867 0.924754
    outer loop
      vertex 18.05 0 26.2
      vertex 17.9631 -1.76921 26.2
      vertex 60 -37.5 8.2
    endloop
  endfacet
  facet normal 0.256259 -0.189952 0.94776
    outer loop
      vertex 59.1573 -40.2778 8.2
      vertex 15.008 -10.028 26.2
      vertex 58.8651 -40.672 8.2
    endloop
  endfacet
  facet normal 0.273879 -0.16417 0.947649
    outer loop
      vertex 15.9187 -8.50871 26.2
      vertex 15.008 -10.028 26.2
      vertex 59.1573 -40.2778 8.2
    endloop
  endfacet
  facet normal 0.273859 -0.164198 0.94765
    outer loop
      vertex 59.4096 -39.857 8.2
      vertex 15.9187 -8.50871 26.2
      vertex 59.1573 -40.2778 8.2
    endloop
  endfacet
  facet normal 0.182521 -0.304419 0.934888
    outer loop
      vertex 57.7778 -41.6573 8.2
      vertex 8.50871 -15.9187 26.2
      vertex 57.357 -41.9096 8.2
    endloop
  endfacet
  facet normal 1.82107e-05 0.592836 0.805323
    outer loop
      vertex 55 42.5 8.2
      vertex 11.2555 23.6127 22.1048
      vertex 11.6581 23.2326 22.3846
    endloop
  endfacet
  facet normal -0.000166462 0.593113 0.805119
    outer loop
      vertex 55 42.5 8.2
      vertex 11.1661 23.6929 22.0457
      vertex 11.2555 23.6127 22.1048
    endloop
  endfacet
  facet normal 1.5907e-06 0.592859 0.805306
    outer loop
      vertex 55 42.5 8.2
      vertex 9.35883 25.15 20.973
      vertex 11.1661 23.6929 22.0457
    endloop
  endfacet
  facet normal -0.000212417 0.593224 0.805037
    outer loop
      vertex 55 42.5 8.2
      vertex 9.27155 25.2185 20.9225
      vertex 9.35883 25.15 20.973
    endloop
  endfacet
  facet normal -8.82455e-07 0.592861 0.805305
    outer loop
      vertex 55 42.5 8.2
      vertex 9.20292 25.2674 20.8865
      vertex 9.27155 25.2185 20.9225
    endloop
  endfacet
  facet normal 1.87269e-05 0.592827 0.80533
    outer loop
      vertex 55 42.5 8.2
      vertex 7.20901 26.6141 19.8952
      vertex 9.20292 25.2674 20.8865
    endloop
  endfacet
  facet normal -0.000711154 0.59425 0.80428
    outer loop
      vertex 55 42.5 8.2
      vertex 7.17889 26.6322 19.8818
      vertex 7.20901 26.6141 19.8952
    endloop
  endfacet
  facet normal 2.71265e-06 0.592856 0.805308
    outer loop
      vertex 55 42.5 8.2
      vertex 5.74822 27.41 19.3092
      vertex 7.17889 26.6322 19.8818
    endloop
  endfacet
  facet normal 2.96868e-05 0.592799 0.80535
    outer loop
      vertex 55 42.5 8.2
      vertex 5.33672 27.61 19.162
      vertex 5.74822 27.41 19.3092
    endloop
  endfacet
  facet normal -0.000162639 0.593215 0.805044
    outer loop
      vertex 5.23964 27.6572 19.1272
      vertex 5.33672 27.61 19.162
      vertex 55 42.5 8.2
    endloop
  endfacet
  facet normal -4.42522e-06 0.592871 0.805297
    outer loop
      vertex 55 42.5 8.2
      vertex 3.52138 28.2418 18.6968
      vertex 5.23964 27.6572 19.1272
    endloop
  endfacet
  facet normal 1.33208e-05 0.592829 0.805328
    outer loop
      vertex 55 42.5 8.2
      vertex 1.76921 28.5949 18.4369
      vertex 3.52138 28.2418 18.6968
    endloop
  endfacet
  facet normal -1.0404e-05 0.592888 0.805285
    outer loop
      vertex 55 42.5 8.2
      vertex 0 28.7129 18.35
      vertex 1.76921 28.5949 18.4369
    endloop
  endfacet
  facet normal -0 0.592861 0.805304
    outer loop
      vertex -55 42.5 8.2
      vertex 0 28.7129 18.35
      vertex 55 42.5 8.2
    endloop
  endfacet
  facet normal 1.0404e-05 0.592888 0.805285
    outer loop
      vertex 0 28.7129 18.35
      vertex -55 42.5 8.2
      vertex -1.76921 28.5949 18.4369
    endloop
  endfacet
  facet normal -1.82107e-05 0.592836 0.805323
    outer loop
      vertex -11.2555 23.6127 22.1048
      vertex -55 42.5 8.2
      vertex -11.6581 23.2326 22.3846
    endloop
  endfacet
  facet normal 0.000166462 0.593113 0.805119
    outer loop
      vertex -11.1661 23.6929 22.0457
      vertex -55 42.5 8.2
      vertex -11.2555 23.6127 22.1048
    endloop
  endfacet
  facet normal -1.5907e-06 0.592859 0.805306
    outer loop
      vertex -9.35883 25.15 20.973
      vertex -55 42.5 8.2
      vertex -11.1661 23.6929 22.0457
    endloop
  endfacet
  facet normal 0.000212417 0.593224 0.805037
    outer loop
      vertex -9.27155 25.2185 20.9225
      vertex -55 42.5 8.2
      vertex -9.35883 25.15 20.973
    endloop
  endfacet
  facet normal 8.82455e-07 0.592861 0.805305
    outer loop
      vertex -9.20292 25.2674 20.8865
      vertex -55 42.5 8.2
      vertex -9.27155 25.2185 20.9225
    endloop
  endfacet
  facet normal -1.87269e-05 0.592827 0.80533
    outer loop
      vertex -7.20901 26.6141 19.8952
      vertex -55 42.5 8.2
      vertex -9.20292 25.2674 20.8865
    endloop
  endfacet
  facet normal 0.000711154 0.59425 0.80428
    outer loop
      vertex -7.17889 26.6322 19.8818
      vertex -55 42.5 8.2
      vertex -7.20901 26.6141 19.8952
    endloop
  endfacet
  facet normal -2.71265e-06 0.592856 0.805308
    outer loop
      vertex -5.74822 27.41 19.3092
      vertex -55 42.5 8.2
      vertex -7.17889 26.6322 19.8818
    endloop
  endfacet
  facet normal -2.96868e-05 0.592799 0.80535
    outer loop
      vertex -5.33672 27.61 19.162
      vertex -55 42.5 8.2
      vertex -5.74822 27.41 19.3092
    endloop
  endfacet
  facet normal 0.000162639 0.593215 0.805044
    outer loop
      vertex -5.23964 27.6572 19.1272
      vertex -55 42.5 8.2
      vertex -5.33672 27.61 19.162
    endloop
  endfacet
  facet normal 4.42522e-06 0.592871 0.805297
    outer loop
      vertex -3.52138 28.2418 18.6968
      vertex -55 42.5 8.2
      vertex -5.23964 27.6572 19.1272
    endloop
  endfacet
  facet normal -1.33208e-05 0.592829 0.805328
    outer loop
      vertex -1.76921 28.5949 18.4369
      vertex -55 42.5 8.2
      vertex -3.52138 28.2418 18.6968
    endloop
  endfacet
  facet normal -0.136504 0.379149 0.915212
    outer loop
      vertex -56.4514 42.2847 8.2
      vertex -13.1895 21.0954 23.4307
      vertex -13.1662 21.1441 23.414
    endloop
  endfacet
  facet normal -0.135972 0.38003 0.914926
    outer loop
      vertex -13.1895 21.0954 23.4307
      vertex -56.4514 42.2847 8.2
      vertex -56.9134 42.1194 8.2
    endloop
  endfacet
  facet normal -0.380106 -0.01867 0.924754
    outer loop
      vertex -18.05 0 26.2
      vertex -60 -37.5 8.2
      vertex -17.9631 -1.76921 26.2
    endloop
  endfacet
  facet normal 0.027159 0.552307 0.833198
    outer loop
      vertex 55 42.5 8.2
      vertex 12.1488 22.6993 22.7222
      vertex 55.4901 42.4759 8.2
    endloop
  endfacet
  facet normal 0.0267852 0.552858 0.832845
    outer loop
      vertex 12.1488 22.6993 22.7222
      vertex 55 42.5 8.2
      vertex 12.1176 22.7332 22.7007
    endloop
  endfacet
  facet normal 0.311474 0.111118 0.943735
    outer loop
      vertex 59.6194 39.4134 8.2
      vertex 17.5019 5.8021 26.0581
      vertex 17.5559 5.46813 26.0796
    endloop
  endfacet
  facet normal 0.31125 0.111418 0.943774
    outer loop
      vertex 17.5019 5.8021 26.0581
      vertex 59.6194 39.4134 8.2
      vertex 17.2402 7.33448 25.9635
    endloop
  endfacet
  facet normal 0.238635 0.21638 0.946696
    outer loop
      vertex 16.0615 12.8501 25.3486
      vertex 58.8651 40.672 8.2
      vertex 58.5355 41.0355 8.2
    endloop
  endfacet
  facet normal 0.237775 0.217655 0.94662
    outer loop
      vertex 58.8651 40.672 8.2
      vertex 16.0615 12.8501 25.3486
      vertex 16.0677 12.8268 25.3524
    endloop
  endfacet
  facet normal 0.18249 0.304472 0.934877
    outer loop
      vertex 57.7778 41.6573 8.2
      vertex 14.1807 18.8818 24.1278
      vertex 14.6667 17.5969 24.4514
    endloop
  endfacet
  facet normal 0.135967 0.380037 0.914923
    outer loop
      vertex 56.9134 42.1194 8.2
      vertex 13.1895 21.0954 23.4307
      vertex 13.6613 20.1124 23.7689
    endloop
  endfacet
  facet normal 0.0716869 0.483508 0.8724
    outer loop
      vertex 55.9754 42.4039 8.2
      vertex 12.1797 22.6571 22.743
      vertex 12.6573 22.0053 23.065
    endloop
  endfacet
  facet normal -0.331935 0.0831232 0.939633
    outer loop
      vertex -59.9039 38.4754 8.2
      vertex -17.5565 5.46462 26.0799
      vertex -59.7847 38.9514 8.2
    endloop
  endfacet
  facet normal -0.336384 0.0768476 0.938584
    outer loop
      vertex -17.5565 5.46462 26.0799
      vertex -59.9039 38.4754 8.2
      vertex -17.557 5.46121 26.08
    endloop
  endfacet
  facet normal -0.220038 0.244986 0.944227
    outer loop
      vertex -58.172 41.3651 8.2
      vertex -15.1635 16.0884 24.7807
      vertex -15.1529 16.1249 24.7737
    endloop
  endfacet
  facet normal -0.2209 0.24362 0.94438
    outer loop
      vertex -15.1635 16.0884 24.7807
      vertex -58.172 41.3651 8.2
      vertex -58.5355 41.0355 8.2
    endloop
  endfacet
  facet normal -0.2921 0.138148 0.946358
    outer loop
      vertex -59.6194 39.4134 8.2
      vertex -16.885 9.20527 25.8
      vertex -59.4096 39.857 8.2
    endloop
  endfacet
  facet normal -0.287855 0.144369 0.94673
    outer loop
      vertex -16.885 9.20527 25.8
      vertex -59.6194 39.4134 8.2
      vertex -16.8872 9.19367 25.8011
    endloop
  endfacet
  facet normal -0.331935 -0.0831231 0.939633
    outer loop
      vertex -17.2728 -5.23964 26.2
      vertex -59.9039 -38.4754 8.2
      vertex -59.7847 -38.9514 8.2
    endloop
  endfacet
  facet normal -0.311282 -0.111374 0.943769
    outer loop
      vertex -17.2728 -5.23964 26.2
      vertex -59.7847 -38.9514 8.2
      vertex -59.6194 -39.4134 8.2
    endloop
  endfacet
  facet normal -0.273859 -0.164198 0.94765
    outer loop
      vertex -15.9187 -8.50871 26.2
      vertex -59.4096 -39.857 8.2
      vertex -59.1573 -40.2778 8.2
    endloop
  endfacet
  facet normal -0.2921 -0.138149 0.946357
    outer loop
      vertex -15.9187 -8.50871 26.2
      vertex -59.6194 -39.4134 8.2
      vertex -59.4096 -39.857 8.2
    endloop
  endfacet
  facet normal -0.202264 -0.27287 0.940548
    outer loop
      vertex -10.028 -15.008 26.2
      vertex -58.172 -41.3651 8.2
      vertex -57.7778 -41.6573 8.2
    endloop
  endfacet
  facet normal 0.311281 0.111374 0.943769
    outer loop
      vertex 17.5559 5.46813 26.0796
      vertex 59.7847 38.9514 8.2
      vertex 59.6194 39.4134 8.2
    endloop
  endfacet
  facet normal 0.296272 0.1315 0.946008
    outer loop
      vertex 59.7847 38.9514 8.2
      vertex 17.5559 5.46813 26.0796
      vertex 17.5565 5.46462 26.0799
    endloop
  endfacet
  facet normal 0.354615 -0.0526001 0.933532
    outer loop
      vertex 17.9631 -1.76921 26.2
      vertex 17.7032 -3.52138 26.2
      vertex 59.9039 -38.4754 8.2
    endloop
  endfacet
  facet normal 0.380283 0.0184359 0.924686
    outer loop
      vertex 60 37.5 8.2
      vertex 18.0481 0.603326 26.1886
      vertex 18.05 0.503946 26.1898
    endloop
  endfacet
  facet normal 0.380101 0.018677 0.924756
    outer loop
      vertex 18.0481 0.603326 26.1886
      vertex 60 37.5 8.2
      vertex 17.9897 1.79184 26.1886
    endloop
  endfacet
  facet normal 0.38007 0.0187176 0.924768
    outer loop
      vertex 60 37.5 8.2
      vertex 18.05 0.503946 26.1898
      vertex 18.05 0 26.2
    endloop
  endfacet
  facet normal 0.238635 -0.21638 0.946696
    outer loop
      vertex 58.8651 -40.672 8.2
      vertex 13.9528 -11.4508 26.2
      vertex 58.5355 -41.0355 8.2
    endloop
  endfacet
  facet normal 0.135972 -0.380031 0.914925
    outer loop
      vertex 56.9134 -42.1194 8.2
      vertex 5.23964 -17.2728 26.2
      vertex 56.4514 -42.2847 8.2
    endloop
  endfacet
  facet normal -0.0720604 0.48291 0.8727
    outer loop
      vertex -55.4901 42.4759 8.2
      vertex -12.1797 22.6571 22.743
      vertex -12.1488 22.6993 22.7222
    endloop
  endfacet
  facet normal -0.071725 0.483446 0.872431
    outer loop
      vertex -12.1797 22.6571 22.743
      vertex -55.4901 42.4759 8.2
      vertex -55.9754 42.4039 8.2
    endloop
  endfacet
  facet normal -0.107038 0.427012 0.897888
    outer loop
      vertex -13.0083 21.4298 23.2969
      vertex -55.9754 42.4039 8.2
      vertex -13.1423 21.1872 23.3963
    endloop
  endfacet
  facet normal -0.107006 0.427063 0.897868
    outer loop
      vertex -55.9754 42.4039 8.2
      vertex -13.0083 21.4298 23.2969
      vertex -12.6573 22.0053 23.065
    endloop
  endfacet
  facet normal -0.238691 0.216297 0.946701
    outer loop
      vertex -15.6175 14.5262 25.0776
      vertex -58.5355 41.0355 8.2
      vertex -16.0615 12.8501 25.3486
    endloop
  endfacet
  facet normal -0.106584 0.427725 0.897603
    outer loop
      vertex -55.9754 42.4039 8.2
      vertex -13.1662 21.1441 23.414
      vertex -13.1423 21.1872 23.3963
    endloop
  endfacet
  facet normal -0.106963 0.427133 0.89784
    outer loop
      vertex -13.1662 21.1441 23.414
      vertex -55.9754 42.4039 8.2
      vertex -56.4514 42.2847 8.2
    endloop
  endfacet
  facet normal -0.161125 0.339084 0.926856
    outer loop
      vertex -56.9134 42.1194 8.2
      vertex -14.1634 18.9274 24.1163
      vertex -14.1455 18.9698 24.1039
    endloop
  endfacet
  facet normal -0.160691 0.339764 0.926682
    outer loop
      vertex -14.1634 18.9274 24.1163
      vertex -56.9134 42.1194 8.2
      vertex -57.357 41.9096 8.2
    endloop
  endfacet
  facet normal -0.0716869 0.483508 0.8724
    outer loop
      vertex -12.1797 22.6571 22.743
      vertex -55.9754 42.4039 8.2
      vertex -12.6573 22.0053 23.065
    endloop
  endfacet
  facet normal -0.38007 0.0187176 0.924768
    outer loop
      vertex -18.05 0.503946 26.1898
      vertex -60 37.5 8.2
      vertex -18.05 0 26.2
    endloop
  endfacet
  facet normal -0.380283 0.0184359 0.924686
    outer loop
      vertex -18.0481 0.603326 26.1886
      vertex -60 37.5 8.2
      vertex -18.05 0.503946 26.1898
    endloop
  endfacet
  facet normal -0.380101 0.018677 0.924756
    outer loop
      vertex -60 37.5 8.2
      vertex -18.0481 0.603326 26.1886
      vertex -17.9897 1.79184 26.1886
    endloop
  endfacet
  facet normal -0.394316 0 0.918975
    outer loop
      vertex -60 37.5 8.2
      vertex -60 -37.5 8.2
      vertex -18.05 0 26.2
    endloop
  endfacet
  facet normal 0.107038 0.427012 0.897888
    outer loop
      vertex 55.9754 42.4039 8.2
      vertex 13.0083 21.4298 23.2969
      vertex 13.1423 21.1872 23.3963
    endloop
  endfacet
  facet normal 0.107006 0.427063 0.897868
    outer loop
      vertex 13.0083 21.4298 23.2969
      vertex 55.9754 42.4039 8.2
      vertex 12.6573 22.0053 23.065
    endloop
  endfacet
  facet normal 0.106963 0.427133 0.89784
    outer loop
      vertex 55.9754 42.4039 8.2
      vertex 13.1662 21.1441 23.414
      vertex 56.4514 42.2847 8.2
    endloop
  endfacet
  facet normal 0.106584 0.427725 0.897603
    outer loop
      vertex 13.1662 21.1441 23.414
      vertex 55.9754 42.4039 8.2
      vertex 13.1423 21.1872 23.3963
    endloop
  endfacet
  facet normal 0.256259 0.189951 0.94776
    outer loop
      vertex 16.4922 11.0651 25.5908
      vertex 59.1573 40.2778 8.2
      vertex 58.8651 40.672 8.2
    endloop
  endfacet
  facet normal 0.254048 0.19315 0.947709
    outer loop
      vertex 59.1573 40.2778 8.2
      vertex 16.4922 11.0651 25.5908
      vertex 16.4964 11.0478 25.5932
    endloop
  endfacet
  facet normal 0.202264 0.272869 0.940549
    outer loop
      vertex 57.7778 41.6573 8.2
      vertex 14.6808 17.5552 24.4604
      vertex 58.172 41.3651 8.2
    endloop
  endfacet
  facet normal 0.203001 0.271677 0.940735
    outer loop
      vertex 14.6808 17.5552 24.4604
      vertex 57.7778 41.6573 8.2
      vertex 14.6667 17.5969 24.4514
    endloop
  endfacet
  facet normal 0.182521 0.304419 0.934888
    outer loop
      vertex 57.357 41.9096 8.2
      vertex 14.1807 18.8818 24.1278
      vertex 57.7778 41.6573 8.2
    endloop
  endfacet
  facet normal 0.182237 0.304886 0.934791
    outer loop
      vertex 14.1807 18.8818 24.1278
      vertex 57.357 41.9096 8.2
      vertex 14.1634 18.9274 24.1163
    endloop
  endfacet
  facet normal 0.160691 0.339764 0.926682
    outer loop
      vertex 56.9134 42.1194 8.2
      vertex 14.1634 18.9274 24.1163
      vertex 57.357 41.9096 8.2
    endloop
  endfacet
  facet normal 0.161125 0.339084 0.926856
    outer loop
      vertex 14.1634 18.9274 24.1163
      vertex 56.9134 42.1194 8.2
      vertex 14.1455 18.9698 24.1039
    endloop
  endfacet
  facet normal 0.160679 0.339784 0.926676
    outer loop
      vertex 56.9134 42.1194 8.2
      vertex 13.6613 20.1124 23.7689
      vertex 14.1455 18.9698 24.1039
    endloop
  endfacet
  facet normal -0.380091 0.0186905 0.92476
    outer loop
      vertex -60 37.5 8.2
      vertex -17.9897 1.79215 26.1886
      vertex -59.9759 37.9901 8.2
    endloop
  endfacet
  facet normal -0.393627 0 0.91927
    outer loop
      vertex -17.9897 1.79215 26.1886
      vertex -60 37.5 8.2
      vertex -17.9897 1.79184 26.1886
    endloop
  endfacet
  facet normal -0.354607 0.0526102 0.933534
    outer loop
      vertex -59.9759 37.9901 8.2
      vertex -17.9897 1.79248 26.1886
      vertex -59.9039 38.4754 8.2
    endloop
  endfacet
  facet normal -0.393818 0 0.919189
    outer loop
      vertex -17.9897 1.79248 26.1886
      vertex -59.9759 37.9901 8.2
      vertex -17.9897 1.79215 26.1886
    endloop
  endfacet
  facet normal -0.354549 0.0526859 0.933552
    outer loop
      vertex -17.9631 2.28157 26.1711
      vertex -59.9039 38.4754 8.2
      vertex -17.9897 1.79248 26.1886
    endloop
  endfacet
  facet normal -0.354584 0.0526392 0.933541
    outer loop
      vertex -17.9568 2.39672 26.167
      vertex -59.9039 38.4754 8.2
      vertex -17.9631 2.28157 26.1711
    endloop
  endfacet
  facet normal -0.354689 0.0525015 0.933509
    outer loop
      vertex -17.9414 2.58255 26.1624
      vertex -59.9039 38.4754 8.2
      vertex -17.9568 2.39672 26.167
    endloop
  endfacet
  facet normal -0.354601 0.0526183 0.933536
    outer loop
      vertex -17.9054 2.92806 26.1566
      vertex -59.9039 38.4754 8.2
      vertex -17.9414 2.58255 26.1624
    endloop
  endfacet
  facet normal -0.354633 0.0525752 0.933526
    outer loop
      vertex -59.9039 38.4754 8.2
      vertex -17.9054 2.92806 26.1566
      vertex -17.823 3.62059 26.1489
    endloop
  endfacet
  facet normal -0.256259 -0.189952 0.94776
    outer loop
      vertex -15.008 -10.028 26.2
      vertex -59.1573 -40.2778 8.2
      vertex -58.8651 -40.672 8.2
    endloop
  endfacet
  facet normal 0.238681 -0.216313 0.9467
    outer loop
      vertex 13.9528 -11.4508 26.2
      vertex 12.7633 -12.7633 26.2
      vertex 58.5355 -41.0355 8.2
    endloop
  endfacet
  facet normal 0.182499 -0.304457 0.93488
    outer loop
      vertex 10.028 -15.008 26.2
      vertex 8.50871 -15.9187 26.2
      vertex 57.7778 -41.6573 8.2
    endloop
  endfacet
  facet normal 0.0717127 -0.483466 0.872421
    outer loop
      vertex 3.52138 -17.7032 26.2
      vertex 1.76921 -17.9631 26.2
      vertex 55.9754 -42.4039 8.2
    endloop
  endfacet
  facet normal 0.106983 -0.4271 0.897853
    outer loop
      vertex 5.23964 -17.2728 26.2
      vertex 3.52138 -17.7032 26.2
      vertex 55.9754 -42.4039 8.2
    endloop
  endfacet
  facet normal 0.135983 -0.380013 0.914931
    outer loop
      vertex 6.90744 -16.676 26.2
      vertex 5.23964 -17.2728 26.2
      vertex 56.9134 -42.1194 8.2
    endloop
  endfacet
  facet normal 0.160689 -0.339768 0.926681
    outer loop
      vertex 8.50871 -15.9187 26.2
      vertex 6.90744 -16.676 26.2
      vertex 56.9134 -42.1194 8.2
    endloop
  endfacet
  facet normal 0.220899 -0.243619 0.94438
    outer loop
      vertex 58.5355 -41.0355 8.2
      vertex 11.4508 -13.9528 26.2
      vertex 58.172 -41.3651 8.2
    endloop
  endfacet
  facet normal -0.0267852 0.552858 0.832845
    outer loop
      vertex -55 42.5 8.2
      vertex -12.1488 22.6993 22.7222
      vertex -12.1176 22.7332 22.7007
    endloop
  endfacet
  facet normal -0.027159 0.552307 0.833198
    outer loop
      vertex -12.1488 22.6993 22.7222
      vertex -55 42.5 8.2
      vertex -55.4901 42.4759 8.2
    endloop
  endfacet
  facet normal -0.160679 0.339784 0.926676
    outer loop
      vertex -13.6613 20.1124 23.7689
      vertex -56.9134 42.1194 8.2
      vertex -14.1455 18.9698 24.1039
    endloop
  endfacet
  facet normal -0.182237 0.304886 0.934791
    outer loop
      vertex -57.357 41.9096 8.2
      vertex -14.1807 18.8818 24.1278
      vertex -14.1634 18.9274 24.1163
    endloop
  endfacet
  facet normal -0.182521 0.304419 0.934888
    outer loop
      vertex -14.1807 18.8818 24.1278
      vertex -57.357 41.9096 8.2
      vertex -57.7778 41.6573 8.2
    endloop
  endfacet
  facet normal -0.135967 0.380037 0.914923
    outer loop
      vertex -13.1895 21.0954 23.4307
      vertex -56.9134 42.1194 8.2
      vertex -13.6613 20.1124 23.7689
    endloop
  endfacet
  facet normal -0.220869 0.243669 0.944374
    outer loop
      vertex -15.1635 16.0884 24.7807
      vertex -58.5355 41.0355 8.2
      vertex -15.6175 14.5262 25.0776
    endloop
  endfacet
  facet normal -0.273858 0.164198 0.94765
    outer loop
      vertex -59.4096 39.857 8.2
      vertex -16.8826 9.21694 25.7987
      vertex -59.1573 40.2778 8.2
    endloop
  endfacet
  facet normal -0.27529 0.162173 0.947584
    outer loop
      vertex -16.8826 9.21694 25.7987
      vertex -59.4096 39.857 8.2
      vertex -16.885 9.20527 25.8
    endloop
  endfacet
  facet normal 0.332158 0.0828275 0.93958
    outer loop
      vertex 59.9039 38.4754 8.2
      vertex 17.8074 3.7376 26.1441
      vertex 17.823 3.62059 26.1489
    endloop
  endfacet
  facet normal 0.331906 0.0831628 0.939639
    outer loop
      vertex 17.8074 3.7376 26.1441
      vertex 59.9039 38.4754 8.2
      vertex 17.557 5.46121 26.08
    endloop
  endfacet
  facet normal 0.354549 0.0526859 0.933552
    outer loop
      vertex 59.9039 38.4754 8.2
      vertex 17.9631 2.28157 26.1711
      vertex 17.9897 1.79248 26.1886
    endloop
  endfacet
  facet normal 0.354584 0.0526392 0.933541
    outer loop
      vertex 59.9039 38.4754 8.2
      vertex 17.9568 2.39672 26.167
      vertex 17.9631 2.28157 26.1711
    endloop
  endfacet
  facet normal 0.354689 0.0525015 0.933509
    outer loop
      vertex 59.9039 38.4754 8.2
      vertex 17.9414 2.58255 26.1624
      vertex 17.9568 2.39672 26.167
    endloop
  endfacet
  facet normal 0.354601 0.0526183 0.933536
    outer loop
      vertex 59.9039 38.4754 8.2
      vertex 17.9054 2.92806 26.1566
      vertex 17.9414 2.58255 26.1624
    endloop
  endfacet
  facet normal 0.354633 0.0525752 0.933526
    outer loop
      vertex 17.9054 2.92806 26.1566
      vertex 59.9039 38.4754 8.2
      vertex 17.823 3.62059 26.1489
    endloop
  endfacet
  facet normal 0.354607 0.0526102 0.933534
    outer loop
      vertex 17.9897 1.79248 26.1886
      vertex 59.9759 37.9901 8.2
      vertex 59.9039 38.4754 8.2
    endloop
  endfacet
  facet normal 0.393818 0 0.919189
    outer loop
      vertex 59.9759 37.9901 8.2
      vertex 17.9897 1.79248 26.1886
      vertex 17.9897 1.79215 26.1886
    endloop
  endfacet
  facet normal 0.256228 0.189995 0.94776
    outer loop
      vertex 58.8651 40.672 8.2
      vertex 16.0677 12.8268 25.3524
      vertex 16.4922 11.0651 25.5908
    endloop
  endfacet
  facet normal 0.238691 0.216297 0.946701
    outer loop
      vertex 58.5355 41.0355 8.2
      vertex 15.6175 14.5262 25.0776
      vertex 16.0615 12.8501 25.3486
    endloop
  endfacet
  facet normal 0.2209 0.24362 0.94438
    outer loop
      vertex 58.172 41.3651 8.2
      vertex 15.1635 16.0884 24.7807
      vertex 58.5355 41.0355 8.2
    endloop
  endfacet
  facet normal 0.220038 0.244986 0.944227
    outer loop
      vertex 15.1635 16.0884 24.7807
      vertex 58.172 41.3651 8.2
      vertex 15.1529 16.1249 24.7737
    endloop
  endfacet
  facet normal 0.202299 0.27281 0.940558
    outer loop
      vertex 58.172 41.3651 8.2
      vertex 14.9402 16.7915 24.6261
      vertex 15.1529 16.1249 24.7737
    endloop
  endfacet
  facet normal 0.202311 0.272791 0.940561
    outer loop
      vertex 14.9402 16.7915 24.6261
      vertex 58.172 41.3651 8.2
      vertex 14.6808 17.5552 24.4604
    endloop
  endfacet
  facet normal -0.311474 0.111118 0.943735
    outer loop
      vertex -17.5019 5.8021 26.0581
      vertex -59.6194 39.4134 8.2
      vertex -17.5559 5.46813 26.0796
    endloop
  endfacet
  facet normal -0.31125 0.111418 0.943774
    outer loop
      vertex -59.6194 39.4134 8.2
      vertex -17.5019 5.8021 26.0581
      vertex -17.2402 7.33448 25.9635
    endloop
  endfacet
  facet normal -0.238635 -0.21638 0.946696
    outer loop
      vertex -13.9528 -11.4508 26.2
      vertex -58.8651 -40.672 8.2
      vertex -58.5355 -41.0355 8.2
    endloop
  endfacet
  facet normal -0.256214 -0.190017 0.94776
    outer loop
      vertex -15.008 -10.028 26.2
      vertex -58.8651 -40.672 8.2
      vertex -13.9528 -11.4508 26.2
    endloop
  endfacet
  facet normal -0.202299 0.27281 0.940558
    outer loop
      vertex -14.9402 16.7915 24.6261
      vertex -58.172 41.3651 8.2
      vertex -15.1529 16.1249 24.7737
    endloop
  endfacet
  facet normal -0.202311 0.272791 0.940561
    outer loop
      vertex -58.172 41.3651 8.2
      vertex -14.9402 16.7915 24.6261
      vertex -14.6808 17.5552 24.4604
    endloop
  endfacet
  facet normal -0.203001 0.271677 0.940735
    outer loop
      vertex -57.7778 41.6573 8.2
      vertex -14.6808 17.5552 24.4604
      vertex -14.6667 17.5969 24.4514
    endloop
  endfacet
  facet normal -0.202264 0.272869 0.940549
    outer loop
      vertex -14.6808 17.5552 24.4604
      vertex -57.7778 41.6573 8.2
      vertex -58.172 41.3651 8.2
    endloop
  endfacet
  facet normal 0.331935 0.0831232 0.939633
    outer loop
      vertex 17.5565 5.46462 26.0799
      vertex 59.9039 38.4754 8.2
      vertex 59.7847 38.9514 8.2
    endloop
  endfacet
  facet normal 0.336384 0.0768476 0.938584
    outer loop
      vertex 59.9039 38.4754 8.2
      vertex 17.5565 5.46462 26.0799
      vertex 17.557 5.46121 26.08
    endloop
  endfacet
  facet normal 0.380091 0.0186905 0.92476
    outer loop
      vertex 17.9897 1.79215 26.1886
      vertex 60 37.5 8.2
      vertex 59.9759 37.9901 8.2
    endloop
  endfacet
  facet normal 0.393627 0 0.91927
    outer loop
      vertex 60 37.5 8.2
      vertex 17.9897 1.79215 26.1886
      vertex 17.9897 1.79184 26.1886
    endloop
  endfacet
  facet normal 0.273914 0.164121 0.947647
    outer loop
      vertex 59.1573 40.2778 8.2
      vertex 16.589 10.6233 25.64
      vertex 16.8826 9.21694 25.7987
    endloop
  endfacet
  facet normal 0.27385 0.164213 0.94765
    outer loop
      vertex 16.589 10.6233 25.64
      vertex 59.1573 40.2778 8.2
      vertex 16.4964 11.0478 25.5932
    endloop
  endfacet
  facet normal 0.220869 0.243669 0.944374
    outer loop
      vertex 58.5355 41.0355 8.2
      vertex 15.1635 16.0884 24.7807
      vertex 15.6175 14.5262 25.0776
    endloop
  endfacet
  facet normal 0.202312 -0.272791 0.940561
    outer loop
      vertex 11.4508 -13.9528 26.2
      vertex 10.028 -15.008 26.2
      vertex 58.172 -41.3651 8.2
    endloop
  endfacet
  facet normal 0.202264 -0.27287 0.940548
    outer loop
      vertex 58.172 -41.3651 8.2
      vertex 10.028 -15.008 26.2
      vertex 57.7778 -41.6573 8.2
    endloop
  endfacet
  facet normal -0.238635 0.21638 0.946696
    outer loop
      vertex -58.8651 40.672 8.2
      vertex -16.0615 12.8501 25.3486
      vertex -58.5355 41.0355 8.2
    endloop
  endfacet
  facet normal -0.237775 0.217655 0.94662
    outer loop
      vertex -16.0615 12.8501 25.3486
      vertex -58.8651 40.672 8.2
      vertex -16.0677 12.8268 25.3524
    endloop
  endfacet
  facet normal -0.256259 0.189951 0.94776
    outer loop
      vertex -59.1573 40.2778 8.2
      vertex -16.4922 11.0651 25.5908
      vertex -58.8651 40.672 8.2
    endloop
  endfacet
  facet normal -0.254048 0.19315 0.947709
    outer loop
      vertex -16.4922 11.0651 25.5908
      vertex -59.1573 40.2778 8.2
      vertex -16.4964 11.0478 25.5932
    endloop
  endfacet
  facet normal -0.273914 0.164121 0.947647
    outer loop
      vertex -16.589 10.6233 25.64
      vertex -59.1573 40.2778 8.2
      vertex -16.8826 9.21694 25.7987
    endloop
  endfacet
  facet normal -0.27385 0.164213 0.94765
    outer loop
      vertex -59.1573 40.2778 8.2
      vertex -16.589 10.6233 25.64
      vertex -16.4964 11.0478 25.5932
    endloop
  endfacet
  facet normal 0.273858 0.164198 0.94765
    outer loop
      vertex 16.8826 9.21694 25.7987
      vertex 59.4096 39.857 8.2
      vertex 59.1573 40.2778 8.2
    endloop
  endfacet
  facet normal 0.27529 0.162173 0.947584
    outer loop
      vertex 59.4096 39.857 8.2
      vertex 16.8826 9.21694 25.7987
      vertex 16.885 9.20527 25.8
    endloop
  endfacet
  facet normal 0.2921 0.138148 0.946358
    outer loop
      vertex 16.885 9.20527 25.8
      vertex 59.6194 39.4134 8.2
      vertex 59.4096 39.857 8.2
    endloop
  endfacet
  facet normal 0.287855 0.144369 0.94673
    outer loop
      vertex 59.6194 39.4134 8.2
      vertex 16.885 9.20527 25.8
      vertex 16.8872 9.19367 25.8011
    endloop
  endfacet
  facet normal 0.63057 -0.377979 0.677874
    outer loop
      vertex 15.9187 -8.50871 26.2
      vertex 12.7633 27.41 49.1633
      vertex 15.008 -10.028 26.2
    endloop
  endfacet
  facet normal 0.9417 -0.139683 0.306089
    outer loop
      vertex 17.9631 -1.76921 26.2
      vertex 17.2728 27.41 41.6396
      vertex 17.7032 -3.52138 26.2
    endloop
  endfacet
  facet normal 0.967353 0.0742334 -0.242317
    outer loop
      vertex 17.7032 27.61 32.8786
      vertex 17.9414 2.58255 26.1624
      vertex 17.2728 27.61 31.1604
    endloop
  endfacet
  facet normal 0.96741 0.0741776 -0.242107
    outer loop
      vertex 17.9414 2.58255 26.1624
      vertex 17.7032 27.61 32.8786
      vertex 17.9568 2.39672 26.167
    endloop
  endfacet
  facet normal -0.45195 -0.0222139 -0.891767
    outer loop
      vertex -9.20292 25.2674 20.8865
      vertex -9.27155 25.2185 20.9225
      vertex -8.50871 27.41 20.4813
    endloop
  endfacet
  facet normal 0.146688 0 0.989183
    outer loop
      vertex 2.47008 27.61 54.2591
      vertex 3.52138 27.41 54.1032
      vertex 3.52138 27.61 54.1032
    endloop
  endfacet
  facet normal 0.146688 0 0.989183
    outer loop
      vertex 3.52138 27.41 54.1032
      vertex 2.47008 27.61 54.2591
      vertex 2.47008 27.41 54.2591
    endloop
  endfacet
  facet normal -0 1 -0
    outer loop
      vertex 2.47008 27.41 54.2591
      vertex 1.76921 27.41 54.3631
      vertex 3.52138 27.41 54.1032
    endloop
  endfacet
  facet normal 0.239735 -0.506906 0.827994
    outer loop
      vertex 8.50871 -15.9187 26.2
      vertex 5.23964 27.41 53.6728
      vertex 6.90744 -16.676 26.2
    endloop
  endfacet
  facet normal 0.937538 0.0920426 -0.335486
    outer loop
      vertex 17.2728 27.61 31.1604
      vertex 17.9054 2.92806 26.1566
      vertex 16.676 27.61 29.4926
    endloop
  endfacet
  facet normal 0.937521 0.0920514 -0.335531
    outer loop
      vertex 17.9054 2.92806 26.1566
      vertex 17.2728 27.61 31.1604
      vertex 17.9414 2.58255 26.1624
    endloop
  endfacet
  facet normal 0.987992 0.0489471 -0.146547
    outer loop
      vertex 17.9631 27.61 34.6308
      vertex 17.9568 2.39672 26.167
      vertex 17.7032 27.61 32.8786
    endloop
  endfacet
  facet normal 0.98804 0.0488494 -0.146256
    outer loop
      vertex 17.9568 2.39672 26.167
      vertex 17.9631 27.61 34.6308
      vertex 17.9631 2.28157 26.1711
    endloop
  endfacet
  facet normal -0.885335 -0.202172 0.4187
    outer loop
      vertex -16.676 27.41 43.3074
      vertex -17.7032 -3.52138 26.2
      vertex -15.9187 27.41 44.9087
    endloop
  endfacet
  facet normal 0.35681 -0.481112 0.800761
    outer loop
      vertex 11.4508 -13.9528 26.2
      vertex 6.90744 27.41 53.076
      vertex 10.028 -15.008 26.2
    endloop
  endfacet
  facet normal 0.568614 0.0280091 -0.822128
    outer loop
      vertex 11.1661 23.6929 22.0457
      vertex 10.028 27.61 21.392
      vertex 11.2555 23.6127 22.1048
    endloop
  endfacet
  facet normal 0.98819 0.048544 -0.145341
    outer loop
      vertex 17.9631 27.61 34.6308
      vertex 17.9897 1.79248 26.1886
      vertex 17.9631 2.28157 26.1711
    endloop
  endfacet
  facet normal 0.999995 0 0.00315082
    outer loop
      vertex 17.9631 27.61 34.6308
      vertex 17.9897 1.79215 26.1886
      vertex 17.9897 1.79248 26.1886
    endloop
  endfacet
  facet normal 0.999995 0 0.00315082
    outer loop
      vertex 17.9631 27.61 34.6308
      vertex 17.9897 1.79184 26.1886
      vertex 17.9897 1.79215 26.1886
    endloop
  endfacet
  facet normal 0.988183 0.0485564 -0.145383
    outer loop
      vertex 17.9897 1.79184 26.1886
      vertex 17.9631 27.61 34.6308
      vertex 18.0481 0.603326 26.1886
    endloop
  endfacet
  facet normal 0.738142 0.0873489 -0.668967
    outer loop
      vertex 13.9528 27.61 24.9492
      vertex 14.9402 16.7915 24.6261
      vertex 12.7633 27.61 23.6367
    endloop
  endfacet
  facet normal 0.738034 0.0873427 -0.669087
    outer loop
      vertex 13.9528 27.61 24.9492
      vertex 15.1529 16.1249 24.7737
      vertex 14.9402 16.7915 24.6261
    endloop
  endfacet
  facet normal 0.741211 0.0876203 -0.665529
    outer loop
      vertex 13.9528 27.61 24.9492
      vertex 15.1635 16.0884 24.7807
      vertex 15.1529 16.1249 24.7737
    endloop
  endfacet
  facet normal 0.738072 0.0873419 -0.669045
    outer loop
      vertex 13.9528 27.61 24.9492
      vertex 15.6175 14.5262 25.0776
      vertex 15.1635 16.0884 24.7807
    endloop
  endfacet
  facet normal 0.738074 0.0873421 -0.669043
    outer loop
      vertex 13.9528 27.61 24.9492
      vertex 16.0615 12.8501 25.3486
      vertex 15.6175 14.5262 25.0776
    endloop
  endfacet
  facet normal 0.738287 0.0873791 -0.668802
    outer loop
      vertex 13.9528 27.61 24.9492
      vertex 16.0677 12.8268 25.3524
      vertex 16.0615 12.8501 25.3486
    endloop
  endfacet
  facet normal 0.738223 0.087368 -0.668874
    outer loop
      vertex 13.9528 27.61 24.9492
      vertex 16.4922 11.0651 25.5908
      vertex 16.0677 12.8268 25.3524
    endloop
  endfacet
  facet normal 0.742844 0.0882811 -0.663618
    outer loop
      vertex 13.9528 27.61 24.9492
      vertex 16.4964 11.0478 25.5932
      vertex 16.4922 11.0651 25.5908
    endloop
  endfacet
  facet normal 0.738728 0.0874668 -0.668304
    outer loop
      vertex 16.4964 11.0478 25.5932
      vertex 13.9528 27.61 24.9492
      vertex 16.589 10.6233 25.64
    endloop
  endfacet
  facet normal 0.427535 0 -0.903999
    outer loop
      vertex 6.90744 27.41 19.724
      vertex 8.50871 27.61 20.4813
      vertex 8.50871 27.41 20.4813
    endloop
  endfacet
  facet normal 0.427535 0 -0.903999
    outer loop
      vertex 8.50871 27.61 20.4813
      vertex 6.90744 27.41 19.724
      vertex 6.90744 27.61 19.724
    endloop
  endfacet
  facet normal 0.0263941 -0.527615 0.849074
    outer loop
      vertex 1.11114 -4.25754 34.7371
      vertex 1.76921 -17.9631 26.2
      vertex 1.22908 -4.11099 34.8245
    endloop
  endfacet
  facet normal 0.0259556 -0.527636 0.849074
    outer loop
      vertex 0.942793 -4.42819 34.6362
      vertex 1.76921 -17.9631 26.2
      vertex 1.11114 -4.25754 34.7371
    endloop
  endfacet
  facet normal 0.0255274 -0.527661 0.849072
    outer loop
      vertex 0.765367 -4.57194 34.5522
      vertex 1.76921 -17.9631 26.2
      vertex 0.942793 -4.42819 34.6362
    endloop
  endfacet
  facet normal 0.0260367 -0.527626 0.849077
    outer loop
      vertex 0.580569 -4.68743 34.4861
      vertex 1.76921 -17.9631 26.2
      vertex 0.765367 -4.57194 34.5522
    endloop
  endfacet
  facet normal 0.0258613 -0.52764 0.849074
    outer loop
      vertex 0.390181 -4.77352 34.4384
      vertex 1.76921 -17.9631 26.2
      vertex 0.580569 -4.68743 34.4861
    endloop
  endfacet
  facet normal 0.0259127 -0.527635 0.849076
    outer loop
      vertex 0.196033 -4.8294 34.4096
      vertex 1.76921 -17.9631 26.2
      vertex 0.390181 -4.77352 34.4384
    endloop
  endfacet
  facet normal 0.0260566 -0.527621 0.84908
    outer loop
      vertex 0 -4.85453 34.4
      vertex 1.76921 -17.9631 26.2
      vertex 0.196033 -4.8294 34.4096
    endloop
  endfacet
  facet normal 0.0259164 -0.527637 0.849075
    outer loop
      vertex 1.76921 -17.9631 26.2
      vertex 0 -4.85453 34.4
      vertex 0 -18.05 26.2
    endloop
  endfacet
  facet normal 0.0253987 -0.527658 0.849077
    outer loop
      vertex 0 27.41 54.45
      vertex 0.942793 1.24857 38.1638
      vertex 1.02296 1.17519 38.1158
    endloop
  endfacet
  facet normal 0.0263068 -0.527622 0.849072
    outer loop
      vertex 0 27.41 54.45
      vertex 0.765367 1.3749 38.2478
      vertex 0.942793 1.24857 38.1638
    endloop
  endfacet
  facet normal 0.0258343 -0.527639 0.849076
    outer loop
      vertex 0 27.41 54.45
      vertex 0.580569 1.47222 38.3139
      vertex 0.765367 1.3749 38.2478
    endloop
  endfacet
  facet normal 0.0259656 -0.527635 0.849074
    outer loop
      vertex 0 27.41 54.45
      vertex 0.390181 1.53961 38.3616
      vertex 0.580569 1.47222 38.3139
    endloop
  endfacet
  facet normal 0.0259136 -0.527636 0.849075
    outer loop
      vertex 0 27.41 54.45
      vertex 0.196033 1.57642 38.3904
      vertex 0.390181 1.53961 38.3616
    endloop
  endfacet
  facet normal 0.0258078 -0.527638 0.849077
    outer loop
      vertex 0.196033 1.57642 38.3904
      vertex 0 27.41 54.45
      vertex 0 1.58228 38.4
    endloop
  endfacet
  facet normal -0.486065 -0.440514 0.754777
    outer loop
      vertex -10.028 27.41 51.408
      vertex -13.9528 -11.4508 26.2
      vertex -12.7633 -12.7633 26.2
    endloop
  endfacet
  facet normal -0.0260566 -0.527621 0.84908
    outer loop
      vertex -1.76921 -17.9631 26.2
      vertex 0 -4.85453 34.4
      vertex -0.196033 -4.8294 34.4096
    endloop
  endfacet
  facet normal -0.0259127 -0.527635 0.849076
    outer loop
      vertex -1.76921 -17.9631 26.2
      vertex -0.196033 -4.8294 34.4096
      vertex -0.390181 -4.77352 34.4384
    endloop
  endfacet
  facet normal -0.0258613 -0.52764 0.849074
    outer loop
      vertex -1.76921 -17.9631 26.2
      vertex -0.390181 -4.77352 34.4384
      vertex -0.580569 -4.68743 34.4861
    endloop
  endfacet
  facet normal -0.0260367 -0.527626 0.849077
    outer loop
      vertex -1.76921 -17.9631 26.2
      vertex -0.580569 -4.68743 34.4861
      vertex -0.765367 -4.57194 34.5522
    endloop
  endfacet
  facet normal -0.0255274 -0.527661 0.849072
    outer loop
      vertex -1.76921 -17.9631 26.2
      vertex -0.765367 -4.57194 34.5522
      vertex -0.942793 -4.42819 34.6362
    endloop
  endfacet
  facet normal -0.0259556 -0.527636 0.849074
    outer loop
      vertex -1.76921 -17.9631 26.2
      vertex -0.942793 -4.42819 34.6362
      vertex -1.11114 -4.25754 34.7371
    endloop
  endfacet
  facet normal -0.0263941 -0.527615 0.849074
    outer loop
      vertex -1.76921 -17.9631 26.2
      vertex -1.11114 -4.25754 34.7371
      vertex -1.22908 -4.11099 34.8245
    endloop
  endfacet
  facet normal -0.0259164 -0.527637 0.849075
    outer loop
      vertex 0 -4.85453 34.4
      vertex -1.76921 -17.9631 26.2
      vertex 0 -18.05 26.2
    endloop
  endfacet
  facet normal -0.0258078 -0.527638 0.849077
    outer loop
      vertex 0 27.41 54.45
      vertex -0.196033 1.57642 38.3904
      vertex 0 1.58228 38.4
    endloop
  endfacet
  facet normal -0.0259136 -0.527636 0.849075
    outer loop
      vertex 0 27.41 54.45
      vertex -0.390181 1.53961 38.3616
      vertex -0.196033 1.57642 38.3904
    endloop
  endfacet
  facet normal -0.0259656 -0.527635 0.849074
    outer loop
      vertex 0 27.41 54.45
      vertex -0.580569 1.47222 38.3139
      vertex -0.390181 1.53961 38.3616
    endloop
  endfacet
  facet normal -0.0258343 -0.527639 0.849076
    outer loop
      vertex 0 27.41 54.45
      vertex -0.765367 1.3749 38.2478
      vertex -0.580569 1.47222 38.3139
    endloop
  endfacet
  facet normal -0.0263068 -0.527622 0.849072
    outer loop
      vertex 0 27.41 54.45
      vertex -0.942793 1.24857 38.1638
      vertex -0.765367 1.3749 38.2478
    endloop
  endfacet
  facet normal -0.0253987 -0.527658 0.849077
    outer loop
      vertex -0.942793 1.24857 38.1638
      vertex 0 27.41 54.45
      vertex -1.02296 1.17519 38.1158
    endloop
  endfacet
  facet normal -0.799193 0.0999245 -0.59271
    outer loop
      vertex -16.589 10.6233 25.64
      vertex -15.008 27.61 26.372
      vertex -13.9528 27.61 24.9492
    endloop
  endfacet
  facet normal -0.799084 0.0999208 -0.592858
    outer loop
      vertex -16.8826 9.21694 25.7987
      vertex -15.008 27.61 26.372
      vertex -16.589 10.6233 25.64
    endloop
  endfacet
  facet normal -0.804522 0.100243 -0.585402
    outer loop
      vertex -16.885 9.20527 25.8
      vertex -15.008 27.61 26.372
      vertex -16.8826 9.21694 25.7987
    endloop
  endfacet
  facet normal -0.816459 0.100935 -0.568512
    outer loop
      vertex -16.8872 9.19367 25.8011
      vertex -15.008 27.61 26.372
      vertex -16.885 9.20527 25.8
    endloop
  endfacet
  facet normal -0.799015 0.0999127 -0.592953
    outer loop
      vertex -17.2402 7.33448 25.9635
      vertex -15.008 27.61 26.372
      vertex -16.8872 9.19367 25.8011
    endloop
  endfacet
  facet normal -0.799376 0.0999426 -0.59246
    outer loop
      vertex -15.008 27.61 26.372
      vertex -17.2402 7.33448 25.9635
      vertex -17.5019 5.8021 26.0581
    endloop
  endfacet
  facet normal -0.803213 0 0.595692
    outer loop
      vertex -15.008 27.41 46.428
      vertex -13.9528 27.61 47.8508
      vertex -15.008 27.61 46.428
    endloop
  endfacet
  facet normal -0.803213 0 0.595692
    outer loop
      vertex -13.9528 27.61 47.8508
      vertex -15.008 27.41 46.428
      vertex -13.9528 27.41 47.8508
    endloop
  endfacet
  facet normal 0.292507 -0.496229 0.817433
    outer loop
      vertex 6.90744 27.41 53.076
      vertex 5.23964 27.41 53.6728
      vertex 8.50871 -15.9187 26.2
    endloop
  endfacet
  facet normal 0.541003 -0.418551 0.729473
    outer loop
      vertex 11.4508 27.41 50.3528
      vertex 10.028 27.41 51.408
      vertex 13.9528 -11.4508 26.2
    endloop
  endfacet
  facet normal 0.830309 -0.250756 0.497704
    outer loop
      vertex 15.9187 27.41 44.9087
      vertex 15.008 27.41 46.428
      vertex 17.2728 -5.23964 26.2
    endloop
  endfacet
  facet normal 0.799193 0.0999245 -0.59271
    outer loop
      vertex 15.008 27.61 26.372
      vertex 16.589 10.6233 25.64
      vertex 13.9528 27.61 24.9492
    endloop
  endfacet
  facet normal 0.799084 0.0999208 -0.592858
    outer loop
      vertex 15.008 27.61 26.372
      vertex 16.8826 9.21694 25.7987
      vertex 16.589 10.6233 25.64
    endloop
  endfacet
  facet normal 0.804522 0.100243 -0.585402
    outer loop
      vertex 15.008 27.61 26.372
      vertex 16.885 9.20527 25.8
      vertex 16.8826 9.21694 25.7987
    endloop
  endfacet
  facet normal 0.816459 0.100935 -0.568512
    outer loop
      vertex 15.008 27.61 26.372
      vertex 16.8872 9.19367 25.8011
      vertex 16.885 9.20527 25.8
    endloop
  endfacet
  facet normal 0.799015 0.0999127 -0.592953
    outer loop
      vertex 15.008 27.61 26.372
      vertex 17.2402 7.33448 25.9635
      vertex 16.8872 9.19367 25.8011
    endloop
  endfacet
  facet normal 0.799376 0.0999426 -0.59246
    outer loop
      vertex 17.2402 7.33448 25.9635
      vertex 15.008 27.61 26.372
      vertex 17.5019 5.8021 26.0581
    endloop
  endfacet
  facet normal 0.595284 0.0396817 -0.802535
    outer loop
      vertex 12.6573 22.0053 23.065
      vertex 11.4508 27.61 22.4472
      vertex 13.0083 21.4298 23.2969
    endloop
  endfacet
  facet normal 0.595233 0.0396665 -0.802574
    outer loop
      vertex 12.1797 22.6571 22.743
      vertex 11.4508 27.61 22.4472
      vertex 12.6573 22.0053 23.065
    endloop
  endfacet
  facet normal 0.594576 0.0395403 -0.803067
    outer loop
      vertex 12.1488 22.6993 22.7222
      vertex 11.4508 27.61 22.4472
      vertex 12.1797 22.6571 22.743
    endloop
  endfacet
  facet normal 0.595928 0.0397894 -0.802051
    outer loop
      vertex 12.1176 22.7332 22.7007
      vertex 11.4508 27.61 22.4472
      vertex 12.1488 22.6993 22.7222
    endloop
  endfacet
  facet normal 0.595223 0.0396654 -0.802581
    outer loop
      vertex 11.6581 23.2326 22.3846
      vertex 11.4508 27.61 22.4472
      vertex 12.1176 22.7332 22.7007
    endloop
  endfacet
  facet normal 0.595227 0.0396655 -0.802578
    outer loop
      vertex 11.2555 23.6127 22.1048
      vertex 11.4508 27.61 22.4472
      vertex 11.6581 23.2326 22.3846
    endloop
  endfacet
  facet normal 0.595223 0.0396659 -0.802581
    outer loop
      vertex 11.4508 27.61 22.4472
      vertex 11.2555 23.6127 22.1048
      vertex 10.028 27.61 21.392
    endloop
  endfacet
  facet normal 0.998625 0.0184761 -0.0490507
    outer loop
      vertex 18.05 27.61 36.4
      vertex 18.0481 0.603326 26.1886
      vertex 17.9631 27.61 34.6308
    endloop
  endfacet
  facet normal 0.998622 0.0184992 -0.0491116
    outer loop
      vertex 18.0481 0.603326 26.1886
      vertex 18.05 27.61 36.4
      vertex 18.05 0.503946 26.1898
    endloop
  endfacet
  facet normal 1 -0 0
    outer loop
      vertex 18.05 27.41 36.4
      vertex 18.05 0.503946 26.1898
      vertex 18.05 27.61 36.4
    endloop
  endfacet
  facet normal 1 0 -0
    outer loop
      vertex 18.05 0.503946 26.1898
      vertex 18.05 27.41 36.4
      vertex 18.05 0 26.2
    endloop
  endfacet
  facet normal -0.556256 -0.41254 0.721381
    outer loop
      vertex -11.4508 27.41 50.3528
      vertex -15.008 -10.028 26.2
      vertex -13.9528 -11.4508 26.2
    endloop
  endfacet
  facet normal -0.98819 0.048544 -0.145341
    outer loop
      vertex -17.9897 1.79248 26.1886
      vertex -17.9631 27.61 34.6308
      vertex -17.9631 2.28157 26.1711
    endloop
  endfacet
  facet normal -0.999995 0 0.00315082
    outer loop
      vertex -17.9897 1.79215 26.1886
      vertex -17.9631 27.61 34.6308
      vertex -17.9897 1.79248 26.1886
    endloop
  endfacet
  facet normal -0.999995 0 0.00315082
    outer loop
      vertex -17.9897 1.79184 26.1886
      vertex -17.9631 27.61 34.6308
      vertex -17.9897 1.79215 26.1886
    endloop
  endfacet
  facet normal -0.988183 0.0485564 -0.145383
    outer loop
      vertex -17.9631 27.61 34.6308
      vertex -17.9897 1.79184 26.1886
      vertex -18.0481 0.603326 26.1886
    endloop
  endfacet
  facet normal 0.857725 -0 0.514108
    outer loop
      vertex 15.008 27.41 46.428
      vertex 15.5544 27.61 45.5164
      vertex 15.008 27.61 46.428
    endloop
  endfacet
  facet normal 0.857725 0 0.514108
    outer loop
      vertex 15.5544 27.61 45.5164
      vertex 15.008 27.41 46.428
      vertex 15.5544 27.41 45.5164
    endloop
  endfacet
  facet normal -0 1 -0
    outer loop
      vertex 15.5544 27.41 45.5164
      vertex 15.008 27.41 46.428
      vertex 15.9187 27.41 44.9087
    endloop
  endfacet
  facet normal 0.869615 -0.217826 0.443082
    outer loop
      vertex 17.7032 -3.52138 26.2
      vertex 15.9187 27.41 44.9087
      vertex 17.2728 -5.23964 26.2
    endloop
  endfacet
  facet normal 0.899262 0.102273 -0.425286
    outer loop
      vertex 16.676 27.61 29.4926
      vertex 17.8074 3.7376 26.1441
      vertex 15.9187 27.61 27.8913
    endloop
  endfacet
  facet normal 0.898886 0.102363 -0.426059
    outer loop
      vertex 16.676 27.61 29.4926
      vertex 17.823 3.62059 26.1489
      vertex 17.8074 3.7376 26.1441
    endloop
  endfacet
  facet normal 0.899273 0.102271 -0.425262
    outer loop
      vertex 17.823 3.62059 26.1489
      vertex 16.676 27.61 29.4926
      vertex 17.9054 2.92806 26.1566
    endloop
  endfacet
  facet normal 0.852979 0.104904 -0.511294
    outer loop
      vertex 15.9187 27.61 27.8913
      vertex 17.5019 5.8021 26.0581
      vertex 15.008 27.61 26.372
    endloop
  endfacet
  facet normal 0.852682 0.104924 -0.511785
    outer loop
      vertex 15.9187 27.61 27.8913
      vertex 17.5559 5.46813 26.0796
      vertex 17.5019 5.8021 26.0581
    endloop
  endfacet
  facet normal 0.86037 0.104434 -0.498856
    outer loop
      vertex 15.9187 27.61 27.8913
      vertex 17.5565 5.46462 26.0799
      vertex 17.5559 5.46813 26.0796
    endloop
  endfacet
  facet normal 0.832199 0.106063 -0.544239
    outer loop
      vertex 15.9187 27.61 27.8913
      vertex 17.557 5.46121 26.08
      vertex 17.5565 5.46462 26.0799
    endloop
  endfacet
  facet normal 0.85299 0.104905 -0.511276
    outer loop
      vertex 17.557 5.46121 26.08
      vertex 15.9187 27.61 27.8913
      vertex 17.8074 3.7376 26.1441
    endloop
  endfacet
  facet normal 0.670824 0.0674269 -0.738545
    outer loop
      vertex 12.7633 27.61 23.6367
      vertex 14.6808 17.5552 24.4604
      vertex 14.6667 17.5969 24.4514
    endloop
  endfacet
  facet normal 0.668659 0.0669178 -0.740552
    outer loop
      vertex 12.7633 27.61 23.6367
      vertex 14.1807 18.8818 24.1278
      vertex 14.1634 18.9274 24.1163
    endloop
  endfacet
  facet normal 0.67008 0.0672222 -0.739238
    outer loop
      vertex 12.7633 27.61 23.6367
      vertex 14.1455 18.9698 24.1039
      vertex 13.6613 20.1124 23.7689
    endloop
  endfacet
  facet normal 0.670153 0.0672479 -0.73917
    outer loop
      vertex 14.6808 17.5552 24.4604
      vertex 12.7633 27.61 23.6367
      vertex 14.9402 16.7915 24.6261
    endloop
  endfacet
  facet normal 0.669949 0.0671943 -0.73936
    outer loop
      vertex 14.1807 18.8818 24.1278
      vertex 12.7633 27.61 23.6367
      vertex 14.6667 17.5969 24.4514
    endloop
  endfacet
  facet normal 0.671171 0.0674512 -0.738228
    outer loop
      vertex 14.1455 18.9698 24.1039
      vertex 12.7633 27.61 23.6367
      vertex 14.1634 18.9274 24.1163
    endloop
  endfacet
  facet normal 0.669997 0.0672108 -0.739315
    outer loop
      vertex 13.1895 21.0954 23.4307
      vertex 12.7633 27.61 23.6367
      vertex 13.6613 20.1124 23.7689
    endloop
  endfacet
  facet normal 0.670237 0.0672196 -0.739097
    outer loop
      vertex 13.1662 21.1441 23.414
      vertex 12.7633 27.61 23.6367
      vertex 13.1895 21.0954 23.4307
    endloop
  endfacet
  facet normal 0.669215 0.0671879 -0.740025
    outer loop
      vertex 13.1423 21.1872 23.3963
      vertex 12.7633 27.61 23.6367
      vertex 13.1662 21.1441 23.414
    endloop
  endfacet
  facet normal 0.670056 0.067209 -0.739262
    outer loop
      vertex 13.0083 21.4298 23.2969
      vertex 12.7633 27.61 23.6367
      vertex 13.1423 21.1872 23.3963
    endloop
  endfacet
  facet normal 0.670016 0.0672094 -0.739298
    outer loop
      vertex 12.7633 27.61 23.6367
      vertex 13.0083 21.4298 23.2969
      vertex 11.4508 27.61 22.4472
    endloop
  endfacet
  facet normal 0.459267 -0.449493 0.766179
    outer loop
      vertex 10.028 27.41 51.408
      vertex 8.50871 27.41 52.3187
      vertex 12.7633 -12.7633 26.2
    endloop
  endfacet
  facet normal 0.671534 0 0.740974
    outer loop
      vertex 11.4508 27.61 50.3528
      vertex 12.2383 27.41 49.6391
      vertex 12.2383 27.61 49.6391
    endloop
  endfacet
  facet normal 0.671534 0 0.740974
    outer loop
      vertex 12.2383 27.41 49.6391
      vertex 11.4508 27.61 50.3528
      vertex 11.4508 27.41 50.3528
    endloop
  endfacet
  facet normal -0 1 -0
    outer loop
      vertex 12.2383 27.41 49.6391
      vertex 11.4508 27.41 50.3528
      vertex 12.7633 27.41 49.1633
    endloop
  endfacet
  facet normal 0.427302 -0.0324243 -0.903528
    outer loop
      vertex 7.20901 26.6141 19.8952
      vertex 8.50871 27.41 20.4813
      vertex 9.20292 25.2674 20.8865
    endloop
  endfacet
  facet normal 0.42731 -0.0324405 -0.903523
    outer loop
      vertex 8.50871 27.41 20.4813
      vertex 7.20901 26.6141 19.8952
      vertex 6.90744 27.41 19.724
    endloop
  endfacet
  facet normal 0.514114 0.00623821 -0.857699
    outer loop
      vertex 9.35883 25.15 20.973
      vertex 10.028 27.61 21.392
      vertex 11.1661 23.6929 22.0457
    endloop
  endfacet
  facet normal 0.514123 0.006235 -0.857694
    outer loop
      vertex 10.028 27.61 21.392
      vertex 9.35883 25.15 20.973
      vertex 8.50871 27.61 20.4813
    endloop
  endfacet
  facet normal -0.146688 0 0.989183
    outer loop
      vertex -3.52138 27.61 54.1032
      vertex -2.47008 27.41 54.2591
      vertex -2.47008 27.61 54.2591
    endloop
  endfacet
  facet normal -0.146688 0 0.989183
    outer loop
      vertex -2.47008 27.41 54.2591
      vertex -3.52138 27.61 54.1032
      vertex -3.52138 27.41 54.1032
    endloop
  endfacet
  facet normal 0 1 -0
    outer loop
      vertex -2.47008 27.41 54.2591
      vertex -3.52138 27.41 54.1032
      vertex -1.76921 27.41 54.3631
    endloop
  endfacet
  facet normal -0.0405649 -0.526965 0.848918
    outer loop
      vertex -1.26879 -4.06041 34.854
      vertex -1.76921 -17.9631 26.2
      vertex -1.22908 -4.11099 34.8245
    endloop
  endfacet
  facet normal -0.0417375 -0.526909 0.848896
    outer loop
      vertex -1.41421 -3.83655 34.9858
      vertex -1.76921 -17.9631 26.2
      vertex -1.26879 -4.06041 34.854
    endloop
  endfacet
  facet normal -0.0418799 -0.526904 0.848893
    outer loop
      vertex -1.54602 -3.59182 35.1312
      vertex -1.76921 -17.9631 26.2
      vertex -1.41421 -3.83655 34.9858
    endloop
  endfacet
  facet normal -0.0413452 -0.526922 0.848908
    outer loop
      vertex -1.66294 -3.32858 35.2889
      vertex -1.76921 -17.9631 26.2
      vertex -1.54602 -3.59182 35.1312
    endloop
  endfacet
  facet normal -0.042059 -0.526902 0.848885
    outer loop
      vertex -1.76384 -3.04938 35.4572
      vertex -1.76921 -17.9631 26.2
      vertex -1.66294 -3.32858 35.2889
    endloop
  endfacet
  facet normal -0.0337365 -0.527071 0.849152
    outer loop
      vertex -1.76921 -17.9631 26.2
      vertex -1.76384 -3.04938 35.4572
      vertex -1.76921 -3.03067 35.4686
    endloop
  endfacet
  facet normal -0.0416961 -0.526911 0.848897
    outer loop
      vertex -1.76921 27.41 54.3631
      vertex -1.02296 1.17519 38.1158
      vertex 0 27.41 54.45
    endloop
  endfacet
  facet normal -0.0421517 -0.52691 0.848875
    outer loop
      vertex -1.02296 1.17519 38.1158
      vertex -1.76921 27.41 54.3631
      vertex -1.11114 1.09702 38.0629
    endloop
  endfacet
  facet normal -0.0415981 -0.526912 0.848901
    outer loop
      vertex -1.11114 1.09702 38.0629
      vertex -1.76921 27.41 54.3631
      vertex -1.26879 0.92113 37.946
    endloop
  endfacet
  facet normal -0.0416605 -0.526912 0.848898
    outer loop
      vertex -1.26879 0.92113 37.946
      vertex -1.76921 27.41 54.3631
      vertex -1.41421 0.720287 37.8142
    endloop
  endfacet
  facet normal -0.0415349 -0.526913 0.848904
    outer loop
      vertex -1.41421 0.720287 37.8142
      vertex -1.76921 27.41 54.3631
      vertex -1.54602 0.496425 37.6688
    endloop
  endfacet
  facet normal -0.042088 -0.526904 0.848882
    outer loop
      vertex -1.54602 0.496425 37.6688
      vertex -1.76921 27.41 54.3631
      vertex -1.66294 0.251698 37.5111
    endloop
  endfacet
  facet normal -0.0413121 -0.526919 0.848911
    outer loop
      vertex -1.66294 0.251698 37.5111
      vertex -1.76921 27.41 54.3631
      vertex -1.76384 -0.0115364 37.3428
    endloop
  endfacet
  facet normal -0.0498454 -0.526715 0.848579
    outer loop
      vertex -1.76384 -0.0115364 37.3428
      vertex -1.76921 27.41 54.3631
      vertex -1.76921 -0.0293945 37.3314
    endloop
  endfacet
  facet normal 0.336907 0 -0.941538
    outer loop
      vertex 5.74822 27.41 19.3092
      vertex 6.90744 27.61 19.724
      vertex 6.90744 27.41 19.724
    endloop
  endfacet
  facet normal 0.336883 0.000158899 -0.941546
    outer loop
      vertex 6.90744 27.61 19.724
      vertex 5.74822 27.41 19.3092
      vertex 5.33672 27.61 19.162
    endloop
  endfacet
  facet normal 0.296948 -0.495388 0.816341
    outer loop
      vertex 10.028 -15.008 26.2
      vertex 6.90744 27.41 53.076
      vertex 8.50871 -15.9187 26.2
    endloop
  endfacet
  facet normal 0.125158 -0.521891 0.84378
    outer loop
      vertex 3.52138 27.41 54.1032
      vertex 1.76921 27.41 54.3631
      vertex 3.52138 -17.7032 26.2
    endloop
  endfacet
  facet normal 0.0794578 -0.525602 0.847012
    outer loop
      vertex 3.52138 -17.7032 26.2
      vertex 1.99037 -1.1814 36.596
      vertex 2 -1.4958 36.4
    endloop
  endfacet
  facet normal 0.0779435 -0.525766 0.847051
    outer loop
      vertex 1.76921 27.41 54.3631
      vertex 1.99037 -1.1814 36.596
      vertex 3.52138 -17.7032 26.2
    endloop
  endfacet
  facet normal 0.0796422 -0.525686 0.846942
    outer loop
      vertex 1.76921 27.41 54.3631
      vertex 1.96157 -0.872884 36.7902
      vertex 1.99037 -1.1814 36.596
    endloop
  endfacet
  facet normal 0.0781985 -0.525753 0.847035
    outer loop
      vertex 1.76921 27.41 54.3631
      vertex 1.91388 -0.573226 36.9806
      vertex 1.96157 -0.872884 36.7902
    endloop
  endfacet
  facet normal 0.0780263 -0.525761 0.847046
    outer loop
      vertex 1.76921 27.41 54.3631
      vertex 1.84776 -0.28531 37.1654
      vertex 1.91388 -0.573226 36.9806
    endloop
  endfacet
  facet normal 0.0771357 -0.525799 0.847104
    outer loop
      vertex 1.84776 -0.28531 37.1654
      vertex 1.76921 27.41 54.3631
      vertex 1.76921 -0.0293945 37.3314
    endloop
  endfacet
  facet normal 0.0786378 -0.525692 0.847033
    outer loop
      vertex 1.99037 -1.81305 36.204
      vertex 3.52138 -17.7032 26.2
      vertex 2 -1.4958 36.4
    endloop
  endfacet
  facet normal 0.0772471 -0.525846 0.847065
    outer loop
      vertex 1.96157 -2.13011 36.0098
      vertex 3.52138 -17.7032 26.2
      vertex 1.99037 -1.81305 36.204
    endloop
  endfacet
  facet normal 0.077886 -0.525773 0.847051
    outer loop
      vertex 1.91388 -2.44392 35.8194
      vertex 3.52138 -17.7032 26.2
      vertex 1.96157 -2.13011 36.0098
    endloop
  endfacet
  facet normal 0.0779487 -0.525766 0.84705
    outer loop
      vertex 1.84776 -2.75145 35.6346
      vertex 3.52138 -17.7032 26.2
      vertex 1.91388 -2.44392 35.8194
    endloop
  endfacet
  facet normal 0.0785962 -0.525687 0.84704
    outer loop
      vertex 1.76921 -3.03067 35.4686
      vertex 3.52138 -17.7032 26.2
      vertex 1.84776 -2.75145 35.6346
    endloop
  endfacet
  facet normal 0.0779869 -0.525765 0.847048
    outer loop
      vertex 3.52138 -17.7032 26.2
      vertex 1.76921 -3.03067 35.4686
      vertex 1.76921 -17.9631 26.2
    endloop
  endfacet
  facet normal -0.930414 -0.153241 0.332936
    outer loop
      vertex -17.2728 27.41 41.6396
      vertex -17.7032 -3.52138 26.2
      vertex -16.676 27.41 43.3074
    endloop
  endfacet
  facet normal 0.130633 -0.52152 0.84318
    outer loop
      vertex 3.52138 27.41 54.1032
      vertex 3.52138 -17.7032 26.2
      vertex 5.23964 -17.2728 26.2
    endloop
  endfacet
  facet normal 0.184456 -0.515476 0.836816
    outer loop
      vertex 6.90744 -16.676 26.2
      vertex 3.52138 27.41 54.1032
      vertex 5.23964 -17.2728 26.2
    endloop
  endfacet
  facet normal 0.419691 -0.463089 0.780645
    outer loop
      vertex 12.7633 -12.7633 26.2
      vertex 8.50871 27.41 52.3187
      vertex 11.4508 -13.9528 26.2
    endloop
  endfacet
  facet normal 0.376123 -0.475437 0.795293
    outer loop
      vertex 8.50871 27.41 52.3187
      vertex 6.90744 27.41 53.076
      vertex 11.4508 -13.9528 26.2
    endloop
  endfacet
  facet normal 0.336003 -0.0732421 -0.939009
    outer loop
      vertex 7.17889 26.6322 19.8818
      vertex 5.74822 27.41 19.3092
      vertex 6.90744 27.41 19.724
    endloop
  endfacet
  facet normal 0.37772 -0.0556873 -0.924244
    outer loop
      vertex 7.17889 26.6322 19.8818
      vertex 6.90744 27.41 19.724
      vertex 7.20901 26.6141 19.8952
    endloop
  endfacet
  facet normal 0.500866 9.64021e-05 -0.865525
    outer loop
      vertex 8.50871 27.41 20.4813
      vertex 9.35883 25.15 20.973
      vertex 9.27155 25.2185 20.9225
    endloop
  endfacet
  facet normal 0.500674 0 -0.865636
    outer loop
      vertex 9.35883 25.15 20.973
      vertex 8.50871 27.41 20.4813
      vertex 8.50871 27.61 20.4813
    endloop
  endfacet
  facet normal 0.45195 -0.0222139 -0.891767
    outer loop
      vertex 9.20292 25.2674 20.8865
      vertex 8.50871 27.41 20.4813
      vertex 9.27155 25.2185 20.9225
    endloop
  endfacet
  facet normal -0.125158 -0.521891 0.84378
    outer loop
      vertex -3.52138 27.41 54.1032
      vertex -3.52138 -17.7032 26.2
      vertex -1.76921 27.41 54.3631
    endloop
  endfacet
  facet normal 0.0337365 -0.527071 0.849152
    outer loop
      vertex 1.76384 -3.04938 35.4572
      vertex 1.76921 -17.9631 26.2
      vertex 1.76921 -3.03067 35.4686
    endloop
  endfacet
  facet normal 0.042059 -0.526902 0.848885
    outer loop
      vertex 1.66294 -3.32858 35.2889
      vertex 1.76921 -17.9631 26.2
      vertex 1.76384 -3.04938 35.4572
    endloop
  endfacet
  facet normal 0.0413452 -0.526922 0.848908
    outer loop
      vertex 1.54602 -3.59182 35.1312
      vertex 1.76921 -17.9631 26.2
      vertex 1.66294 -3.32858 35.2889
    endloop
  endfacet
  facet normal 0.0418799 -0.526904 0.848893
    outer loop
      vertex 1.41421 -3.83655 34.9858
      vertex 1.76921 -17.9631 26.2
      vertex 1.54602 -3.59182 35.1312
    endloop
  endfacet
  facet normal 0.0417375 -0.526909 0.848896
    outer loop
      vertex 1.26879 -4.06041 34.854
      vertex 1.76921 -17.9631 26.2
      vertex 1.41421 -3.83655 34.9858
    endloop
  endfacet
  facet normal 0.0405649 -0.526965 0.848918
    outer loop
      vertex 1.76921 -17.9631 26.2
      vertex 1.26879 -4.06041 34.854
      vertex 1.22908 -4.11099 34.8245
    endloop
  endfacet
  facet normal 0.0498454 -0.526715 0.848579
    outer loop
      vertex 1.76921 27.41 54.3631
      vertex 1.76384 -0.0115364 37.3428
      vertex 1.76921 -0.0293945 37.3314
    endloop
  endfacet
  facet normal 0.0413121 -0.526919 0.848911
    outer loop
      vertex 1.76921 27.41 54.3631
      vertex 1.66294 0.251698 37.5111
      vertex 1.76384 -0.0115364 37.3428
    endloop
  endfacet
  facet normal 0.042088 -0.526904 0.848882
    outer loop
      vertex 1.76921 27.41 54.3631
      vertex 1.54602 0.496425 37.6688
      vertex 1.66294 0.251698 37.5111
    endloop
  endfacet
  facet normal 0.0415349 -0.526913 0.848904
    outer loop
      vertex 1.76921 27.41 54.3631
      vertex 1.41421 0.720287 37.8142
      vertex 1.54602 0.496425 37.6688
    endloop
  endfacet
  facet normal 0.0416605 -0.526912 0.848898
    outer loop
      vertex 1.76921 27.41 54.3631
      vertex 1.26879 0.92113 37.946
      vertex 1.41421 0.720287 37.8142
    endloop
  endfacet
  facet normal 0.0415981 -0.526912 0.848901
    outer loop
      vertex 1.76921 27.41 54.3631
      vertex 1.11114 1.09702 38.0629
      vertex 1.26879 0.92113 37.946
    endloop
  endfacet
  facet normal 0.0421517 -0.52691 0.848875
    outer loop
      vertex 1.76921 27.41 54.3631
      vertex 1.02296 1.17519 38.1158
      vertex 1.11114 1.09702 38.0629
    endloop
  endfacet
  facet normal 0.0416961 -0.526911 0.848897
    outer loop
      vertex 1.02296 1.17519 38.1158
      vertex 1.76921 27.41 54.3631
      vertex 0 27.41 54.45
    endloop
  endfacet
  facet normal 0.0490211 0 0.998798
    outer loop
      vertex 0 27.61 54.45
      vertex 1.06153 27.41 54.3979
      vertex 1.06153 27.61 54.3979
    endloop
  endfacet
  facet normal 0.0490211 0 0.998798
    outer loop
      vertex 1.06153 27.41 54.3979
      vertex 0 27.61 54.45
      vertex 0 27.41 54.45
    endloop
  endfacet
  facet normal -0 -1 -0
    outer loop
      vertex 1.06153 27.41 54.3979
      vertex 0 27.41 54.45
      vertex 1.76921 27.41 54.3631
    endloop
  endfacet
  facet normal -0.620414 -0.382694 0.684567
    outer loop
      vertex -12.7633 27.41 49.1633
      vertex -15.008 -10.028 26.2
      vertex -11.4508 27.41 50.3528
    endloop
  endfacet
  facet normal -0.35681 -0.481112 0.800761
    outer loop
      vertex -6.90744 27.41 53.076
      vertex -11.4508 -13.9528 26.2
      vertex -10.028 -15.008 26.2
    endloop
  endfacet
  facet normal -0.789703 -0.282585 0.544532
    outer loop
      vertex -15.008 27.41 46.428
      vertex -17.2728 -5.23964 26.2
      vertex -16.676 -6.90744 26.2
    endloop
  endfacet
  facet normal -0.459267 -0.449493 0.766179
    outer loop
      vertex -10.028 27.41 51.408
      vertex -12.7633 -12.7633 26.2
      vertex -8.50871 27.41 52.3187
    endloop
  endfacet
  facet normal -0.970015 0 0.243045
    outer loop
      vertex -17.7032 27.41 39.9214
      vertex -17.4449 27.61 40.9523
      vertex -17.7032 27.61 39.9214
    endloop
  endfacet
  facet normal -0.970015 0 0.243045
    outer loop
      vertex -17.4449 27.61 40.9523
      vertex -17.7032 27.41 39.9214
      vertex -17.4449 27.41 40.9523
    endloop
  endfacet
  facet normal 0 1 -0
    outer loop
      vertex -17.4449 27.41 40.9523
      vertex -17.7032 27.41 39.9214
      vertex -17.2728 27.41 41.6396
    endloop
  endfacet
  facet normal -0.987391 -0.0600763 0.146458
    outer loop
      vertex -17.9631 27.41 38.1692
      vertex -17.9631 -1.76921 26.2
      vertex -17.7032 27.41 39.9214
    endloop
  endfacet
  facet normal -0.670016 0.0672094 -0.739298
    outer loop
      vertex -13.0083 21.4298 23.2969
      vertex -12.7633 27.61 23.6367
      vertex -11.4508 27.61 22.4472
    endloop
  endfacet
  facet normal -0.670056 0.067209 -0.739262
    outer loop
      vertex -13.1423 21.1872 23.3963
      vertex -12.7633 27.61 23.6367
      vertex -13.0083 21.4298 23.2969
    endloop
  endfacet
  facet normal -0.669215 0.0671879 -0.740025
    outer loop
      vertex -13.1662 21.1441 23.414
      vertex -12.7633 27.61 23.6367
      vertex -13.1423 21.1872 23.3963
    endloop
  endfacet
  facet normal -0.670237 0.0672196 -0.739097
    outer loop
      vertex -13.1895 21.0954 23.4307
      vertex -12.7633 27.61 23.6367
      vertex -13.1662 21.1441 23.414
    endloop
  endfacet
  facet normal -0.669997 0.0672108 -0.739315
    outer loop
      vertex -13.6613 20.1124 23.7689
      vertex -12.7633 27.61 23.6367
      vertex -13.1895 21.0954 23.4307
    endloop
  endfacet
  facet normal -0.67008 0.0672222 -0.739238
    outer loop
      vertex -14.1455 18.9698 24.1039
      vertex -12.7633 27.61 23.6367
      vertex -13.6613 20.1124 23.7689
    endloop
  endfacet
  facet normal -0.671171 0.0674512 -0.738228
    outer loop
      vertex -14.1634 18.9274 24.1163
      vertex -12.7633 27.61 23.6367
      vertex -14.1455 18.9698 24.1039
    endloop
  endfacet
  facet normal -0.668659 0.0669178 -0.740552
    outer loop
      vertex -14.1807 18.8818 24.1278
      vertex -12.7633 27.61 23.6367
      vertex -14.1634 18.9274 24.1163
    endloop
  endfacet
  facet normal -0.669949 0.0671943 -0.73936
    outer loop
      vertex -14.6667 17.5969 24.4514
      vertex -12.7633 27.61 23.6367
      vertex -14.1807 18.8818 24.1278
    endloop
  endfacet
  facet normal -0.670824 0.0674269 -0.738545
    outer loop
      vertex -14.6808 17.5552 24.4604
      vertex -12.7633 27.61 23.6367
      vertex -14.6667 17.5969 24.4514
    endloop
  endfacet
  facet normal -0.670153 0.0672479 -0.73917
    outer loop
      vertex -12.7633 27.61 23.6367
      vertex -14.6808 17.5552 24.4604
      vertex -14.9402 16.7915 24.6261
    endloop
  endfacet
  facet normal -0.987992 0.0489471 -0.146547
    outer loop
      vertex -17.9568 2.39672 26.167
      vertex -17.9631 27.61 34.6308
      vertex -17.7032 27.61 32.8786
    endloop
  endfacet
  facet normal -0.98804 0.0488494 -0.146256
    outer loop
      vertex -17.9631 27.61 34.6308
      vertex -17.9568 2.39672 26.167
      vertex -17.9631 2.28157 26.1711
    endloop
  endfacet
  facet normal -0.514123 0.006235 -0.857694
    outer loop
      vertex -9.35883 25.15 20.973
      vertex -10.028 27.61 21.392
      vertex -8.50871 27.61 20.4813
    endloop
  endfacet
  facet normal -0.514114 0.00623821 -0.857699
    outer loop
      vertex -10.028 27.61 21.392
      vertex -9.35883 25.15 20.973
      vertex -11.1661 23.6929 22.0457
    endloop
  endfacet
  facet normal -0.500866 9.64021e-05 -0.865525
    outer loop
      vertex -9.35883 25.15 20.973
      vertex -8.50871 27.41 20.4813
      vertex -9.27155 25.2185 20.9225
    endloop
  endfacet
  facet normal -0.500674 0 -0.865636
    outer loop
      vertex -8.50871 27.41 20.4813
      vertex -9.35883 25.15 20.973
      vertex -8.50871 27.61 20.4813
    endloop
  endfacet
  facet normal 0.243034 0 0.970018
    outer loop
      vertex 3.52138 27.61 54.1032
      vertex 4.55233 27.41 53.8449
      vertex 4.55233 27.61 53.8449
    endloop
  endfacet
  facet normal 0.243034 0 0.970018
    outer loop
      vertex 4.55233 27.41 53.8449
      vertex 3.52138 27.61 54.1032
      vertex 3.52138 27.41 54.1032
    endloop
  endfacet
  facet normal -0 1 -0
    outer loop
      vertex 4.55233 27.41 53.8449
      vertex 3.52138 27.41 54.1032
      vertex 5.23964 27.41 53.6728
    endloop
  endfacet
  facet normal 0.208785 -0.511521 0.83352
    outer loop
      vertex 5.23964 27.41 53.6728
      vertex 3.52138 27.41 54.1032
      vertex 6.90744 -16.676 26.2
    endloop
  endfacet
  facet normal 0.989183 -0 0.146688
    outer loop
      vertex 17.7032 27.41 39.9214
      vertex 17.8591 27.61 38.8701
      vertex 17.7032 27.61 39.9214
    endloop
  endfacet
  facet normal 0.989183 0 0.146688
    outer loop
      vertex 17.8591 27.61 38.8701
      vertex 17.7032 27.41 39.9214
      vertex 17.8591 27.41 38.8701
    endloop
  endfacet
  facet normal -0 1 -0
    outer loop
      vertex 17.8591 27.41 38.8701
      vertex 17.7032 27.41 39.9214
      vertex 17.9631 27.41 38.1692
    endloop
  endfacet
  facet normal 0.991728 -0.0487117 0.118752
    outer loop
      vertex 17.9631 27.41 38.1692
      vertex 17.9631 -1.76921 26.2
      vertex 18.05 0 26.2
    endloop
  endfacet
  facet normal 0.595731 0 0.803184
    outer loop
      vertex 10.5971 27.61 50.986
      vertex 11.4508 27.41 50.3528
      vertex 11.4508 27.61 50.3528
    endloop
  endfacet
  facet normal 0.595731 0 0.803184
    outer loop
      vertex 11.4508 27.41 50.3528
      vertex 10.5971 27.61 50.986
      vertex 10.5971 27.41 50.986
    endloop
  endfacet
  facet normal -0 -1 -0
    outer loop
      vertex 10.5971 27.41 50.986
      vertex 10.028 27.41 51.408
      vertex 11.4508 27.41 50.3528
    endloop
  endfacet
  facet normal 0.486065 -0.440514 0.754777
    outer loop
      vertex 13.9528 -11.4508 26.2
      vertex 10.028 27.41 51.408
      vertex 12.7633 -12.7633 26.2
    endloop
  endfacet
  facet normal 0.789703 -0.282585 0.544532
    outer loop
      vertex 17.2728 -5.23964 26.2
      vertex 15.008 27.41 46.428
      vertex 16.676 -6.90744 26.2
    endloop
  endfacet
  facet normal 0.69623 -0.342233 0.630983
    outer loop
      vertex 13.9528 27.41 47.8508
      vertex 12.7633 27.41 49.1633
      vertex 15.9187 -8.50871 26.2
    endloop
  endfacet
  facet normal 0.930414 -0.153241 0.332936
    outer loop
      vertex 17.2728 27.41 41.6396
      vertex 16.676 27.41 43.3074
      vertex 17.7032 -3.52138 26.2
    endloop
  endfacet
  facet normal 0.885335 -0.202172 0.4187
    outer loop
      vertex 16.676 27.41 43.3074
      vertex 15.9187 27.41 44.9087
      vertex 17.7032 -3.52138 26.2
    endloop
  endfacet
  facet normal -0.130633 -0.52152 0.84318
    outer loop
      vertex -3.52138 27.41 54.1032
      vertex -5.23964 -17.2728 26.2
      vertex -3.52138 -17.7032 26.2
    endloop
  endfacet
  facet normal -0.595731 0 0.803184
    outer loop
      vertex -11.4508 27.61 50.3528
      vertex -10.5971 27.41 50.986
      vertex -10.5971 27.61 50.986
    endloop
  endfacet
  facet normal -0.595731 0 0.803184
    outer loop
      vertex -10.5971 27.41 50.986
      vertex -11.4508 27.61 50.3528
      vertex -11.4508 27.41 50.3528
    endloop
  endfacet
  facet normal 0 -1 -0
    outer loop
      vertex -10.5971 27.41 50.986
      vertex -11.4508 27.41 50.3528
      vertex -10.028 27.41 51.408
    endloop
  endfacet
  facet normal -0.0490211 0 0.998798
    outer loop
      vertex -1.06153 27.61 54.3979
      vertex 0 27.41 54.45
      vertex 0 27.61 54.45
    endloop
  endfacet
  facet normal -0.0490211 0 0.998798
    outer loop
      vertex 0 27.41 54.45
      vertex -1.06153 27.61 54.3979
      vertex -1.06153 27.41 54.3979
    endloop
  endfacet
  facet normal 0 -1 -0
    outer loop
      vertex -1.06153 27.41 54.3979
      vertex -1.76921 27.41 54.3631
      vertex 0 27.41 54.45
    endloop
  endfacet
  facet normal -0.0771357 -0.525799 0.847104
    outer loop
      vertex -1.76921 27.41 54.3631
      vertex -1.84776 -0.28531 37.1654
      vertex -1.76921 -0.0293945 37.3314
    endloop
  endfacet
  facet normal -0.0780263 -0.525761 0.847046
    outer loop
      vertex -1.76921 27.41 54.3631
      vertex -1.91388 -0.573226 36.9806
      vertex -1.84776 -0.28531 37.1654
    endloop
  endfacet
  facet normal -0.0781985 -0.525753 0.847035
    outer loop
      vertex -1.76921 27.41 54.3631
      vertex -1.96157 -0.872884 36.7902
      vertex -1.91388 -0.573226 36.9806
    endloop
  endfacet
  facet normal -0.0796422 -0.525686 0.846942
    outer loop
      vertex -1.76921 27.41 54.3631
      vertex -1.99037 -1.1814 36.596
      vertex -1.96157 -0.872884 36.7902
    endloop
  endfacet
  facet normal -0.0779435 -0.525766 0.847051
    outer loop
      vertex -3.52138 -17.7032 26.2
      vertex -1.99037 -1.1814 36.596
      vertex -1.76921 27.41 54.3631
    endloop
  endfacet
  facet normal -0.0794578 -0.525602 0.847012
    outer loop
      vertex -1.99037 -1.1814 36.596
      vertex -3.52138 -17.7032 26.2
      vertex -2 -1.4958 36.4
    endloop
  endfacet
  facet normal -0.0785962 -0.525687 0.84704
    outer loop
      vertex -3.52138 -17.7032 26.2
      vertex -1.76921 -3.03067 35.4686
      vertex -1.84776 -2.75145 35.6346
    endloop
  endfacet
  facet normal -0.0779487 -0.525766 0.84705
    outer loop
      vertex -3.52138 -17.7032 26.2
      vertex -1.84776 -2.75145 35.6346
      vertex -1.91388 -2.44392 35.8194
    endloop
  endfacet
  facet normal -0.077886 -0.525773 0.847051
    outer loop
      vertex -3.52138 -17.7032 26.2
      vertex -1.91388 -2.44392 35.8194
      vertex -1.96157 -2.13011 36.0098
    endloop
  endfacet
  facet normal -0.0772471 -0.525846 0.847065
    outer loop
      vertex -3.52138 -17.7032 26.2
      vertex -1.96157 -2.13011 36.0098
      vertex -1.99037 -1.81305 36.204
    endloop
  endfacet
  facet normal -0.0786378 -0.525692 0.847033
    outer loop
      vertex -3.52138 -17.7032 26.2
      vertex -1.99037 -1.81305 36.204
      vertex -2 -1.4958 36.4
    endloop
  endfacet
  facet normal -0.0779869 -0.525765 0.847048
    outer loop
      vertex -1.76921 -3.03067 35.4686
      vertex -3.52138 -17.7032 26.2
      vertex -1.76921 -17.9631 26.2
    endloop
  endfacet
  facet normal -0.239735 -0.506906 0.827994
    outer loop
      vertex -5.23964 27.41 53.6728
      vertex -8.50871 -15.9187 26.2
      vertex -6.90744 -16.676 26.2
    endloop
  endfacet
  facet normal 0.620414 -0.382694 0.684567
    outer loop
      vertex 12.7633 27.41 49.1633
      vertex 11.4508 27.41 50.3528
      vertex 15.008 -10.028 26.2
    endloop
  endfacet
  facet normal 0.556256 -0.41254 0.721381
    outer loop
      vertex 15.008 -10.028 26.2
      vertex 11.4508 27.41 50.3528
      vertex 13.9528 -11.4508 26.2
    endloop
  endfacet
  facet normal -0.541003 -0.418551 0.729473
    outer loop
      vertex -11.4508 27.41 50.3528
      vertex -13.9528 -11.4508 26.2
      vertex -10.028 27.41 51.408
    endloop
  endfacet
  facet normal -0.419691 -0.463089 0.780645
    outer loop
      vertex -8.50871 27.41 52.3187
      vertex -12.7633 -12.7633 26.2
      vertex -11.4508 -13.9528 26.2
    endloop
  endfacet
  facet normal -0.766742 -0.297912 0.568643
    outer loop
      vertex -15.008 27.41 46.428
      vertex -16.676 -6.90744 26.2
      vertex -13.9528 27.41 47.8508
    endloop
  endfacet
  facet normal -0.740974 0 0.671534
    outer loop
      vertex -13.9528 27.41 47.8508
      vertex -13.2391 27.61 48.6383
      vertex -13.9528 27.61 47.8508
    endloop
  endfacet
  facet normal -0.740974 0 0.671534
    outer loop
      vertex -13.2391 27.61 48.6383
      vertex -13.9528 27.41 47.8508
      vertex -13.2391 27.41 48.6383
    endloop
  endfacet
  facet normal 0 -1 -0
    outer loop
      vertex -13.2391 27.41 48.6383
      vertex -13.9528 27.41 47.8508
      vertex -12.7633 27.41 49.1633
    endloop
  endfacet
  facet normal -0.964663 -0.105039 0.241643
    outer loop
      vertex -17.7032 27.41 39.9214
      vertex -17.9631 -1.76921 26.2
      vertex -17.2728 27.41 41.6396
    endloop
  endfacet
  facet normal -1 0 0
    outer loop
      vertex -18.05 0.503946 26.1898
      vertex -18.05 27.41 36.4
      vertex -18.05 27.61 36.4
    endloop
  endfacet
  facet normal -1 0 0
    outer loop
      vertex -18.05 27.41 36.4
      vertex -18.05 0.503946 26.1898
      vertex -18.05 0 26.2
    endloop
  endfacet
  facet normal -0.37772 -0.0556873 -0.924244
    outer loop
      vertex -7.17889 26.6322 19.8818
      vertex -7.20901 26.6141 19.8952
      vertex -6.90744 27.41 19.724
    endloop
  endfacet
  facet normal -0.42731 -0.0324405 -0.903523
    outer loop
      vertex -7.20901 26.6141 19.8952
      vertex -8.50871 27.41 20.4813
      vertex -6.90744 27.41 19.724
    endloop
  endfacet
  facet normal -0.427302 -0.0324243 -0.903528
    outer loop
      vertex -8.50871 27.41 20.4813
      vertex -7.20901 26.6141 19.8952
      vertex -9.20292 25.2674 20.8865
    endloop
  endfacet
  facet normal -0.998625 0.0184761 -0.0490507
    outer loop
      vertex -18.0481 0.603326 26.1886
      vertex -18.05 27.61 36.4
      vertex -17.9631 27.61 34.6308
    endloop
  endfacet
  facet normal -0.998622 0.0184992 -0.0491116
    outer loop
      vertex -18.05 27.61 36.4
      vertex -18.0481 0.603326 26.1886
      vertex -18.05 0.503946 26.1898
    endloop
  endfacet
  facet normal -0.852979 0.104904 -0.511294
    outer loop
      vertex -17.5019 5.8021 26.0581
      vertex -15.9187 27.61 27.8913
      vertex -15.008 27.61 26.372
    endloop
  endfacet
  facet normal -0.852682 0.104924 -0.511785
    outer loop
      vertex -17.5559 5.46813 26.0796
      vertex -15.9187 27.61 27.8913
      vertex -17.5019 5.8021 26.0581
    endloop
  endfacet
  facet normal -0.86037 0.104434 -0.498856
    outer loop
      vertex -17.5565 5.46462 26.0799
      vertex -15.9187 27.61 27.8913
      vertex -17.5559 5.46813 26.0796
    endloop
  endfacet
  facet normal -0.832199 0.106063 -0.544239
    outer loop
      vertex -17.557 5.46121 26.08
      vertex -15.9187 27.61 27.8913
      vertex -17.5565 5.46462 26.0799
    endloop
  endfacet
  facet normal -0.85299 0.104905 -0.511276
    outer loop
      vertex -15.9187 27.61 27.8913
      vertex -17.557 5.46121 26.08
      vertex -17.8074 3.7376 26.1441
    endloop
  endfacet
  facet normal -0.568614 0.0280091 -0.822128
    outer loop
      vertex -11.1661 23.6929 22.0457
      vertex -11.2555 23.6127 22.1048
      vertex -10.028 27.61 21.392
    endloop
  endfacet
  facet normal -0.595223 0.0396659 -0.802581
    outer loop
      vertex -11.2555 23.6127 22.1048
      vertex -11.4508 27.61 22.4472
      vertex -10.028 27.61 21.392
    endloop
  endfacet
  facet normal -0.595227 0.0396655 -0.802578
    outer loop
      vertex -11.6581 23.2326 22.3846
      vertex -11.4508 27.61 22.4472
      vertex -11.2555 23.6127 22.1048
    endloop
  endfacet
  facet normal -0.595223 0.0396654 -0.802581
    outer loop
      vertex -12.1176 22.7332 22.7007
      vertex -11.4508 27.61 22.4472
      vertex -11.6581 23.2326 22.3846
    endloop
  endfacet
  facet normal -0.595928 0.0397894 -0.802051
    outer loop
      vertex -12.1488 22.6993 22.7222
      vertex -11.4508 27.61 22.4472
      vertex -12.1176 22.7332 22.7007
    endloop
  endfacet
  facet normal -0.594576 0.0395403 -0.803067
    outer loop
      vertex -12.1797 22.6571 22.743
      vertex -11.4508 27.61 22.4472
      vertex -12.1488 22.6993 22.7222
    endloop
  endfacet
  facet normal -0.595233 0.0396665 -0.802574
    outer loop
      vertex -12.6573 22.0053 23.065
      vertex -11.4508 27.61 22.4472
      vertex -12.1797 22.6571 22.743
    endloop
  endfacet
  facet normal -0.595284 0.0396817 -0.802535
    outer loop
      vertex -11.4508 27.61 22.4472
      vertex -12.6573 22.0053 23.065
      vertex -13.0083 21.4298 23.2969
    endloop
  endfacet
  facet normal 0.998629 -0.0182532 0.0490509
    outer loop
      vertex 18.05 27.41 36.4
      vertex 17.9631 27.41 38.1692
      vertex 18.05 0 26.2
    endloop
  endfacet
  facet normal 0.964663 -0.105039 0.241643
    outer loop
      vertex 17.7032 27.41 39.9214
      vertex 17.2728 27.41 41.6396
      vertex 17.9631 -1.76921 26.2
    endloop
  endfacet
  facet normal 0.987391 -0.0600763 0.146458
    outer loop
      vertex 17.9631 27.41 38.1692
      vertex 17.7032 27.41 39.9214
      vertex 17.9631 -1.76921 26.2
    endloop
  endfacet
  facet normal -0.296948 -0.495388 0.816341
    outer loop
      vertex -6.90744 27.41 53.076
      vertex -10.028 -15.008 26.2
      vertex -8.50871 -15.9187 26.2
    endloop
  endfacet
  facet normal -0.208785 -0.511521 0.83352
    outer loop
      vertex -5.23964 27.41 53.6728
      vertex -6.90744 -16.676 26.2
      vertex -3.52138 27.41 54.1032
    endloop
  endfacet
  facet normal -0.869615 -0.217826 0.443082
    outer loop
      vertex -15.9187 27.41 44.9087
      vertex -17.7032 -3.52138 26.2
      vertex -17.2728 -5.23964 26.2
    endloop
  endfacet
  facet normal -0.830309 -0.250756 0.497704
    outer loop
      vertex -15.9187 27.41 44.9087
      vertex -17.2728 -5.23964 26.2
      vertex -15.008 27.41 46.428
    endloop
  endfacet
  facet normal -0.9417 -0.139683 0.306089
    outer loop
      vertex -17.2728 27.41 41.6396
      vertex -17.9631 -1.76921 26.2
      vertex -17.7032 -3.52138 26.2
    endloop
  endfacet
  facet normal -0.708881 -0.335256 0.620557
    outer loop
      vertex -13.9528 27.41 47.8508
      vertex -16.676 -6.90744 26.2
      vertex -15.9187 -8.50871 26.2
    endloop
  endfacet
  facet normal -0.184456 -0.515476 0.836816
    outer loop
      vertex -3.52138 27.41 54.1032
      vertex -6.90744 -16.676 26.2
      vertex -5.23964 -17.2728 26.2
    endloop
  endfacet
  facet normal -0.243034 0 0.970018
    outer loop
      vertex -4.55233 27.61 53.8449
      vertex -3.52138 27.41 54.1032
      vertex -3.52138 27.61 54.1032
    endloop
  endfacet
  facet normal -0.243034 0 0.970018
    outer loop
      vertex -3.52138 27.41 54.1032
      vertex -4.55233 27.61 53.8449
      vertex -4.55233 27.41 53.8449
    endloop
  endfacet
  facet normal 0 1 -0
    outer loop
      vertex -4.55233 27.41 53.8449
      vertex -5.23964 27.41 53.6728
      vertex -3.52138 27.41 54.1032
    endloop
  endfacet
  facet normal -0.336003 -0.0732421 -0.939009
    outer loop
      vertex -5.74822 27.41 19.3092
      vertex -7.17889 26.6322 19.8818
      vertex -6.90744 27.41 19.724
    endloop
  endfacet
  facet normal -0.738142 0.0873489 -0.668967
    outer loop
      vertex -14.9402 16.7915 24.6261
      vertex -13.9528 27.61 24.9492
      vertex -12.7633 27.61 23.6367
    endloop
  endfacet
  facet normal -0.738034 0.0873427 -0.669087
    outer loop
      vertex -15.1529 16.1249 24.7737
      vertex -13.9528 27.61 24.9492
      vertex -14.9402 16.7915 24.6261
    endloop
  endfacet
  facet normal -0.741211 0.0876203 -0.665529
    outer loop
      vertex -15.1635 16.0884 24.7807
      vertex -13.9528 27.61 24.9492
      vertex -15.1529 16.1249 24.7737
    endloop
  endfacet
  facet normal -0.738072 0.0873419 -0.669045
    outer loop
      vertex -15.6175 14.5262 25.0776
      vertex -13.9528 27.61 24.9492
      vertex -15.1635 16.0884 24.7807
    endloop
  endfacet
  facet normal -0.738074 0.0873421 -0.669043
    outer loop
      vertex -16.0615 12.8501 25.3486
      vertex -13.9528 27.61 24.9492
      vertex -15.6175 14.5262 25.0776
    endloop
  endfacet
  facet normal -0.738287 0.0873791 -0.668802
    outer loop
      vertex -16.0677 12.8268 25.3524
      vertex -13.9528 27.61 24.9492
      vertex -16.0615 12.8501 25.3486
    endloop
  endfacet
  facet normal -0.738223 0.087368 -0.668874
    outer loop
      vertex -16.4922 11.0651 25.5908
      vertex -13.9528 27.61 24.9492
      vertex -16.0677 12.8268 25.3524
    endloop
  endfacet
  facet normal -0.742844 0.0882811 -0.663618
    outer loop
      vertex -16.4964 11.0478 25.5932
      vertex -13.9528 27.61 24.9492
      vertex -16.4922 11.0651 25.5908
    endloop
  endfacet
  facet normal -0.738728 0.0874668 -0.668304
    outer loop
      vertex -13.9528 27.61 24.9492
      vertex -16.4964 11.0478 25.5932
      vertex -16.589 10.6233 25.64
    endloop
  endfacet
  facet normal -0.937538 0.0920426 -0.335486
    outer loop
      vertex -17.9054 2.92806 26.1566
      vertex -17.2728 27.61 31.1604
      vertex -16.676 27.61 29.4926
    endloop
  endfacet
  facet normal -0.937521 0.0920514 -0.335531
    outer loop
      vertex -17.2728 27.61 31.1604
      vertex -17.9054 2.92806 26.1566
      vertex -17.9414 2.58255 26.1624
    endloop
  endfacet
  facet normal -0.967353 0.0742334 -0.242317
    outer loop
      vertex -17.9414 2.58255 26.1624
      vertex -17.7032 27.61 32.8786
      vertex -17.2728 27.61 31.1604
    endloop
  endfacet
  facet normal -0.96741 0.0741776 -0.242107
    outer loop
      vertex -17.7032 27.61 32.8786
      vertex -17.9414 2.58255 26.1624
      vertex -17.9568 2.39672 26.167
    endloop
  endfacet
  facet normal -0.899262 0.102273 -0.425286
    outer loop
      vertex -17.8074 3.7376 26.1441
      vertex -16.676 27.61 29.4926
      vertex -15.9187 27.61 27.8913
    endloop
  endfacet
  facet normal -0.898886 0.102363 -0.426059
    outer loop
      vertex -17.823 3.62059 26.1489
      vertex -16.676 27.61 29.4926
      vertex -17.8074 3.7376 26.1441
    endloop
  endfacet
  facet normal -0.899273 0.102271 -0.425262
    outer loop
      vertex -16.676 27.61 29.4926
      vertex -17.823 3.62059 26.1489
      vertex -17.9054 2.92806 26.1566
    endloop
  endfacet
  facet normal -0.427535 0 -0.903999
    outer loop
      vertex -8.50871 27.41 20.4813
      vertex -6.90744 27.61 19.724
      vertex -6.90744 27.41 19.724
    endloop
  endfacet
  facet normal -0.427535 0 -0.903999
    outer loop
      vertex -6.90744 27.61 19.724
      vertex -8.50871 27.41 20.4813
      vertex -8.50871 27.61 20.4813
    endloop
  endfacet
  facet normal 0.803213 -0 0.595692
    outer loop
      vertex 13.9528 27.41 47.8508
      vertex 15.008 27.61 46.428
      vertex 13.9528 27.61 47.8508
    endloop
  endfacet
  facet normal 0.803213 0 0.595692
    outer loop
      vertex 15.008 27.61 46.428
      vertex 13.9528 27.41 47.8508
      vertex 15.008 27.41 46.428
    endloop
  endfacet
  facet normal -0.376123 -0.475437 0.795293
    outer loop
      vertex -8.50871 27.41 52.3187
      vertex -11.4508 -13.9528 26.2
      vertex -6.90744 27.41 53.076
    endloop
  endfacet
  facet normal -0.857725 0 0.514108
    outer loop
      vertex -15.5544 27.41 45.5164
      vertex -15.008 27.61 46.428
      vertex -15.5544 27.61 45.5164
    endloop
  endfacet
  facet normal -0.857725 0 0.514108
    outer loop
      vertex -15.008 27.61 46.428
      vertex -15.5544 27.41 45.5164
      vertex -15.008 27.41 46.428
    endloop
  endfacet
  facet normal 0 1 -0
    outer loop
      vertex -15.5544 27.41 45.5164
      vertex -15.9187 27.41 44.9087
      vertex -15.008 27.41 46.428
    endloop
  endfacet
  facet normal -0.991728 -0.0487117 0.118752
    outer loop
      vertex -17.9631 27.41 38.1692
      vertex -18.05 0 26.2
      vertex -17.9631 -1.76921 26.2
    endloop
  endfacet
  facet normal -0.336907 -0 -0.941538
    outer loop
      vertex -6.90744 27.61 19.724
      vertex -5.74822 27.41 19.3092
      vertex -6.90744 27.41 19.724
    endloop
  endfacet
  facet normal -0.336883 0.000158899 -0.941546
    outer loop
      vertex -5.74822 27.41 19.3092
      vertex -6.90744 27.61 19.724
      vertex -5.33672 27.61 19.162
    endloop
  endfacet
  facet normal 0.740974 -0 0.671534
    outer loop
      vertex 13.2391 27.41 48.6383
      vertex 13.9528 27.61 47.8508
      vertex 13.2391 27.61 48.6383
    endloop
  endfacet
  facet normal 0.740974 0 0.671534
    outer loop
      vertex 13.9528 27.61 47.8508
      vertex 13.2391 27.41 48.6383
      vertex 13.9528 27.41 47.8508
    endloop
  endfacet
  facet normal -0 -1 -0
    outer loop
      vertex 13.2391 27.41 48.6383
      vertex 12.7633 27.41 49.1633
      vertex 13.9528 27.41 47.8508
    endloop
  endfacet
  facet normal 0.708881 -0.335256 0.620557
    outer loop
      vertex 16.676 -6.90744 26.2
      vertex 13.9528 27.41 47.8508
      vertex 15.9187 -8.50871 26.2
    endloop
  endfacet
  facet normal 0.766742 -0.297912 0.568643
    outer loop
      vertex 15.008 27.41 46.428
      vertex 13.9528 27.41 47.8508
      vertex 16.676 -6.90744 26.2
    endloop
  endfacet
  facet normal -0.292507 -0.496229 0.817433
    outer loop
      vertex -6.90744 27.41 53.076
      vertex -8.50871 -15.9187 26.2
      vertex -5.23964 27.41 53.6728
    endloop
  endfacet
  facet normal -0.671534 0 0.740974
    outer loop
      vertex -12.2383 27.61 49.6391
      vertex -11.4508 27.41 50.3528
      vertex -11.4508 27.61 50.3528
    endloop
  endfacet
  facet normal -0.671534 0 0.740974
    outer loop
      vertex -11.4508 27.41 50.3528
      vertex -12.2383 27.61 49.6391
      vertex -12.2383 27.41 49.6391
    endloop
  endfacet
  facet normal 0 1 -0
    outer loop
      vertex -12.2383 27.41 49.6391
      vertex -12.7633 27.41 49.1633
      vertex -11.4508 27.41 50.3528
    endloop
  endfacet
  facet normal -0.989183 0 0.146688
    outer loop
      vertex -17.8591 27.41 38.8701
      vertex -17.7032 27.61 39.9214
      vertex -17.8591 27.61 38.8701
    endloop
  endfacet
  facet normal -0.989183 0 0.146688
    outer loop
      vertex -17.7032 27.61 39.9214
      vertex -17.8591 27.41 38.8701
      vertex -17.7032 27.41 39.9214
    endloop
  endfacet
  facet normal 0 1 0
    outer loop
      vertex -17.9631 27.41 38.1692
      vertex -17.7032 27.41 39.9214
      vertex -17.8591 27.41 38.8701
    endloop
  endfacet
  facet normal -0.998629 -0.0182532 0.0490509
    outer loop
      vertex -18.05 27.41 36.4
      vertex -18.05 0 26.2
      vertex -17.9631 27.41 38.1692
    endloop
  endfacet
  facet normal 0.970015 -0 0.243045
    outer loop
      vertex 17.4449 27.41 40.9523
      vertex 17.7032 27.61 39.9214
      vertex 17.4449 27.61 40.9523
    endloop
  endfacet
  facet normal 0.970015 0 0.243045
    outer loop
      vertex 17.7032 27.61 39.9214
      vertex 17.4449 27.41 40.9523
      vertex 17.7032 27.41 39.9214
    endloop
  endfacet
  facet normal -0 1 -0
    outer loop
      vertex 17.4449 27.41 40.9523
      vertex 17.2728 27.41 41.6396
      vertex 17.7032 27.41 39.9214
    endloop
  endfacet
  facet normal -0.63057 -0.377979 0.677874
    outer loop
      vertex -12.7633 27.41 49.1633
      vertex -15.9187 -8.50871 26.2
      vertex -15.008 -10.028 26.2
    endloop
  endfacet
  facet normal -0.69623 -0.342233 0.630983
    outer loop
      vertex -13.9528 27.41 47.8508
      vertex -15.9187 -8.50871 26.2
      vertex -12.7633 27.41 49.1633
    endloop
  endfacet
  facet normal 0.857673 0 -0.514196
    outer loop
      vertex 1.76384 -67.5 35.4572
      vertex 1.66294 -3.32858 35.2889
      vertex 1.76384 -3.04938 35.4572
    endloop
  endfacet
  facet normal 0.857673 0 -0.514196
    outer loop
      vertex 1.66294 -3.32858 35.2889
      vertex 1.76384 -67.5 35.4572
      vertex 1.66294 -67.5 35.2889
    endloop
  endfacet
  facet normal 0.336791 0 -0.941579
    outer loop
      vertex 0.580569 -4.68743 34.4861
      vertex 0.765367 -67.5 34.5522
      vertex 0.580569 -67.5 34.4861
    endloop
  endfacet
  facet normal 0.336791 0 -0.941579
    outer loop
      vertex 0.765367 -67.5 34.5522
      vertex 0.580569 -4.68743 34.4861
      vertex 0.765367 -4.57194 34.5522
    endloop
  endfacet
  facet normal -0.336791 0 -0.941579
    outer loop
      vertex -0.765367 -67.5 34.5522
      vertex -0.580569 -4.68743 34.4861
      vertex -0.580569 -67.5 34.4861
    endloop
  endfacet
  facet normal -0.336791 0 -0.941579
    outer loop
      vertex -0.580569 -4.68743 34.4861
      vertex -0.765367 -67.5 34.5522
      vertex -0.765367 -4.57194 34.5522
    endloop
  endfacet
  facet normal -0.903958 0 -0.427622
    outer loop
      vertex -1.84776 -67.5 35.6346
      vertex -1.76384 -3.04938 35.4572
      vertex -1.76384 -67.5 35.4572
    endloop
  endfacet
  facet normal -0.904654 4.96418e-06 -0.426148
    outer loop
      vertex -1.76384 -3.04938 35.4572
      vertex -1.84776 -67.5 35.6346
      vertex -1.76921 -3.03067 35.4686
    endloop
  endfacet
  facet normal -0.90391 0 -0.427723
    outer loop
      vertex -1.76921 -3.03067 35.4686
      vertex -1.84776 -67.5 35.6346
      vertex -1.84776 -2.75145 35.6346
    endloop
  endfacet
  facet normal 0.998795 -0 0.0490735
    outer loop
      vertex 1.99037 -67.5 36.596
      vertex 2 -1.4958 36.4
      vertex 1.99037 -1.1814 36.596
    endloop
  endfacet
  facet normal 0.998795 0 0.0490735
    outer loop
      vertex 2 -1.4958 36.4
      vertex 1.99037 -67.5 36.596
      vertex 2 -67.5 36.4
    endloop
  endfacet
  facet normal 0.0489127 0 -0.998803
    outer loop
      vertex 0 -4.85453 34.4
      vertex 0.196033 -67.5 34.4096
      vertex 0 -67.5 34.4
    endloop
  endfacet
  facet normal 0.0489127 0 -0.998803
    outer loop
      vertex 0.196033 -67.5 34.4096
      vertex 0 -4.85453 34.4
      vertex 0.196033 -4.8294 34.4096
    endloop
  endfacet
  facet normal 0.51409 0 -0.857736
    outer loop
      vertex 0.942793 -4.42819 34.6362
      vertex 1.11114 -67.5 34.7371
      vertex 0.942793 -67.5 34.6362
    endloop
  endfacet
  facet normal 0.51409 0 -0.857736
    outer loop
      vertex 1.11114 -67.5 34.7371
      vertex 0.942793 -4.42819 34.6362
      vertex 1.11114 -4.25754 34.7371
    endloop
  endfacet
  facet normal -0.989182 0 -0.146696
    outer loop
      vertex -1.99037 -67.5 36.204
      vertex -1.96157 -2.13011 36.0098
      vertex -1.96157 -67.5 36.0098
    endloop
  endfacet
  facet normal -0.989182 0 -0.146696
    outer loop
      vertex -1.96157 -2.13011 36.0098
      vertex -1.99037 -67.5 36.204
      vertex -1.99037 -1.81305 36.204
    endloop
  endfacet
  facet normal -0.740882 0 -0.671635
    outer loop
      vertex -1.54602 -67.5 35.1312
      vertex -1.41421 -3.83655 34.9858
      vertex -1.41421 -67.5 34.9858
    endloop
  endfacet
  facet normal -0.740882 0 -0.671635
    outer loop
      vertex -1.41421 -3.83655 34.9858
      vertex -1.54602 -67.5 35.1312
      vertex -1.54602 -3.59182 35.1312
    endloop
  endfacet
  facet normal -0.146735 0 -0.989176
    outer loop
      vertex -0.390181 -67.5 34.4384
      vertex -0.196033 -4.8294 34.4096
      vertex -0.196033 -67.5 34.4096
    endloop
  endfacet
  facet normal -0.146735 0 -0.989176
    outer loop
      vertex -0.196033 -4.8294 34.4096
      vertex -0.390181 -67.5 34.4384
      vertex -0.390181 -4.77352 34.4384
    endloop
  endfacet
  facet normal 0.514438 -1.15915e-06 0.857528
    outer loop
      vertex 0.942793 -67.5 38.1638
      vertex 1.11114 1.09702 38.0629
      vertex 1.02296 1.17519 38.1158
    endloop
  endfacet
  facet normal 0.513707 -0 0.857966
    outer loop
      vertex 0.942793 -67.5 38.1638
      vertex 1.02296 1.17519 38.1158
      vertex 0.942793 1.24857 38.1638
    endloop
  endfacet
  facet normal 0.51409 0 0.857736
    outer loop
      vertex 1.11114 1.09702 38.0629
      vertex 0.942793 -67.5 38.1638
      vertex 1.11114 -67.5 38.0629
    endloop
  endfacet
  facet normal 0.989182 0 -0.146696
    outer loop
      vertex 1.99037 -67.5 36.204
      vertex 1.96157 -2.13011 36.0098
      vertex 1.99037 -1.81305 36.204
    endloop
  endfacet
  facet normal 0.989182 0 -0.146696
    outer loop
      vertex 1.96157 -2.13011 36.0098
      vertex 1.99037 -67.5 36.204
      vertex 1.96157 -67.5 36.0098
    endloop
  endfacet
  facet normal 0.803301 0 -0.595573
    outer loop
      vertex 1.66294 -67.5 35.2889
      vertex 1.54602 -3.59182 35.1312
      vertex 1.66294 -3.32858 35.2889
    endloop
  endfacet
  facet normal 0.803301 0 -0.595573
    outer loop
      vertex 1.54602 -3.59182 35.1312
      vertex 1.66294 -67.5 35.2889
      vertex 1.54602 -67.5 35.1312
    endloop
  endfacet
  facet normal 0.671556 0 -0.740954
    outer loop
      vertex 1.26879 -4.06041 34.854
      vertex 1.41421 -67.5 34.9858
      vertex 1.26879 -67.5 34.854
    endloop
  endfacet
  facet normal 0.671556 0 -0.740954
    outer loop
      vertex 1.41421 -67.5 34.9858
      vertex 1.26879 -4.06041 34.854
      vertex 1.41421 -3.83655 34.9858
    endloop
  endfacet
  facet normal -0.0489127 0 -0.998803
    outer loop
      vertex -0.196033 -67.5 34.4096
      vertex 0 -4.85453 34.4
      vertex 0 -67.5 34.4
    endloop
  endfacet
  facet normal -0.0489127 0 -0.998803
    outer loop
      vertex 0 -4.85453 34.4
      vertex -0.196033 -67.5 34.4096
      vertex -0.196033 -4.8294 34.4096
    endloop
  endfacet
  facet normal 0.24303 0 -0.970019
    outer loop
      vertex 0.390181 -4.77352 34.4384
      vertex 0.580569 -67.5 34.4861
      vertex 0.390181 -67.5 34.4384
    endloop
  endfacet
  facet normal 0.24303 0 -0.970019
    outer loop
      vertex 0.580569 -67.5 34.4861
      vertex 0.390181 -4.77352 34.4384
      vertex 0.580569 -4.68743 34.4861
    endloop
  endfacet
  facet normal 0.146735 0 -0.989176
    outer loop
      vertex 0.196033 -4.8294 34.4096
      vertex 0.390181 -67.5 34.4384
      vertex 0.196033 -67.5 34.4096
    endloop
  endfacet
  facet normal 0.146735 0 -0.989176
    outer loop
      vertex 0.390181 -67.5 34.4384
      vertex 0.196033 -4.8294 34.4096
      vertex 0.390181 -4.77352 34.4384
    endloop
  endfacet
  facet normal 0.427904 0 -0.903824
    outer loop
      vertex 0.765367 -4.57194 34.5522
      vertex 0.942793 -67.5 34.6362
      vertex 0.765367 -67.5 34.5522
    endloop
  endfacet
  facet normal 0.427904 0 -0.903824
    outer loop
      vertex 0.942793 -67.5 34.6362
      vertex 0.765367 -4.57194 34.5522
      vertex 0.942793 -4.42819 34.6362
    endloop
  endfacet
  facet normal 0.596339 0 -0.802733
    outer loop
      vertex 1.26879 -67.5 34.854
      vertex 1.22908 -4.11099 34.8245
      vertex 1.26879 -4.06041 34.854
    endloop
  endfacet
  facet normal 0.59563 0 -0.803259
    outer loop
      vertex 1.11114 -4.25754 34.7371
      vertex 1.26879 -67.5 34.854
      vertex 1.11114 -67.5 34.7371
    endloop
  endfacet
  facet normal 0.595391 -9.20922e-07 -0.803436
    outer loop
      vertex 1.26879 -67.5 34.854
      vertex 1.11114 -4.25754 34.7371
      vertex 1.22908 -4.11099 34.8245
    endloop
  endfacet
  facet normal -0.998795 0 -0.0490735
    outer loop
      vertex -2 -67.5 36.4
      vertex -1.99037 -1.81305 36.204
      vertex -1.99037 -67.5 36.204
    endloop
  endfacet
  facet normal -0.998795 0 -0.0490735
    outer loop
      vertex -1.99037 -1.81305 36.204
      vertex -2 -67.5 36.4
      vertex -2 -1.4958 36.4
    endloop
  endfacet
  facet normal -0.941548 0 -0.336879
    outer loop
      vertex -1.91388 -67.5 35.8194
      vertex -1.84776 -2.75145 35.6346
      vertex -1.84776 -67.5 35.6346
    endloop
  endfacet
  facet normal -0.941548 0 -0.336879
    outer loop
      vertex -1.84776 -2.75145 35.6346
      vertex -1.91388 -67.5 35.8194
      vertex -1.91388 -2.44392 35.8194
    endloop
  endfacet
  facet normal -0.970035 0 -0.242967
    outer loop
      vertex -1.96157 -67.5 36.0098
      vertex -1.91388 -2.44392 35.8194
      vertex -1.91388 -67.5 35.8194
    endloop
  endfacet
  facet normal -0.970035 0 -0.242967
    outer loop
      vertex -1.91388 -2.44392 35.8194
      vertex -1.96157 -67.5 36.0098
      vertex -1.96157 -2.13011 36.0098
    endloop
  endfacet
  facet normal -0.857673 0 -0.514196
    outer loop
      vertex -1.76384 -67.5 35.4572
      vertex -1.66294 -3.32858 35.2889
      vertex -1.66294 -67.5 35.2889
    endloop
  endfacet
  facet normal -0.857673 0 -0.514196
    outer loop
      vertex -1.66294 -3.32858 35.2889
      vertex -1.76384 -67.5 35.4572
      vertex -1.76384 -3.04938 35.4572
    endloop
  endfacet
  facet normal -0.803301 0 -0.595573
    outer loop
      vertex -1.66294 -67.5 35.2889
      vertex -1.54602 -3.59182 35.1312
      vertex -1.54602 -67.5 35.1312
    endloop
  endfacet
  facet normal -0.803301 0 -0.595573
    outer loop
      vertex -1.54602 -3.59182 35.1312
      vertex -1.66294 -67.5 35.2889
      vertex -1.66294 -3.32858 35.2889
    endloop
  endfacet
  facet normal -0.24303 0 -0.970019
    outer loop
      vertex -0.580569 -67.5 34.4861
      vertex -0.390181 -4.77352 34.4384
      vertex -0.390181 -67.5 34.4384
    endloop
  endfacet
  facet normal -0.24303 0 -0.970019
    outer loop
      vertex -0.390181 -4.77352 34.4384
      vertex -0.580569 -67.5 34.4861
      vertex -0.580569 -4.68743 34.4861
    endloop
  endfacet
  facet normal -0.51409 0 -0.857736
    outer loop
      vertex -1.11114 -67.5 34.7371
      vertex -0.942793 -4.42819 34.6362
      vertex -0.942793 -67.5 34.6362
    endloop
  endfacet
  facet normal -0.51409 0 -0.857736
    outer loop
      vertex -0.942793 -4.42819 34.6362
      vertex -1.11114 -67.5 34.7371
      vertex -1.11114 -4.25754 34.7371
    endloop
  endfacet
  facet normal -0.59563 0 -0.803259
    outer loop
      vertex -1.26879 -67.5 34.854
      vertex -1.11114 -4.25754 34.7371
      vertex -1.11114 -67.5 34.7371
    endloop
  endfacet
  facet normal -0.595391 -9.20922e-07 -0.803436
    outer loop
      vertex -1.11114 -4.25754 34.7371
      vertex -1.26879 -67.5 34.854
      vertex -1.22908 -4.11099 34.8245
    endloop
  endfacet
  facet normal -0.596339 0 -0.802733
    outer loop
      vertex -1.22908 -4.11099 34.8245
      vertex -1.26879 -67.5 34.854
      vertex -1.26879 -4.06041 34.854
    endloop
  endfacet
  facet normal -0.427904 0 -0.903824
    outer loop
      vertex -0.942793 -67.5 34.6362
      vertex -0.765367 -4.57194 34.5522
      vertex -0.765367 -67.5 34.5522
    endloop
  endfacet
  facet normal -0.427904 0 -0.903824
    outer loop
      vertex -0.765367 -4.57194 34.5522
      vertex -0.942793 -67.5 34.6362
      vertex -0.942793 -4.42819 34.6362
    endloop
  endfacet
  facet normal -0.671556 0 -0.740954
    outer loop
      vertex -1.41421 -67.5 34.9858
      vertex -1.26879 -4.06041 34.854
      vertex -1.26879 -67.5 34.854
    endloop
  endfacet
  facet normal -0.671556 0 -0.740954
    outer loop
      vertex -1.26879 -4.06041 34.854
      vertex -1.41421 -67.5 34.9858
      vertex -1.41421 -3.83655 34.9858
    endloop
  endfacet
  facet normal 0.998795 0 -0.0490735
    outer loop
      vertex 2 -67.5 36.4
      vertex 1.99037 -1.81305 36.204
      vertex 2 -1.4958 36.4
    endloop
  endfacet
  facet normal 0.998795 0 -0.0490735
    outer loop
      vertex 1.99037 -1.81305 36.204
      vertex 2 -67.5 36.4
      vertex 1.99037 -67.5 36.204
    endloop
  endfacet
  facet normal 0.970035 -0 0.242967
    outer loop
      vertex 1.91388 -67.5 36.9806
      vertex 1.96157 -0.872884 36.7902
      vertex 1.91388 -0.573226 36.9806
    endloop
  endfacet
  facet normal 0.970035 0 0.242967
    outer loop
      vertex 1.96157 -0.872884 36.7902
      vertex 1.91388 -67.5 36.9806
      vertex 1.96157 -67.5 36.7902
    endloop
  endfacet
  facet normal 0.803301 -0 0.595573
    outer loop
      vertex 1.54602 -67.5 37.6688
      vertex 1.66294 0.251698 37.5111
      vertex 1.54602 0.496425 37.6688
    endloop
  endfacet
  facet normal 0.803301 0 0.595573
    outer loop
      vertex 1.66294 0.251698 37.5111
      vertex 1.54602 -67.5 37.6688
      vertex 1.66294 -67.5 37.5111
    endloop
  endfacet
  facet normal 0.146735 -0 0.989176
    outer loop
      vertex 0.196033 -67.5 38.3904
      vertex 0.390181 1.53961 38.3616
      vertex 0.196033 1.57642 38.3904
    endloop
  endfacet
  facet normal 0.146735 0 0.989176
    outer loop
      vertex 0.390181 1.53961 38.3616
      vertex 0.196033 -67.5 38.3904
      vertex 0.390181 -67.5 38.3616
    endloop
  endfacet
  facet normal 0.427904 -0 0.903824
    outer loop
      vertex 0.765367 -67.5 38.2478
      vertex 0.942793 1.24857 38.1638
      vertex 0.765367 1.3749 38.2478
    endloop
  endfacet
  facet normal 0.427904 0 0.903824
    outer loop
      vertex 0.942793 1.24857 38.1638
      vertex 0.765367 -67.5 38.2478
      vertex 0.942793 -67.5 38.1638
    endloop
  endfacet
  facet normal 0.90391 0 -0.427723
    outer loop
      vertex 1.84776 -67.5 35.6346
      vertex 1.76921 -3.03067 35.4686
      vertex 1.84776 -2.75145 35.6346
    endloop
  endfacet
  facet normal 0.904654 4.96418e-06 -0.426148
    outer loop
      vertex 1.84776 -67.5 35.6346
      vertex 1.76384 -3.04938 35.4572
      vertex 1.76921 -3.03067 35.4686
    endloop
  endfacet
  facet normal 0.903958 0 -0.427622
    outer loop
      vertex 1.76384 -3.04938 35.4572
      vertex 1.84776 -67.5 35.6346
      vertex 1.76384 -67.5 35.4572
    endloop
  endfacet
  facet normal 0.941548 0 -0.336879
    outer loop
      vertex 1.91388 -67.5 35.8194
      vertex 1.84776 -2.75145 35.6346
      vertex 1.91388 -2.44392 35.8194
    endloop
  endfacet
  facet normal 0.941548 0 -0.336879
    outer loop
      vertex 1.84776 -2.75145 35.6346
      vertex 1.91388 -67.5 35.8194
      vertex 1.84776 -67.5 35.6346
    endloop
  endfacet
  facet normal 0.970035 0 -0.242967
    outer loop
      vertex 1.96157 -67.5 36.0098
      vertex 1.91388 -2.44392 35.8194
      vertex 1.96157 -2.13011 36.0098
    endloop
  endfacet
  facet normal 0.970035 0 -0.242967
    outer loop
      vertex 1.91388 -2.44392 35.8194
      vertex 1.96157 -67.5 36.0098
      vertex 1.91388 -67.5 35.8194
    endloop
  endfacet
  facet normal 0.740882 0 -0.671635
    outer loop
      vertex 1.54602 -67.5 35.1312
      vertex 1.41421 -3.83655 34.9858
      vertex 1.54602 -3.59182 35.1312
    endloop
  endfacet
  facet normal 0.740882 0 -0.671635
    outer loop
      vertex 1.41421 -3.83655 34.9858
      vertex 1.54602 -67.5 35.1312
      vertex 1.41421 -67.5 34.9858
    endloop
  endfacet
  facet normal 0.989182 -0 0.146696
    outer loop
      vertex 1.96157 -67.5 36.7902
      vertex 1.99037 -1.1814 36.596
      vertex 1.96157 -0.872884 36.7902
    endloop
  endfacet
  facet normal 0.989182 0 0.146696
    outer loop
      vertex 1.99037 -1.1814 36.596
      vertex 1.96157 -67.5 36.7902
      vertex 1.99037 -67.5 36.596
    endloop
  endfacet
  facet normal 0.904657 -0 0.426141
    outer loop
      vertex 1.76384 -67.5 37.3428
      vertex 1.76921 -0.0293945 37.3314
      vertex 1.76384 -0.0115364 37.3428
    endloop
  endfacet
  facet normal 0.90391 3.26772e-07 0.427723
    outer loop
      vertex 1.76384 -67.5 37.3428
      vertex 1.84776 -0.28531 37.1654
      vertex 1.76921 -0.0293945 37.3314
    endloop
  endfacet
  facet normal 0.903958 0 0.427622
    outer loop
      vertex 1.84776 -0.28531 37.1654
      vertex 1.76384 -67.5 37.3428
      vertex 1.84776 -67.5 37.1654
    endloop
  endfacet
  facet normal -0.146735 0 0.989176
    outer loop
      vertex -0.390181 1.53961 38.3616
      vertex -0.196033 -67.5 38.3904
      vertex -0.196033 1.57642 38.3904
    endloop
  endfacet
  facet normal -0.146735 0 0.989176
    outer loop
      vertex -0.196033 -67.5 38.3904
      vertex -0.390181 1.53961 38.3616
      vertex -0.390181 -67.5 38.3616
    endloop
  endfacet
  facet normal -0.998795 0 0.0490735
    outer loop
      vertex -1.99037 -67.5 36.596
      vertex -2 -1.4958 36.4
      vertex -2 -67.5 36.4
    endloop
  endfacet
  facet normal -0.998795 0 0.0490735
    outer loop
      vertex -2 -1.4958 36.4
      vertex -1.99037 -67.5 36.596
      vertex -1.99037 -1.1814 36.596
    endloop
  endfacet
  facet normal -0.941548 0 0.336879
    outer loop
      vertex -1.84776 -67.5 37.1654
      vertex -1.91388 -0.573226 36.9806
      vertex -1.91388 -67.5 36.9806
    endloop
  endfacet
  facet normal -0.941548 0 0.336879
    outer loop
      vertex -1.91388 -0.573226 36.9806
      vertex -1.84776 -67.5 37.1654
      vertex -1.84776 -0.28531 37.1654
    endloop
  endfacet
  facet normal 0 -1 0
    outer loop
      vertex -0.196033 -67.5 38.3904
      vertex 0.196033 -67.5 38.3904
      vertex 0 -67.5 38.4
    endloop
  endfacet
  facet normal 0 -1 0
    outer loop
      vertex -0.390181 -67.5 38.3616
      vertex 0.196033 -67.5 38.3904
      vertex -0.196033 -67.5 38.3904
    endloop
  endfacet
  facet normal 0 -1 0
    outer loop
      vertex -0.390181 -67.5 38.3616
      vertex 0.390181 -67.5 38.3616
      vertex 0.196033 -67.5 38.3904
    endloop
  endfacet
  facet normal 0 -1 0
    outer loop
      vertex -0.580569 -67.5 38.3139
      vertex 0.390181 -67.5 38.3616
      vertex -0.390181 -67.5 38.3616
    endloop
  endfacet
  facet normal 0 -1 0
    outer loop
      vertex -0.580569 -67.5 38.3139
      vertex 0.580569 -67.5 38.3139
      vertex 0.390181 -67.5 38.3616
    endloop
  endfacet
  facet normal 0 -1 0
    outer loop
      vertex -0.765367 -67.5 38.2478
      vertex 0.580569 -67.5 38.3139
      vertex -0.580569 -67.5 38.3139
    endloop
  endfacet
  facet normal 0 -1 0
    outer loop
      vertex -0.765367 -67.5 38.2478
      vertex 0.765367 -67.5 38.2478
      vertex 0.580569 -67.5 38.3139
    endloop
  endfacet
  facet normal 0 -1 0
    outer loop
      vertex -0.942793 -67.5 38.1638
      vertex 0.765367 -67.5 38.2478
      vertex -0.765367 -67.5 38.2478
    endloop
  endfacet
  facet normal 0 -1 0
    outer loop
      vertex -0.942793 -67.5 38.1638
      vertex 0.942793 -67.5 38.1638
      vertex 0.765367 -67.5 38.2478
    endloop
  endfacet
  facet normal 0 -1 0
    outer loop
      vertex -1.11114 -67.5 38.0629
      vertex 0.942793 -67.5 38.1638
      vertex -0.942793 -67.5 38.1638
    endloop
  endfacet
  facet normal 0 -1 0
    outer loop
      vertex -1.11114 -67.5 38.0629
      vertex 1.11114 -67.5 38.0629
      vertex 0.942793 -67.5 38.1638
    endloop
  endfacet
  facet normal 0 -1 0
    outer loop
      vertex -1.26879 -67.5 37.946
      vertex 1.11114 -67.5 38.0629
      vertex -1.11114 -67.5 38.0629
    endloop
  endfacet
  facet normal 0 -1 0
    outer loop
      vertex -1.26879 -67.5 37.946
      vertex 1.26879 -67.5 37.946
      vertex 1.11114 -67.5 38.0629
    endloop
  endfacet
  facet normal 0 -1 0
    outer loop
      vertex -1.41421 -67.5 37.8142
      vertex 1.26879 -67.5 37.946
      vertex -1.26879 -67.5 37.946
    endloop
  endfacet
  facet normal 0 -1 0
    outer loop
      vertex -1.41421 -67.5 37.8142
      vertex 1.41421 -67.5 37.8142
      vertex 1.26879 -67.5 37.946
    endloop
  endfacet
  facet normal 0 -1 0
    outer loop
      vertex -1.54602 -67.5 37.6688
      vertex 1.41421 -67.5 37.8142
      vertex -1.41421 -67.5 37.8142
    endloop
  endfacet
  facet normal 0 -1 0
    outer loop
      vertex -1.54602 -67.5 37.6688
      vertex 1.54602 -67.5 37.6688
      vertex 1.41421 -67.5 37.8142
    endloop
  endfacet
  facet normal 0 -1 0
    outer loop
      vertex -1.66294 -67.5 37.5111
      vertex 1.54602 -67.5 37.6688
      vertex -1.54602 -67.5 37.6688
    endloop
  endfacet
  facet normal 0 -1 0
    outer loop
      vertex -1.66294 -67.5 37.5111
      vertex 1.66294 -67.5 37.5111
      vertex 1.54602 -67.5 37.6688
    endloop
  endfacet
  facet normal 0 -1 0
    outer loop
      vertex -1.76384 -67.5 37.3428
      vertex 1.66294 -67.5 37.5111
      vertex -1.66294 -67.5 37.5111
    endloop
  endfacet
  facet normal 0 -1 0
    outer loop
      vertex -1.76384 -67.5 37.3428
      vertex 1.76384 -67.5 37.3428
      vertex 1.66294 -67.5 37.5111
    endloop
  endfacet
  facet normal 0 -1 0
    outer loop
      vertex -1.84776 -67.5 37.1654
      vertex 1.76384 -67.5 37.3428
      vertex -1.76384 -67.5 37.3428
    endloop
  endfacet
  facet normal 0 -1 0
    outer loop
      vertex -1.84776 -67.5 37.1654
      vertex 1.84776 -67.5 37.1654
      vertex 1.76384 -67.5 37.3428
    endloop
  endfacet
  facet normal 0 -1 0
    outer loop
      vertex -1.91388 -67.5 36.9806
      vertex 1.84776 -67.5 37.1654
      vertex -1.84776 -67.5 37.1654
    endloop
  endfacet
  facet normal 0 -1 0
    outer loop
      vertex -1.91388 -67.5 36.9806
      vertex 1.91388 -67.5 36.9806
      vertex 1.84776 -67.5 37.1654
    endloop
  endfacet
  facet normal 0 -1 0
    outer loop
      vertex -1.96157 -67.5 36.7902
      vertex 1.91388 -67.5 36.9806
      vertex -1.91388 -67.5 36.9806
    endloop
  endfacet
  facet normal 0 -1 0
    outer loop
      vertex -1.96157 -67.5 36.7902
      vertex 1.96157 -67.5 36.7902
      vertex 1.91388 -67.5 36.9806
    endloop
  endfacet
  facet normal 0 -1 0
    outer loop
      vertex -1.99037 -67.5 36.596
      vertex 1.96157 -67.5 36.7902
      vertex -1.96157 -67.5 36.7902
    endloop
  endfacet
  facet normal 0 -1 0
    outer loop
      vertex -1.99037 -67.5 36.596
      vertex 1.99037 -67.5 36.596
      vertex 1.96157 -67.5 36.7902
    endloop
  endfacet
  facet normal 0 -1 0
    outer loop
      vertex -2 -67.5 36.4
      vertex 1.99037 -67.5 36.596
      vertex -1.99037 -67.5 36.596
    endloop
  endfacet
  facet normal 0 -1 0
    outer loop
      vertex -2 -67.5 36.4
      vertex 2 -67.5 36.4
      vertex 1.99037 -67.5 36.596
    endloop
  endfacet
  facet normal 0 -1 0
    outer loop
      vertex -1.99037 -67.5 36.204
      vertex 2 -67.5 36.4
      vertex -2 -67.5 36.4
    endloop
  endfacet
  facet normal 0 -1 0
    outer loop
      vertex -1.99037 -67.5 36.204
      vertex 1.99037 -67.5 36.204
      vertex 2 -67.5 36.4
    endloop
  endfacet
  facet normal 0 -1 0
    outer loop
      vertex -1.96157 -67.5 36.0098
      vertex 1.99037 -67.5 36.204
      vertex -1.99037 -67.5 36.204
    endloop
  endfacet
  facet normal 0 -1 0
    outer loop
      vertex -1.96157 -67.5 36.0098
      vertex 1.96157 -67.5 36.0098
      vertex 1.99037 -67.5 36.204
    endloop
  endfacet
  facet normal 0 -1 0
    outer loop
      vertex -1.91388 -67.5 35.8194
      vertex 1.96157 -67.5 36.0098
      vertex -1.96157 -67.5 36.0098
    endloop
  endfacet
  facet normal 0 -1 0
    outer loop
      vertex -1.91388 -67.5 35.8194
      vertex 1.91388 -67.5 35.8194
      vertex 1.96157 -67.5 36.0098
    endloop
  endfacet
  facet normal 0 -1 0
    outer loop
      vertex -1.84776 -67.5 35.6346
      vertex 1.91388 -67.5 35.8194
      vertex -1.91388 -67.5 35.8194
    endloop
  endfacet
  facet normal 0 -1 0
    outer loop
      vertex -1.84776 -67.5 35.6346
      vertex 1.84776 -67.5 35.6346
      vertex 1.91388 -67.5 35.8194
    endloop
  endfacet
  facet normal 0 -1 0
    outer loop
      vertex -1.76384 -67.5 35.4572
      vertex 1.84776 -67.5 35.6346
      vertex -1.84776 -67.5 35.6346
    endloop
  endfacet
  facet normal 0 -1 0
    outer loop
      vertex -1.76384 -67.5 35.4572
      vertex 1.76384 -67.5 35.4572
      vertex 1.84776 -67.5 35.6346
    endloop
  endfacet
  facet normal 0 -1 0
    outer loop
      vertex -1.66294 -67.5 35.2889
      vertex 1.76384 -67.5 35.4572
      vertex -1.76384 -67.5 35.4572
    endloop
  endfacet
  facet normal 0 -1 0
    outer loop
      vertex -1.66294 -67.5 35.2889
      vertex 1.66294 -67.5 35.2889
      vertex 1.76384 -67.5 35.4572
    endloop
  endfacet
  facet normal 0 -1 0
    outer loop
      vertex -1.54602 -67.5 35.1312
      vertex 1.66294 -67.5 35.2889
      vertex -1.66294 -67.5 35.2889
    endloop
  endfacet
  facet normal 0 -1 0
    outer loop
      vertex -1.54602 -67.5 35.1312
      vertex 1.54602 -67.5 35.1312
      vertex 1.66294 -67.5 35.2889
    endloop
  endfacet
  facet normal 0 -1 0
    outer loop
      vertex -1.41421 -67.5 34.9858
      vertex 1.54602 -67.5 35.1312
      vertex -1.54602 -67.5 35.1312
    endloop
  endfacet
  facet normal 0 -1 0
    outer loop
      vertex -1.41421 -67.5 34.9858
      vertex 1.41421 -67.5 34.9858
      vertex 1.54602 -67.5 35.1312
    endloop
  endfacet
  facet normal 0 -1 0
    outer loop
      vertex -1.26879 -67.5 34.854
      vertex 1.41421 -67.5 34.9858
      vertex -1.41421 -67.5 34.9858
    endloop
  endfacet
  facet normal 0 -1 0
    outer loop
      vertex -1.26879 -67.5 34.854
      vertex 1.26879 -67.5 34.854
      vertex 1.41421 -67.5 34.9858
    endloop
  endfacet
  facet normal 0 -1 0
    outer loop
      vertex -1.11114 -67.5 34.7371
      vertex 1.26879 -67.5 34.854
      vertex -1.26879 -67.5 34.854
    endloop
  endfacet
  facet normal 0 -1 0
    outer loop
      vertex -1.11114 -67.5 34.7371
      vertex 1.11114 -67.5 34.7371
      vertex 1.26879 -67.5 34.854
    endloop
  endfacet
  facet normal 0 -1 0
    outer loop
      vertex -0.942793 -67.5 34.6362
      vertex 1.11114 -67.5 34.7371
      vertex -1.11114 -67.5 34.7371
    endloop
  endfacet
  facet normal 0 -1 0
    outer loop
      vertex -0.942793 -67.5 34.6362
      vertex 0.942793 -67.5 34.6362
      vertex 1.11114 -67.5 34.7371
    endloop
  endfacet
  facet normal 0 -1 0
    outer loop
      vertex -0.765367 -67.5 34.5522
      vertex 0.942793 -67.5 34.6362
      vertex -0.942793 -67.5 34.6362
    endloop
  endfacet
  facet normal 0 -1 0
    outer loop
      vertex -0.765367 -67.5 34.5522
      vertex 0.765367 -67.5 34.5522
      vertex 0.942793 -67.5 34.6362
    endloop
  endfacet
  facet normal 0 -1 0
    outer loop
      vertex -0.580569 -67.5 34.4861
      vertex 0.765367 -67.5 34.5522
      vertex -0.765367 -67.5 34.5522
    endloop
  endfacet
  facet normal 0 -1 0
    outer loop
      vertex -0.580569 -67.5 34.4861
      vertex 0.580569 -67.5 34.4861
      vertex 0.765367 -67.5 34.5522
    endloop
  endfacet
  facet normal 0 -1 0
    outer loop
      vertex -0.390181 -67.5 34.4384
      vertex 0.580569 -67.5 34.4861
      vertex -0.580569 -67.5 34.4861
    endloop
  endfacet
  facet normal 0 -1 0
    outer loop
      vertex -0.390181 -67.5 34.4384
      vertex 0.390181 -67.5 34.4384
      vertex 0.580569 -67.5 34.4861
    endloop
  endfacet
  facet normal 0 -1 0
    outer loop
      vertex -0.196033 -67.5 34.4096
      vertex 0.390181 -67.5 34.4384
      vertex -0.390181 -67.5 34.4384
    endloop
  endfacet
  facet normal 0 -1 0
    outer loop
      vertex -0.196033 -67.5 34.4096
      vertex 0.196033 -67.5 34.4096
      vertex 0.390181 -67.5 34.4384
    endloop
  endfacet
  facet normal -0 -1 0
    outer loop
      vertex 0.196033 -67.5 34.4096
      vertex -0.196033 -67.5 34.4096
      vertex 0 -67.5 34.4
    endloop
  endfacet
  facet normal 0.671556 -0 0.740954
    outer loop
      vertex 1.26879 -67.5 37.946
      vertex 1.41421 0.720287 37.8142
      vertex 1.26879 0.92113 37.946
    endloop
  endfacet
  facet normal 0.671556 0 0.740954
    outer loop
      vertex 1.41421 0.720287 37.8142
      vertex 1.26879 -67.5 37.946
      vertex 1.41421 -67.5 37.8142
    endloop
  endfacet
  facet normal 0.59563 -0 0.803259
    outer loop
      vertex 1.11114 -67.5 38.0629
      vertex 1.26879 0.92113 37.946
      vertex 1.11114 1.09702 38.0629
    endloop
  endfacet
  facet normal 0.59563 0 0.803259
    outer loop
      vertex 1.26879 0.92113 37.946
      vertex 1.11114 -67.5 38.0629
      vertex 1.26879 -67.5 37.946
    endloop
  endfacet
  facet normal 0.857673 -0 0.514196
    outer loop
      vertex 1.66294 -67.5 37.5111
      vertex 1.76384 -0.0115364 37.3428
      vertex 1.66294 0.251698 37.5111
    endloop
  endfacet
  facet normal 0.857673 0 0.514196
    outer loop
      vertex 1.76384 -0.0115364 37.3428
      vertex 1.66294 -67.5 37.5111
      vertex 1.76384 -67.5 37.3428
    endloop
  endfacet
  facet normal 0.941548 -0 0.336879
    outer loop
      vertex 1.84776 -67.5 37.1654
      vertex 1.91388 -0.573226 36.9806
      vertex 1.84776 -0.28531 37.1654
    endloop
  endfacet
  facet normal 0.941548 0 0.336879
    outer loop
      vertex 1.91388 -0.573226 36.9806
      vertex 1.84776 -67.5 37.1654
      vertex 1.91388 -67.5 36.9806
    endloop
  endfacet
  facet normal -0.427904 0 0.903824
    outer loop
      vertex -0.942793 1.24857 38.1638
      vertex -0.765367 -67.5 38.2478
      vertex -0.765367 1.3749 38.2478
    endloop
  endfacet
  facet normal -0.427904 0 0.903824
    outer loop
      vertex -0.765367 -67.5 38.2478
      vertex -0.942793 1.24857 38.1638
      vertex -0.942793 -67.5 38.1638
    endloop
  endfacet
  facet normal -0.0489127 0 0.998803
    outer loop
      vertex -0.196033 1.57642 38.3904
      vertex 0 -67.5 38.4
      vertex 0 1.58228 38.4
    endloop
  endfacet
  facet normal -0.0489127 0 0.998803
    outer loop
      vertex 0 -67.5 38.4
      vertex -0.196033 1.57642 38.3904
      vertex -0.196033 -67.5 38.3904
    endloop
  endfacet
  facet normal 0.0489127 -0 0.998803
    outer loop
      vertex 0 -67.5 38.4
      vertex 0.196033 1.57642 38.3904
      vertex 0 1.58228 38.4
    endloop
  endfacet
  facet normal 0.0489127 0 0.998803
    outer loop
      vertex 0.196033 1.57642 38.3904
      vertex 0 -67.5 38.4
      vertex 0.196033 -67.5 38.3904
    endloop
  endfacet
  facet normal -0.857673 0 0.514196
    outer loop
      vertex -1.66294 -67.5 37.5111
      vertex -1.76384 -0.0115364 37.3428
      vertex -1.76384 -67.5 37.3428
    endloop
  endfacet
  facet normal -0.857673 0 0.514196
    outer loop
      vertex -1.76384 -0.0115364 37.3428
      vertex -1.66294 -67.5 37.5111
      vertex -1.66294 0.251698 37.5111
    endloop
  endfacet
  facet normal -0.970035 0 0.242967
    outer loop
      vertex -1.91388 -67.5 36.9806
      vertex -1.96157 -0.872884 36.7902
      vertex -1.96157 -67.5 36.7902
    endloop
  endfacet
  facet normal -0.970035 0 0.242967
    outer loop
      vertex -1.96157 -0.872884 36.7902
      vertex -1.91388 -67.5 36.9806
      vertex -1.91388 -0.573226 36.9806
    endloop
  endfacet
  facet normal -0.989182 0 0.146696
    outer loop
      vertex -1.96157 -67.5 36.7902
      vertex -1.99037 -1.1814 36.596
      vertex -1.99037 -67.5 36.596
    endloop
  endfacet
  facet normal -0.989182 0 0.146696
    outer loop
      vertex -1.99037 -1.1814 36.596
      vertex -1.96157 -67.5 36.7902
      vertex -1.96157 -0.872884 36.7902
    endloop
  endfacet
  facet normal -0.903958 0 0.427622
    outer loop
      vertex -1.76384 -67.5 37.3428
      vertex -1.84776 -0.28531 37.1654
      vertex -1.84776 -67.5 37.1654
    endloop
  endfacet
  facet normal -0.90391 3.26772e-07 0.427723
    outer loop
      vertex -1.84776 -0.28531 37.1654
      vertex -1.76384 -67.5 37.3428
      vertex -1.76921 -0.0293945 37.3314
    endloop
  endfacet
  facet normal -0.904657 0 0.426141
    outer loop
      vertex -1.76921 -0.0293945 37.3314
      vertex -1.76384 -67.5 37.3428
      vertex -1.76384 -0.0115364 37.3428
    endloop
  endfacet
  facet normal 0.740882 -0 0.671635
    outer loop
      vertex 1.41421 -67.5 37.8142
      vertex 1.54602 0.496425 37.6688
      vertex 1.41421 0.720287 37.8142
    endloop
  endfacet
  facet normal 0.740882 0 0.671635
    outer loop
      vertex 1.54602 0.496425 37.6688
      vertex 1.41421 -67.5 37.8142
      vertex 1.54602 -67.5 37.6688
    endloop
  endfacet
  facet normal -0.59563 0 0.803259
    outer loop
      vertex -1.26879 0.92113 37.946
      vertex -1.11114 -67.5 38.0629
      vertex -1.11114 1.09702 38.0629
    endloop
  endfacet
  facet normal -0.59563 0 0.803259
    outer loop
      vertex -1.11114 -67.5 38.0629
      vertex -1.26879 0.92113 37.946
      vertex -1.26879 -67.5 37.946
    endloop
  endfacet
  facet normal -0.513707 0 0.857966
    outer loop
      vertex -1.02296 1.17519 38.1158
      vertex -0.942793 -67.5 38.1638
      vertex -0.942793 1.24857 38.1638
    endloop
  endfacet
  facet normal -0.514438 -1.15915e-06 0.857528
    outer loop
      vertex -1.11114 1.09702 38.0629
      vertex -0.942793 -67.5 38.1638
      vertex -1.02296 1.17519 38.1158
    endloop
  endfacet
  facet normal -0.51409 0 0.857736
    outer loop
      vertex -0.942793 -67.5 38.1638
      vertex -1.11114 1.09702 38.0629
      vertex -1.11114 -67.5 38.0629
    endloop
  endfacet
  facet normal -0.336791 0 0.941579
    outer loop
      vertex -0.765367 1.3749 38.2478
      vertex -0.580569 -67.5 38.3139
      vertex -0.580569 1.47222 38.3139
    endloop
  endfacet
  facet normal -0.336791 0 0.941579
    outer loop
      vertex -0.580569 -67.5 38.3139
      vertex -0.765367 1.3749 38.2478
      vertex -0.765367 -67.5 38.2478
    endloop
  endfacet
  facet normal -0.803301 0 0.595573
    outer loop
      vertex -1.54602 -67.5 37.6688
      vertex -1.66294 0.251698 37.5111
      vertex -1.66294 -67.5 37.5111
    endloop
  endfacet
  facet normal -0.803301 0 0.595573
    outer loop
      vertex -1.66294 0.251698 37.5111
      vertex -1.54602 -67.5 37.6688
      vertex -1.54602 0.496425 37.6688
    endloop
  endfacet
  facet normal -0.671556 0 0.740954
    outer loop
      vertex -1.41421 0.720287 37.8142
      vertex -1.26879 -67.5 37.946
      vertex -1.26879 0.92113 37.946
    endloop
  endfacet
  facet normal -0.671556 0 0.740954
    outer loop
      vertex -1.26879 -67.5 37.946
      vertex -1.41421 0.720287 37.8142
      vertex -1.41421 -67.5 37.8142
    endloop
  endfacet
  facet normal -0.740882 0 0.671635
    outer loop
      vertex -1.41421 -67.5 37.8142
      vertex -1.54602 0.496425 37.6688
      vertex -1.54602 -67.5 37.6688
    endloop
  endfacet
  facet normal -0.740882 0 0.671635
    outer loop
      vertex -1.54602 0.496425 37.6688
      vertex -1.41421 -67.5 37.8142
      vertex -1.41421 0.720287 37.8142
    endloop
  endfacet
  facet normal 0.336791 -0 0.941579
    outer loop
      vertex 0.580569 -67.5 38.3139
      vertex 0.765367 1.3749 38.2478
      vertex 0.580569 1.47222 38.3139
    endloop
  endfacet
  facet normal 0.336791 0 0.941579
    outer loop
      vertex 0.765367 1.3749 38.2478
      vertex 0.580569 -67.5 38.3139
      vertex 0.765367 -67.5 38.2478
    endloop
  endfacet
  facet normal 0.24303 -0 0.970019
    outer loop
      vertex 0.390181 -67.5 38.3616
      vertex 0.580569 1.47222 38.3139
      vertex 0.390181 1.53961 38.3616
    endloop
  endfacet
  facet normal 0.24303 0 0.970019
    outer loop
      vertex 0.580569 1.47222 38.3139
      vertex 0.390181 -67.5 38.3616
      vertex 0.580569 -67.5 38.3139
    endloop
  endfacet
  facet normal -0.24303 0 0.970019
    outer loop
      vertex -0.580569 1.47222 38.3139
      vertex -0.390181 -67.5 38.3616
      vertex -0.390181 1.53961 38.3616
    endloop
  endfacet
  facet normal -0.24303 0 0.970019
    outer loop
      vertex -0.390181 -67.5 38.3616
      vertex -0.580569 1.47222 38.3139
      vertex -0.580569 -67.5 38.3139
    endloop
  endfacet
  facet normal 0 1 -0
    outer loop
      vertex 52 -37.5 0
      vertex -52 -37.5 8.5
      vertex 52 -37.5 8.5
    endloop
  endfacet
  facet normal 0 1 0
    outer loop
      vertex -52 -37.5 8.5
      vertex 52 -37.5 0
      vertex -52 -37.5 0
    endloop
  endfacet
  facet normal -0.0491626 0.998791 0
    outer loop
      vertex 52.3921 -37.4807 0
      vertex 52 -37.5 8.5
      vertex 52.3921 -37.4807 8.5
    endloop
  endfacet
  facet normal -0.0491626 0.998791 0
    outer loop
      vertex 52 -37.5 8.5
      vertex 52.3921 -37.4807 0
      vertex 52 -37.5 0
    endloop
  endfacet
  facet normal -0.146733 0.989176 0
    outer loop
      vertex 52.7804 -37.4231 0
      vertex 52.3921 -37.4807 8.5
      vertex 52.7804 -37.4231 8.5
    endloop
  endfacet
  facet normal -0.146733 0.989176 0
    outer loop
      vertex 52.3921 -37.4807 8.5
      vertex 52.7804 -37.4231 0
      vertex 52.3921 -37.4807 0
    endloop
  endfacet
  facet normal 0.0491626 -0.998791 0
    outer loop
      vertex -52.3921 37.4807 0
      vertex -52 37.5 8.5
      vertex -52.3921 37.4807 8.5
    endloop
  endfacet
  facet normal 0.0491626 -0.998791 0
    outer loop
      vertex -52 37.5 8.5
      vertex -52.3921 37.4807 0
      vertex -52 37.5 0
    endloop
  endfacet
  facet normal -1 0 0
    outer loop
      vertex 56 -33.5 0
      vertex 56 33.5 8.5
      vertex 56 33.5 0
    endloop
  endfacet
  facet normal -1 -0 0
    outer loop
      vertex 56 33.5 8.5
      vertex 56 -33.5 0
      vertex 56 -33.5 8.5
    endloop
  endfacet
  facet normal 0 0 -1
    outer loop
      vertex 51.4001 -33.3683 8.5
      vertex 56 -33.5 8.5
      vertex 55.9807 -33.8921 8.5
    endloop
  endfacet
  facet normal 0 0 -1
    outer loop
      vertex 56 -33.5 8.5
      vertex 51.4203 -32.9568 8.5
      vertex 56 33.5 8.5
    endloop
  endfacet
  facet normal 0 0 -1
    outer loop
      vertex 51.3963 -33.3939 8.5
      vertex 55.9807 -33.8921 8.5
      vertex 55.9231 -34.2804 8.5
    endloop
  endfacet
  facet normal 0 0 -1
    outer loop
      vertex 51.4203 32.9568 8.5
      vertex 56 33.5 8.5
      vertex 51.4203 -32.9568 8.5
    endloop
  endfacet
  facet normal 0 0 -1
    outer loop
      vertex 51.3963 -33.3939 8.5
      vertex 55.9231 -34.2804 8.5
      vertex 55.8278 -34.6611 8.5
    endloop
  endfacet
  facet normal 0 0 -1
    outer loop
      vertex 51.4013 33.3425 8.5
      vertex 56 33.5 8.5
      vertex 51.4203 32.9568 8.5
    endloop
  endfacet
  facet normal 0 0 -1
    outer loop
      vertex 51.3396 -33.7759 8.5
      vertex 55.8278 -34.6611 8.5
      vertex 55.6955 -35.0307 8.5
    endloop
  endfacet
  facet normal 0 0 -1
    outer loop
      vertex 51.4001 33.3683 8.5
      vertex 56 33.5 8.5
      vertex 51.4013 33.3425 8.5
    endloop
  endfacet
  facet normal 0 0 -1
    outer loop
      vertex 51.3396 -33.7759 8.5
      vertex 55.6955 -35.0307 8.5
      vertex 55.5277 -35.3856 8.5
    endloop
  endfacet
  facet normal -0 0 -1
    outer loop
      vertex 56 33.5 8.5
      vertex 51.4001 33.3683 8.5
      vertex 55.9807 33.8921 8.5
    endloop
  endfacet
  facet normal 0 0 -1
    outer loop
      vertex 51.3333 -33.801 8.5
      vertex 55.5277 -35.3856 8.5
      vertex 55.3259 -35.7223 8.5
    endloop
  endfacet
  facet normal 0 0 -1
    outer loop
      vertex 51.3963 33.3939 8.5
      vertex 55.9807 33.8921 8.5
      vertex 51.4001 33.3683 8.5
    endloop
  endfacet
  facet normal 0 0 -1
    outer loop
      vertex 51.2395 -34.1756 8.5
      vertex 55.3259 -35.7223 8.5
      vertex 55.092 -36.0376 8.5
    endloop
  endfacet
  facet normal -0 0 -1
    outer loop
      vertex 55.9807 33.8921 8.5
      vertex 51.3963 33.3939 8.5
      vertex 55.9231 34.2804 8.5
    endloop
  endfacet
  facet normal 0 0 -1
    outer loop
      vertex 51.2395 -34.1756 8.5
      vertex 55.092 -36.0376 8.5
      vertex 54.8284 -36.3284 8.5
    endloop
  endfacet
  facet normal -0 0 -1
    outer loop
      vertex 55.9231 34.2804 8.5
      vertex 51.3963 33.3939 8.5
      vertex 55.8278 34.6611 8.5
    endloop
  endfacet
  facet normal 0 0 -1
    outer loop
      vertex 51.2395 -34.1756 8.5
      vertex 54.8284 -36.3284 8.5
      vertex 54.5376 -36.592 8.5
    endloop
  endfacet
  facet normal 0 0 -1
    outer loop
      vertex 51.3396 33.7759 8.5
      vertex 55.8278 34.6611 8.5
      vertex 51.3963 33.3939 8.5
    endloop
  endfacet
  facet normal 0 0 -1
    outer loop
      vertex 51.2308 -34.1999 8.5
      vertex 54.5376 -36.592 8.5
      vertex 54.2223 -36.8259 8.5
    endloop
  endfacet
  facet normal -0 0 -1
    outer loop
      vertex 55.8278 34.6611 8.5
      vertex 51.3396 33.7759 8.5
      vertex 55.6955 35.0307 8.5
    endloop
  endfacet
  facet normal 0 0 -1
    outer loop
      vertex 51.1007 -34.5635 8.5
      vertex 54.2223 -36.8259 8.5
      vertex 53.8856 -37.0277 8.5
    endloop
  endfacet
  facet normal -0 0 -1
    outer loop
      vertex 55.6955 35.0307 8.5
      vertex 51.3396 33.7759 8.5
      vertex 55.5277 35.3856 8.5
    endloop
  endfacet
  facet normal 0 0 -1
    outer loop
      vertex 51.1007 -34.5635 8.5
      vertex 53.8856 -37.0277 8.5
      vertex 53.5307 -37.1955 8.5
    endloop
  endfacet
  facet normal 0 0 -1
    outer loop
      vertex 51.3333 33.801 8.5
      vertex 55.5277 35.3856 8.5
      vertex 51.3396 33.7759 8.5
    endloop
  endfacet
  facet normal 0 0 -1
    outer loop
      vertex 51.1007 -34.5635 8.5
      vertex 53.5307 -37.1955 8.5
      vertex 53.1611 -37.3278 8.5
    endloop
  endfacet
  facet normal -0 0 -1
    outer loop
      vertex 55.5277 35.3856 8.5
      vertex 51.3333 33.801 8.5
      vertex 55.3259 35.7223 8.5
    endloop
  endfacet
  facet normal 0 0 -1
    outer loop
      vertex 50.9356 -34.9126 8.5
      vertex 53.1611 -37.3278 8.5
      vertex 52.7804 -37.4231 8.5
    endloop
  endfacet
  facet normal 0 0 -1
    outer loop
      vertex 51.2395 34.1756 8.5
      vertex 55.3259 35.7223 8.5
      vertex 51.3333 33.801 8.5
    endloop
  endfacet
  facet normal 0 0 -1
    outer loop
      vertex 50.9245 -34.936 8.5
      vertex 52.7804 -37.4231 8.5
      vertex 52.3921 -37.4807 8.5
    endloop
  endfacet
  facet normal -0 0 -1
    outer loop
      vertex 55.3259 35.7223 8.5
      vertex 51.2395 34.1756 8.5
      vertex 55.092 36.0376 8.5
    endloop
  endfacet
  facet normal 0 0 -1
    outer loop
      vertex 50.726 -35.2672 8.5
      vertex 52.3921 -37.4807 8.5
      vertex 52 -37.5 8.5
    endloop
  endfacet
  facet normal -0 0 -1
    outer loop
      vertex 55.092 36.0376 8.5
      vertex 51.2395 34.1756 8.5
      vertex 54.8284 36.3284 8.5
    endloop
  endfacet
  facet normal -0 0 -1
    outer loop
      vertex 54.8284 36.3284 8.5
      vertex 51.2395 34.1756 8.5
      vertex 54.5376 36.592 8.5
    endloop
  endfacet
  facet normal 0 0 -1
    outer loop
      vertex 56 -33.5 8.5
      vertex 51.4013 -33.3425 8.5
      vertex 51.4203 -32.9568 8.5
    endloop
  endfacet
  facet normal 0 0 -1
    outer loop
      vertex 56 -33.5 8.5
      vertex 51.4001 -33.3683 8.5
      vertex 51.4013 -33.3425 8.5
    endloop
  endfacet
  facet normal 0 0 -1
    outer loop
      vertex 55.9807 -33.8921 8.5
      vertex 51.3963 -33.3939 8.5
      vertex 51.4001 -33.3683 8.5
    endloop
  endfacet
  facet normal 0 0 -1
    outer loop
      vertex 55.8278 -34.6611 8.5
      vertex 51.3396 -33.7759 8.5
      vertex 51.3963 -33.3939 8.5
    endloop
  endfacet
  facet normal 0 0 -1
    outer loop
      vertex 55.5277 -35.3856 8.5
      vertex 51.3333 -33.801 8.5
      vertex 51.3396 -33.7759 8.5
    endloop
  endfacet
  facet normal 0 0 -1
    outer loop
      vertex 55.3259 -35.7223 8.5
      vertex 51.2395 -34.1756 8.5
      vertex 51.3333 -33.801 8.5
    endloop
  endfacet
  facet normal 0 0 -1
    outer loop
      vertex 54.5376 -36.592 8.5
      vertex 51.2308 -34.1999 8.5
      vertex 51.2395 -34.1756 8.5
    endloop
  endfacet
  facet normal 0 0 -1
    outer loop
      vertex 54.2223 -36.8259 8.5
      vertex 51.1007 -34.5635 8.5
      vertex 51.2308 -34.1999 8.5
    endloop
  endfacet
  facet normal 0 0 -1
    outer loop
      vertex 53.1611 -37.3278 8.5
      vertex 50.9356 -34.9126 8.5
      vertex 51.1007 -34.5635 8.5
    endloop
  endfacet
  facet normal 0 0 -1
    outer loop
      vertex 52.7804 -37.4231 8.5
      vertex 50.9245 -34.936 8.5
      vertex 50.9356 -34.9126 8.5
    endloop
  endfacet
  facet normal 0 0 -1
    outer loop
      vertex 52.3921 -37.4807 8.5
      vertex 50.726 -35.2672 8.5
      vertex 50.9245 -34.936 8.5
    endloop
  endfacet
  facet normal 0 0 -1
    outer loop
      vertex 52 -37.5 8.5
      vertex 50.7127 -35.2894 8.5
      vertex 50.726 -35.2672 8.5
    endloop
  endfacet
  facet normal 0 0 -1
    outer loop
      vertex 52 -37.5 8.5
      vertex 50.6973 -35.3102 8.5
      vertex 50.7127 -35.2894 8.5
    endloop
  endfacet
  facet normal 0 0 -1
    outer loop
      vertex 52 -37.5 8.5
      vertex 50.4672 -35.6203 8.5
      vertex 50.6973 -35.3102 8.5
    endloop
  endfacet
  facet normal 0 0 -1
    outer loop
      vertex 52 -37.5 8.5
      vertex 50.2079 -35.9065 8.5
      vertex 50.4672 -35.6203 8.5
    endloop
  endfacet
  facet normal 0 0 -1
    outer loop
      vertex 52 -37.5 8.5
      vertex 50.1905 -35.9257 8.5
      vertex 50.2079 -35.9065 8.5
    endloop
  endfacet
  facet normal 0 0 -1
    outer loop
      vertex 52 -37.5 8.5
      vertex 50.1714 -35.943 8.5
      vertex 50.1905 -35.9257 8.5
    endloop
  endfacet
  facet normal 0 0 -1
    outer loop
      vertex 52 -37.5 8.5
      vertex 49.8852 -36.2024 8.5
      vertex 50.1714 -35.943 8.5
    endloop
  endfacet
  facet normal 0 0 -1
    outer loop
      vertex 52 -37.5 8.5
      vertex 49.575 -36.4324 8.5
      vertex 49.8852 -36.2024 8.5
    endloop
  endfacet
  facet normal 0 0 -1
    outer loop
      vertex 52 -37.5 8.5
      vertex 49.5543 -36.4478 8.5
      vertex 49.575 -36.4324 8.5
    endloop
  endfacet
  facet normal 0 0 -1
    outer loop
      vertex 52 -37.5 8.5
      vertex 49.5321 -36.4611 8.5
      vertex 49.5543 -36.4478 8.5
    endloop
  endfacet
  facet normal 0 0 -1
    outer loop
      vertex 52 -37.5 8.5
      vertex 49.2009 -36.6596 8.5
      vertex 49.5321 -36.4611 8.5
    endloop
  endfacet
  facet normal 0 0 -1
    outer loop
      vertex 52 -37.5 8.5
      vertex 49.1775 -36.6707 8.5
      vertex 49.2009 -36.6596 8.5
    endloop
  endfacet
  facet normal 0 0 -1
    outer loop
      vertex 52 -37.5 8.5
      vertex 48.8284 -36.8358 8.5
      vertex 49.1775 -36.6707 8.5
    endloop
  endfacet
  facet normal 0 0 -1
    outer loop
      vertex 52 -37.5 8.5
      vertex 48.4648 -36.9659 8.5
      vertex 48.8284 -36.8358 8.5
    endloop
  endfacet
  facet normal 0 0 -1
    outer loop
      vertex 52 -37.5 8.5
      vertex 48.4404 -36.9746 8.5
      vertex 48.4648 -36.9659 8.5
    endloop
  endfacet
  facet normal 0 0 -1
    outer loop
      vertex 52 -37.5 8.5
      vertex 48.0658 -37.0684 8.5
      vertex 48.4404 -36.9746 8.5
    endloop
  endfacet
  facet normal 0 0 -1
    outer loop
      vertex 52 -37.5 8.5
      vertex 48.0407 -37.0747 8.5
      vertex 48.0658 -37.0684 8.5
    endloop
  endfacet
  facet normal 0 0 -1
    outer loop
      vertex 52 -37.5 8.5
      vertex 47.6587 -37.1314 8.5
      vertex 48.0407 -37.0747 8.5
    endloop
  endfacet
  facet normal 0 0 -1
    outer loop
      vertex 52 -37.5 8.5
      vertex 47.6332 -37.1352 8.5
      vertex 47.6587 -37.1314 8.5
    endloop
  endfacet
  facet normal 0 0 -1
    outer loop
      vertex 52 -37.5 8.5
      vertex 47.6073 -37.1365 8.5
      vertex 47.6332 -37.1352 8.5
    endloop
  endfacet
  facet normal 0 0 -1
    outer loop
      vertex 52 -37.5 8.5
      vertex 47.2216 -37.1554 8.5
      vertex 47.6073 -37.1365 8.5
    endloop
  endfacet
  facet normal 0 0 -1
    outer loop
      vertex 52 -37.5 8.5
      vertex -47.2216 -37.1554 8.5
      vertex 47.2216 -37.1554 8.5
    endloop
  endfacet
  facet normal 0 0 -1
    outer loop
      vertex -52 -37.5 8.5
      vertex -47.6073 -37.1365 8.5
      vertex -47.2216 -37.1554 8.5
    endloop
  endfacet
  facet normal 0 0 -1
    outer loop
      vertex -52 -37.5 8.5
      vertex -47.6587 -37.1314 8.5
      vertex -47.6332 -37.1352 8.5
    endloop
  endfacet
  facet normal 0 0 -1
    outer loop
      vertex -52 -37.5 8.5
      vertex -48.4648 -36.9659 8.5
      vertex -48.4404 -36.9746 8.5
    endloop
  endfacet
  facet normal 0 0 -1
    outer loop
      vertex -52 -37.5 8.5
      vertex -49.1775 -36.6707 8.5
      vertex -48.8284 -36.8358 8.5
    endloop
  endfacet
  facet normal 0 0 -1
    outer loop
      vertex -52 -37.5 8.5
      vertex -49.5321 -36.4611 8.5
      vertex -49.2009 -36.6596 8.5
    endloop
  endfacet
  facet normal 0 0 -1
    outer loop
      vertex -52 -37.5 8.5
      vertex -50.2079 -35.9065 8.5
      vertex -50.1905 -35.9257 8.5
    endloop
  endfacet
  facet normal 0 0 -1
    outer loop
      vertex -52 -37.5 8.5
      vertex -50.726 -35.2672 8.5
      vertex -50.7127 -35.2894 8.5
    endloop
  endfacet
  facet normal 0 0 -1
    outer loop
      vertex -54.2223 -36.8259 8.5
      vertex -51.2308 -34.1999 8.5
      vertex -51.1007 -34.5635 8.5
    endloop
  endfacet
  facet normal 0 0 -1
    outer loop
      vertex -55.3259 -35.7223 8.5
      vertex -51.3333 -33.801 8.5
      vertex -51.2395 -34.1756 8.5
    endloop
  endfacet
  facet normal 0 0 -1
    outer loop
      vertex -54.5376 -36.592 8.5
      vertex -51.2308 -34.1999 8.5
      vertex -54.2223 -36.8259 8.5
    endloop
  endfacet
  facet normal 0 0 -1
    outer loop
      vertex -54.2223 -36.8259 8.5
      vertex -51.1007 -34.5635 8.5
      vertex -53.8856 -37.0277 8.5
    endloop
  endfacet
  facet normal 0 0 -1
    outer loop
      vertex -53.8856 -37.0277 8.5
      vertex -51.1007 -34.5635 8.5
      vertex -53.5307 -37.1955 8.5
    endloop
  endfacet
  facet normal 0 0 -1
    outer loop
      vertex -53.5307 -37.1955 8.5
      vertex -51.1007 -34.5635 8.5
      vertex -53.1611 -37.3278 8.5
    endloop
  endfacet
  facet normal -0 0 -1
    outer loop
      vertex -50.9356 -34.9126 8.5
      vertex -53.1611 -37.3278 8.5
      vertex -51.1007 -34.5635 8.5
    endloop
  endfacet
  facet normal 0 0 -1
    outer loop
      vertex -53.1611 -37.3278 8.5
      vertex -50.9356 -34.9126 8.5
      vertex -52.7804 -37.4231 8.5
    endloop
  endfacet
  facet normal -0 0 -1
    outer loop
      vertex -50.9245 -34.936 8.5
      vertex -52.7804 -37.4231 8.5
      vertex -50.9356 -34.9126 8.5
    endloop
  endfacet
  facet normal 0 0 -1
    outer loop
      vertex -52.7804 -37.4231 8.5
      vertex -50.9245 -34.936 8.5
      vertex -52.3921 -37.4807 8.5
    endloop
  endfacet
  facet normal -0 0 -1
    outer loop
      vertex -50.726 -35.2672 8.5
      vertex -52.3921 -37.4807 8.5
      vertex -50.9245 -34.936 8.5
    endloop
  endfacet
  facet normal 0 0 -1
    outer loop
      vertex -50.726 -35.2672 8.5
      vertex -52 -37.5 8.5
      vertex -52.3921 -37.4807 8.5
    endloop
  endfacet
  facet normal -0 0 -1
    outer loop
      vertex -50.6973 -35.3102 8.5
      vertex -52 -37.5 8.5
      vertex -50.7127 -35.2894 8.5
    endloop
  endfacet
  facet normal -0 0 -1
    outer loop
      vertex -50.4672 -35.6203 8.5
      vertex -52 -37.5 8.5
      vertex -50.6973 -35.3102 8.5
    endloop
  endfacet
  facet normal -0 0 -1
    outer loop
      vertex -50.2079 -35.9065 8.5
      vertex -52 -37.5 8.5
      vertex -50.4672 -35.6203 8.5
    endloop
  endfacet
  facet normal -0 0 -1
    outer loop
      vertex -50.1714 -35.943 8.5
      vertex -52 -37.5 8.5
      vertex -50.1905 -35.9257 8.5
    endloop
  endfacet
  facet normal -0 0 -1
    outer loop
      vertex -49.8852 -36.2024 8.5
      vertex -52 -37.5 8.5
      vertex -50.1714 -35.943 8.5
    endloop
  endfacet
  facet normal -0 0 -1
    outer loop
      vertex -49.575 -36.4324 8.5
      vertex -52 -37.5 8.5
      vertex -49.8852 -36.2024 8.5
    endloop
  endfacet
  facet normal -0 0 -1
    outer loop
      vertex -49.5543 -36.4478 8.5
      vertex -52 -37.5 8.5
      vertex -49.575 -36.4324 8.5
    endloop
  endfacet
  facet normal -0 0 -1
    outer loop
      vertex -49.5321 -36.4611 8.5
      vertex -52 -37.5 8.5
      vertex -49.5543 -36.4478 8.5
    endloop
  endfacet
  facet normal -0 0 -1
    outer loop
      vertex -49.1775 -36.6707 8.5
      vertex -52 -37.5 8.5
      vertex -49.2009 -36.6596 8.5
    endloop
  endfacet
  facet normal -0 0 -1
    outer loop
      vertex -48.4648 -36.9659 8.5
      vertex -52 -37.5 8.5
      vertex -48.8284 -36.8358 8.5
    endloop
  endfacet
  facet normal -0 0 -1
    outer loop
      vertex -48.0658 -37.0684 8.5
      vertex -52 -37.5 8.5
      vertex -48.4404 -36.9746 8.5
    endloop
  endfacet
  facet normal -0 0 -1
    outer loop
      vertex -48.0407 -37.0747 8.5
      vertex -52 -37.5 8.5
      vertex -48.0658 -37.0684 8.5
    endloop
  endfacet
  facet normal -0 0 -1
    outer loop
      vertex -47.6587 -37.1314 8.5
      vertex -52 -37.5 8.5
      vertex -48.0407 -37.0747 8.5
    endloop
  endfacet
  facet normal -0 0 -1
    outer loop
      vertex -47.6073 -37.1365 8.5
      vertex -52 -37.5 8.5
      vertex -47.6332 -37.1352 8.5
    endloop
  endfacet
  facet normal 0 0 -1
    outer loop
      vertex -52 -37.5 8.5
      vertex -47.2216 -37.1554 8.5
      vertex 52 -37.5 8.5
    endloop
  endfacet
  facet normal 0 0 -1
    outer loop
      vertex 51.2308 34.1999 8.5
      vertex 54.5376 36.592 8.5
      vertex 51.2395 34.1756 8.5
    endloop
  endfacet
  facet normal -0 0 -1
    outer loop
      vertex 54.5376 36.592 8.5
      vertex 51.2308 34.1999 8.5
      vertex 54.2223 36.8259 8.5
    endloop
  endfacet
  facet normal 0 0 -1
    outer loop
      vertex 51.1007 34.5635 8.5
      vertex 54.2223 36.8259 8.5
      vertex 51.2308 34.1999 8.5
    endloop
  endfacet
  facet normal -0 0 -1
    outer loop
      vertex 54.2223 36.8259 8.5
      vertex 51.1007 34.5635 8.5
      vertex 53.8856 37.0277 8.5
    endloop
  endfacet
  facet normal -0 0 -1
    outer loop
      vertex 53.8856 37.0277 8.5
      vertex 51.1007 34.5635 8.5
      vertex 53.5307 37.1955 8.5
    endloop
  endfacet
  facet normal -0 0 -1
    outer loop
      vertex 53.5307 37.1955 8.5
      vertex 51.1007 34.5635 8.5
      vertex 53.1611 37.3278 8.5
    endloop
  endfacet
  facet normal 0 0 -1
    outer loop
      vertex 50.9356 34.9126 8.5
      vertex 53.1611 37.3278 8.5
      vertex 51.1007 34.5635 8.5
    endloop
  endfacet
  facet normal -0 0 -1
    outer loop
      vertex 53.1611 37.3278 8.5
      vertex 50.9356 34.9126 8.5
      vertex 52.7804 37.4231 8.5
    endloop
  endfacet
  facet normal 0 0 -1
    outer loop
      vertex 50.9245 34.936 8.5
      vertex 52.7804 37.4231 8.5
      vertex 50.9356 34.9126 8.5
    endloop
  endfacet
  facet normal -0 0 -1
    outer loop
      vertex 52.7804 37.4231 8.5
      vertex 50.9245 34.936 8.5
      vertex 52.3921 37.4807 8.5
    endloop
  endfacet
  facet normal 0 0 -1
    outer loop
      vertex 50.726 35.2672 8.5
      vertex 52.3921 37.4807 8.5
      vertex 50.9245 34.936 8.5
    endloop
  endfacet
  facet normal -0 0 -1
    outer loop
      vertex 52.3921 37.4807 8.5
      vertex 50.726 35.2672 8.5
      vertex 52 37.5 8.5
    endloop
  endfacet
  facet normal 0 0 -1
    outer loop
      vertex 50.7127 35.2894 8.5
      vertex 52 37.5 8.5
      vertex 50.726 35.2672 8.5
    endloop
  endfacet
  facet normal 0 0 -1
    outer loop
      vertex 50.6973 35.3102 8.5
      vertex 52 37.5 8.5
      vertex 50.7127 35.2894 8.5
    endloop
  endfacet
  facet normal 0 0 -1
    outer loop
      vertex 50.4672 35.6203 8.5
      vertex 52 37.5 8.5
      vertex 50.6973 35.3102 8.5
    endloop
  endfacet
  facet normal 0 0 -1
    outer loop
      vertex 50.2079 35.9065 8.5
      vertex 52 37.5 8.5
      vertex 50.4672 35.6203 8.5
    endloop
  endfacet
  facet normal 0 0 -1
    outer loop
      vertex 50.1905 35.9257 8.5
      vertex 52 37.5 8.5
      vertex 50.2079 35.9065 8.5
    endloop
  endfacet
  facet normal 0 0 -1
    outer loop
      vertex 50.1714 35.943 8.5
      vertex 52 37.5 8.5
      vertex 50.1905 35.9257 8.5
    endloop
  endfacet
  facet normal 0 0 -1
    outer loop
      vertex 49.8852 36.2024 8.5
      vertex 52 37.5 8.5
      vertex 50.1714 35.943 8.5
    endloop
  endfacet
  facet normal 0 0 -1
    outer loop
      vertex 49.575 36.4324 8.5
      vertex 52 37.5 8.5
      vertex 49.8852 36.2024 8.5
    endloop
  endfacet
  facet normal 0 0 -1
    outer loop
      vertex 49.5543 36.4478 8.5
      vertex 52 37.5 8.5
      vertex 49.575 36.4324 8.5
    endloop
  endfacet
  facet normal 0 0 -1
    outer loop
      vertex 49.5321 36.4611 8.5
      vertex 52 37.5 8.5
      vertex 49.5543 36.4478 8.5
    endloop
  endfacet
  facet normal 0 0 -1
    outer loop
      vertex 49.2009 36.6596 8.5
      vertex 52 37.5 8.5
      vertex 49.5321 36.4611 8.5
    endloop
  endfacet
  facet normal 0 0 -1
    outer loop
      vertex 49.1775 36.6707 8.5
      vertex 52 37.5 8.5
      vertex 49.2009 36.6596 8.5
    endloop
  endfacet
  facet normal 0 0 -1
    outer loop
      vertex 48.8284 36.8358 8.5
      vertex 52 37.5 8.5
      vertex 49.1775 36.6707 8.5
    endloop
  endfacet
  facet normal 0 0 -1
    outer loop
      vertex 48.4648 36.9659 8.5
      vertex 52 37.5 8.5
      vertex 48.8284 36.8358 8.5
    endloop
  endfacet
  facet normal 0 0 -1
    outer loop
      vertex 48.4404 36.9746 8.5
      vertex 52 37.5 8.5
      vertex 48.4648 36.9659 8.5
    endloop
  endfacet
  facet normal 0 0 -1
    outer loop
      vertex 48.0658 37.0684 8.5
      vertex 52 37.5 8.5
      vertex 48.4404 36.9746 8.5
    endloop
  endfacet
  facet normal 0 0 -1
    outer loop
      vertex 48.0407 37.0747 8.5
      vertex 52 37.5 8.5
      vertex 48.0658 37.0684 8.5
    endloop
  endfacet
  facet normal 0 0 -1
    outer loop
      vertex 47.6587 37.1314 8.5
      vertex 52 37.5 8.5
      vertex 48.0407 37.0747 8.5
    endloop
  endfacet
  facet normal 0 0 -1
    outer loop
      vertex 47.6332 37.1352 8.5
      vertex 52 37.5 8.5
      vertex 47.6587 37.1314 8.5
    endloop
  endfacet
  facet normal 0 0 -1
    outer loop
      vertex 47.6073 37.1365 8.5
      vertex 52 37.5 8.5
      vertex 47.6332 37.1352 8.5
    endloop
  endfacet
  facet normal 0 0 -1
    outer loop
      vertex 47.2216 37.1554 8.5
      vertex 52 37.5 8.5
      vertex 47.6073 37.1365 8.5
    endloop
  endfacet
  facet normal 0 0 -1
    outer loop
      vertex -47.2216 37.1554 8.5
      vertex 52 37.5 8.5
      vertex 47.2216 37.1554 8.5
    endloop
  endfacet
  facet normal 0 0 -1
    outer loop
      vertex -52 37.5 8.5
      vertex -47.6073 37.1365 8.5
      vertex -47.6332 37.1352 8.5
    endloop
  endfacet
  facet normal 0 0 -1
    outer loop
      vertex -52 37.5 8.5
      vertex -47.6587 37.1314 8.5
      vertex -48.0407 37.0747 8.5
    endloop
  endfacet
  facet normal 0 0 -1
    outer loop
      vertex -52 37.5 8.5
      vertex -48.4648 36.9659 8.5
      vertex -48.8284 36.8358 8.5
    endloop
  endfacet
  facet normal 0 0 -1
    outer loop
      vertex -52 37.5 8.5
      vertex -49.1775 36.6707 8.5
      vertex -49.2009 36.6596 8.5
    endloop
  endfacet
  facet normal 0 0 -1
    outer loop
      vertex -52 37.5 8.5
      vertex -49.5321 36.4611 8.5
      vertex -49.5543 36.4478 8.5
    endloop
  endfacet
  facet normal 0 0 -1
    outer loop
      vertex -52 37.5 8.5
      vertex -50.2079 35.9065 8.5
      vertex -50.4672 35.6203 8.5
    endloop
  endfacet
  facet normal 0 0 -1
    outer loop
      vertex -52.3921 37.4807 8.5
      vertex -50.726 35.2672 8.5
      vertex -50.9245 34.936 8.5
    endloop
  endfacet
  facet normal 0 0 -1
    outer loop
      vertex -54.5376 36.592 8.5
      vertex -51.2308 34.1999 8.5
      vertex -51.2395 34.1756 8.5
    endloop
  endfacet
  facet normal 0 0 -1
    outer loop
      vertex -55.5277 35.3856 8.5
      vertex -51.3333 33.801 8.5
      vertex -51.3396 33.7759 8.5
    endloop
  endfacet
  facet normal 0 0 -1
    outer loop
      vertex -47.2216 37.1554 8.5
      vertex -52 37.5 8.5
      vertex 52 37.5 8.5
    endloop
  endfacet
  facet normal 0 0 -1
    outer loop
      vertex -47.6073 37.1365 8.5
      vertex -52 37.5 8.5
      vertex -47.2216 37.1554 8.5
    endloop
  endfacet
  facet normal 0 0 -1
    outer loop
      vertex -47.6587 37.1314 8.5
      vertex -52 37.5 8.5
      vertex -47.6332 37.1352 8.5
    endloop
  endfacet
  facet normal 0 0 -1
    outer loop
      vertex -48.0658 37.0684 8.5
      vertex -52 37.5 8.5
      vertex -48.0407 37.0747 8.5
    endloop
  endfacet
  facet normal 0 0 -1
    outer loop
      vertex -48.4404 36.9746 8.5
      vertex -52 37.5 8.5
      vertex -48.0658 37.0684 8.5
    endloop
  endfacet
  facet normal 0 0 -1
    outer loop
      vertex -48.4648 36.9659 8.5
      vertex -52 37.5 8.5
      vertex -48.4404 36.9746 8.5
    endloop
  endfacet
  facet normal 0 0 -1
    outer loop
      vertex -49.1775 36.6707 8.5
      vertex -52 37.5 8.5
      vertex -48.8284 36.8358 8.5
    endloop
  endfacet
  facet normal 0 0 -1
    outer loop
      vertex -49.5321 36.4611 8.5
      vertex -52 37.5 8.5
      vertex -49.2009 36.6596 8.5
    endloop
  endfacet
  facet normal 0 0 -1
    outer loop
      vertex -49.575 36.4324 8.5
      vertex -52 37.5 8.5
      vertex -49.5543 36.4478 8.5
    endloop
  endfacet
  facet normal 0 0 -1
    outer loop
      vertex -49.8852 36.2024 8.5
      vertex -52 37.5 8.5
      vertex -49.575 36.4324 8.5
    endloop
  endfacet
  facet normal 0 0 -1
    outer loop
      vertex -50.1714 35.943 8.5
      vertex -52 37.5 8.5
      vertex -49.8852 36.2024 8.5
    endloop
  endfacet
  facet normal 0 0 -1
    outer loop
      vertex -50.1905 35.9257 8.5
      vertex -52 37.5 8.5
      vertex -50.1714 35.943 8.5
    endloop
  endfacet
  facet normal 0 0 -1
    outer loop
      vertex -50.2079 35.9065 8.5
      vertex -52 37.5 8.5
      vertex -50.1905 35.9257 8.5
    endloop
  endfacet
  facet normal 0 0 -1
    outer loop
      vertex -50.6973 35.3102 8.5
      vertex -52 37.5 8.5
      vertex -50.4672 35.6203 8.5
    endloop
  endfacet
  facet normal 0 0 -1
    outer loop
      vertex -50.7127 35.2894 8.5
      vertex -52 37.5 8.5
      vertex -50.6973 35.3102 8.5
    endloop
  endfacet
  facet normal 0 -0 -1
    outer loop
      vertex -52 37.5 8.5
      vertex -50.726 35.2672 8.5
      vertex -52.3921 37.4807 8.5
    endloop
  endfacet
  facet normal 0 0 -1
    outer loop
      vertex -52.7804 37.4231 8.5
      vertex -50.9245 34.936 8.5
      vertex -50.9356 34.9126 8.5
    endloop
  endfacet
  facet normal 0 0 -1
    outer loop
      vertex -53.1611 37.3278 8.5
      vertex -50.9356 34.9126 8.5
      vertex -51.1007 34.5635 8.5
    endloop
  endfacet
  facet normal 0 0 -1
    outer loop
      vertex -51.2308 34.1999 8.5
      vertex -54.2223 36.8259 8.5
      vertex -51.1007 34.5635 8.5
    endloop
  endfacet
  facet normal 0 0 -1
    outer loop
      vertex -51.3333 33.801 8.5
      vertex -55.3259 35.7223 8.5
      vertex -51.2395 34.1756 8.5
    endloop
  endfacet
  facet normal 0 0 -1
    outer loop
      vertex -55.8278 34.6611 8.5
      vertex -51.3396 33.7759 8.5
      vertex -51.3963 33.3939 8.5
    endloop
  endfacet
  facet normal 0 0 -1
    outer loop
      vertex -55.9807 33.8921 8.5
      vertex -51.3963 33.3939 8.5
      vertex -51.4001 33.3683 8.5
    endloop
  endfacet
  facet normal 0 0 -1
    outer loop
      vertex -56 33.5 8.5
      vertex -51.4001 33.3683 8.5
      vertex -51.4013 33.3425 8.5
    endloop
  endfacet
  facet normal 0 0 -1
    outer loop
      vertex -56 33.5 8.5
      vertex -51.4013 33.3425 8.5
      vertex -51.4203 32.9568 8.5
    endloop
  endfacet
  facet normal -0 0 -1
    outer loop
      vertex -51.4203 -32.9568 8.5
      vertex -56 -33.5 8.5
      vertex -51.4203 32.9568 8.5
    endloop
  endfacet
  facet normal -0 0 -1
    outer loop
      vertex -51.2308 -34.1999 8.5
      vertex -54.5376 -36.592 8.5
      vertex -51.2395 -34.1756 8.5
    endloop
  endfacet
  facet normal 0 0 -1
    outer loop
      vertex -56 33.5 8.5
      vertex -51.4203 32.9568 8.5
      vertex -56 -33.5 8.5
    endloop
  endfacet
  facet normal 0 0 -1
    outer loop
      vertex -54.8284 -36.3284 8.5
      vertex -51.2395 -34.1756 8.5
      vertex -54.5376 -36.592 8.5
    endloop
  endfacet
  facet normal 0 0 -1
    outer loop
      vertex -51.4001 33.3683 8.5
      vertex -56 33.5 8.5
      vertex -55.9807 33.8921 8.5
    endloop
  endfacet
  facet normal 0 0 -1
    outer loop
      vertex -55.092 -36.0376 8.5
      vertex -51.2395 -34.1756 8.5
      vertex -54.8284 -36.3284 8.5
    endloop
  endfacet
  facet normal 0 0 -1
    outer loop
      vertex -50.726 35.2672 8.5
      vertex -52 37.5 8.5
      vertex -50.7127 35.2894 8.5
    endloop
  endfacet
  facet normal 0 0 -1
    outer loop
      vertex -55.3259 -35.7223 8.5
      vertex -51.2395 -34.1756 8.5
      vertex -55.092 -36.0376 8.5
    endloop
  endfacet
  facet normal 0 0 -1
    outer loop
      vertex -50.9245 34.936 8.5
      vertex -52.7804 37.4231 8.5
      vertex -52.3921 37.4807 8.5
    endloop
  endfacet
  facet normal 0 0 -1
    outer loop
      vertex -55.5277 -35.3856 8.5
      vertex -51.3333 -33.801 8.5
      vertex -55.3259 -35.7223 8.5
    endloop
  endfacet
  facet normal 0 0 -1
    outer loop
      vertex -50.9356 34.9126 8.5
      vertex -53.1611 37.3278 8.5
      vertex -52.7804 37.4231 8.5
    endloop
  endfacet
  facet normal -0 0 -1
    outer loop
      vertex -51.3333 -33.801 8.5
      vertex -55.5277 -35.3856 8.5
      vertex -51.3396 -33.7759 8.5
    endloop
  endfacet
  facet normal 0 0 -1
    outer loop
      vertex -51.1007 34.5635 8.5
      vertex -53.5307 37.1955 8.5
      vertex -53.1611 37.3278 8.5
    endloop
  endfacet
  facet normal 0 0 -1
    outer loop
      vertex -55.6955 -35.0307 8.5
      vertex -51.3396 -33.7759 8.5
      vertex -55.5277 -35.3856 8.5
    endloop
  endfacet
  facet normal 0 0 -1
    outer loop
      vertex -51.1007 34.5635 8.5
      vertex -53.8856 37.0277 8.5
      vertex -53.5307 37.1955 8.5
    endloop
  endfacet
  facet normal 0 0 -1
    outer loop
      vertex -55.8278 -34.6611 8.5
      vertex -51.3396 -33.7759 8.5
      vertex -55.6955 -35.0307 8.5
    endloop
  endfacet
  facet normal 0 0 -1
    outer loop
      vertex -51.1007 34.5635 8.5
      vertex -54.2223 36.8259 8.5
      vertex -53.8856 37.0277 8.5
    endloop
  endfacet
  facet normal -0 0 -1
    outer loop
      vertex -51.3396 -33.7759 8.5
      vertex -55.8278 -34.6611 8.5
      vertex -51.3963 -33.3939 8.5
    endloop
  endfacet
  facet normal 0 0 -1
    outer loop
      vertex -51.2308 34.1999 8.5
      vertex -54.5376 36.592 8.5
      vertex -54.2223 36.8259 8.5
    endloop
  endfacet
  facet normal 0 0 -1
    outer loop
      vertex -55.9231 -34.2804 8.5
      vertex -51.3963 -33.3939 8.5
      vertex -55.8278 -34.6611 8.5
    endloop
  endfacet
  facet normal 0 0 -1
    outer loop
      vertex -51.2395 34.1756 8.5
      vertex -54.8284 36.3284 8.5
      vertex -54.5376 36.592 8.5
    endloop
  endfacet
  facet normal 0 0 -1
    outer loop
      vertex -55.9807 -33.8921 8.5
      vertex -51.3963 -33.3939 8.5
      vertex -55.9231 -34.2804 8.5
    endloop
  endfacet
  facet normal 0 0 -1
    outer loop
      vertex -51.2395 34.1756 8.5
      vertex -55.092 36.0376 8.5
      vertex -54.8284 36.3284 8.5
    endloop
  endfacet
  facet normal -0 0 -1
    outer loop
      vertex -51.3963 -33.3939 8.5
      vertex -55.9807 -33.8921 8.5
      vertex -51.4001 -33.3683 8.5
    endloop
  endfacet
  facet normal 0 0 -1
    outer loop
      vertex -51.2395 34.1756 8.5
      vertex -55.3259 35.7223 8.5
      vertex -55.092 36.0376 8.5
    endloop
  endfacet
  facet normal 0 0 -1
    outer loop
      vertex -56 -33.5 8.5
      vertex -51.4001 -33.3683 8.5
      vertex -55.9807 -33.8921 8.5
    endloop
  endfacet
  facet normal 0 0 -1
    outer loop
      vertex -51.3333 33.801 8.5
      vertex -55.5277 35.3856 8.5
      vertex -55.3259 35.7223 8.5
    endloop
  endfacet
  facet normal -0 0 -1
    outer loop
      vertex -51.4001 -33.3683 8.5
      vertex -56 -33.5 8.5
      vertex -51.4013 -33.3425 8.5
    endloop
  endfacet
  facet normal 0 0 -1
    outer loop
      vertex -51.3396 33.7759 8.5
      vertex -55.6955 35.0307 8.5
      vertex -55.5277 35.3856 8.5
    endloop
  endfacet
  facet normal -0 0 -1
    outer loop
      vertex -51.4013 -33.3425 8.5
      vertex -56 -33.5 8.5
      vertex -51.4203 -32.9568 8.5
    endloop
  endfacet
  facet normal 0 0 -1
    outer loop
      vertex -51.3396 33.7759 8.5
      vertex -55.8278 34.6611 8.5
      vertex -55.6955 35.0307 8.5
    endloop
  endfacet
  facet normal 0 0 -1
    outer loop
      vertex -51.3963 33.3939 8.5
      vertex -55.9231 34.2804 8.5
      vertex -55.8278 34.6611 8.5
    endloop
  endfacet
  facet normal 0 0 -1
    outer loop
      vertex -51.3963 33.3939 8.5
      vertex -55.9807 33.8921 8.5
      vertex -55.9231 34.2804 8.5
    endloop
  endfacet
  facet normal 0.0491626 0.998791 -0
    outer loop
      vertex -52 -37.5 0
      vertex -52.3921 -37.4807 8.5
      vertex -52 -37.5 8.5
    endloop
  endfacet
  facet normal 0.0491626 0.998791 0
    outer loop
      vertex -52.3921 -37.4807 8.5
      vertex -52 -37.5 0
      vertex -52.3921 -37.4807 0
    endloop
  endfacet
  facet normal 0 -1 0
    outer loop
      vertex -52 37.5 0
      vertex 52 37.5 8.5
      vertex -52 37.5 8.5
    endloop
  endfacet
  facet normal 0 -1 -0
    outer loop
      vertex 52 37.5 8.5
      vertex -52 37.5 0
      vertex 52 37.5 0
    endloop
  endfacet
  facet normal 1 -0 0
    outer loop
      vertex -56 -33.5 8.5
      vertex -56 33.5 0
      vertex -56 33.5 8.5
    endloop
  endfacet
  facet normal 1 0 0
    outer loop
      vertex -56 33.5 0
      vertex -56 -33.5 8.5
      vertex -56 -33.5 0
    endloop
  endfacet
  facet normal 0.514084 0.85774 -0
    outer loop
      vertex -53.8856 -37.0277 0
      vertex -54.2223 -36.8259 8.5
      vertex -53.8856 -37.0277 8.5
    endloop
  endfacet
  facet normal 0.514084 0.85774 0
    outer loop
      vertex -54.2223 -36.8259 8.5
      vertex -53.8856 -37.0277 0
      vertex -54.2223 -36.8259 0
    endloop
  endfacet
  facet normal -0.514084 -0.85774 0
    outer loop
      vertex 53.8856 37.0277 0
      vertex 54.2223 36.8259 8.5
      vertex 53.8856 37.0277 8.5
    endloop
  endfacet
  facet normal -0.514084 -0.85774 -0
    outer loop
      vertex 54.2223 36.8259 8.5
      vertex 53.8856 37.0277 0
      vertex 54.2223 36.8259 0
    endloop
  endfacet
  facet normal -0.242835 -0.970068 0
    outer loop
      vertex 52.7804 37.4231 0
      vertex 53.1611 37.3278 8.5
      vertex 52.7804 37.4231 8.5
    endloop
  endfacet
  facet normal -0.242835 -0.970068 -0
    outer loop
      vertex 53.1611 37.3278 8.5
      vertex 52.7804 37.4231 0
      vertex 53.1611 37.3278 0
    endloop
  endfacet
  facet normal 0.998791 -0.0491626 0
    outer loop
      vertex -56 33.5 8.5
      vertex -55.9807 33.8921 0
      vertex -55.9807 33.8921 8.5
    endloop
  endfacet
  facet normal 0.998791 -0.0491626 0
    outer loop
      vertex -55.9807 33.8921 0
      vertex -56 33.5 8.5
      vertex -56 33.5 0
    endloop
  endfacet
  facet normal 0.803137 0.595794 0
    outer loop
      vertex -55.092 -36.0376 8.5
      vertex -55.3259 -35.7223 0
      vertex -55.3259 -35.7223 8.5
    endloop
  endfacet
  facet normal 0.803137 0.595794 0
    outer loop
      vertex -55.3259 -35.7223 0
      vertex -55.092 -36.0376 8.5
      vertex -55.092 -36.0376 0
    endloop
  endfacet
  facet normal 0.42744 0.904044 -0
    outer loop
      vertex -53.5307 -37.1955 0
      vertex -53.8856 -37.0277 8.5
      vertex -53.5307 -37.1955 8.5
    endloop
  endfacet
  facet normal 0.42744 0.904044 0
    outer loop
      vertex -53.8856 -37.0277 8.5
      vertex -53.5307 -37.1955 0
      vertex -53.8856 -37.0277 0
    endloop
  endfacet
  facet normal 0.146733 0.989176 -0
    outer loop
      vertex -52.3921 -37.4807 0
      vertex -52.7804 -37.4231 8.5
      vertex -52.3921 -37.4807 8.5
    endloop
  endfacet
  facet normal 0.146733 0.989176 0
    outer loop
      vertex -52.7804 -37.4231 8.5
      vertex -52.3921 -37.4807 0
      vertex -52.7804 -37.4231 0
    endloop
  endfacet
  facet normal 0.242835 0.970068 -0
    outer loop
      vertex -52.7804 -37.4231 0
      vertex -53.1611 -37.3278 8.5
      vertex -52.7804 -37.4231 8.5
    endloop
  endfacet
  facet normal 0.242835 0.970068 0
    outer loop
      vertex -53.1611 -37.3278 8.5
      vertex -52.7804 -37.4231 0
      vertex -53.1611 -37.3278 0
    endloop
  endfacet
  facet normal 0.337014 0.9415 -0
    outer loop
      vertex -53.1611 -37.3278 0
      vertex -53.5307 -37.1955 8.5
      vertex -53.1611 -37.3278 8.5
    endloop
  endfacet
  facet normal 0.337014 0.9415 0
    outer loop
      vertex -53.5307 -37.1955 8.5
      vertex -53.1611 -37.3278 0
      vertex -53.5307 -37.1955 0
    endloop
  endfacet
  facet normal -0.337014 -0.9415 0
    outer loop
      vertex 53.1611 37.3278 0
      vertex 53.5307 37.1955 8.5
      vertex 53.1611 37.3278 8.5
    endloop
  endfacet
  facet normal -0.337014 -0.9415 -0
    outer loop
      vertex 53.5307 37.1955 8.5
      vertex 53.1611 37.3278 0
      vertex 53.5307 37.1955 0
    endloop
  endfacet
  facet normal -0.0491626 -0.998791 0
    outer loop
      vertex 52 37.5 0
      vertex 52.3921 37.4807 8.5
      vertex 52 37.5 8.5
    endloop
  endfacet
  facet normal -0.0491626 -0.998791 -0
    outer loop
      vertex 52.3921 37.4807 8.5
      vertex 52 37.5 0
      vertex 52.3921 37.4807 0
    endloop
  endfacet
  facet normal 0.146733 -0.989176 0
    outer loop
      vertex -52.7804 37.4231 0
      vertex -52.3921 37.4807 8.5
      vertex -52.7804 37.4231 8.5
    endloop
  endfacet
  facet normal 0.146733 -0.989176 0
    outer loop
      vertex -52.3921 37.4807 8.5
      vertex -52.7804 37.4231 0
      vertex -52.3921 37.4807 0
    endloop
  endfacet
  facet normal 0.595794 -0.803137 0
    outer loop
      vertex -54.5376 36.592 0
      vertex -54.2223 36.8259 8.5
      vertex -54.5376 36.592 8.5
    endloop
  endfacet
  facet normal 0.595794 -0.803137 0
    outer loop
      vertex -54.2223 36.8259 8.5
      vertex -54.5376 36.592 0
      vertex -54.2223 36.8259 0
    endloop
  endfacet
  facet normal 0.671607 -0.740908 0
    outer loop
      vertex -54.8284 36.3284 0
      vertex -54.5376 36.592 8.5
      vertex -54.8284 36.3284 8.5
    endloop
  endfacet
  facet normal 0.671607 -0.740908 0
    outer loop
      vertex -54.5376 36.592 8.5
      vertex -54.8284 36.3284 0
      vertex -54.5376 36.592 0
    endloop
  endfacet
  facet normal 0.904044 -0.42744 0
    outer loop
      vertex -55.6955 35.0307 8.5
      vertex -55.5277 35.3856 0
      vertex -55.5277 35.3856 8.5
    endloop
  endfacet
  facet normal 0.904044 -0.42744 0
    outer loop
      vertex -55.5277 35.3856 0
      vertex -55.6955 35.0307 8.5
      vertex -55.6955 35.0307 0
    endloop
  endfacet
  facet normal 0.9415 0.337014 0
    outer loop
      vertex -55.6955 -35.0307 8.5
      vertex -55.8278 -34.6611 0
      vertex -55.8278 -34.6611 8.5
    endloop
  endfacet
  facet normal 0.9415 0.337014 0
    outer loop
      vertex -55.8278 -34.6611 0
      vertex -55.6955 -35.0307 8.5
      vertex -55.6955 -35.0307 0
    endloop
  endfacet
  facet normal 0.671607 0.740908 -0
    outer loop
      vertex -54.5376 -36.592 0
      vertex -54.8284 -36.3284 8.5
      vertex -54.5376 -36.592 8.5
    endloop
  endfacet
  facet normal 0.671607 0.740908 0
    outer loop
      vertex -54.8284 -36.3284 8.5
      vertex -54.5376 -36.592 0
      vertex -54.8284 -36.3284 0
    endloop
  endfacet
  facet normal 0.85774 0.514084 0
    outer loop
      vertex -55.3259 -35.7223 8.5
      vertex -55.5277 -35.3856 0
      vertex -55.5277 -35.3856 8.5
    endloop
  endfacet
  facet normal 0.85774 0.514084 0
    outer loop
      vertex -55.5277 -35.3856 0
      vertex -55.3259 -35.7223 8.5
      vertex -55.3259 -35.7223 0
    endloop
  endfacet
  facet normal -0.595794 0.803137 0
    outer loop
      vertex 54.5376 -36.592 0
      vertex 54.2223 -36.8259 8.5
      vertex 54.5376 -36.592 8.5
    endloop
  endfacet
  facet normal -0.595794 0.803137 0
    outer loop
      vertex 54.2223 -36.8259 8.5
      vertex 54.5376 -36.592 0
      vertex 54.2223 -36.8259 0
    endloop
  endfacet
  facet normal -0.42744 -0.904044 0
    outer loop
      vertex 53.5307 37.1955 0
      vertex 53.8856 37.0277 8.5
      vertex 53.5307 37.1955 8.5
    endloop
  endfacet
  facet normal -0.42744 -0.904044 -0
    outer loop
      vertex 53.8856 37.0277 8.5
      vertex 53.5307 37.1955 0
      vertex 53.8856 37.0277 0
    endloop
  endfacet
  facet normal -0.146733 -0.989176 0
    outer loop
      vertex 52.3921 37.4807 0
      vertex 52.7804 37.4231 8.5
      vertex 52.3921 37.4807 8.5
    endloop
  endfacet
  facet normal -0.146733 -0.989176 -0
    outer loop
      vertex 52.7804 37.4231 8.5
      vertex 52.3921 37.4807 0
      vertex 52.7804 37.4231 0
    endloop
  endfacet
  facet normal 0.242835 -0.970068 0
    outer loop
      vertex -53.1611 37.3278 0
      vertex -52.7804 37.4231 8.5
      vertex -53.1611 37.3278 8.5
    endloop
  endfacet
  facet normal 0.242835 -0.970068 0
    outer loop
      vertex -52.7804 37.4231 8.5
      vertex -53.1611 37.3278 0
      vertex -52.7804 37.4231 0
    endloop
  endfacet
  facet normal 0.85774 -0.514084 0
    outer loop
      vertex -55.5277 35.3856 8.5
      vertex -55.3259 35.7223 0
      vertex -55.3259 35.7223 8.5
    endloop
  endfacet
  facet normal 0.85774 -0.514084 0
    outer loop
      vertex -55.3259 35.7223 0
      vertex -55.5277 35.3856 8.5
      vertex -55.5277 35.3856 0
    endloop
  endfacet
  facet normal 0.803137 -0.595794 0
    outer loop
      vertex -55.3259 35.7223 8.5
      vertex -55.092 36.0376 0
      vertex -55.092 36.0376 8.5
    endloop
  endfacet
  facet normal 0.803137 -0.595794 0
    outer loop
      vertex -55.092 36.0376 0
      vertex -55.3259 35.7223 8.5
      vertex -55.3259 35.7223 0
    endloop
  endfacet
  facet normal 0.740908 -0.671607 0
    outer loop
      vertex -55.092 36.0376 8.5
      vertex -54.8284 36.3284 0
      vertex -54.8284 36.3284 8.5
    endloop
  endfacet
  facet normal 0.740908 -0.671607 0
    outer loop
      vertex -54.8284 36.3284 0
      vertex -55.092 36.0376 8.5
      vertex -55.092 36.0376 0
    endloop
  endfacet
  facet normal 0.989176 -0.146733 0
    outer loop
      vertex -55.9807 33.8921 8.5
      vertex -55.9231 34.2804 0
      vertex -55.9231 34.2804 8.5
    endloop
  endfacet
  facet normal 0.989176 -0.146733 0
    outer loop
      vertex -55.9231 34.2804 0
      vertex -55.9807 33.8921 8.5
      vertex -55.9807 33.8921 0
    endloop
  endfacet
  facet normal 0.970068 -0.242835 0
    outer loop
      vertex -55.9231 34.2804 8.5
      vertex -55.8278 34.6611 0
      vertex -55.8278 34.6611 8.5
    endloop
  endfacet
  facet normal 0.970068 -0.242835 0
    outer loop
      vertex -55.8278 34.6611 0
      vertex -55.9231 34.2804 8.5
      vertex -55.9231 34.2804 0
    endloop
  endfacet
  facet normal 0.9415 -0.337014 0
    outer loop
      vertex -55.8278 34.6611 8.5
      vertex -55.6955 35.0307 0
      vertex -55.6955 35.0307 8.5
    endloop
  endfacet
  facet normal 0.9415 -0.337014 0
    outer loop
      vertex -55.6955 35.0307 0
      vertex -55.8278 34.6611 8.5
      vertex -55.8278 34.6611 0
    endloop
  endfacet
  facet normal 0.595794 0.803137 -0
    outer loop
      vertex -54.2223 -36.8259 0
      vertex -54.5376 -36.592 8.5
      vertex -54.2223 -36.8259 8.5
    endloop
  endfacet
  facet normal 0.595794 0.803137 0
    outer loop
      vertex -54.5376 -36.592 8.5
      vertex -54.2223 -36.8259 0
      vertex -54.5376 -36.592 0
    endloop
  endfacet
  facet normal 0.970068 0.242835 0
    outer loop
      vertex -55.8278 -34.6611 8.5
      vertex -55.9231 -34.2804 0
      vertex -55.9231 -34.2804 8.5
    endloop
  endfacet
  facet normal 0.970068 0.242835 0
    outer loop
      vertex -55.9231 -34.2804 0
      vertex -55.8278 -34.6611 8.5
      vertex -55.8278 -34.6611 0
    endloop
  endfacet
  facet normal 0.989176 0.146733 0
    outer loop
      vertex -55.9231 -34.2804 8.5
      vertex -55.9807 -33.8921 0
      vertex -55.9807 -33.8921 8.5
    endloop
  endfacet
  facet normal 0.989176 0.146733 0
    outer loop
      vertex -55.9807 -33.8921 0
      vertex -55.9231 -34.2804 8.5
      vertex -55.9231 -34.2804 0
    endloop
  endfacet
  facet normal 0.998791 0.0491626 0
    outer loop
      vertex -55.9807 -33.8921 8.5
      vertex -56 -33.5 0
      vertex -56 -33.5 8.5
    endloop
  endfacet
  facet normal 0.998791 0.0491626 0
    outer loop
      vertex -56 -33.5 0
      vertex -55.9807 -33.8921 8.5
      vertex -55.9807 -33.8921 0
    endloop
  endfacet
  facet normal -0.904044 -0.42744 0
    outer loop
      vertex 55.6955 35.0307 0
      vertex 55.5277 35.3856 8.5
      vertex 55.5277 35.3856 0
    endloop
  endfacet
  facet normal -0.904044 -0.42744 0
    outer loop
      vertex 55.5277 35.3856 8.5
      vertex 55.6955 35.0307 0
      vertex 55.6955 35.0307 8.5
    endloop
  endfacet
  facet normal -0.595794 -0.803137 0
    outer loop
      vertex 54.2223 36.8259 0
      vertex 54.5376 36.592 8.5
      vertex 54.2223 36.8259 8.5
    endloop
  endfacet
  facet normal -0.595794 -0.803137 -0
    outer loop
      vertex 54.5376 36.592 8.5
      vertex 54.2223 36.8259 0
      vertex 54.5376 36.592 0
    endloop
  endfacet
  facet normal -0.242835 0.970068 0
    outer loop
      vertex 53.1611 -37.3278 0
      vertex 52.7804 -37.4231 8.5
      vertex 53.1611 -37.3278 8.5
    endloop
  endfacet
  facet normal -0.242835 0.970068 0
    outer loop
      vertex 52.7804 -37.4231 8.5
      vertex 53.1611 -37.3278 0
      vertex 52.7804 -37.4231 0
    endloop
  endfacet
  facet normal -0.740908 0.671607 0
    outer loop
      vertex 54.8284 -36.3284 0
      vertex 55.092 -36.0376 8.5
      vertex 55.092 -36.0376 0
    endloop
  endfacet
  facet normal -0.740908 0.671607 0
    outer loop
      vertex 55.092 -36.0376 8.5
      vertex 54.8284 -36.3284 0
      vertex 54.8284 -36.3284 8.5
    endloop
  endfacet
  facet normal 0.337014 -0.9415 0
    outer loop
      vertex -53.5307 37.1955 0
      vertex -53.1611 37.3278 8.5
      vertex -53.5307 37.1955 8.5
    endloop
  endfacet
  facet normal 0.337014 -0.9415 0
    outer loop
      vertex -53.1611 37.3278 8.5
      vertex -53.5307 37.1955 0
      vertex -53.1611 37.3278 0
    endloop
  endfacet
  facet normal 0.740908 0.671607 0
    outer loop
      vertex -54.8284 -36.3284 8.5
      vertex -55.092 -36.0376 0
      vertex -55.092 -36.0376 8.5
    endloop
  endfacet
  facet normal 0.740908 0.671607 0
    outer loop
      vertex -55.092 -36.0376 0
      vertex -54.8284 -36.3284 8.5
      vertex -54.8284 -36.3284 0
    endloop
  endfacet
  facet normal 0.904044 0.42744 0
    outer loop
      vertex -55.5277 -35.3856 8.5
      vertex -55.6955 -35.0307 0
      vertex -55.6955 -35.0307 8.5
    endloop
  endfacet
  facet normal 0.904044 0.42744 0
    outer loop
      vertex -55.6955 -35.0307 0
      vertex -55.5277 -35.3856 8.5
      vertex -55.5277 -35.3856 0
    endloop
  endfacet
  facet normal -0.970068 -0.242835 0
    outer loop
      vertex 55.9231 34.2804 0
      vertex 55.8278 34.6611 8.5
      vertex 55.8278 34.6611 0
    endloop
  endfacet
  facet normal -0.970068 -0.242835 0
    outer loop
      vertex 55.8278 34.6611 8.5
      vertex 55.9231 34.2804 0
      vertex 55.9231 34.2804 8.5
    endloop
  endfacet
  facet normal -0.989176 -0.146733 0
    outer loop
      vertex 55.9807 33.8921 0
      vertex 55.9231 34.2804 8.5
      vertex 55.9231 34.2804 0
    endloop
  endfacet
  facet normal -0.989176 -0.146733 0
    outer loop
      vertex 55.9231 34.2804 8.5
      vertex 55.9807 33.8921 0
      vertex 55.9807 33.8921 8.5
    endloop
  endfacet
  facet normal -0.998791 -0.0491626 0
    outer loop
      vertex 56 33.5 0
      vertex 55.9807 33.8921 8.5
      vertex 55.9807 33.8921 0
    endloop
  endfacet
  facet normal -0.998791 -0.0491626 0
    outer loop
      vertex 55.9807 33.8921 8.5
      vertex 56 33.5 0
      vertex 56 33.5 8.5
    endloop
  endfacet
  facet normal -0.740908 -0.671607 0
    outer loop
      vertex 55.092 36.0376 0
      vertex 54.8284 36.3284 8.5
      vertex 54.8284 36.3284 0
    endloop
  endfacet
  facet normal -0.740908 -0.671607 0
    outer loop
      vertex 54.8284 36.3284 8.5
      vertex 55.092 36.0376 0
      vertex 55.092 36.0376 8.5
    endloop
  endfacet
  facet normal -0.85774 -0.514084 0
    outer loop
      vertex 55.5277 35.3856 0
      vertex 55.3259 35.7223 8.5
      vertex 55.3259 35.7223 0
    endloop
  endfacet
  facet normal -0.85774 -0.514084 0
    outer loop
      vertex 55.3259 35.7223 8.5
      vertex 55.5277 35.3856 0
      vertex 55.5277 35.3856 8.5
    endloop
  endfacet
  facet normal -0.671607 -0.740908 0
    outer loop
      vertex 54.5376 36.592 0
      vertex 54.8284 36.3284 8.5
      vertex 54.5376 36.592 8.5
    endloop
  endfacet
  facet normal -0.671607 -0.740908 -0
    outer loop
      vertex 54.8284 36.3284 8.5
      vertex 54.5376 36.592 0
      vertex 54.8284 36.3284 0
    endloop
  endfacet
  facet normal -0.337014 0.9415 0
    outer loop
      vertex 53.5307 -37.1955 0
      vertex 53.1611 -37.3278 8.5
      vertex 53.5307 -37.1955 8.5
    endloop
  endfacet
  facet normal -0.337014 0.9415 0
    outer loop
      vertex 53.1611 -37.3278 8.5
      vertex 53.5307 -37.1955 0
      vertex 53.1611 -37.3278 0
    endloop
  endfacet
  facet normal -0.514084 0.85774 0
    outer loop
      vertex 54.2223 -36.8259 0
      vertex 53.8856 -37.0277 8.5
      vertex 54.2223 -36.8259 8.5
    endloop
  endfacet
  facet normal -0.514084 0.85774 0
    outer loop
      vertex 53.8856 -37.0277 8.5
      vertex 54.2223 -36.8259 0
      vertex 53.8856 -37.0277 0
    endloop
  endfacet
  facet normal -0.803137 0.595794 0
    outer loop
      vertex 55.092 -36.0376 0
      vertex 55.3259 -35.7223 8.5
      vertex 55.3259 -35.7223 0
    endloop
  endfacet
  facet normal -0.803137 0.595794 0
    outer loop
      vertex 55.3259 -35.7223 8.5
      vertex 55.092 -36.0376 0
      vertex 55.092 -36.0376 8.5
    endloop
  endfacet
  facet normal 0.514084 -0.85774 0
    outer loop
      vertex -54.2223 36.8259 0
      vertex -53.8856 37.0277 8.5
      vertex -54.2223 36.8259 8.5
    endloop
  endfacet
  facet normal 0.514084 -0.85774 0
    outer loop
      vertex -53.8856 37.0277 8.5
      vertex -54.2223 36.8259 0
      vertex -53.8856 37.0277 0
    endloop
  endfacet
  facet normal -0.9415 -0.337014 0
    outer loop
      vertex 55.8278 34.6611 0
      vertex 55.6955 35.0307 8.5
      vertex 55.6955 35.0307 0
    endloop
  endfacet
  facet normal -0.9415 -0.337014 0
    outer loop
      vertex 55.6955 35.0307 8.5
      vertex 55.8278 34.6611 0
      vertex 55.8278 34.6611 8.5
    endloop
  endfacet
  facet normal -0.803137 -0.595794 0
    outer loop
      vertex 55.3259 35.7223 0
      vertex 55.092 36.0376 8.5
      vertex 55.092 36.0376 0
    endloop
  endfacet
  facet normal -0.803137 -0.595794 0
    outer loop
      vertex 55.092 36.0376 8.5
      vertex 55.3259 35.7223 0
      vertex 55.3259 35.7223 8.5
    endloop
  endfacet
  facet normal -0.42744 0.904044 0
    outer loop
      vertex 53.8856 -37.0277 0
      vertex 53.5307 -37.1955 8.5
      vertex 53.8856 -37.0277 8.5
    endloop
  endfacet
  facet normal -0.42744 0.904044 0
    outer loop
      vertex 53.5307 -37.1955 8.5
      vertex 53.8856 -37.0277 0
      vertex 53.5307 -37.1955 0
    endloop
  endfacet
  facet normal -0.998791 0.0491626 0
    outer loop
      vertex 55.9807 -33.8921 0
      vertex 56 -33.5 8.5
      vertex 56 -33.5 0
    endloop
  endfacet
  facet normal -0.998791 0.0491626 0
    outer loop
      vertex 56 -33.5 8.5
      vertex 55.9807 -33.8921 0
      vertex 55.9807 -33.8921 8.5
    endloop
  endfacet
  facet normal -0.9415 0.337014 0
    outer loop
      vertex 55.6955 -35.0307 0
      vertex 55.8278 -34.6611 8.5
      vertex 55.8278 -34.6611 0
    endloop
  endfacet
  facet normal -0.9415 0.337014 0
    outer loop
      vertex 55.8278 -34.6611 8.5
      vertex 55.6955 -35.0307 0
      vertex 55.6955 -35.0307 8.5
    endloop
  endfacet
  facet normal -0.904044 0.42744 0
    outer loop
      vertex 55.5277 -35.3856 0
      vertex 55.6955 -35.0307 8.5
      vertex 55.6955 -35.0307 0
    endloop
  endfacet
  facet normal -0.904044 0.42744 0
    outer loop
      vertex 55.6955 -35.0307 8.5
      vertex 55.5277 -35.3856 0
      vertex 55.5277 -35.3856 8.5
    endloop
  endfacet
  facet normal -0.85774 0.514084 0
    outer loop
      vertex 55.3259 -35.7223 0
      vertex 55.5277 -35.3856 8.5
      vertex 55.5277 -35.3856 0
    endloop
  endfacet
  facet normal -0.85774 0.514084 0
    outer loop
      vertex 55.5277 -35.3856 8.5
      vertex 55.3259 -35.7223 0
      vertex 55.3259 -35.7223 8.5
    endloop
  endfacet
  facet normal -0.671607 0.740908 0
    outer loop
      vertex 54.8284 -36.3284 0
      vertex 54.5376 -36.592 8.5
      vertex 54.8284 -36.3284 8.5
    endloop
  endfacet
  facet normal -0.671607 0.740908 0
    outer loop
      vertex 54.5376 -36.592 8.5
      vertex 54.8284 -36.3284 0
      vertex 54.5376 -36.592 0
    endloop
  endfacet
  facet normal 0.42744 -0.904044 0
    outer loop
      vertex -53.8856 37.0277 0
      vertex -53.5307 37.1955 8.5
      vertex -53.8856 37.0277 8.5
    endloop
  endfacet
  facet normal 0.42744 -0.904044 0
    outer loop
      vertex -53.5307 37.1955 8.5
      vertex -53.8856 37.0277 0
      vertex -53.5307 37.1955 0
    endloop
  endfacet
  facet normal -0.989176 0.146733 0
    outer loop
      vertex 55.9231 -34.2804 0
      vertex 55.9807 -33.8921 8.5
      vertex 55.9807 -33.8921 0
    endloop
  endfacet
  facet normal -0.989176 0.146733 0
    outer loop
      vertex 55.9807 -33.8921 8.5
      vertex 55.9231 -34.2804 0
      vertex 55.9231 -34.2804 8.5
    endloop
  endfacet
  facet normal -0.970068 0.242835 0
    outer loop
      vertex 55.8278 -34.6611 0
      vertex 55.9231 -34.2804 8.5
      vertex 55.9231 -34.2804 0
    endloop
  endfacet
  facet normal -0.970068 0.242835 0
    outer loop
      vertex 55.9231 -34.2804 8.5
      vertex 55.8278 -34.6611 0
      vertex 55.8278 -34.6611 8.5
    endloop
  endfacet
  facet normal -0.0309042 0.615706 -0.78737
    outer loop
      vertex 47.6073 -37.1365 8.5
      vertex 1.59278 -16.1718 26.7
      vertex 47.6332 -37.1352 8.5
    endloop
  endfacet
  facet normal -0.0302703 0.616547 -0.786736
    outer loop
      vertex 1.59278 -16.1718 26.7
      vertex 47.6073 -37.1365 8.5
      vertex 0 -16.25 26.7
    endloop
  endfacet
  facet normal -0.0302156 0.616622 -0.786679
    outer loop
      vertex 47.6073 -37.1365 8.5
      vertex 47.2216 -37.1554 8.5
      vertex 0 -16.25 26.7
    endloop
  endfacet
  facet normal 0 0.656618 -0.754223
    outer loop
      vertex 0 -16.25 26.7
      vertex 47.2216 -37.1554 8.5
      vertex -47.2216 -37.1554 8.5
    endloop
  endfacet
  facet normal 0.0302156 0.616622 -0.786679
    outer loop
      vertex 0 -16.25 26.7
      vertex -47.2216 -37.1554 8.5
      vertex -47.6073 -37.1365 8.5
    endloop
  endfacet
  facet normal -0.234173 -0.315828 -0.919465
    outer loop
      vertex 13.7193 14.5986 25.1316
      vertex 49.575 36.4324 8.5
      vertex 49.8852 36.2024 8.5
    endloop
  endfacet
  facet normal -0.234774 -0.314953 -0.919612
    outer loop
      vertex 49.575 36.4324 8.5
      vertex 13.7193 14.5986 25.1316
      vertex 13.7073 14.6274 25.1248
    endloop
  endfacet
  facet normal -0.0302155 -0.61662 -0.786681
    outer loop
      vertex 9.82949 20.5624 22.9422
      vertex 47.2216 37.1554 8.5
      vertex 47.6073 37.1365 8.5
    endloop
  endfacet
  facet normal -0.031223 -0.615249 -0.787714
    outer loop
      vertex 47.2216 37.1554 8.5
      vertex 9.82949 20.5624 22.9422
      vertex 9.7931 20.5855 22.9256
    endloop
  endfacet
  facet normal -0.443267 0.0218358 -0.896124
    outer loop
      vertex 51.4203 -32.9568 8.5
      vertex 51.4013 -33.3425 8.5
      vertex 16.25 0 26.7
    endloop
  endfacet
  facet normal 0.3873 0.0972108 -0.916814
    outer loop
      vertex -51.3396 -33.7759 8.5
      vertex -15.5503 -4.71713 26.7
      vertex -51.3333 -33.801 8.5
    endloop
  endfacet
  facet normal 0.387416 0.0970476 -0.916783
    outer loop
      vertex -15.5503 -4.71713 26.7
      vertex -51.3396 -33.7759 8.5
      vertex -15.9378 -3.17022 26.7
    endloop
  endfacet
  facet normal 0.277405 0.251331 -0.927297
    outer loop
      vertex -12.5614 -10.3089 26.7
      vertex -50.2079 -35.9065 8.5
      vertex -50.4672 -35.6203 8.5
    endloop
  endfacet
  facet normal 0.184694 -0.391265 -0.901554
    outer loop
      vertex -12.1023 17.9793 24.2073
      vertex -48.8284 36.8358 8.5
      vertex -12.0816 18.0158 24.1957
    endloop
  endfacet
  facet normal 0.184894 -0.390954 -0.901648
    outer loop
      vertex -48.8284 36.8358 8.5
      vertex -12.1023 17.9793 24.2073
      vertex -49.1775 36.6707 8.5
    endloop
  endfacet
  facet normal -0.459592 -0 -0.88813
    outer loop
      vertex 51.4203 32.9568 8.5
      vertex 51.4203 -32.9568 8.5
      vertex 16.25 0 26.7
    endloop
  endfacet
  facet normal -0.413837 0.0614289 -0.908276
    outer loop
      vertex 15.9378 -3.17022 26.7
      vertex 51.4001 -33.3683 8.5
      vertex 51.3963 -33.3939 8.5
    endloop
  endfacet
  facet normal -0.413862 0.061393 -0.908267
    outer loop
      vertex 51.4001 -33.3683 8.5
      vertex 15.9378 -3.17022 26.7
      vertex 16.1718 -1.59278 26.7
    endloop
  endfacet
  facet normal 0.15577 0.435342 -0.886687
    outer loop
      vertex -6.21861 -15.013 26.7
      vertex -48.4648 -36.9659 8.5
      vertex -48.8284 -36.8358 8.5
    endloop
  endfacet
  facet normal 0.256214 0.282699 -0.924357
    outer loop
      vertex -50.1714 -35.943 8.5
      vertex -11.4905 -11.4905 26.7
      vertex -10.3089 -12.5614 26.7
    endloop
  endfacet
  facet normal 0.256147 0.282798 -0.924345
    outer loop
      vertex -11.4905 -11.4905 26.7
      vertex -50.1714 -35.943 8.5
      vertex -50.1905 -35.9257 8.5
    endloop
  endfacet
  facet normal 0.340626 0.161093 -0.926295
    outer loop
      vertex -15.013 -6.21861 26.7
      vertex -50.9356 -34.9126 8.5
      vertex -51.1007 -34.5635 8.5
    endloop
  endfacet
  facet normal -0.155412 0.435868 -0.886491
    outer loop
      vertex 48.4404 -36.9746 8.5
      vertex 6.21861 -15.013 26.7
      vertex 48.4648 -36.9659 8.5
    endloop
  endfacet
  facet normal -0.15578 0.435327 -0.886692
    outer loop
      vertex 6.21861 -15.013 26.7
      vertex 48.4404 -36.9746 8.5
      vertex 4.71713 -15.5503 26.7
    endloop
  endfacet
  facet normal -0.234553 0.315276 -0.919557
    outer loop
      vertex 49.5543 -36.4478 8.5
      vertex 10.3089 -12.5614 26.7
      vertex 49.575 -36.4324 8.5
    endloop
  endfacet
  facet normal -0.234207 0.31578 -0.919473
    outer loop
      vertex 10.3089 -12.5614 26.7
      vertex 49.5543 -36.4478 8.5
      vertex 9.02802 -13.5114 26.7
    endloop
  endfacet
  facet normal -0.256147 0.282798 -0.924345
    outer loop
      vertex 50.1714 -35.943 8.5
      vertex 11.4905 -11.4905 26.7
      vertex 50.1905 -35.9257 8.5
    endloop
  endfacet
  facet normal -0.256214 0.282699 -0.924357
    outer loop
      vertex 11.4905 -11.4905 26.7
      vertex 50.1714 -35.943 8.5
      vertex 10.3089 -12.5614 26.7
    endloop
  endfacet
  facet normal 0.121827 -0.486376 -0.865215
    outer loop
      vertex -11.2216 19.2747 23.6905
      vertex -48.0407 37.0747 8.5
      vertex -10.9454 19.6004 23.5463
    endloop
  endfacet
  facet normal 0.1218 -0.486416 -0.865196
    outer loop
      vertex -11.4941 18.9144 23.8547
      vertex -48.0407 37.0747 8.5
      vertex -11.2216 19.2747 23.6905
    endloop
  endfacet
  facet normal 0.122012 -0.48611 -0.865338
    outer loop
      vertex -48.0407 37.0747 8.5
      vertex -11.4941 18.9144 23.8547
      vertex -48.0658 37.0684 8.5
    endloop
  endfacet
  facet normal 0.234203 -0.315785 -0.919472
    outer loop
      vertex -13.7073 14.6274 25.1248
      vertex -49.5543 36.4478 8.5
      vertex -13.1877 15.8656 24.8319
    endloop
  endfacet
  facet normal 0.234553 -0.315276 -0.919558
    outer loop
      vertex -49.5543 36.4478 8.5
      vertex -13.7073 14.6274 25.1248
      vertex -49.575 36.4324 8.5
    endloop
  endfacet
  facet normal 0.298163 0.221141 -0.928545
    outer loop
      vertex -50.6973 -35.3102 8.5
      vertex -13.5114 -9.02802 26.7
      vertex -12.5614 -10.3089 26.7
    endloop
  endfacet
  facet normal 0.298343 0.220888 -0.928547
    outer loop
      vertex -13.5114 -9.02802 26.7
      vertex -50.6973 -35.3102 8.5
      vertex -50.7127 -35.2894 8.5
    endloop
  endfacet
  facet normal 0.0809991 0.546031 -0.83384
    outer loop
      vertex -47.6332 -37.1352 8.5
      vertex -3.17022 -15.9378 26.7
      vertex -1.59278 -16.1718 26.7
    endloop
  endfacet
  facet normal 0.0813055 0.545603 -0.834091
    outer loop
      vertex -3.17022 -15.9378 26.7
      vertex -47.6332 -37.1352 8.5
      vertex -47.6587 -37.1314 8.5
    endloop
  endfacet
  facet normal -0.0813053 -0.545602 -0.834091
    outer loop
      vertex 10.9168 19.6281 23.5309
      vertex 47.6332 37.1352 8.5
      vertex 47.6587 37.1314 8.5
    endloop
  endfacet
  facet normal -0.0810133 -0.546009 -0.833853
    outer loop
      vertex 47.6332 37.1352 8.5
      vertex 10.9168 19.6281 23.5309
      vertex 10.362 20.1646 23.2335
    endloop
  endfacet
  facet normal -0.337772 -0.164962 -0.926659
    outer loop
      vertex 15.8418 6.88058 26.2801
      vertex 51.1007 34.5635 8.5
      vertex 15.8435 6.87092 26.2812
    endloop
  endfacet
  facet normal -0.340626 -0.161093 -0.926295
    outer loop
      vertex 51.1007 34.5635 8.5
      vertex 15.8418 6.88058 26.2801
      vertex 50.9356 34.9126 8.5
    endloop
  endfacet
  facet normal -0.15577 0.435342 -0.886687
    outer loop
      vertex 48.8284 -36.8358 8.5
      vertex 48.4648 -36.9659 8.5
      vertex 6.21861 -15.013 26.7
    endloop
  endfacet
  facet normal -0.234174 0.315829 -0.919464
    outer loop
      vertex 49.8852 -36.2024 8.5
      vertex 49.575 -36.4324 8.5
      vertex 10.3089 -12.5614 26.7
    endloop
  endfacet
  facet normal -0.184894 0.390954 -0.901648
    outer loop
      vertex 49.1775 -36.6707 8.5
      vertex 48.8284 -36.8358 8.5
      vertex 6.21861 -15.013 26.7
    endloop
  endfacet
  facet normal -0.319047 -0.19133 -0.928225
    outer loop
      vertex 15.507 8.55208 26.112
      vertex 50.9245 34.936 8.5
      vertex 15.51 8.53883 26.1137
    endloop
  endfacet
  facet normal -0.319105 -0.191251 -0.928222
    outer loop
      vertex 50.9245 34.936 8.5
      vertex 15.507 8.55208 26.112
      vertex 50.726 35.2672 8.5
    endloop
  endfacet
  facet normal 0.18488 -0.390976 -0.901641
    outer loop
      vertex -12.6128 17.0825 24.4915
      vertex -49.1775 36.6707 8.5
      vertex -12.1023 17.9793 24.2073
    endloop
  endfacet
  facet normal 0.184913 -0.390926 -0.901656
    outer loop
      vertex -12.6507 17.0136 24.5136
      vertex -49.1775 36.6707 8.5
      vertex -12.6128 17.0825 24.4915
    endloop
  endfacet
  facet normal 0.185221 -0.390466 -0.901793
    outer loop
      vertex -49.1775 36.6707 8.5
      vertex -12.6507 17.0136 24.5136
      vertex -49.2009 36.6596 8.5
    endloop
  endfacet
  facet normal 0.443267 -0.0218358 -0.896124
    outer loop
      vertex -51.4013 33.3425 8.5
      vertex -16.25 0 26.7
      vertex -51.4203 32.9568 8.5
    endloop
  endfacet
  facet normal 0.234207 0.31578 -0.919473
    outer loop
      vertex -49.5543 -36.4478 8.5
      vertex -10.3089 -12.5614 26.7
      vertex -9.02802 -13.5114 26.7
    endloop
  endfacet
  facet normal 0.234553 0.315276 -0.919557
    outer loop
      vertex -10.3089 -12.5614 26.7
      vertex -49.5543 -36.4478 8.5
      vertex -49.575 -36.4324 8.5
    endloop
  endfacet
  facet normal 0.15578 0.435327 -0.886692
    outer loop
      vertex -48.4404 -36.9746 8.5
      vertex -6.21861 -15.013 26.7
      vertex -4.71713 -15.5503 26.7
    endloop
  endfacet
  facet normal 0.155412 0.435868 -0.886491
    outer loop
      vertex -6.21861 -15.013 26.7
      vertex -48.4404 -36.9746 8.5
      vertex -48.4648 -36.9659 8.5
    endloop
  endfacet
  facet normal 0.0302703 0.616547 -0.786736
    outer loop
      vertex -47.6073 -37.1365 8.5
      vertex -1.59278 -16.1718 26.7
      vertex 0 -16.25 26.7
    endloop
  endfacet
  facet normal 0.0309042 0.615706 -0.78737
    outer loop
      vertex -1.59278 -16.1718 26.7
      vertex -47.6073 -37.1365 8.5
      vertex -47.6332 -37.1352 8.5
    endloop
  endfacet
  facet normal 0.121799 0.486416 -0.865196
    outer loop
      vertex -4.71713 -15.5503 26.7
      vertex -48.0658 -37.0684 8.5
      vertex -48.4404 -36.9746 8.5
    endloop
  endfacet
  facet normal 7.03911e-06 -0.656628 -0.754215
    outer loop
      vertex 8.49579 21.2719 22.328
      vertex 47.2216 37.1554 8.5
      vertex 9.7931 20.5855 22.9256
    endloop
  endfacet
  facet normal 0.000117131 -0.656781 -0.754082
    outer loop
      vertex 8.35039 21.3488 22.261
      vertex 47.2216 37.1554 8.5
      vertex 8.49579 21.2719 22.328
    endloop
  endfacet
  facet normal -0.000253458 -0.656262 -0.754533
    outer loop
      vertex 8.27917 21.3824 22.2318
      vertex 47.2216 37.1554 8.5
      vertex 8.35039 21.3488 22.261
    endloop
  endfacet
  facet normal 2.81857e-05 -0.656658 -0.754189
    outer loop
      vertex 8.12615 21.4474 22.1752
      vertex 47.2216 37.1554 8.5
      vertex 8.27917 21.3824 22.2318
    endloop
  endfacet
  facet normal 8.31454e-06 -0.65663 -0.754213
    outer loop
      vertex 6.66573 22.0612 21.6408
      vertex 47.2216 37.1554 8.5
      vertex 8.12615 21.4474 22.1752
    endloop
  endfacet
  facet normal -0.000223472 -0.656275 -0.754521
    outer loop
      vertex 6.50422 22.1192 21.5904
      vertex 47.2216 37.1554 8.5
      vertex 6.66573 22.0612 21.6408
    endloop
  endfacet
  facet normal 1.49606e-05 -0.656643 -0.754202
    outer loop
      vertex 5.00702 22.5825 21.187
      vertex 47.2216 37.1554 8.5
      vertex 6.50422 22.1192 21.5904
    endloop
  endfacet
  facet normal 0.000109905 -0.656799 -0.754066
    outer loop
      vertex 4.84466 22.6323 21.1436
      vertex 47.2216 37.1554 8.5
      vertex 5.00702 22.5825 21.187
    endloop
  endfacet
  facet normal -9.27477e-05 -0.656463 -0.754358
    outer loop
      vertex 4.68403 22.6753 21.1062
      vertex 47.2216 37.1554 8.5
      vertex 4.84466 22.6323 21.1436
    endloop
  endfacet
  facet normal 3.34997e-06 -0.656623 -0.754219
    outer loop
      vertex 4.52543 22.7124 21.0739
      vertex 47.2216 37.1554 8.5
      vertex 4.68403 22.6753 21.1062
    endloop
  endfacet
  facet normal 4.60804e-05 -0.656695 -0.754156
    outer loop
      vertex 4.36892 22.7442 21.0462
      vertex 47.2216 37.1554 8.5
      vertex 4.52543 22.7124 21.0739
    endloop
  endfacet
  facet normal -4.41653e-06 -0.65661 -0.75423
    outer loop
      vertex 2.87955 23.03 20.7974
      vertex 47.2216 37.1554 8.5
      vertex 4.36892 22.7442 21.0462
    endloop
  endfacet
  facet normal -6.02051e-05 -0.65651 -0.754317
    outer loop
      vertex 2.72832 23.0569 20.774
      vertex 47.2216 37.1554 8.5
      vertex 2.87955 23.03 20.7974
    endloop
  endfacet
  facet normal -0.000124806 -0.656394 -0.754418
    outer loop
      vertex 2.58002 23.0798 20.7541
      vertex 47.2216 37.1554 8.5
      vertex 2.72832 23.0569 20.774
    endloop
  endfacet
  facet normal 0.000355399 -0.65726 -0.753664
    outer loop
      vertex 2.4343 23.0991 20.7372
      vertex 47.2216 37.1554 8.5
      vertex 2.58002 23.0798 20.7541
    endloop
  endfacet
  facet normal -0.000400285 -0.655891 -0.754856
    outer loop
      vertex 2.29079 23.1153 20.7232
      vertex 47.2216 37.1554 8.5
      vertex 2.4343 23.0991 20.7372
    endloop
  endfacet
  facet normal 0.000443225 -0.657426 -0.753519
    outer loop
      vertex 2.14911 23.1285 20.7116
      vertex 47.2216 37.1554 8.5
      vertex 2.29079 23.1153 20.7232
    endloop
  endfacet
  facet normal -0.000122026 -0.656393 -0.754419
    outer loop
      vertex 2.00886 23.1391 20.7024
      vertex 47.2216 37.1554 8.5
      vertex 2.14911 23.1285 20.7116
    endloop
  endfacet
  facet normal -9.25807e-07 -0.656615 -0.754226
    outer loop
      vertex 0.545135 23.2349 20.619
      vertex 47.2216 37.1554 8.5
      vertex 2.00886 23.1391 20.7024
    endloop
  endfacet
  facet normal -0.000296688 -0.656051 -0.754716
    outer loop
      vertex 0.407395 23.2429 20.6121
      vertex 47.2216 37.1554 8.5
      vertex 0.545135 23.2349 20.619
    endloop
  endfacet
  facet normal 0.000119848 -0.656849 -0.754022
    outer loop
      vertex 0.270906 23.2485 20.6072
      vertex 47.2216 37.1554 8.5
      vertex 0.407395 23.2429 20.6121
    endloop
  endfacet
  facet normal 0.000138958 -0.656885 -0.753991
    outer loop
      vertex 0.135246 23.2518 20.6043
      vertex 47.2216 37.1554 8.5
      vertex 0.270906 23.2485 20.6072
    endloop
  endfacet
  facet normal 0.000229745 -0.65706 -0.753838
    outer loop
      vertex 0 23.2529 20.6033
      vertex 47.2216 37.1554 8.5
      vertex 0.135246 23.2518 20.6043
    endloop
  endfacet
  facet normal -0.000243055 -0.656147 -0.754633
    outer loop
      vertex -0.135246 23.2518 20.6043
      vertex 47.2216 37.1554 8.5
      vertex 0 23.2529 20.6033
    endloop
  endfacet
  facet normal -0.000138958 -0.656885 -0.753991
    outer loop
      vertex -47.2216 37.1554 8.5
      vertex -0.135246 23.2518 20.6043
      vertex -0.270906 23.2485 20.6072
    endloop
  endfacet
  facet normal -0.000119848 -0.656849 -0.754022
    outer loop
      vertex -47.2216 37.1554 8.5
      vertex -0.270906 23.2485 20.6072
      vertex -0.407395 23.2429 20.6121
    endloop
  endfacet
  facet normal 0.000296688 -0.656051 -0.754716
    outer loop
      vertex -47.2216 37.1554 8.5
      vertex -0.407395 23.2429 20.6121
      vertex -0.545135 23.2349 20.619
    endloop
  endfacet
  facet normal 9.25807e-07 -0.656615 -0.754226
    outer loop
      vertex -47.2216 37.1554 8.5
      vertex -0.545135 23.2349 20.619
      vertex -2.00886 23.1391 20.7024
    endloop
  endfacet
  facet normal 0.000122026 -0.656393 -0.754419
    outer loop
      vertex -47.2216 37.1554 8.5
      vertex -2.00886 23.1391 20.7024
      vertex -2.14911 23.1285 20.7116
    endloop
  endfacet
  facet normal -0.000443225 -0.657426 -0.753519
    outer loop
      vertex -47.2216 37.1554 8.5
      vertex -2.14911 23.1285 20.7116
      vertex -2.29079 23.1153 20.7232
    endloop
  endfacet
  facet normal 0.000400285 -0.655891 -0.754856
    outer loop
      vertex -47.2216 37.1554 8.5
      vertex -2.29079 23.1153 20.7232
      vertex -2.4343 23.0991 20.7372
    endloop
  endfacet
  facet normal -0.000355399 -0.65726 -0.753664
    outer loop
      vertex -47.2216 37.1554 8.5
      vertex -2.4343 23.0991 20.7372
      vertex -2.58002 23.0798 20.7541
    endloop
  endfacet
  facet normal 0.000124806 -0.656394 -0.754418
    outer loop
      vertex -47.2216 37.1554 8.5
      vertex -2.58002 23.0798 20.7541
      vertex -2.72832 23.0569 20.774
    endloop
  endfacet
  facet normal 6.02051e-05 -0.65651 -0.754317
    outer loop
      vertex -47.2216 37.1554 8.5
      vertex -2.72832 23.0569 20.774
      vertex -2.87955 23.03 20.7974
    endloop
  endfacet
  facet normal 4.41653e-06 -0.65661 -0.75423
    outer loop
      vertex -47.2216 37.1554 8.5
      vertex -2.87955 23.03 20.7974
      vertex -4.36892 22.7442 21.0462
    endloop
  endfacet
  facet normal -4.60804e-05 -0.656695 -0.754156
    outer loop
      vertex -47.2216 37.1554 8.5
      vertex -4.36892 22.7442 21.0462
      vertex -4.52543 22.7124 21.0739
    endloop
  endfacet
  facet normal -3.34997e-06 -0.656623 -0.754219
    outer loop
      vertex -47.2216 37.1554 8.5
      vertex -4.52543 22.7124 21.0739
      vertex -4.68403 22.6753 21.1062
    endloop
  endfacet
  facet normal 9.27477e-05 -0.656463 -0.754358
    outer loop
      vertex -47.2216 37.1554 8.5
      vertex -4.68403 22.6753 21.1062
      vertex -4.84466 22.6323 21.1436
    endloop
  endfacet
  facet normal 0 -0.656618 -0.754224
    outer loop
      vertex -0.135246 23.2518 20.6043
      vertex -47.2216 37.1554 8.5
      vertex 47.2216 37.1554 8.5
    endloop
  endfacet
  facet normal -0.000109905 -0.656799 -0.754066
    outer loop
      vertex -5.00702 22.5825 21.187
      vertex -47.2216 37.1554 8.5
      vertex -4.84466 22.6323 21.1436
    endloop
  endfacet
  facet normal -1.49606e-05 -0.656643 -0.754202
    outer loop
      vertex -6.50422 22.1192 21.5904
      vertex -47.2216 37.1554 8.5
      vertex -5.00702 22.5825 21.187
    endloop
  endfacet
  facet normal 0.000223472 -0.656275 -0.754521
    outer loop
      vertex -6.66573 22.0612 21.6408
      vertex -47.2216 37.1554 8.5
      vertex -6.50422 22.1192 21.5904
    endloop
  endfacet
  facet normal -8.31454e-06 -0.65663 -0.754213
    outer loop
      vertex -8.12615 21.4474 22.1752
      vertex -47.2216 37.1554 8.5
      vertex -6.66573 22.0612 21.6408
    endloop
  endfacet
  facet normal -2.81857e-05 -0.656658 -0.754189
    outer loop
      vertex -8.27917 21.3824 22.2318
      vertex -47.2216 37.1554 8.5
      vertex -8.12615 21.4474 22.1752
    endloop
  endfacet
  facet normal 0.000253458 -0.656262 -0.754533
    outer loop
      vertex -8.35039 21.3488 22.261
      vertex -47.2216 37.1554 8.5
      vertex -8.27917 21.3824 22.2318
    endloop
  endfacet
  facet normal -0.000117131 -0.656781 -0.754082
    outer loop
      vertex -8.49579 21.2719 22.328
      vertex -47.2216 37.1554 8.5
      vertex -8.35039 21.3488 22.261
    endloop
  endfacet
  facet normal -7.03911e-06 -0.656628 -0.754215
    outer loop
      vertex -47.2216 37.1554 8.5
      vertex -8.49579 21.2719 22.328
      vertex -9.7931 20.5855 22.9256
    endloop
  endfacet
  facet normal 0.0805897 -0.546601 -0.833506
    outer loop
      vertex -10.9454 19.6004 23.5463
      vertex -47.6587 37.1314 8.5
      vertex -10.9168 19.6281 23.5309
    endloop
  endfacet
  facet normal 0.0810388 -0.545975 -0.833873
    outer loop
      vertex -47.6587 37.1314 8.5
      vertex -10.9454 19.6004 23.5463
      vertex -48.0407 37.0747 8.5
    endloop
  endfacet
  facet normal -0.277334 -0.251433 -0.92729
    outer loop
      vertex 14.2204 13.2142 25.4161
      vertex 50.2079 35.9065 8.5
      vertex 14.6898 11.756 25.6711
    endloop
  endfacet
  facet normal -0.277375 -0.251371 -0.927295
    outer loop
      vertex 50.2079 35.9065 8.5
      vertex 14.2204 13.2142 25.4161
      vertex 50.1905 35.9257 8.5
    endloop
  endfacet
  facet normal -0.413839 0.0614258 -0.908275
    outer loop
      vertex 51.3963 -33.3939 8.5
      vertex 51.3396 -33.7759 8.5
      vertex 15.9378 -3.17022 26.7
    endloop
  endfacet
  facet normal -0.363169 0.130024 -0.922606
    outer loop
      vertex 15.013 -6.21861 26.7
      vertex 51.2395 -34.1756 8.5
      vertex 51.2308 -34.1999 8.5
    endloop
  endfacet
  facet normal -0.363206 0.129972 -0.922599
    outer loop
      vertex 51.2395 -34.1756 8.5
      vertex 15.013 -6.21861 26.7
      vertex 15.5503 -4.71713 26.7
    endloop
  endfacet
  facet normal -0.340626 0.161093 -0.926295
    outer loop
      vertex 51.1007 -34.5635 8.5
      vertex 50.9356 -34.9126 8.5
      vertex 15.013 -6.21861 26.7
    endloop
  endfacet
  facet normal -0.319105 0.191251 -0.928221
    outer loop
      vertex 50.9245 -34.936 8.5
      vertex 50.726 -35.2672 8.5
      vertex 14.3312 -7.6602 26.7
    endloop
  endfacet
  facet normal -0.298343 0.220888 -0.928547
    outer loop
      vertex 50.6973 -35.3102 8.5
      vertex 13.5114 -9.02802 26.7
      vertex 50.7127 -35.2894 8.5
    endloop
  endfacet
  facet normal -0.298163 0.221141 -0.928545
    outer loop
      vertex 13.5114 -9.02802 26.7
      vertex 50.6973 -35.3102 8.5
      vertex 12.5614 -10.3089 26.7
    endloop
  endfacet
  facet normal -0.363213 0.129962 -0.922598
    outer loop
      vertex 51.2308 -34.1999 8.5
      vertex 51.1007 -34.5635 8.5
      vertex 15.013 -6.21861 26.7
    endloop
  endfacet
  facet normal -0.277376 0.251372 -0.927294
    outer loop
      vertex 50.1905 -35.9257 8.5
      vertex 12.5614 -10.3089 26.7
      vertex 50.2079 -35.9065 8.5
    endloop
  endfacet
  facet normal -0.277368 0.251383 -0.927294
    outer loop
      vertex 12.5614 -10.3089 26.7
      vertex 50.1905 -35.9257 8.5
      vertex 11.4905 -11.4905 26.7
    endloop
  endfacet
  facet normal -0.210687 0.351535 -0.912159
    outer loop
      vertex 49.5321 -36.4611 8.5
      vertex 49.2009 -36.6596 8.5
      vertex 7.6602 -14.3312 26.7
    endloop
  endfacet
  facet normal -0.256219 0.282691 -0.924358
    outer loop
      vertex 50.1714 -35.943 8.5
      vertex 49.8852 -36.2024 8.5
      vertex 10.3089 -12.5614 26.7
    endloop
  endfacet
  facet normal -0.389732 -0.0937961 -0.916139
    outer loop
      vertex 16.0982 5.16936 26.4206
      vertex 51.3333 33.801 8.5
      vertex 16.0988 5.16296 26.421
    endloop
  endfacet
  facet normal -0.38744 -0.0970151 -0.916776
    outer loop
      vertex 51.3333 33.801 8.5
      vertex 16.0982 5.16936 26.4206
      vertex 51.2395 34.1756 8.5
    endloop
  endfacet
  facet normal -0.387463 -0.0969853 -0.916769
    outer loop
      vertex 16.1718 4.28744 26.4829
      vertex 51.3396 33.7759 8.5
      vertex 16.2239 3.41761 26.5529
    endloop
  endfacet
  facet normal -0.387283 -0.0972301 -0.916819
    outer loop
      vertex 16.143 4.72464 26.4487
      vertex 51.3396 33.7759 8.5
      vertex 16.1718 4.28744 26.4829
    endloop
  endfacet
  facet normal -0.387445 -0.0970062 -0.916775
    outer loop
      vertex 16.0988 5.16296 26.421
      vertex 51.3396 33.7759 8.5
      vertex 16.143 4.72464 26.4487
    endloop
  endfacet
  facet normal -0.3873 -0.0972107 -0.916815
    outer loop
      vertex 51.3396 33.7759 8.5
      vertex 16.0988 5.16296 26.421
      vertex 51.3333 33.801 8.5
    endloop
  endfacet
  facet normal -0.298174 -0.221126 -0.928545
    outer loop
      vertex 14.7606 11.5171 25.7061
      vertex 50.7127 35.2894 8.5
      vertex 15.1266 10.1682 25.9098
    endloop
  endfacet
  facet normal -0.297993 -0.221395 -0.928539
    outer loop
      vertex 14.703 11.7129 25.6779
      vertex 50.7127 35.2894 8.5
      vertex 14.7606 11.5171 25.7061
    endloop
  endfacet
  facet normal -0.298334 -0.220882 -0.928551
    outer loop
      vertex 50.7127 35.2894 8.5
      vertex 14.703 11.7129 25.6779
      vertex 50.6973 35.3102 8.5
    endloop
  endfacet
  facet normal 0.299033 -0.219835 -0.928575
    outer loop
      vertex -50.6973 35.3102 8.5
      vertex -14.6966 11.7347 25.6748
      vertex -14.703 11.7129 25.6779
    endloop
  endfacet
  facet normal 0.298117 -0.221209 -0.928543
    outer loop
      vertex -14.6966 11.7347 25.6748
      vertex -50.6973 35.3102 8.5
      vertex -50.4672 35.6203 8.5
    endloop
  endfacet
  facet normal 0.256219 0.282691 -0.924358
    outer loop
      vertex -10.3089 -12.5614 26.7
      vertex -49.8852 -36.2024 8.5
      vertex -50.1714 -35.943 8.5
    endloop
  endfacet
  facet normal 0.210689 0.351531 -0.91216
    outer loop
      vertex -49.5321 -36.4611 8.5
      vertex -9.02802 -13.5114 26.7
      vertex -7.6602 -14.3312 26.7
    endloop
  endfacet
  facet normal 0.210643 0.3516 -0.912144
    outer loop
      vertex -9.02802 -13.5114 26.7
      vertex -49.5321 -36.4611 8.5
      vertex -49.5543 -36.4478 8.5
    endloop
  endfacet
  facet normal 0.277368 0.251383 -0.927294
    outer loop
      vertex -50.1905 -35.9257 8.5
      vertex -12.5614 -10.3089 26.7
      vertex -11.4905 -11.4905 26.7
    endloop
  endfacet
  facet normal 0.277376 0.251372 -0.927294
    outer loop
      vertex -12.5614 -10.3089 26.7
      vertex -50.1905 -35.9257 8.5
      vertex -50.2079 -35.9065 8.5
    endloop
  endfacet
  facet normal 0.459592 0 -0.88813
    outer loop
      vertex -51.4203 32.9568 8.5
      vertex -16.25 0 26.7
      vertex -51.4203 -32.9568 8.5
    endloop
  endfacet
  facet normal -0.185221 -0.390466 -0.901793
    outer loop
      vertex 12.6507 17.0136 24.5136
      vertex 49.1775 36.6707 8.5
      vertex 49.2009 36.6596 8.5
    endloop
  endfacet
  facet normal -0.184913 -0.390926 -0.901656
    outer loop
      vertex 12.6128 17.0825 24.4915
      vertex 49.1775 36.6707 8.5
      vertex 12.6507 17.0136 24.5136
    endloop
  endfacet
  facet normal -0.18488 -0.390976 -0.901641
    outer loop
      vertex 49.1775 36.6707 8.5
      vertex 12.6128 17.0825 24.4915
      vertex 12.1023 17.9793 24.2073
    endloop
  endfacet
  facet normal -0.210643 -0.351599 -0.912144
    outer loop
      vertex 13.1877 15.8656 24.8319
      vertex 49.5321 36.4611 8.5
      vertex 49.5543 36.4478 8.5
    endloop
  endfacet
  facet normal -0.210729 -0.351471 -0.912174
    outer loop
      vertex 12.7126 16.887 24.5481
      vertex 49.5321 36.4611 8.5
      vertex 13.1877 15.8656 24.8319
    endloop
  endfacet
  facet normal -0.21065 -0.351595 -0.912145
    outer loop
      vertex 49.5321 36.4611 8.5
      vertex 12.7126 16.887 24.5481
      vertex 12.6681 16.978 24.5233
    endloop
  endfacet
  facet normal -0.122012 -0.48611 -0.865338
    outer loop
      vertex 11.4941 18.9144 23.8547
      vertex 48.0407 37.0747 8.5
      vertex 48.0658 37.0684 8.5
    endloop
  endfacet
  facet normal -0.1218 -0.486416 -0.865196
    outer loop
      vertex 11.2216 19.2747 23.6905
      vertex 48.0407 37.0747 8.5
      vertex 11.4941 18.9144 23.8547
    endloop
  endfacet
  facet normal -0.121827 -0.486376 -0.865215
    outer loop
      vertex 48.0407 37.0747 8.5
      vertex 11.2216 19.2747 23.6905
      vertex 10.9454 19.6004 23.5463
    endloop
  endfacet
  facet normal -0.121799 -0.486416 -0.865196
    outer loop
      vertex 11.5181 18.8827 23.8691
      vertex 48.0658 37.0684 8.5
      vertex 48.4404 36.9746 8.5
    endloop
  endfacet
  facet normal -0.12227 -0.485736 -0.865512
    outer loop
      vertex 48.0658 37.0684 8.5
      vertex 11.5181 18.8827 23.8691
      vertex 11.4941 18.9144 23.8547
    endloop
  endfacet
  facet normal -0.155412 -0.435869 -0.88649
    outer loop
      vertex 12.0602 18.0486 24.1834
      vertex 48.4404 36.9746 8.5
      vertex 48.4648 36.9659 8.5
    endloop
  endfacet
  facet normal -0.155766 -0.43535 -0.886684
    outer loop
      vertex 48.4404 36.9746 8.5
      vertex 12.0602 18.0486 24.1834
      vertex 11.5181 18.8827 23.8691
    endloop
  endfacet
  facet normal 0.12227 -0.485736 -0.865512
    outer loop
      vertex -11.5181 18.8827 23.8691
      vertex -48.0658 37.0684 8.5
      vertex -11.4941 18.9144 23.8547
    endloop
  endfacet
  facet normal 0.121799 -0.486416 -0.865196
    outer loop
      vertex -48.0658 37.0684 8.5
      vertex -11.5181 18.8827 23.8691
      vertex -48.4404 36.9746 8.5
    endloop
  endfacet
  facet normal -0.444127 0.020657 -0.895726
    outer loop
      vertex 16.1718 -1.59278 26.7
      vertex 51.4013 -33.3425 8.5
      vertex 51.4001 -33.3683 8.5
    endloop
  endfacet
  facet normal -0.44332 0.0217655 -0.896099
    outer loop
      vertex 51.4013 -33.3425 8.5
      vertex 16.1718 -1.59278 26.7
      vertex 16.25 0 26.7
    endloop
  endfacet
  facet normal -0.122011 0.486109 -0.865339
    outer loop
      vertex 48.0407 -37.0747 8.5
      vertex 4.71713 -15.5503 26.7
      vertex 48.0658 -37.0684 8.5
    endloop
  endfacet
  facet normal -0.121834 0.486365 -0.86522
    outer loop
      vertex 4.71713 -15.5503 26.7
      vertex 48.0407 -37.0747 8.5
      vertex 3.17022 -15.9378 26.7
    endloop
  endfacet
  facet normal -0.121799 0.486416 -0.865196
    outer loop
      vertex 48.4404 -36.9746 8.5
      vertex 48.0658 -37.0684 8.5
      vertex 4.71713 -15.5503 26.7
    endloop
  endfacet
  facet normal -0.319142 0.191198 -0.92822
    outer loop
      vertex 13.5114 -9.02802 26.7
      vertex 50.726 -35.2672 8.5
      vertex 50.7127 -35.2894 8.5
    endloop
  endfacet
  facet normal -0.319103 0.191254 -0.928222
    outer loop
      vertex 50.726 -35.2672 8.5
      vertex 13.5114 -9.02802 26.7
      vertex 14.3312 -7.6602 26.7
    endloop
  endfacet
  facet normal -0.34037 0.161457 -0.926326
    outer loop
      vertex 14.3312 -7.6602 26.7
      vertex 50.9356 -34.9126 8.5
      vertex 50.9245 -34.936 8.5
    endloop
  endfacet
  facet normal -0.340623 0.161097 -0.926296
    outer loop
      vertex 50.9356 -34.9126 8.5
      vertex 14.3312 -7.6602 26.7
      vertex 15.013 -6.21861 26.7
    endloop
  endfacet
  facet normal -0.38744 0.0970151 -0.916776
    outer loop
      vertex 51.3333 -33.801 8.5
      vertex 51.2395 -34.1756 8.5
      vertex 15.5503 -4.71713 26.7
    endloop
  endfacet
  facet normal -0.3873 0.0972108 -0.916814
    outer loop
      vertex 15.5503 -4.71713 26.7
      vertex 51.3396 -33.7759 8.5
      vertex 51.3333 -33.801 8.5
    endloop
  endfacet
  facet normal -0.387416 0.0970476 -0.916783
    outer loop
      vertex 51.3396 -33.7759 8.5
      vertex 15.5503 -4.71713 26.7
      vertex 15.9378 -3.17022 26.7
    endloop
  endfacet
  facet normal -0.210643 0.3516 -0.912144
    outer loop
      vertex 49.5321 -36.4611 8.5
      vertex 9.02802 -13.5114 26.7
      vertex 49.5543 -36.4478 8.5
    endloop
  endfacet
  facet normal -0.210689 0.351531 -0.91216
    outer loop
      vertex 9.02802 -13.5114 26.7
      vertex 49.5321 -36.4611 8.5
      vertex 7.6602 -14.3312 26.7
    endloop
  endfacet
  facet normal -0.413819 -0.0614497 -0.908283
    outer loop
      vertex 16.25 2.70837 26.5889
      vertex 51.4001 33.3683 8.5
      vertex 16.25 1.66336 26.6596
    endloop
  endfacet
  facet normal -0.413939 -0.0612867 -0.908239
    outer loop
      vertex 16.241 3.10556 26.5662
      vertex 51.4001 33.3683 8.5
      vertex 16.25 2.70837 26.5889
    endloop
  endfacet
  facet normal -0.413793 -0.0614879 -0.908292
    outer loop
      vertex 16.2241 3.41428 26.553
      vertex 51.4001 33.3683 8.5
      vertex 16.241 3.10556 26.5662
    endloop
  endfacet
  facet normal -0.413836 -0.0614287 -0.908277
    outer loop
      vertex 51.4001 33.3683 8.5
      vertex 16.2241 3.41428 26.553
      vertex 51.3963 33.3939 8.5
    endloop
  endfacet
  facet normal -0.443321 -0.0217646 -0.896099
    outer loop
      vertex 16.25 1.66336 26.6596
      vertex 51.4013 33.3425 8.5
      vertex 16.25 0 26.7
    endloop
  endfacet
  facet normal -0.444127 -0.020657 -0.895726
    outer loop
      vertex 51.4013 33.3425 8.5
      vertex 16.25 1.66336 26.6596
      vertex 51.4001 33.3683 8.5
    endloop
  endfacet
  facet normal -0.443267 -0.0218358 -0.896124
    outer loop
      vertex 51.4013 33.3425 8.5
      vertex 51.4203 32.9568 8.5
      vertex 16.25 0 26.7
    endloop
  endfacet
  facet normal -0.363275 -0.12988 -0.922585
    outer loop
      vertex 16.0808 5.32813 26.4051
      vertex 51.2395 34.1756 8.5
      vertex 16.0982 5.16936 26.4206
    endloop
  endfacet
  facet normal -0.363195 -0.129987 -0.922601
    outer loop
      vertex 15.965 6.14639 26.3354
      vertex 51.2395 34.1756 8.5
      vertex 16.0808 5.32813 26.4051
    endloop
  endfacet
  facet normal -0.363236 -0.129931 -0.922593
    outer loop
      vertex 15.8451 6.86147 26.2819
      vertex 51.2395 34.1756 8.5
      vertex 15.965 6.14639 26.3354
    endloop
  endfacet
  facet normal -0.36317 -0.130024 -0.922606
    outer loop
      vertex 51.2395 34.1756 8.5
      vertex 15.8451 6.86147 26.2819
      vertex 51.2308 34.1999 8.5
    endloop
  endfacet
  facet normal -0.363293 -0.129849 -0.922582
    outer loop
      vertex 15.8435 6.87092 26.2812
      vertex 51.2308 34.1999 8.5
      vertex 15.8451 6.86147 26.2819
    endloop
  endfacet
  facet normal -0.363214 -0.129962 -0.922597
    outer loop
      vertex 51.2308 34.1999 8.5
      vertex 15.8435 6.87092 26.2812
      vertex 51.1007 34.5635 8.5
    endloop
  endfacet
  facet normal -0.299033 -0.219835 -0.928575
    outer loop
      vertex 14.6966 11.7347 25.6748
      vertex 50.6973 35.3102 8.5
      vertex 14.703 11.7129 25.6779
    endloop
  endfacet
  facet normal -0.298117 -0.221209 -0.928543
    outer loop
      vertex 50.6973 35.3102 8.5
      vertex 14.6966 11.7347 25.6748
      vertex 50.4672 35.6203 8.5
    endloop
  endfacet
  facet normal -0.319118 -0.191233 -0.928221
    outer loop
      vertex 15.3938 9.05454 26.0474
      vertex 50.726 35.2672 8.5
      vertex 15.507 8.55208 26.112
    endloop
  endfacet
  facet normal -0.319062 -0.191311 -0.928224
    outer loop
      vertex 15.2986 9.47677 25.9931
      vertex 50.726 35.2672 8.5
      vertex 15.3938 9.05454 26.0474
    endloop
  endfacet
  facet normal -0.31913 -0.191214 -0.92822
    outer loop
      vertex 15.1266 10.1682 25.9098
      vertex 50.726 35.2672 8.5
      vertex 15.2986 9.47677 25.9931
    endloop
  endfacet
  facet normal -0.319142 -0.191198 -0.92822
    outer loop
      vertex 50.726 35.2672 8.5
      vertex 15.1266 10.1682 25.9098
      vertex 50.7127 35.2894 8.5
    endloop
  endfacet
  facet normal -0.27836 -0.249961 -0.927381
    outer loop
      vertex 14.6898 11.756 25.6711
      vertex 50.4672 35.6203 8.5
      vertex 14.6966 11.7347 25.6748
    endloop
  endfacet
  facet normal -0.277405 -0.251332 -0.927296
    outer loop
      vertex 50.4672 35.6203 8.5
      vertex 14.6898 11.756 25.6711
      vertex 50.2079 35.9065 8.5
    endloop
  endfacet
  facet normal 0.277334 -0.251433 -0.92729
    outer loop
      vertex -50.2079 35.9065 8.5
      vertex -14.2204 13.2142 25.4161
      vertex -14.6898 11.756 25.6711
    endloop
  endfacet
  facet normal 0.277375 -0.251371 -0.927295
    outer loop
      vertex -14.2204 13.2142 25.4161
      vertex -50.2079 35.9065 8.5
      vertex -50.1905 35.9257 8.5
    endloop
  endfacet
  facet normal 0.420265 -0.0524449 -0.905884
    outer loop
      vertex -51.3963 33.3939 8.5
      vertex -16.2239 3.41761 26.5529
      vertex -16.2241 3.41428 26.553
    endloop
  endfacet
  facet normal 0.413838 -0.0614258 -0.908276
    outer loop
      vertex -16.2239 3.41761 26.5529
      vertex -51.3963 33.3939 8.5
      vertex -51.3396 33.7759 8.5
    endloop
  endfacet
  facet normal 0.443321 -0.0217646 -0.896099
    outer loop
      vertex -51.4013 33.3425 8.5
      vertex -16.25 1.66336 26.6596
      vertex -16.25 0 26.7
    endloop
  endfacet
  facet normal 0.444127 -0.020657 -0.895726
    outer loop
      vertex -16.25 1.66336 26.6596
      vertex -51.4013 33.3425 8.5
      vertex -51.4001 33.3683 8.5
    endloop
  endfacet
  facet normal 0.363236 -0.129931 -0.922593
    outer loop
      vertex -51.2395 34.1756 8.5
      vertex -15.8451 6.86147 26.2819
      vertex -15.965 6.14639 26.3354
    endloop
  endfacet
  facet normal 0.363195 -0.129987 -0.922601
    outer loop
      vertex -51.2395 34.1756 8.5
      vertex -15.965 6.14639 26.3354
      vertex -16.0808 5.32813 26.4051
    endloop
  endfacet
  facet normal 0.363275 -0.12988 -0.922585
    outer loop
      vertex -51.2395 34.1756 8.5
      vertex -16.0808 5.32813 26.4051
      vertex -16.0982 5.16936 26.4206
    endloop
  endfacet
  facet normal 0.36317 -0.130024 -0.922606
    outer loop
      vertex -15.8451 6.86147 26.2819
      vertex -51.2395 34.1756 8.5
      vertex -51.2308 34.1999 8.5
    endloop
  endfacet
  facet normal 0.210698 -0.35152 -0.912162
    outer loop
      vertex -12.6681 16.978 24.5233
      vertex -49.2009 36.6596 8.5
      vertex -12.6507 17.0136 24.5136
    endloop
  endfacet
  facet normal 0.210688 -0.351535 -0.912159
    outer loop
      vertex -49.2009 36.6596 8.5
      vertex -12.6681 16.978 24.5233
      vertex -49.5321 36.4611 8.5
    endloop
  endfacet
  facet normal 0.21065 -0.351595 -0.912145
    outer loop
      vertex -12.7126 16.887 24.5481
      vertex -49.5321 36.4611 8.5
      vertex -12.6681 16.978 24.5233
    endloop
  endfacet
  facet normal 0.210729 -0.351471 -0.912174
    outer loop
      vertex -13.1877 15.8656 24.8319
      vertex -49.5321 36.4611 8.5
      vertex -12.7126 16.887 24.5481
    endloop
  endfacet
  facet normal 0.210643 -0.351599 -0.912144
    outer loop
      vertex -49.5321 36.4611 8.5
      vertex -13.1877 15.8656 24.8319
      vertex -49.5543 36.4478 8.5
    endloop
  endfacet
  facet normal 0.337772 -0.164962 -0.926659
    outer loop
      vertex -51.1007 34.5635 8.5
      vertex -15.8418 6.88058 26.2801
      vertex -15.8435 6.87092 26.2812
    endloop
  endfacet
  facet normal 0.340626 -0.161093 -0.926295
    outer loop
      vertex -15.8418 6.88058 26.2801
      vertex -51.1007 34.5635 8.5
      vertex -50.9356 34.9126 8.5
    endloop
  endfacet
  facet normal 0.210687 0.351535 -0.912159
    outer loop
      vertex -7.6602 -14.3312 26.7
      vertex -49.2009 -36.6596 8.5
      vertex -49.5321 -36.4611 8.5
    endloop
  endfacet
  facet normal 0.234174 0.315829 -0.919464
    outer loop
      vertex -10.3089 -12.5614 26.7
      vertex -49.575 -36.4324 8.5
      vertex -49.8852 -36.2024 8.5
    endloop
  endfacet
  facet normal 0.363169 0.130024 -0.922606
    outer loop
      vertex -51.2395 -34.1756 8.5
      vertex -15.013 -6.21861 26.7
      vertex -51.2308 -34.1999 8.5
    endloop
  endfacet
  facet normal 0.363206 0.129972 -0.922599
    outer loop
      vertex -15.013 -6.21861 26.7
      vertex -51.2395 -34.1756 8.5
      vertex -15.5503 -4.71713 26.7
    endloop
  endfacet
  facet normal 0.363213 0.129962 -0.922598
    outer loop
      vertex -15.013 -6.21861 26.7
      vertex -51.1007 -34.5635 8.5
      vertex -51.2308 -34.1999 8.5
    endloop
  endfacet
  facet normal 0.413819 -0.0614497 -0.908283
    outer loop
      vertex -51.4001 33.3683 8.5
      vertex -16.25 2.70837 26.5889
      vertex -16.25 1.66336 26.6596
    endloop
  endfacet
  facet normal 0.413835 -0.0614286 -0.908277
    outer loop
      vertex -16.25 2.70837 26.5889
      vertex -51.4001 33.3683 8.5
      vertex -51.3963 33.3939 8.5
    endloop
  endfacet
  facet normal 0.413793 -0.0614879 -0.908292
    outer loop
      vertex -16.241 3.10556 26.5662
      vertex -51.3963 33.3939 8.5
      vertex -16.2241 3.41428 26.553
    endloop
  endfacet
  facet normal 0.413939 -0.0612867 -0.908239
    outer loop
      vertex -51.3963 33.3939 8.5
      vertex -16.241 3.10556 26.5662
      vertex -16.25 2.70837 26.5889
    endloop
  endfacet
  facet normal 0.34037 0.161457 -0.926326
    outer loop
      vertex -50.9356 -34.9126 8.5
      vertex -14.3312 -7.6602 26.7
      vertex -50.9245 -34.936 8.5
    endloop
  endfacet
  facet normal 0.340623 0.161097 -0.926296
    outer loop
      vertex -14.3312 -7.6602 26.7
      vertex -50.9356 -34.9126 8.5
      vertex -15.013 -6.21861 26.7
    endloop
  endfacet
  facet normal 0.0810388 0.545976 -0.833873
    outer loop
      vertex -3.17022 -15.9378 26.7
      vertex -47.6587 -37.1314 8.5
      vertex -48.0407 -37.0747 8.5
    endloop
  endfacet
  facet normal 0.121834 0.486365 -0.86522
    outer loop
      vertex -48.0407 -37.0747 8.5
      vertex -4.71713 -15.5503 26.7
      vertex -3.17022 -15.9378 26.7
    endloop
  endfacet
  facet normal 0.122011 0.486109 -0.865339
    outer loop
      vertex -4.71713 -15.5503 26.7
      vertex -48.0407 -37.0747 8.5
      vertex -48.0658 -37.0684 8.5
    endloop
  endfacet
  facet normal -0.210688 -0.351535 -0.912159
    outer loop
      vertex 12.6681 16.978 24.5233
      vertex 49.2009 36.6596 8.5
      vertex 49.5321 36.4611 8.5
    endloop
  endfacet
  facet normal -0.210698 -0.35152 -0.912162
    outer loop
      vertex 49.2009 36.6596 8.5
      vertex 12.6681 16.978 24.5233
      vertex 12.6507 17.0136 24.5136
    endloop
  endfacet
  facet normal 0.031223 -0.615249 -0.787714
    outer loop
      vertex -9.82949 20.5624 22.9422
      vertex -47.2216 37.1554 8.5
      vertex -9.7931 20.5855 22.9256
    endloop
  endfacet
  facet normal 0.0302155 -0.61662 -0.786681
    outer loop
      vertex -47.2216 37.1554 8.5
      vertex -9.82949 20.5624 22.9422
      vertex -47.6073 37.1365 8.5
    endloop
  endfacet
  facet normal 0.0289954 -0.618295 -0.785411
    outer loop
      vertex -9.84816 20.5506 22.9508
      vertex -47.6073 37.1365 8.5
      vertex -9.82949 20.5624 22.9422
    endloop
  endfacet
  facet normal 0.0302873 -0.616524 -0.786754
    outer loop
      vertex -10.362 20.1646 23.2335
      vertex -47.6073 37.1365 8.5
      vertex -9.84816 20.5506 22.9508
    endloop
  endfacet
  facet normal 0.0309041 -0.615705 -0.78737
    outer loop
      vertex -47.6073 37.1365 8.5
      vertex -10.362 20.1646 23.2335
      vertex -47.6332 37.1352 8.5
    endloop
  endfacet
  facet normal -0.0309041 -0.615705 -0.78737
    outer loop
      vertex 10.362 20.1646 23.2335
      vertex 47.6073 37.1365 8.5
      vertex 47.6332 37.1352 8.5
    endloop
  endfacet
  facet normal -0.0302873 -0.616524 -0.786754
    outer loop
      vertex 9.84816 20.5506 22.9508
      vertex 47.6073 37.1365 8.5
      vertex 10.362 20.1646 23.2335
    endloop
  endfacet
  facet normal -0.0289954 -0.618295 -0.785411
    outer loop
      vertex 47.6073 37.1365 8.5
      vertex 9.84816 20.5506 22.9508
      vertex 9.82949 20.5624 22.9422
    endloop
  endfacet
  facet normal -0.0810388 -0.545975 -0.833873
    outer loop
      vertex 10.9454 19.6004 23.5463
      vertex 47.6587 37.1314 8.5
      vertex 48.0407 37.0747 8.5
    endloop
  endfacet
  facet normal -0.0805897 -0.546601 -0.833506
    outer loop
      vertex 47.6587 37.1314 8.5
      vertex 10.9454 19.6004 23.5463
      vertex 10.9168 19.6281 23.5309
    endloop
  endfacet
  facet normal -0.184894 -0.390954 -0.901648
    outer loop
      vertex 12.1023 17.9793 24.2073
      vertex 48.8284 36.8358 8.5
      vertex 49.1775 36.6707 8.5
    endloop
  endfacet
  facet normal -0.184694 -0.391265 -0.901554
    outer loop
      vertex 48.8284 36.8358 8.5
      vertex 12.1023 17.9793 24.2073
      vertex 12.0816 18.0158 24.1957
    endloop
  endfacet
  facet normal -0.0813055 0.545603 -0.834091
    outer loop
      vertex 47.6332 -37.1352 8.5
      vertex 3.17022 -15.9378 26.7
      vertex 47.6587 -37.1314 8.5
    endloop
  endfacet
  facet normal -0.0809991 0.546031 -0.83384
    outer loop
      vertex 3.17022 -15.9378 26.7
      vertex 47.6332 -37.1352 8.5
      vertex 1.59278 -16.1718 26.7
    endloop
  endfacet
  facet normal -0.0810388 0.545976 -0.833873
    outer loop
      vertex 48.0407 -37.0747 8.5
      vertex 47.6587 -37.1314 8.5
      vertex 3.17022 -15.9378 26.7
    endloop
  endfacet
  facet normal -0.298118 0.221209 -0.928543
    outer loop
      vertex 50.6973 -35.3102 8.5
      vertex 50.4672 -35.6203 8.5
      vertex 12.5614 -10.3089 26.7
    endloop
  endfacet
  facet normal -0.277405 0.251331 -0.927297
    outer loop
      vertex 50.4672 -35.6203 8.5
      vertex 50.2079 -35.9065 8.5
      vertex 12.5614 -10.3089 26.7
    endloop
  endfacet
  facet normal -0.18522 0.390465 -0.901793
    outer loop
      vertex 49.1775 -36.6707 8.5
      vertex 7.6602 -14.3312 26.7
      vertex 49.2009 -36.6596 8.5
    endloop
  endfacet
  facet normal -0.184898 0.390947 -0.90165
    outer loop
      vertex 7.6602 -14.3312 26.7
      vertex 49.1775 -36.6707 8.5
      vertex 6.21861 -15.013 26.7
    endloop
  endfacet
  facet normal -0.420265 -0.0524449 -0.905884
    outer loop
      vertex 16.2239 3.41761 26.5529
      vertex 51.3963 33.3939 8.5
      vertex 16.2241 3.41428 26.553
    endloop
  endfacet
  facet normal -0.413838 -0.0614258 -0.908276
    outer loop
      vertex 51.3963 33.3939 8.5
      vertex 16.2239 3.41761 26.5529
      vertex 51.3396 33.7759 8.5
    endloop
  endfacet
  facet normal -0.340585 -0.161148 -0.926301
    outer loop
      vertex 15.7568 7.34591 26.2304
      vertex 50.9356 34.9126 8.5
      vertex 15.8418 6.88058 26.2801
    endloop
  endfacet
  facet normal -0.340629 -0.161089 -0.926295
    outer loop
      vertex 15.51 8.53883 26.1137
      vertex 50.9356 34.9126 8.5
      vertex 15.7568 7.34591 26.2304
    endloop
  endfacet
  facet normal -0.340369 -0.161457 -0.926326
    outer loop
      vertex 50.9356 34.9126 8.5
      vertex 15.51 8.53883 26.1137
      vertex 50.9245 34.936 8.5
    endloop
  endfacet
  facet normal -0.256146 -0.282797 -0.924346
    outer loop
      vertex 14.2204 13.2142 25.4161
      vertex 50.1714 35.943 8.5
      vertex 50.1905 35.9257 8.5
    endloop
  endfacet
  facet normal -0.256214 -0.282697 -0.924357
    outer loop
      vertex 13.906 14.107 25.2302
      vertex 50.1714 35.943 8.5
      vertex 14.2204 13.2142 25.4161
    endloop
  endfacet
  facet normal -0.256267 -0.282617 -0.924367
    outer loop
      vertex 50.1714 35.943 8.5
      vertex 13.906 14.107 25.2302
      vertex 13.7307 14.5685 25.1377
    endloop
  endfacet
  facet normal -0.256219 -0.282691 -0.924358
    outer loop
      vertex 13.7307 14.5685 25.1377
      vertex 49.8852 36.2024 8.5
      vertex 50.1714 35.943 8.5
    endloop
  endfacet
  facet normal -0.255356 -0.284008 -0.924193
    outer loop
      vertex 49.8852 36.2024 8.5
      vertex 13.7307 14.5685 25.1377
      vertex 13.7193 14.5986 25.1316
    endloop
  endfacet
  facet normal 0.256267 -0.282617 -0.924367
    outer loop
      vertex -13.906 14.107 25.2302
      vertex -50.1714 35.943 8.5
      vertex -13.7307 14.5685 25.1377
    endloop
  endfacet
  facet normal 0.256214 -0.282697 -0.924357
    outer loop
      vertex -14.2204 13.2142 25.4161
      vertex -50.1714 35.943 8.5
      vertex -13.906 14.107 25.2302
    endloop
  endfacet
  facet normal 0.256146 -0.282797 -0.924346
    outer loop
      vertex -50.1714 35.943 8.5
      vertex -14.2204 13.2142 25.4161
      vertex -50.1905 35.9257 8.5
    endloop
  endfacet
  facet normal 0.387445 -0.0970062 -0.916775
    outer loop
      vertex -51.3396 33.7759 8.5
      vertex -16.0988 5.16296 26.421
      vertex -16.143 4.72464 26.4487
    endloop
  endfacet
  facet normal 0.387283 -0.0972301 -0.916819
    outer loop
      vertex -51.3396 33.7759 8.5
      vertex -16.143 4.72464 26.4487
      vertex -16.1718 4.28744 26.4829
    endloop
  endfacet
  facet normal 0.387463 -0.0969853 -0.916769
    outer loop
      vertex -51.3396 33.7759 8.5
      vertex -16.1718 4.28744 26.4829
      vertex -16.2239 3.41761 26.5529
    endloop
  endfacet
  facet normal 0.3873 -0.0972107 -0.916815
    outer loop
      vertex -16.0988 5.16296 26.421
      vertex -51.3396 33.7759 8.5
      vertex -51.3333 33.801 8.5
    endloop
  endfacet
  facet normal 0.297993 -0.221395 -0.928539
    outer loop
      vertex -50.7127 35.2894 8.5
      vertex -14.703 11.7129 25.6779
      vertex -14.7606 11.5171 25.7061
    endloop
  endfacet
  facet normal 0.298174 -0.221126 -0.928545
    outer loop
      vertex -50.7127 35.2894 8.5
      vertex -14.7606 11.5171 25.7061
      vertex -15.1266 10.1682 25.9098
    endloop
  endfacet
  facet normal 0.298334 -0.220882 -0.928551
    outer loop
      vertex -14.703 11.7129 25.6779
      vertex -50.7127 35.2894 8.5
      vertex -50.6973 35.3102 8.5
    endloop
  endfacet
  facet normal 0.27836 -0.249961 -0.927381
    outer loop
      vertex -50.4672 35.6203 8.5
      vertex -14.6898 11.756 25.6711
      vertex -14.6966 11.7347 25.6748
    endloop
  endfacet
  facet normal 0.277405 -0.251332 -0.927296
    outer loop
      vertex -14.6898 11.756 25.6711
      vertex -50.4672 35.6203 8.5
      vertex -50.2079 35.9065 8.5
    endloop
  endfacet
  facet normal 0.363293 -0.129849 -0.922582
    outer loop
      vertex -51.2308 34.1999 8.5
      vertex -15.8435 6.87092 26.2812
      vertex -15.8451 6.86147 26.2819
    endloop
  endfacet
  facet normal 0.363214 -0.129962 -0.922597
    outer loop
      vertex -15.8435 6.87092 26.2812
      vertex -51.2308 34.1999 8.5
      vertex -51.1007 34.5635 8.5
    endloop
  endfacet
  facet normal 0.234774 -0.314953 -0.919612
    outer loop
      vertex -13.7193 14.5986 25.1316
      vertex -49.575 36.4324 8.5
      vertex -13.7073 14.6274 25.1248
    endloop
  endfacet
  facet normal 0.234173 -0.315828 -0.919465
    outer loop
      vertex -49.575 36.4324 8.5
      vertex -13.7193 14.5986 25.1316
      vertex -49.8852 36.2024 8.5
    endloop
  endfacet
  facet normal 0.156287 -0.434581 -0.886969
    outer loop
      vertex -12.0816 18.0158 24.1957
      vertex -48.4648 36.9659 8.5
      vertex -12.0602 18.0486 24.1834
    endloop
  endfacet
  facet normal 0.15577 -0.435341 -0.886687
    outer loop
      vertex -48.4648 36.9659 8.5
      vertex -12.0816 18.0158 24.1957
      vertex -48.8284 36.8358 8.5
    endloop
  endfacet
  facet normal 0.155766 -0.43535 -0.886684
    outer loop
      vertex -12.0602 18.0486 24.1834
      vertex -48.4404 36.9746 8.5
      vertex -11.5181 18.8827 23.8691
    endloop
  endfacet
  facet normal 0.155412 -0.435869 -0.88649
    outer loop
      vertex -48.4404 36.9746 8.5
      vertex -12.0602 18.0486 24.1834
      vertex -48.4648 36.9659 8.5
    endloop
  endfacet
  facet normal 0.184894 0.390954 -0.901648
    outer loop
      vertex -6.21861 -15.013 26.7
      vertex -48.8284 -36.8358 8.5
      vertex -49.1775 -36.6707 8.5
    endloop
  endfacet
  facet normal 0.184898 0.390947 -0.90165
    outer loop
      vertex -49.1775 -36.6707 8.5
      vertex -7.6602 -14.3312 26.7
      vertex -6.21861 -15.013 26.7
    endloop
  endfacet
  facet normal 0.18522 0.390465 -0.901793
    outer loop
      vertex -7.6602 -14.3312 26.7
      vertex -49.1775 -36.6707 8.5
      vertex -49.2009 -36.6596 8.5
    endloop
  endfacet
  facet normal 0.444127 0.020657 -0.895726
    outer loop
      vertex -51.4013 -33.3425 8.5
      vertex -16.1718 -1.59278 26.7
      vertex -51.4001 -33.3683 8.5
    endloop
  endfacet
  facet normal 0.44332 0.0217655 -0.896099
    outer loop
      vertex -16.1718 -1.59278 26.7
      vertex -51.4013 -33.3425 8.5
      vertex -16.25 0 26.7
    endloop
  endfacet
  facet normal 0.443267 0.0218358 -0.896124
    outer loop
      vertex -16.25 0 26.7
      vertex -51.4013 -33.3425 8.5
      vertex -51.4203 -32.9568 8.5
    endloop
  endfacet
  facet normal 0.298118 0.221209 -0.928543
    outer loop
      vertex -12.5614 -10.3089 26.7
      vertex -50.4672 -35.6203 8.5
      vertex -50.6973 -35.3102 8.5
    endloop
  endfacet
  facet normal 0.0810133 -0.546009 -0.833853
    outer loop
      vertex -10.9168 19.6281 23.5309
      vertex -47.6332 37.1352 8.5
      vertex -10.362 20.1646 23.2335
    endloop
  endfacet
  facet normal 0.0813053 -0.545602 -0.834091
    outer loop
      vertex -47.6332 37.1352 8.5
      vertex -10.9168 19.6281 23.5309
      vertex -47.6587 37.1314 8.5
    endloop
  endfacet
  facet normal -0.15577 -0.435341 -0.886687
    outer loop
      vertex 12.0816 18.0158 24.1957
      vertex 48.4648 36.9659 8.5
      vertex 48.8284 36.8358 8.5
    endloop
  endfacet
  facet normal -0.156287 -0.434581 -0.886969
    outer loop
      vertex 48.4648 36.9659 8.5
      vertex 12.0816 18.0158 24.1957
      vertex 12.0602 18.0486 24.1834
    endloop
  endfacet
  facet normal -0.234553 -0.315276 -0.919558
    outer loop
      vertex 13.7073 14.6274 25.1248
      vertex 49.5543 36.4478 8.5
      vertex 49.575 36.4324 8.5
    endloop
  endfacet
  facet normal -0.234203 -0.315785 -0.919472
    outer loop
      vertex 49.5543 36.4478 8.5
      vertex 13.7073 14.6274 25.1248
      vertex 13.1877 15.8656 24.8319
    endloop
  endfacet
  facet normal 0.319047 -0.19133 -0.928225
    outer loop
      vertex -50.9245 34.936 8.5
      vertex -15.507 8.55208 26.112
      vertex -15.51 8.53883 26.1137
    endloop
  endfacet
  facet normal 0.319105 -0.191251 -0.928222
    outer loop
      vertex -15.507 8.55208 26.112
      vertex -50.9245 34.936 8.5
      vertex -50.726 35.2672 8.5
    endloop
  endfacet
  facet normal 0.340629 -0.161089 -0.926295
    outer loop
      vertex -50.9356 34.9126 8.5
      vertex -15.51 8.53883 26.1137
      vertex -15.7568 7.34591 26.2304
    endloop
  endfacet
  facet normal 0.340585 -0.161148 -0.926301
    outer loop
      vertex -50.9356 34.9126 8.5
      vertex -15.7568 7.34591 26.2304
      vertex -15.8418 6.88058 26.2801
    endloop
  endfacet
  facet normal 0.340369 -0.161457 -0.926326
    outer loop
      vertex -15.51 8.53883 26.1137
      vertex -50.9356 34.9126 8.5
      vertex -50.9245 34.936 8.5
    endloop
  endfacet
  facet normal 0.255356 -0.284008 -0.924193
    outer loop
      vertex -13.7307 14.5685 25.1377
      vertex -49.8852 36.2024 8.5
      vertex -13.7193 14.5986 25.1316
    endloop
  endfacet
  facet normal 0.256219 -0.282691 -0.924358
    outer loop
      vertex -49.8852 36.2024 8.5
      vertex -13.7307 14.5685 25.1377
      vertex -50.1714 35.943 8.5
    endloop
  endfacet
  facet normal 0.38744 0.0970151 -0.916776
    outer loop
      vertex -15.5503 -4.71713 26.7
      vertex -51.2395 -34.1756 8.5
      vertex -51.3333 -33.801 8.5
    endloop
  endfacet
  facet normal 0.413837 0.0614289 -0.908276
    outer loop
      vertex -51.4001 -33.3683 8.5
      vertex -15.9378 -3.17022 26.7
      vertex -51.3963 -33.3939 8.5
    endloop
  endfacet
  facet normal 0.413862 0.061393 -0.908267
    outer loop
      vertex -15.9378 -3.17022 26.7
      vertex -51.4001 -33.3683 8.5
      vertex -16.1718 -1.59278 26.7
    endloop
  endfacet
  facet normal 0.319142 0.191198 -0.92822
    outer loop
      vertex -50.726 -35.2672 8.5
      vertex -13.5114 -9.02802 26.7
      vertex -50.7127 -35.2894 8.5
    endloop
  endfacet
  facet normal 0.319103 0.191254 -0.928222
    outer loop
      vertex -13.5114 -9.02802 26.7
      vertex -50.726 -35.2672 8.5
      vertex -14.3312 -7.6602 26.7
    endloop
  endfacet
  facet normal 0.319105 0.191251 -0.928221
    outer loop
      vertex -14.3312 -7.6602 26.7
      vertex -50.726 -35.2672 8.5
      vertex -50.9245 -34.936 8.5
    endloop
  endfacet
  facet normal 0.389732 -0.0937961 -0.916139
    outer loop
      vertex -51.3333 33.801 8.5
      vertex -16.0982 5.16936 26.4206
      vertex -16.0988 5.16296 26.421
    endloop
  endfacet
  facet normal 0.38744 -0.0970151 -0.916776
    outer loop
      vertex -16.0982 5.16936 26.4206
      vertex -51.3333 33.801 8.5
      vertex -51.2395 34.1756 8.5
    endloop
  endfacet
  facet normal 0.31913 -0.191214 -0.92822
    outer loop
      vertex -50.726 35.2672 8.5
      vertex -15.1266 10.1682 25.9098
      vertex -15.2986 9.47677 25.9931
    endloop
  endfacet
  facet normal 0.319062 -0.191311 -0.928224
    outer loop
      vertex -50.726 35.2672 8.5
      vertex -15.2986 9.47677 25.9931
      vertex -15.3938 9.05454 26.0474
    endloop
  endfacet
  facet normal 0.319118 -0.191233 -0.928221
    outer loop
      vertex -50.726 35.2672 8.5
      vertex -15.3938 9.05454 26.0474
      vertex -15.507 8.55208 26.112
    endloop
  endfacet
  facet normal 0.319142 -0.191198 -0.92822
    outer loop
      vertex -15.1266 10.1682 25.9098
      vertex -50.726 35.2672 8.5
      vertex -50.7127 35.2894 8.5
    endloop
  endfacet
  facet normal 0.413839 0.0614258 -0.908275
    outer loop
      vertex -15.9378 -3.17022 26.7
      vertex -51.3396 -33.7759 8.5
      vertex -51.3963 -33.3939 8.5
    endloop
  endfacet
  facet normal 0.336924 -0 0.941532
    outer loop
      vertex -6.21861 27.11 21.387
      vertex -4.71713 33.91 20.8497
      vertex -6.21861 33.91 21.387
    endloop
  endfacet
  facet normal 0.336924 0 0.941532
    outer loop
      vertex -4.71713 33.91 20.8497
      vertex -6.21861 27.11 21.387
      vertex -4.71713 26.91 20.8497
    endloop
  endfacet
  facet normal 0.336924 0 0.941532
    outer loop
      vertex -4.71713 26.91 20.8497
      vertex -6.21861 27.11 21.387
      vertex -6.21861 26.91 21.387
    endloop
  endfacet
  facet normal 0.336924 0 0.941532
    outer loop
      vertex -6.21861 53.41 21.387
      vertex -4.71713 37.11 20.8497
      vertex -4.71713 53.41 20.8497
    endloop
  endfacet
  facet normal 0.336924 0 0.941532
    outer loop
      vertex -4.71713 37.11 20.8497
      vertex -6.21861 53.41 21.387
      vertex -6.21861 37.11 21.387
    endloop
  endfacet
  facet normal -0.146057 0.0960037 0.984607
    outer loop
      vertex 3.17022 26.91 20.4622
      vertex 2.87955 23.03 20.7974
      vertex 4.36892 22.7442 21.0462
    endloop
  endfacet
  facet normal -0.146058 0.0960038 0.984607
    outer loop
      vertex 2.87955 23.03 20.7974
      vertex 3.17022 26.91 20.4622
      vertex 1.59278 26.91 20.2282
    endloop
  endfacet
  facet normal 0.781658 0.279714 -0.557468
    outer loop
      vertex -13.5114 26.91 45.428
      vertex -15.013 -6.21861 26.7
      vertex -15.5503 -4.71713 26.7
    endloop
  endfacet
  facet normal 0.070279 0.116308 0.990724
    outer loop
      vertex -2.14911 23.1285 20.7116
      vertex -1.59278 26.91 20.2282
      vertex -2.29079 23.1153 20.7232
    endloop
  endfacet
  facet normal 0.903996 0 -0.427542
    outer loop
      vertex -14.3312 26.91 44.0602
      vertex -15.013 33.91 42.6186
      vertex -14.3312 33.91 44.0602
    endloop
  endfacet
  facet normal 0.903996 0 -0.427542
    outer loop
      vertex -15.013 33.91 42.6186
      vertex -14.3312 26.91 44.0602
      vertex -15.013 26.91 42.6186
    endloop
  endfacet
  facet normal 0.903996 0 -0.427542
    outer loop
      vertex -14.3312 37.11 44.0602
      vertex -15.013 53.41 42.6186
      vertex -14.3312 53.41 44.0602
    endloop
  endfacet
  facet normal 0.903996 0 -0.427542
    outer loop
      vertex -15.013 53.41 42.6186
      vertex -14.3312 37.11 44.0602
      vertex -15.013 37.11 42.6186
    endloop
  endfacet
  facet normal 0.00633718 0.123007 0.992386
    outer loop
      vertex 0 23.2529 20.6033
      vertex 0 26.91 20.15
      vertex -0.135246 23.2518 20.6043
    endloop
  endfacet
  facet normal 0.290387 0.484505 -0.825185
    outer loop
      vertex -4.71713 26.91 51.9503
      vertex -7.6602 -14.3312 26.7
      vertex -9.02802 -13.5114 26.7
    endloop
  endfacet
  facet normal 0.620833 0.372095 -0.690009
    outer loop
      vertex -10.3089 26.91 48.9614
      vertex -13.5114 -9.02802 26.7
      vertex -14.3312 -7.6602 26.7
    endloop
  endfacet
  facet normal -0.0761487 0.513333 -0.854804
    outer loop
      vertex 1.59278 26.91 52.5718
      vertex 3.17022 -15.9378 26.7
      vertex 1.59278 -16.1718 26.7
    endloop
  endfacet
  facet normal 0.0560765 0.11848 0.991372
    outer loop
      vertex -2.00886 23.1391 20.7024
      vertex -1.59278 26.91 20.2282
      vertex -2.14911 23.1285 20.7116
    endloop
  endfacet
  facet normal 0.970028 0 -0.242993
    outer loop
      vertex -15.5503 26.91 41.1171
      vertex -15.9378 27.61 39.5702
      vertex -15.5503 27.61 41.1171
    endloop
  endfacet
  facet normal 0.970028 0 -0.242993
    outer loop
      vertex -15.9378 27.61 39.5702
      vertex -15.5503 26.91 41.1171
      vertex -15.9378 26.91 39.5702
    endloop
  endfacet
  facet normal 0.941527 0 -0.336939
    outer loop
      vertex -15.013 33.91 42.6186
      vertex -15.3354 27.61 41.7177
      vertex -15.3354 33.91 41.7177
    endloop
  endfacet
  facet normal 0.941527 0 -0.336939
    outer loop
      vertex -15.013 26.91 42.6186
      vertex -15.3354 27.61 41.7177
      vertex -15.013 33.91 42.6186
    endloop
  endfacet
  facet normal 0.941533 2.69009e-05 -0.33692
    outer loop
      vertex -15.5503 26.91 41.1171
      vertex -15.3354 27.61 41.7177
      vertex -15.013 26.91 42.6186
    endloop
  endfacet
  facet normal 0.941543 0 -0.336892
    outer loop
      vertex -15.3354 27.61 41.7177
      vertex -15.5503 26.91 41.1171
      vertex -15.5503 27.61 41.1171
    endloop
  endfacet
  facet normal 0.941527 0 -0.336939
    outer loop
      vertex -15.013 37.11 42.6186
      vertex -15.3354 53.41 41.7177
      vertex -15.013 53.41 42.6186
    endloop
  endfacet
  facet normal 0.941527 0 -0.336939
    outer loop
      vertex -15.3354 53.41 41.7177
      vertex -15.013 37.11 42.6186
      vertex -15.3354 37.11 41.7177
    endloop
  endfacet
  facet normal -0.0490166 0 -0.998798
    outer loop
      vertex 1.59278 26.91 52.5718
      vertex 0.637111 27.61 52.6187
      vertex 1.59278 33.91 52.5718
    endloop
  endfacet
  facet normal -0.0490375 -2.86071e-05 -0.998797
    outer loop
      vertex 0 26.91 52.65
      vertex 0.637111 27.61 52.6187
      vertex 1.59278 26.91 52.5718
    endloop
  endfacet
  facet normal -0.0490688 0 -0.998795
    outer loop
      vertex 0.637111 27.61 52.6187
      vertex 0 26.91 52.65
      vertex 0 27.61 52.65
    endloop
  endfacet
  facet normal -0.0490166 0 -0.998798
    outer loop
      vertex 1.59278 33.91 52.5718
      vertex 0.637111 27.61 52.6187
      vertex 0.637111 33.91 52.6187
    endloop
  endfacet
  facet normal -0.0490166 0 -0.998798
    outer loop
      vertex 0.637111 37.11 52.6187
      vertex 1.59278 53.41 52.5718
      vertex 1.59278 37.11 52.5718
    endloop
  endfacet
  facet normal -0.0490166 0 -0.998798
    outer loop
      vertex 1.59278 53.41 52.5718
      vertex 0.637111 37.11 52.6187
      vertex 0.637111 53.41 52.6187
    endloop
  endfacet
  facet normal -0.134763 0.0999286 0.985826
    outer loop
      vertex 2.72832 23.0569 20.774
      vertex 2.87955 23.03 20.7974
      vertex 1.59278 26.91 20.2282
    endloop
  endfacet
  facet normal 0.210601 0.498827 -0.840725
    outer loop
      vertex -4.71713 26.91 51.9503
      vertex -3.17022 26.91 52.3378
      vertex -6.21861 -15.013 26.7
    endloop
  endfacet
  facet normal 0.965045 0.101235 -0.241745
    outer loop
      vertex -15.9378 26.91 39.5702
      vertex -15.5503 26.91 41.1171
      vertex -16.1718 -1.59278 26.7
    endloop
  endfacet
  facet normal 0.349308 0.47097 -0.810044
    outer loop
      vertex -6.21861 26.91 51.413
      vertex -9.02802 -13.5114 26.7
      vertex -10.3089 -12.5614 26.7
    endloop
  endfacet
  facet normal 0.207242 0.0742618 0.975467
    outer loop
      vertex -4.68403 22.6753 21.1062
      vertex -3.17022 26.91 20.4622
      vertex -4.84466 22.6323 21.1436
    endloop
  endfacet
  facet normal 0.931205 0.147715 -0.333224
    outer loop
      vertex -15.5503 26.91 41.1171
      vertex -15.013 26.91 42.6186
      vertex -15.9378 -3.17022 26.7
    endloop
  endfacet
  facet normal 0.427449 -0.0210529 0.903794
    outer loop
      vertex -7.6602 27.11 22.0688
      vertex -8.49579 21.2719 22.328
      vertex -6.21861 27.11 21.387
    endloop
  endfacet
  facet normal 0.427466 -0.0210556 0.903786
    outer loop
      vertex -7.6602 27.11 22.0688
      vertex -9.7931 20.5855 22.9256
      vertex -8.49579 21.2719 22.328
    endloop
  endfacet
  facet normal 0.425592 -0.020325 0.904687
    outer loop
      vertex -7.6602 27.11 22.0688
      vertex -9.82949 20.5624 22.9422
      vertex -9.7931 20.5855 22.9256
    endloop
  endfacet
  facet normal 0.429688 -0.0219454 0.902711
    outer loop
      vertex -9.82949 20.5624 22.9422
      vertex -7.6602 27.11 22.0688
      vertex -9.84816 20.5506 22.9508
    endloop
  endfacet
  facet normal 0.462462 0.436747 -0.771609
    outer loop
      vertex -9.02802 26.91 49.9114
      vertex -7.6602 26.91 50.7312
      vertex -11.4905 -11.4905 26.7
    endloop
  endfacet
  facet normal 0.514101 0 -0.85773
    outer loop
      vertex -7.6602 26.91 50.7312
      vertex -8.48089 27.61 50.2393
      vertex -7.6602 33.91 50.7312
    endloop
  endfacet
  facet normal 0.514084 -2.59757e-05 -0.85774
    outer loop
      vertex -9.02802 26.91 49.9114
      vertex -8.48089 27.61 50.2393
      vertex -7.6602 26.91 50.7312
    endloop
  endfacet
  facet normal 0.51406 0 -0.857754
    outer loop
      vertex -8.48089 27.61 50.2393
      vertex -9.02802 26.91 49.9114
      vertex -9.02802 27.61 49.9114
    endloop
  endfacet
  facet normal 0.514101 0 -0.85773
    outer loop
      vertex -7.6602 33.91 50.7312
      vertex -8.48089 27.61 50.2393
      vertex -8.48089 33.91 50.2393
    endloop
  endfacet
  facet normal 0.514101 0 -0.85773
    outer loop
      vertex -8.48089 37.11 50.2393
      vertex -7.6602 53.41 50.7312
      vertex -7.6602 37.11 50.7312
    endloop
  endfacet
  facet normal 0.514101 0 -0.85773
    outer loop
      vertex -7.6602 53.41 50.7312
      vertex -8.48089 37.11 50.2393
      vertex -8.48089 53.41 50.2393
    endloop
  endfacet
  facet normal 0.546448 0.405289 -0.732895
    outer loop
      vertex -10.3089 26.91 48.9614
      vertex -12.5614 -10.3089 26.7
      vertex -13.5114 -9.02802 26.7
    endloop
  endfacet
  facet normal 0.0490688 0 -0.998795
    outer loop
      vertex 0 26.91 52.65
      vertex -0.637111 27.61 52.6187
      vertex 0 27.61 52.65
    endloop
  endfacet
  facet normal 0.0490375 -2.86071e-05 -0.998797
    outer loop
      vertex -1.59278 26.91 52.5718
      vertex -0.637111 27.61 52.6187
      vertex 0 26.91 52.65
    endloop
  endfacet
  facet normal 0.0490166 0 -0.998798
    outer loop
      vertex -1.59278 33.91 52.5718
      vertex -0.637111 27.61 52.6187
      vertex -1.59278 26.91 52.5718
    endloop
  endfacet
  facet normal 0.0490166 0 -0.998798
    outer loop
      vertex -0.637111 27.61 52.6187
      vertex -1.59278 33.91 52.5718
      vertex -0.637111 33.91 52.6187
    endloop
  endfacet
  facet normal 0.0490166 0 -0.998798
    outer loop
      vertex -1.59278 37.11 52.5718
      vertex -0.637111 53.41 52.6187
      vertex -0.637111 37.11 52.6187
    endloop
  endfacet
  facet normal 0.0490166 0 -0.998798
    outer loop
      vertex -0.637111 53.41 52.6187
      vertex -1.59278 37.11 52.5718
      vertex -1.59278 53.41 52.5718
    endloop
  endfacet
  facet normal -0.070279 0.116308 0.990724
    outer loop
      vertex 2.14911 23.1285 20.7116
      vertex 2.29079 23.1153 20.7232
      vertex 1.59278 26.91 20.2282
    endloop
  endfacet
  facet normal -0.294941 0.48341 -0.824211
    outer loop
      vertex 6.21861 26.91 51.413
      vertex 9.02802 -13.5114 26.7
      vertex 4.71713 26.91 51.9503
    endloop
  endfacet
  facet normal -0.513199 -0.0560239 0.856439
    outer loop
      vertex 9.02802 27.11 22.8886
      vertex 10.9454 19.6004 23.5463
      vertex 11.2216 19.2747 23.6905
    endloop
  endfacet
  facet normal -0.515346 -0.0566891 0.855105
    outer loop
      vertex 9.02802 27.11 22.8886
      vertex 10.9168 19.6281 23.5309
      vertex 10.9454 19.6004 23.5463
    endloop
  endfacet
  facet normal -0.513275 -0.0560556 0.856392
    outer loop
      vertex 9.02802 27.11 22.8886
      vertex 10.362 20.1646 23.2335
      vertex 10.9168 19.6281 23.5309
    endloop
  endfacet
  facet normal -0.513272 -0.056055 0.856393
    outer loop
      vertex 9.02802 27.11 22.8886
      vertex 9.84816 20.5506 22.9508
      vertex 10.362 20.1646 23.2335
    endloop
  endfacet
  facet normal -0.513276 -0.0560555 0.856391
    outer loop
      vertex 9.84816 20.5506 22.9508
      vertex 9.02802 27.11 22.8886
      vertex 7.6602 27.11 22.0688
    endloop
  endfacet
  facet normal -0.411224 0.453732 -0.790583
    outer loop
      vertex 11.4905 -11.4905 26.7
      vertex 10.3089 -12.5614 26.7
      vertex 7.6602 26.91 50.7312
    endloop
  endfacet
  facet normal -0.89761 -0.118646 0.424522
    outer loop
      vertex 15.7568 7.34591 26.2304
      vertex 15.013 27.11 30.1814
      vertex 14.3312 27.11 28.7398
    endloop
  endfacet
  facet normal -0.897642 -0.118634 0.424457
    outer loop
      vertex 15.8418 6.88058 26.2801
      vertex 15.013 27.11 30.1814
      vertex 15.7568 7.34591 26.2304
    endloop
  endfacet
  facet normal -0.909242 -0.114437 0.400229
    outer loop
      vertex 15.8435 6.87092 26.2812
      vertex 15.013 27.11 30.1814
      vertex 15.8418 6.88058 26.2801
    endloop
  endfacet
  facet normal -0.894757 -0.119624 0.430232
    outer loop
      vertex 15.8451 6.86147 26.2819
      vertex 15.013 27.11 30.1814
      vertex 15.8435 6.87092 26.2812
    endloop
  endfacet
  facet normal -0.897457 -0.118695 0.424832
    outer loop
      vertex 15.013 27.11 30.1814
      vertex 15.8451 6.86147 26.2819
      vertex 15.965 6.14639 26.3354
    endloop
  endfacet
  facet normal -0.965045 0.101235 -0.241745
    outer loop
      vertex 15.9378 26.91 39.5702
      vertex 16.1718 -1.59278 26.7
      vertex 15.5503 26.91 41.1171
    endloop
  endfacet
  facet normal 0.427544 0 -0.903994
    outer loop
      vertex -7.6602 26.91 50.7312
      vertex -6.21861 33.91 51.413
      vertex -6.21861 26.91 51.413
    endloop
  endfacet
  facet normal 0.427544 0 -0.903994
    outer loop
      vertex -6.21861 33.91 51.413
      vertex -7.6602 26.91 50.7312
      vertex -7.6602 33.91 50.7312
    endloop
  endfacet
  facet normal 0.427544 0 -0.903994
    outer loop
      vertex -7.6602 37.11 50.7312
      vertex -6.21861 53.41 51.413
      vertex -6.21861 37.11 51.413
    endloop
  endfacet
  facet normal 0.427544 0 -0.903994
    outer loop
      vertex -6.21861 53.41 51.413
      vertex -7.6602 37.11 50.7312
      vertex -7.6602 53.41 50.7312
    endloop
  endfacet
  facet normal 0.0486871 0.119329 0.99166
    outer loop
      vertex -1.59278 26.91 20.2282
      vertex -0.545135 23.2349 20.619
      vertex 0 26.91 20.15
    endloop
  endfacet
  facet normal 0.0486926 0.119331 0.99166
    outer loop
      vertex -0.545135 23.2349 20.619
      vertex -1.59278 26.91 20.2282
      vertex -2.00886 23.1391 20.7024
    endloop
  endfacet
  facet normal 0.991233 0.0486661 -0.122832
    outer loop
      vertex -16.1718 26.91 37.9928
      vertex -16.1718 -1.59278 26.7
      vertex -16.25 0 26.7
    endloop
  endfacet
  facet normal 0.242565 0.0592257 0.968326
    outer loop
      vertex -4.71713 26.91 20.8497
      vertex -5.00702 22.5825 21.187
      vertex -3.17022 26.91 20.4622
    endloop
  endfacet
  facet normal 0.242575 0.0592248 0.968323
    outer loop
      vertex -5.00702 22.5825 21.187
      vertex -4.71713 26.91 20.8497
      vertex -6.50422 22.1192 21.5904
    endloop
  endfacet
  facet normal 0.379342 0 0.925256
    outer loop
      vertex -8.35039 21.3488 22.261
      vertex -6.21861 26.91 21.387
      vertex -6.21861 27.11 21.387
    endloop
  endfacet
  facet normal 0.379353 -4.83671e-06 0.925252
    outer loop
      vertex -6.21861 26.91 21.387
      vertex -8.35039 21.3488 22.261
      vertex -8.27917 21.3824 22.2318
    endloop
  endfacet
  facet normal 0.938581 0.139231 -0.315722
    outer loop
      vertex -15.5503 26.91 41.1171
      vertex -15.9378 -3.17022 26.7
      vertex -16.1718 -1.59278 26.7
    endloop
  endfacet
  facet normal 0.769253 0.287659 -0.570528
    outer loop
      vertex -13.5114 26.91 45.428
      vertex -12.5614 26.91 46.7089
      vertex -15.013 -6.21861 26.7
    endloop
  endfacet
  facet normal 0.740964 0 -0.671545
    outer loop
      vertex -11.4905 26.91 47.8905
      vertex -12.5614 27.61 46.7089
      vertex -11.4905 27.61 47.8905
    endloop
  endfacet
  facet normal 0.740964 0 -0.671545
    outer loop
      vertex -12.5614 27.61 46.7089
      vertex -11.4905 26.91 47.8905
      vertex -12.5614 26.91 46.7089
    endloop
  endfacet
  facet normal 0.623728 0.370595 -0.688203
    outer loop
      vertex -11.4905 26.91 47.8905
      vertex -10.3089 26.91 48.9614
      vertex -14.3312 -7.6602 26.7
    endloop
  endfacet
  facet normal 0.699201 0.330981 -0.633695
    outer loop
      vertex -12.5614 26.91 46.7089
      vertex -11.4905 26.91 47.8905
      vertex -14.3312 -7.6602 26.7
    endloop
  endfacet
  facet normal 0.699494 0.330826 -0.633452
    outer loop
      vertex -12.5614 26.91 46.7089
      vertex -14.3312 -7.6602 26.7
      vertex -15.013 -6.21861 26.7
    endloop
  endfacet
  facet normal 0.294941 0.48341 -0.824211
    outer loop
      vertex -6.21861 26.91 51.413
      vertex -4.71713 26.91 51.9503
      vertex -9.02802 -13.5114 26.7
    endloop
  endfacet
  facet normal -0.0306272 0.121615 0.992105
    outer loop
      vertex 0.270906 23.2485 20.6072
      vertex 0.407395 23.2429 20.6121
      vertex 0 26.91 20.15
    endloop
  endfacet
  facet normal -0.126276 0.509342 -0.851249
    outer loop
      vertex 3.17022 26.91 52.3378
      vertex 3.17022 -15.9378 26.7
      vertex 1.59278 26.91 52.5718
    endloop
  endfacet
  facet normal 0.126276 0.509342 -0.851249
    outer loop
      vertex -3.17022 26.91 52.3378
      vertex -1.59278 26.91 52.5718
      vertex -3.17022 -15.9378 26.7
    endloop
  endfacet
  facet normal 0.0761487 0.513333 -0.854804
    outer loop
      vertex -1.59278 26.91 52.5718
      vertex -1.59278 -16.1718 26.7
      vertex -3.17022 -15.9378 26.7
    endloop
  endfacet
  facet normal 0.180214 0.503607 -0.844928
    outer loop
      vertex -3.17022 26.91 52.3378
      vertex -4.71713 -15.5503 26.7
      vertex -6.21861 -15.013 26.7
    endloop
  endfacet
  facet normal -0.018231 0.122556 0.992294
    outer loop
      vertex 0.135246 23.2518 20.6043
      vertex 0.270906 23.2485 20.6072
      vertex 0 26.91 20.15
    endloop
  endfacet
  facet normal 0.0427014 0.120238 0.991826
    outer loop
      vertex -0.407395 23.2429 20.6121
      vertex 0 26.91 20.15
      vertex -0.545135 23.2349 20.619
    endloop
  endfacet
  facet normal 0.018231 0.122556 0.992294
    outer loop
      vertex -0.135246 23.2518 20.6043
      vertex 0 26.91 20.15
      vertex -0.270906 23.2485 20.6072
    endloop
  endfacet
  facet normal -0.987762 -0.0534422 0.14653
    outer loop
      vertex 16.143 4.72464 26.4487
      vertex 16.1718 27.11 34.8072
      vertex 15.9378 27.11 33.2298
    endloop
  endfacet
  facet normal -0.987702 -0.0535738 0.146882
    outer loop
      vertex 16.1718 27.11 34.8072
      vertex 16.143 4.72464 26.4487
      vertex 16.1718 4.28744 26.4829
    endloop
  endfacet
  facet normal -0.998797 0 -0.0490369
    outer loop
      vertex 16.25 27.11 36.4
      vertex 16.1718 27.61 37.9928
      vertex 16.25 27.61 36.4
    endloop
  endfacet
  facet normal -0.998797 0 -0.0490369
    outer loop
      vertex 16.1718 26.91 37.9928
      vertex 16.25 27.11 36.4
      vertex 16.25 26.91 36.4
    endloop
  endfacet
  facet normal -0.998797 0 -0.0490369
    outer loop
      vertex 16.25 27.11 36.4
      vertex 16.1718 26.91 37.9928
      vertex 16.1718 27.61 37.9928
    endloop
  endfacet
  facet normal 0 0 -0
    outer loop
      vertex 16.25 27.61 36.4
      vertex 16.25 33.91 36.4
      vertex 16.25 27.11 36.4
    endloop
  endfacet
  facet normal -0.938581 0.139231 -0.315722
    outer loop
      vertex 16.1718 -1.59278 26.7
      vertex 15.9378 -3.17022 26.7
      vertex 15.5503 26.91 41.1171
    endloop
  endfacet
  facet normal -0.623728 0.370595 -0.688203
    outer loop
      vertex 11.4905 26.91 47.8905
      vertex 14.3312 -7.6602 26.7
      vertex 10.3089 26.91 48.9614
    endloop
  endfacet
  facet normal 0.595713 0 -0.803197
    outer loop
      vertex -10.3089 26.91 48.9614
      vertex -9.02802 27.61 49.9114
      vertex -9.02802 26.91 49.9114
    endloop
  endfacet
  facet normal 0.595713 0 -0.803197
    outer loop
      vertex -9.02802 27.61 49.9114
      vertex -10.3089 26.91 48.9614
      vertex -10.3089 27.61 48.9614
    endloop
  endfacet
  facet normal 0.0490375 0 0.998797
    outer loop
      vertex -1.59278 33.91 20.2282
      vertex 0 26.91 20.15
      vertex 0 33.91 20.15
    endloop
  endfacet
  facet normal 0.0490375 0 0.998797
    outer loop
      vertex 0 26.91 20.15
      vertex -1.59278 33.91 20.2282
      vertex -1.59278 26.91 20.2282
    endloop
  endfacet
  facet normal 0.0490375 0 0.998797
    outer loop
      vertex -1.59278 53.41 20.2282
      vertex 0 37.11 20.15
      vertex 0 53.41 20.15
    endloop
  endfacet
  facet normal 0.0490375 0 0.998797
    outer loop
      vertex 0 37.11 20.15
      vertex -1.59278 53.41 20.2282
      vertex -1.59278 37.11 20.2282
    endloop
  endfacet
  facet normal -0.0490375 0 0.998797
    outer loop
      vertex 0 33.91 20.15
      vertex 1.59278 26.91 20.2282
      vertex 1.59278 33.91 20.2282
    endloop
  endfacet
  facet normal -0.0490375 0 0.998797
    outer loop
      vertex 1.59278 26.91 20.2282
      vertex 0 33.91 20.15
      vertex 0 26.91 20.15
    endloop
  endfacet
  facet normal -0.0490375 0 0.998797
    outer loop
      vertex 0 53.41 20.15
      vertex 1.59278 37.11 20.2282
      vertex 1.59278 53.41 20.2282
    endloop
  endfacet
  facet normal -0.0490375 0 0.998797
    outer loop
      vertex 1.59278 37.11 20.2282
      vertex 0 53.41 20.15
      vertex 0 37.11 20.15
    endloop
  endfacet
  facet normal 0.998603 -0.0197104 0.0490273
    outer loop
      vertex -16.25 27.11 36.4
      vertex -16.241 3.10556 26.5662
      vertex -16.1718 27.11 34.8072
    endloop
  endfacet
  facet normal 0.998589 -0.0198112 0.0492732
    outer loop
      vertex -16.241 3.10556 26.5662
      vertex -16.25 27.11 36.4
      vertex -16.25 2.70837 26.5889
    endloop
  endfacet
  facet normal 0.966743 -0.0822236 0.24217
    outer loop
      vertex -15.9378 27.11 33.2298
      vertex -16.0808 5.32813 26.4051
      vertex -15.5503 27.11 31.6829
    endloop
  endfacet
  facet normal 0.966692 -0.0822819 0.242357
    outer loop
      vertex -15.9378 27.11 33.2298
      vertex -16.0982 5.16936 26.4206
      vertex -16.0808 5.32813 26.4051
    endloop
  endfacet
  facet normal 0.971272 -0.0769832 0.225176
    outer loop
      vertex -15.9378 27.11 33.2298
      vertex -16.0988 5.16296 26.421
      vertex -16.0982 5.16936 26.4206
    endloop
  endfacet
  facet normal 0.966772 -0.0821911 0.242069
    outer loop
      vertex -16.0988 5.16296 26.421
      vertex -15.9378 27.11 33.2298
      vertex -16.143 4.72464 26.4487
    endloop
  endfacet
  facet normal 0.850887 -0.126124 0.509985
    outer loop
      vertex -14.3312 27.11 28.7398
      vertex -15.3938 9.05454 26.0474
      vertex -13.5114 27.11 27.372
    endloop
  endfacet
  facet normal 0.850877 -0.126126 0.51
    outer loop
      vertex -14.3312 27.11 28.7398
      vertex -15.507 8.55208 26.112
      vertex -15.3938 9.05454 26.0474
    endloop
  endfacet
  facet normal 0.84906 -0.126428 0.512946
    outer loop
      vertex -14.3312 27.11 28.7398
      vertex -15.51 8.53883 26.1137
      vertex -15.507 8.55208 26.112
    endloop
  endfacet
  facet normal 0.850846 -0.126132 0.510052
    outer loop
      vertex -15.51 8.53883 26.1137
      vertex -14.3312 27.11 28.7398
      vertex -15.7568 7.34591 26.2304
    endloop
  endfacet
  facet normal 0.593594 -0.0842729 0.80034
    outer loop
      vertex -10.3089 27.11 23.8386
      vertex -11.2216 19.2747 23.6905
      vertex -9.02802 27.11 22.8886
    endloop
  endfacet
  facet normal 0.593664 -0.08428 0.800288
    outer loop
      vertex -10.3089 27.11 23.8386
      vertex -11.4941 18.9144 23.8547
      vertex -11.2216 19.2747 23.6905
    endloop
  endfacet
  facet normal 0.591941 -0.0840284 0.801589
    outer loop
      vertex -10.3089 27.11 23.8386
      vertex -11.5181 18.8827 23.8691
      vertex -11.4941 18.9144 23.8547
    endloop
  endfacet
  facet normal 0.593676 -0.0842883 0.800277
    outer loop
      vertex -10.3089 27.11 23.8386
      vertex -12.0602 18.0486 24.1834
      vertex -11.5181 18.8827 23.8691
    endloop
  endfacet
  facet normal 0.58956 -0.0833736 0.80341
    outer loop
      vertex -10.3089 27.11 23.8386
      vertex -12.0816 18.0158 24.1957
      vertex -12.0602 18.0486 24.1834
    endloop
  endfacet
  facet normal 0.596994 -0.0850459 0.797725
    outer loop
      vertex -10.3089 27.11 23.8386
      vertex -12.1023 17.9793 24.2073
      vertex -12.0816 18.0158 24.1957
    endloop
  endfacet
  facet normal 0.593599 -0.0842735 0.800337
    outer loop
      vertex -12.1023 17.9793 24.2073
      vertex -10.3089 27.11 23.8386
      vertex -12.6128 17.0825 24.4915
    endloop
  endfacet
  facet normal 0.621143 -0.0920384 0.778274
    outer loop
      vertex -10.3089 27.11 23.8386
      vertex -12.6507 17.0136 24.5136
      vertex -12.6128 17.0825 24.4915
    endloop
  endfacet
  facet normal 0.62232 -0.0923771 0.777293
    outer loop
      vertex -10.3089 27.11 23.8386
      vertex -12.6681 16.978 24.5233
      vertex -12.6507 17.0136 24.5136
    endloop
  endfacet
  facet normal 0.622061 -0.0923023 0.777509
    outer loop
      vertex -12.6681 16.978 24.5233
      vertex -10.3089 27.11 23.8386
      vertex -12.7126 16.887 24.5481
    endloop
  endfacet
  facet normal 0.89761 -0.118646 0.424522
    outer loop
      vertex -15.013 27.11 30.1814
      vertex -15.7568 7.34591 26.2304
      vertex -14.3312 27.11 28.7398
    endloop
  endfacet
  facet normal 0.897642 -0.118634 0.424457
    outer loop
      vertex -15.013 27.11 30.1814
      vertex -15.8418 6.88058 26.2801
      vertex -15.7568 7.34591 26.2304
    endloop
  endfacet
  facet normal 0.909242 -0.114437 0.400229
    outer loop
      vertex -15.013 27.11 30.1814
      vertex -15.8435 6.87092 26.2812
      vertex -15.8418 6.88058 26.2801
    endloop
  endfacet
  facet normal 0.894757 -0.119624 0.430232
    outer loop
      vertex -15.013 27.11 30.1814
      vertex -15.8451 6.86147 26.2819
      vertex -15.8435 6.87092 26.2812
    endloop
  endfacet
  facet normal 0.897457 -0.118695 0.424832
    outer loop
      vertex -15.8451 6.86147 26.2819
      vertex -15.013 27.11 30.1814
      vertex -15.965 6.14639 26.3354
    endloop
  endfacet
  facet normal 0.832298 0.241734 -0.498843
    outer loop
      vertex -14.3312 26.91 44.0602
      vertex -13.5114 26.91 45.428
      vertex -15.5503 -4.71713 26.7
    endloop
  endfacet
  facet normal 0.886702 0.194668 -0.419363
    outer loop
      vertex -15.013 26.91 42.6186
      vertex -14.3312 26.91 44.0602
      vertex -15.9378 -3.17022 26.7
    endloop
  endfacet
  facet normal 0.987508 0.0580402 -0.146492
    outer loop
      vertex -16.1718 26.91 37.9928
      vertex -15.9378 26.91 39.5702
      vertex -16.1718 -1.59278 26.7
    endloop
  endfacet
  facet normal 0.989175 0 -0.14674
    outer loop
      vertex -15.9378 26.91 39.5702
      vertex -16.1718 27.61 37.9928
      vertex -15.9378 27.61 39.5702
    endloop
  endfacet
  facet normal 0.989175 0 -0.14674
    outer loop
      vertex -16.1718 27.61 37.9928
      vertex -15.9378 26.91 39.5702
      vertex -16.1718 26.91 37.9928
    endloop
  endfacet
  facet normal 0.336924 0 -0.941532
    outer loop
      vertex -6.21861 26.91 51.413
      vertex -4.71713 33.91 51.9503
      vertex -4.71713 26.91 51.9503
    endloop
  endfacet
  facet normal 0.336924 0 -0.941532
    outer loop
      vertex -4.71713 33.91 51.9503
      vertex -6.21861 26.91 51.413
      vertex -6.21861 33.91 51.413
    endloop
  endfacet
  facet normal 0.336924 0 -0.941532
    outer loop
      vertex -6.21861 37.11 51.413
      vertex -4.71713 53.41 51.9503
      vertex -4.71713 37.11 51.9503
    endloop
  endfacet
  facet normal 0.336924 0 -0.941532
    outer loop
      vertex -4.71713 53.41 51.9503
      vertex -6.21861 37.11 51.413
      vertex -6.21861 53.41 51.413
    endloop
  endfacet
  facet normal -0.336924 0 -0.941532
    outer loop
      vertex 4.71713 26.91 51.9503
      vertex 6.21861 33.91 51.413
      vertex 6.21861 26.91 51.413
    endloop
  endfacet
  facet normal -0.336924 0 -0.941532
    outer loop
      vertex 6.21861 33.91 51.413
      vertex 4.71713 26.91 51.9503
      vertex 4.71713 33.91 51.9503
    endloop
  endfacet
  facet normal -0.336924 0 -0.941532
    outer loop
      vertex 4.71713 37.11 51.9503
      vertex 6.21861 53.41 51.413
      vertex 6.21861 37.11 51.413
    endloop
  endfacet
  facet normal -0.336924 0 -0.941532
    outer loop
      vertex 6.21861 53.41 51.413
      vertex 4.71713 37.11 51.9503
      vertex 4.71713 53.41 51.9503
    endloop
  endfacet
  facet normal -0.427544 0 -0.903994
    outer loop
      vertex 6.21861 26.91 51.413
      vertex 7.6602 33.91 50.7312
      vertex 7.6602 26.91 50.7312
    endloop
  endfacet
  facet normal -0.427544 0 -0.903994
    outer loop
      vertex 7.6602 33.91 50.7312
      vertex 6.21861 26.91 51.413
      vertex 6.21861 33.91 51.413
    endloop
  endfacet
  facet normal -0.427544 0 -0.903994
    outer loop
      vertex 6.21861 37.11 51.413
      vertex 7.6602 53.41 50.7312
      vertex 7.6602 37.11 50.7312
    endloop
  endfacet
  facet normal -0.427544 0 -0.903994
    outer loop
      vertex 7.6602 53.41 50.7312
      vertex 6.21861 37.11 51.413
      vertex 6.21861 53.41 51.413
    endloop
  endfacet
  facet normal -0.127568 0.509257 -0.851108
    outer loop
      vertex 3.17022 26.91 52.3378
      vertex 4.71713 -15.5503 26.7
      vertex 3.17022 -15.9378 26.7
    endloop
  endfacet
  facet normal -0.146735 0 -0.989176
    outer loop
      vertex 3.17022 26.91 52.3378
      vertex 2.53924 27.61 52.4314
      vertex 3.17022 27.61 52.3378
    endloop
  endfacet
  facet normal -0.146736 -8.38491e-07 -0.989176
    outer loop
      vertex 1.59278 26.91 52.5718
      vertex 2.53924 27.61 52.4314
      vertex 3.17022 26.91 52.3378
    endloop
  endfacet
  facet normal -0.146737 -0 -0.989176
    outer loop
      vertex 1.59278 33.91 52.5718
      vertex 2.53924 27.61 52.4314
      vertex 1.59278 26.91 52.5718
    endloop
  endfacet
  facet normal -0.146737 0 -0.989176
    outer loop
      vertex 2.53924 27.61 52.4314
      vertex 1.59278 33.91 52.5718
      vertex 2.53924 33.91 52.4314
    endloop
  endfacet
  facet normal -0.146737 0 -0.989176
    outer loop
      vertex 1.59278 37.11 52.5718
      vertex 2.53924 53.41 52.4314
      vertex 2.53924 37.11 52.4314
    endloop
  endfacet
  facet normal -0.146737 0 -0.989176
    outer loop
      vertex 2.53924 53.41 52.4314
      vertex 1.59278 37.11 52.5718
      vertex 1.59278 53.41 52.5718
    endloop
  endfacet
  facet normal 0.0420529 0.514373 -0.856535
    outer loop
      vertex -1.59278 26.91 52.5718
      vertex 0 26.91 52.65
      vertex -1.59278 -16.1718 26.7
    endloop
  endfacet
  facet normal 0.0252906 0.515119 -0.856745
    outer loop
      vertex 0 26.91 52.65
      vertex 0 -16.25 26.7
      vertex -1.59278 -16.1718 26.7
    endloop
  endfacet
  facet normal 0.127568 0.509257 -0.851108
    outer loop
      vertex -3.17022 26.91 52.3378
      vertex -3.17022 -15.9378 26.7
      vertex -4.71713 -15.5503 26.7
    endloop
  endfacet
  facet normal 0.234305 0.495411 -0.836462
    outer loop
      vertex -4.71713 26.91 51.9503
      vertex -6.21861 -15.013 26.7
      vertex -7.6602 -14.3312 26.7
    endloop
  endfacet
  facet normal 0.242993 0 -0.970028
    outer loop
      vertex -3.17022 26.91 52.3378
      vertex -3.78898 27.61 52.1828
      vertex -3.17022 27.61 52.3378
    endloop
  endfacet
  facet normal 0.242992 -1.38852e-06 -0.970028
    outer loop
      vertex -4.71713 26.91 51.9503
      vertex -3.78898 27.61 52.1828
      vertex -3.17022 26.91 52.3378
    endloop
  endfacet
  facet normal 0.242991 0 -0.970029
    outer loop
      vertex -4.71713 33.91 51.9503
      vertex -3.78898 27.61 52.1828
      vertex -4.71713 26.91 51.9503
    endloop
  endfacet
  facet normal 0.242991 0 -0.970029
    outer loop
      vertex -3.78898 27.61 52.1828
      vertex -4.71713 33.91 51.9503
      vertex -3.78898 33.91 52.1828
    endloop
  endfacet
  facet normal 0.242991 0 -0.970029
    outer loop
      vertex -4.71713 37.11 51.9503
      vertex -3.78898 53.41 52.1828
      vertex -3.78898 37.11 52.1828
    endloop
  endfacet
  facet normal 0.242991 0 -0.970029
    outer loop
      vertex -3.78898 53.41 52.1828
      vertex -4.71713 37.11 51.9503
      vertex -4.71713 53.41 51.9503
    endloop
  endfacet
  facet normal 0.0306272 0.121615 0.992105
    outer loop
      vertex -0.270906 23.2485 20.6072
      vertex 0 26.91 20.15
      vertex -0.407395 23.2429 20.6121
    endloop
  endfacet
  facet normal 0.240504 0.0601765 0.968781
    outer loop
      vertex -4.84466 22.6323 21.1436
      vertex -3.17022 26.91 20.4622
      vertex -5.00702 22.5825 21.187
    endloop
  endfacet
  facet normal -0.00633718 0.123007 0.992386
    outer loop
      vertex 0.135246 23.2518 20.6043
      vertex 0 26.91 20.15
      vertex 0 23.2529 20.6033
    endloop
  endfacet
  facet normal -0.0837375 0.113735 0.989976
    outer loop
      vertex 2.29079 23.1153 20.7232
      vertex 2.4343 23.0991 20.7372
      vertex 1.59278 26.91 20.2282
    endloop
  endfacet
  facet normal -0.462462 0.436747 -0.771609
    outer loop
      vertex 9.02802 26.91 49.9114
      vertex 11.4905 -11.4905 26.7
      vertex 7.6602 26.91 50.7312
    endloop
  endfacet
  facet normal -0.620833 0.372095 -0.690009
    outer loop
      vertex 14.3312 -7.6602 26.7
      vertex 13.5114 -9.02802 26.7
      vertex 10.3089 26.91 48.9614
    endloop
  endfacet
  facet normal -0.987508 0.0580402 -0.146492
    outer loop
      vertex 16.1718 26.91 37.9928
      vertex 16.1718 -1.59278 26.7
      vertex 15.9378 26.91 39.5702
    endloop
  endfacet
  facet normal -0.207242 0.0742618 0.975467
    outer loop
      vertex 4.68403 22.6753 21.1062
      vertex 4.84466 22.6323 21.1436
      vertex 3.17022 26.91 20.4622
    endloop
  endfacet
  facet normal -0.179762 0.0847822 0.98005
    outer loop
      vertex 4.52543 22.7124 21.0739
      vertex 4.68403 22.6753 21.1062
      vertex 3.17022 26.91 20.4622
    endloop
  endfacet
  facet normal -0.903996 0 -0.427542
    outer loop
      vertex 15.013 26.91 42.6186
      vertex 14.3312 33.91 44.0602
      vertex 15.013 33.91 42.6186
    endloop
  endfacet
  facet normal -0.903996 -0 -0.427542
    outer loop
      vertex 14.3312 33.91 44.0602
      vertex 15.013 26.91 42.6186
      vertex 14.3312 26.91 44.0602
    endloop
  endfacet
  facet normal -0.903996 0 -0.427542
    outer loop
      vertex 15.013 37.11 42.6186
      vertex 14.3312 53.41 44.0602
      vertex 15.013 53.41 42.6186
    endloop
  endfacet
  facet normal -0.903996 -0 -0.427542
    outer loop
      vertex 14.3312 53.41 44.0602
      vertex 15.013 37.11 42.6186
      vertex 14.3312 37.11 44.0602
    endloop
  endfacet
  facet normal -0.735591 -0.120204 0.666676
    outer loop
      vertex 13.906 14.107 25.2302
      vertex 12.5614 27.11 26.0911
      vertex 11.4905 27.11 24.9095
    endloop
  endfacet
  facet normal -0.735558 -0.120203 0.666713
    outer loop
      vertex 14.2204 13.2142 25.4161
      vertex 12.5614 27.11 26.0911
      vertex 13.906 14.107 25.2302
    endloop
  endfacet
  facet normal -0.73559 -0.120205 0.666676
    outer loop
      vertex 14.6898 11.756 25.6711
      vertex 12.5614 27.11 26.0911
      vertex 14.2204 13.2142 25.4161
    endloop
  endfacet
  facet normal -0.738479 -0.120517 0.663419
    outer loop
      vertex 14.6966 11.7347 25.6748
      vertex 12.5614 27.11 26.0911
      vertex 14.6898 11.756 25.6711
    endloop
  endfacet
  facet normal -0.732839 -0.119905 0.669754
    outer loop
      vertex 14.703 11.7129 25.6779
      vertex 12.5614 27.11 26.0911
      vertex 14.6966 11.7347 25.6748
    endloop
  endfacet
  facet normal -0.735096 -0.120151 0.667231
    outer loop
      vertex 12.5614 27.11 26.0911
      vertex 14.703 11.7129 25.6779
      vertex 14.7606 11.5171 25.7061
    endloop
  endfacet
  facet normal -0.796702 -0.126955 0.590887
    outer loop
      vertex 14.7606 11.5171 25.7061
      vertex 13.5114 27.11 27.372
      vertex 12.5614 27.11 26.0911
    endloop
  endfacet
  facet normal -0.796731 -0.126953 0.590849
    outer loop
      vertex 15.1266 10.1682 25.9098
      vertex 13.5114 27.11 27.372
      vertex 14.7606 11.5171 25.7061
    endloop
  endfacet
  facet normal -0.796595 -0.126956 0.591032
    outer loop
      vertex 13.5114 27.11 27.372
      vertex 15.1266 10.1682 25.9098
      vertex 15.2986 9.47677 25.9931
    endloop
  endfacet
  facet normal -0.544388 0.406071 -0.733995
    outer loop
      vertex 10.3089 26.91 48.9614
      vertex 12.5614 -10.3089 26.7
      vertex 9.02802 26.91 49.9114
    endloop
  endfacet
  facet normal -0.769253 0.287659 -0.570528
    outer loop
      vertex 13.5114 26.91 45.428
      vertex 15.013 -6.21861 26.7
      vertex 12.5614 26.91 46.7089
    endloop
  endfacet
  facet normal 0.803202 0 -0.595707
    outer loop
      vertex -12.5614 26.91 46.7089
      vertex -13.5114 27.61 45.428
      vertex -12.5614 27.61 46.7089
    endloop
  endfacet
  facet normal 0.803202 0 -0.595707
    outer loop
      vertex -13.5114 27.61 45.428
      vertex -12.5614 26.91 46.7089
      vertex -13.5114 26.91 45.428
    endloop
  endfacet
  facet normal 0.671545 0 -0.740964
    outer loop
      vertex -11.4905 26.91 47.8905
      vertex -10.3089 27.61 48.9614
      vertex -10.3089 26.91 48.9614
    endloop
  endfacet
  facet normal 0.671545 0 -0.740964
    outer loop
      vertex -10.3089 27.61 48.9614
      vertex -11.4905 26.91 47.8905
      vertex -11.4905 27.61 47.8905
    endloop
  endfacet
  facet normal 0.544388 0.406071 -0.733995
    outer loop
      vertex -10.3089 26.91 48.9614
      vertex -9.02802 26.91 49.9114
      vertex -12.5614 -10.3089 26.7
    endloop
  endfacet
  facet normal 0.476788 0.432119 -0.765472
    outer loop
      vertex -9.02802 26.91 49.9114
      vertex -11.4905 -11.4905 26.7
      vertex -12.5614 -10.3089 26.7
    endloop
  endfacet
  facet normal 0.379063 0.462528 -0.801486
    outer loop
      vertex -7.6602 26.91 50.7312
      vertex -6.21861 26.91 51.413
      vertex -10.3089 -12.5614 26.7
    endloop
  endfacet
  facet normal 0.411224 0.453732 -0.790583
    outer loop
      vertex -7.6602 26.91 50.7312
      vertex -10.3089 -12.5614 26.7
      vertex -11.4905 -11.4905 26.7
    endloop
  endfacet
  facet normal 0.796702 -0.126955 0.590887
    outer loop
      vertex -13.5114 27.11 27.372
      vertex -14.7606 11.5171 25.7061
      vertex -12.5614 27.11 26.0911
    endloop
  endfacet
  facet normal 0.796731 -0.126953 0.590849
    outer loop
      vertex -13.5114 27.11 27.372
      vertex -15.1266 10.1682 25.9098
      vertex -14.7606 11.5171 25.7061
    endloop
  endfacet
  facet normal 0.796595 -0.126956 0.591032
    outer loop
      vertex -15.1266 10.1682 25.9098
      vertex -13.5114 27.11 27.372
      vertex -15.2986 9.47677 25.9931
    endloop
  endfacet
  facet normal 0.850582 -0.12613 0.510491
    outer loop
      vertex -15.2986 9.47677 25.9931
      vertex -13.5114 27.11 27.372
      vertex -15.3938 9.05454 26.0474
    endloop
  endfacet
  facet normal 0.863854 0.216395 -0.454895
    outer loop
      vertex -14.3312 26.91 44.0602
      vertex -15.5503 -4.71713 26.7
      vertex -15.9378 -3.17022 26.7
    endloop
  endfacet
  facet normal 0.857742 0 -0.514081
    outer loop
      vertex -13.5114 27.61 45.428
      vertex -13.5114 26.91 45.428
      vertex -13.8393 27.61 44.8809
    endloop
  endfacet
  facet normal 0.857733 0 -0.514096
    outer loop
      vertex -13.8393 27.61 44.8809
      vertex -14.3312 33.91 44.0602
      vertex -13.8393 33.91 44.8809
    endloop
  endfacet
  facet normal 0.857733 0 -0.514096
    outer loop
      vertex -13.8393 27.61 44.8809
      vertex -14.3312 26.91 44.0602
      vertex -14.3312 33.91 44.0602
    endloop
  endfacet
  facet normal 0.857736 -9.81847e-06 -0.51409
    outer loop
      vertex -14.3312 26.91 44.0602
      vertex -13.8393 27.61 44.8809
      vertex -13.5114 26.91 45.428
    endloop
  endfacet
  facet normal 0.857733 0 -0.514096
    outer loop
      vertex -13.8393 37.11 44.8809
      vertex -14.3312 53.41 44.0602
      vertex -13.8393 53.41 44.8809
    endloop
  endfacet
  facet normal 0.857733 0 -0.514096
    outer loop
      vertex -14.3312 53.41 44.0602
      vertex -13.8393 37.11 44.8809
      vertex -14.3312 37.11 44.0602
    endloop
  endfacet
  facet normal 1 -0 0
    outer loop
      vertex -16.25 26.91 36.4
      vertex -16.25 2.70837 26.5889
      vertex -16.25 27.11 36.4
    endloop
  endfacet
  facet normal 1 0 0
    outer loop
      vertex -16.25 26.91 36.4
      vertex -16.25 1.66336 26.6596
      vertex -16.25 2.70837 26.5889
    endloop
  endfacet
  facet normal 1 0 -0
    outer loop
      vertex -16.25 1.66336 26.6596
      vertex -16.25 26.91 36.4
      vertex -16.25 0 26.7
    endloop
  endfacet
  facet normal -0.290387 0.484505 -0.825185
    outer loop
      vertex 9.02802 -13.5114 26.7
      vertex 7.6602 -14.3312 26.7
      vertex 4.71713 26.91 51.9503
    endloop
  endfacet
  facet normal -0.379063 0.462528 -0.801486
    outer loop
      vertex 7.6602 26.91 50.7312
      vertex 10.3089 -12.5614 26.7
      vertex 6.21861 26.91 51.413
    endloop
  endfacet
  facet normal -0.210601 0.498827 -0.840725
    outer loop
      vertex 4.71713 26.91 51.9503
      vertex 6.21861 -15.013 26.7
      vertex 3.17022 26.91 52.3378
    endloop
  endfacet
  facet normal -0.180214 0.503607 -0.844928
    outer loop
      vertex 6.21861 -15.013 26.7
      vertex 4.71713 -15.5503 26.7
      vertex 3.17022 26.91 52.3378
    endloop
  endfacet
  facet normal -0.0427014 0.120238 0.991826
    outer loop
      vertex 0.407395 23.2429 20.6121
      vertex 0.545135 23.2349 20.619
      vertex 0 26.91 20.15
    endloop
  endfacet
  facet normal -0.242991 0 -0.970029
    outer loop
      vertex 4.71713 26.91 51.9503
      vertex 3.78898 27.61 52.1828
      vertex 4.71713 33.91 51.9503
    endloop
  endfacet
  facet normal -0.242992 -1.38852e-06 -0.970028
    outer loop
      vertex 3.17022 26.91 52.3378
      vertex 3.78898 27.61 52.1828
      vertex 4.71713 26.91 51.9503
    endloop
  endfacet
  facet normal -0.242993 0 -0.970028
    outer loop
      vertex 3.78898 27.61 52.1828
      vertex 3.17022 26.91 52.3378
      vertex 3.17022 27.61 52.3378
    endloop
  endfacet
  facet normal -0.242991 0 -0.970029
    outer loop
      vertex 4.71713 33.91 51.9503
      vertex 3.78898 27.61 52.1828
      vertex 3.78898 33.91 52.1828
    endloop
  endfacet
  facet normal -0.242991 0 -0.970029
    outer loop
      vertex 3.78898 37.11 52.1828
      vertex 4.71713 53.41 51.9503
      vertex 4.71713 37.11 51.9503
    endloop
  endfacet
  facet normal -0.242991 0 -0.970029
    outer loop
      vertex 4.71713 53.41 51.9503
      vertex 3.78898 37.11 52.1828
      vertex 3.78898 53.41 52.1828
    endloop
  endfacet
  facet normal 0.146737 0 -0.989176
    outer loop
      vertex -1.59278 26.91 52.5718
      vertex -2.53924 27.61 52.4314
      vertex -1.59278 33.91 52.5718
    endloop
  endfacet
  facet normal 0.146736 -8.38491e-07 -0.989176
    outer loop
      vertex -3.17022 26.91 52.3378
      vertex -2.53924 27.61 52.4314
      vertex -1.59278 26.91 52.5718
    endloop
  endfacet
  facet normal 0.146735 0 -0.989176
    outer loop
      vertex -2.53924 27.61 52.4314
      vertex -3.17022 26.91 52.3378
      vertex -3.17022 27.61 52.3378
    endloop
  endfacet
  facet normal 0.146737 0 -0.989176
    outer loop
      vertex -1.59278 33.91 52.5718
      vertex -2.53924 27.61 52.4314
      vertex -2.53924 33.91 52.4314
    endloop
  endfacet
  facet normal 0.146737 0 -0.989176
    outer loop
      vertex -2.53924 37.11 52.4314
      vertex -1.59278 53.41 52.5718
      vertex -1.59278 37.11 52.5718
    endloop
  endfacet
  facet normal 0.146737 0 -0.989176
    outer loop
      vertex -1.59278 53.41 52.5718
      vertex -2.53924 37.11 52.4314
      vertex -2.53924 53.41 52.4314
    endloop
  endfacet
  facet normal -0.0486926 0.119331 0.99166
    outer loop
      vertex 1.59278 26.91 20.2282
      vertex 0.545135 23.2349 20.619
      vertex 2.00886 23.1391 20.7024
    endloop
  endfacet
  facet normal -0.0486871 0.119329 0.99166
    outer loop
      vertex 0.545135 23.2349 20.619
      vertex 1.59278 26.91 20.2282
      vertex 0 26.91 20.15
    endloop
  endfacet
  facet normal -0.0560765 0.11848 0.991372
    outer loop
      vertex 2.00886 23.1391 20.7024
      vertex 2.14911 23.1285 20.7116
      vertex 1.59278 26.91 20.2282
    endloop
  endfacet
  facet normal -1 0 0
    outer loop
      vertex 16.25 2.70837 26.5889
      vertex 16.25 26.91 36.4
      vertex 16.25 27.11 36.4
    endloop
  endfacet
  facet normal -1 0 0
    outer loop
      vertex 16.25 1.66336 26.6596
      vertex 16.25 26.91 36.4
      vertex 16.25 2.70837 26.5889
    endloop
  endfacet
  facet normal -1 0 0
    outer loop
      vertex 16.25 26.91 36.4
      vertex 16.25 1.66336 26.6596
      vertex 16.25 0 26.7
    endloop
  endfacet
  facet normal -0.240504 0.0601765 0.968781
    outer loop
      vertex 4.84466 22.6323 21.1436
      vertex 5.00702 22.5825 21.187
      vertex 3.17022 26.91 20.4622
    endloop
  endfacet
  facet normal -0.155118 0.0932391 0.983486
    outer loop
      vertex 4.36892 22.7442 21.0462
      vertex 4.52543 22.7124 21.0739
      vertex 3.17022 26.91 20.4622
    endloop
  endfacet
  facet normal -0.349308 0.47097 -0.810044
    outer loop
      vertex 10.3089 -12.5614 26.7
      vertex 9.02802 -13.5114 26.7
      vertex 6.21861 26.91 51.413
    endloop
  endfacet
  facet normal -0.100121 0.10997 0.988879
    outer loop
      vertex 2.4343 23.0991 20.7372
      vertex 2.58002 23.0798 20.7541
      vertex 1.59278 26.91 20.2282
    endloop
  endfacet
  facet normal -0.116209 0.105647 0.98759
    outer loop
      vertex 2.58002 23.0798 20.7541
      vertex 2.72832 23.0569 20.774
      vertex 1.59278 26.91 20.2282
    endloop
  endfacet
  facet normal -0.546448 0.405289 -0.732895
    outer loop
      vertex 13.5114 -9.02802 26.7
      vertex 12.5614 -10.3089 26.7
      vertex 10.3089 26.91 48.9614
    endloop
  endfacet
  facet normal -0.476788 0.432119 -0.765472
    outer loop
      vertex 12.5614 -10.3089 26.7
      vertex 11.4905 -11.4905 26.7
      vertex 9.02802 26.91 49.9114
    endloop
  endfacet
  facet normal -0.970028 0 -0.242993
    outer loop
      vertex 15.9378 26.91 39.5702
      vertex 15.5503 27.61 41.1171
      vertex 15.9378 27.61 39.5702
    endloop
  endfacet
  facet normal -0.970028 -0 -0.242993
    outer loop
      vertex 15.5503 27.61 41.1171
      vertex 15.9378 26.91 39.5702
      vertex 15.5503 26.91 41.1171
    endloop
  endfacet
  facet normal -0.336924 0 0.941532
    outer loop
      vertex 4.71713 33.91 20.8497
      vertex 6.21861 27.11 21.387
      vertex 6.21861 33.91 21.387
    endloop
  endfacet
  facet normal -0.336924 0 0.941532
    outer loop
      vertex 4.71713 26.91 20.8497
      vertex 6.21861 27.11 21.387
      vertex 4.71713 33.91 20.8497
    endloop
  endfacet
  facet normal -0.336924 0 0.941532
    outer loop
      vertex 6.21861 27.11 21.387
      vertex 4.71713 26.91 20.8497
      vertex 6.21861 26.91 21.387
    endloop
  endfacet
  facet normal -0.336924 0 0.941532
    outer loop
      vertex 4.71713 53.41 20.8497
      vertex 6.21861 37.11 21.387
      vertex 6.21861 53.41 21.387
    endloop
  endfacet
  facet normal -0.336924 0 0.941532
    outer loop
      vertex 6.21861 37.11 21.387
      vertex 4.71713 53.41 20.8497
      vertex 4.71713 37.11 20.8497
    endloop
  endfacet
  facet normal -0.832298 0.241734 -0.498843
    outer loop
      vertex 14.3312 26.91 44.0602
      vertex 15.5503 -4.71713 26.7
      vertex 13.5114 26.91 45.428
    endloop
  endfacet
  facet normal -0.781658 0.279714 -0.557468
    outer loop
      vertex 15.5503 -4.71713 26.7
      vertex 15.013 -6.21861 26.7
      vertex 13.5114 26.91 45.428
    endloop
  endfacet
  facet normal -0.850887 -0.126124 0.509985
    outer loop
      vertex 15.3938 9.05454 26.0474
      vertex 14.3312 27.11 28.7398
      vertex 13.5114 27.11 27.372
    endloop
  endfacet
  facet normal -0.850877 -0.126126 0.51
    outer loop
      vertex 15.507 8.55208 26.112
      vertex 14.3312 27.11 28.7398
      vertex 15.3938 9.05454 26.0474
    endloop
  endfacet
  facet normal -0.84906 -0.126428 0.512946
    outer loop
      vertex 15.51 8.53883 26.1137
      vertex 14.3312 27.11 28.7398
      vertex 15.507 8.55208 26.112
    endloop
  endfacet
  facet normal -0.850846 -0.126132 0.510052
    outer loop
      vertex 14.3312 27.11 28.7398
      vertex 15.51 8.53883 26.1137
      vertex 15.7568 7.34591 26.2304
    endloop
  endfacet
  facet normal -0.850582 -0.12613 0.510491
    outer loop
      vertex 15.2986 9.47677 25.9931
      vertex 15.3938 9.05454 26.0474
      vertex 13.5114 27.11 27.372
    endloop
  endfacet
  facet normal -0.667502 -0.10582 0.73705
    outer loop
      vertex 11.4905 27.11 24.9095
      vertex 13.7307 14.5685 25.1377
      vertex 13.906 14.107 25.2302
    endloop
  endfacet
  facet normal -0.67387 -0.107067 0.731051
    outer loop
      vertex 11.4905 27.11 24.9095
      vertex 13.7193 14.5986 25.1316
      vertex 13.7307 14.5685 25.1377
    endloop
  endfacet
  facet normal -0.671393 -0.106584 0.733397
    outer loop
      vertex 11.4905 27.11 24.9095
      vertex 13.7073 14.6274 25.1248
      vertex 13.7193 14.5986 25.1316
    endloop
  endfacet
  facet normal -0.667658 -0.10586 0.736904
    outer loop
      vertex 11.4905 27.11 24.9095
      vertex 13.1877 15.8656 24.8319
      vertex 13.7073 14.6274 25.1248
    endloop
  endfacet
  facet normal -0.66775 -0.105873 0.736818
    outer loop
      vertex 11.4905 27.11 24.9095
      vertex 12.7126 16.887 24.5481
      vertex 13.1877 15.8656 24.8319
    endloop
  endfacet
  facet normal -0.667771 -0.105875 0.736799
    outer loop
      vertex 12.7126 16.887 24.5481
      vertex 11.4905 27.11 24.9095
      vertex 10.3089 27.11 23.8386
    endloop
  endfacet
  facet normal -0.863854 0.216395 -0.454895
    outer loop
      vertex 15.9378 -3.17022 26.7
      vertex 15.5503 -4.71713 26.7
      vertex 14.3312 26.91 44.0602
    endloop
  endfacet
  facet normal -0.941543 -0 -0.336892
    outer loop
      vertex 15.5503 27.61 41.1171
      vertex 15.5503 26.91 41.1171
      vertex 15.3354 27.61 41.7177
    endloop
  endfacet
  facet normal -0.941527 0 -0.336939
    outer loop
      vertex 15.3354 27.61 41.7177
      vertex 15.013 33.91 42.6186
      vertex 15.3354 33.91 41.7177
    endloop
  endfacet
  facet normal -0.941527 0 -0.336939
    outer loop
      vertex 15.3354 27.61 41.7177
      vertex 15.013 26.91 42.6186
      vertex 15.013 33.91 42.6186
    endloop
  endfacet
  facet normal -0.941533 2.69009e-05 -0.33692
    outer loop
      vertex 15.013 26.91 42.6186
      vertex 15.3354 27.61 41.7177
      vertex 15.5503 26.91 41.1171
    endloop
  endfacet
  facet normal -0.941527 0 -0.336939
    outer loop
      vertex 15.3354 37.11 41.7177
      vertex 15.013 53.41 42.6186
      vertex 15.3354 53.41 41.7177
    endloop
  endfacet
  facet normal -0.941527 -0 -0.336939
    outer loop
      vertex 15.013 53.41 42.6186
      vertex 15.3354 37.11 41.7177
      vertex 15.013 37.11 42.6186
    endloop
  endfacet
  facet normal -0.857733 0 -0.514096
    outer loop
      vertex 14.3312 33.91 44.0602
      vertex 13.8393 27.61 44.8809
      vertex 13.8393 33.91 44.8809
    endloop
  endfacet
  facet normal -0.857733 0 -0.514096
    outer loop
      vertex 14.3312 26.91 44.0602
      vertex 13.8393 27.61 44.8809
      vertex 14.3312 33.91 44.0602
    endloop
  endfacet
  facet normal -0.857736 -9.81847e-06 -0.51409
    outer loop
      vertex 13.5114 26.91 45.428
      vertex 13.8393 27.61 44.8809
      vertex 14.3312 26.91 44.0602
    endloop
  endfacet
  facet normal -0.857742 0 -0.514081
    outer loop
      vertex 13.8393 27.61 44.8809
      vertex 13.5114 26.91 45.428
      vertex 13.5114 27.61 45.428
    endloop
  endfacet
  facet normal -0.857733 0 -0.514096
    outer loop
      vertex 14.3312 37.11 44.0602
      vertex 13.8393 53.41 44.8809
      vertex 14.3312 53.41 44.0602
    endloop
  endfacet
  facet normal -0.857733 -0 -0.514096
    outer loop
      vertex 13.8393 53.41 44.8809
      vertex 14.3312 37.11 44.0602
      vertex 13.8393 37.11 44.8809
    endloop
  endfacet
  facet normal -0.699494 0.330826 -0.633452
    outer loop
      vertex 15.013 -6.21861 26.7
      vertex 14.3312 -7.6602 26.7
      vertex 12.5614 26.91 46.7089
    endloop
  endfacet
  facet normal 0.667771 -0.105875 0.736799
    outer loop
      vertex -11.4905 27.11 24.9095
      vertex -12.7126 16.887 24.5481
      vertex -10.3089 27.11 23.8386
    endloop
  endfacet
  facet normal 0.66775 -0.105873 0.736818
    outer loop
      vertex -11.4905 27.11 24.9095
      vertex -13.1877 15.8656 24.8319
      vertex -12.7126 16.887 24.5481
    endloop
  endfacet
  facet normal 0.667658 -0.10586 0.736904
    outer loop
      vertex -11.4905 27.11 24.9095
      vertex -13.7073 14.6274 25.1248
      vertex -13.1877 15.8656 24.8319
    endloop
  endfacet
  facet normal 0.671393 -0.106584 0.733397
    outer loop
      vertex -11.4905 27.11 24.9095
      vertex -13.7193 14.5986 25.1316
      vertex -13.7073 14.6274 25.1248
    endloop
  endfacet
  facet normal 0.67387 -0.107067 0.731051
    outer loop
      vertex -11.4905 27.11 24.9095
      vertex -13.7307 14.5685 25.1377
      vertex -13.7193 14.5986 25.1316
    endloop
  endfacet
  facet normal 0.667502 -0.10582 0.73705
    outer loop
      vertex -13.7307 14.5685 25.1377
      vertex -11.4905 27.11 24.9095
      vertex -13.906 14.107 25.2302
    endloop
  endfacet
  facet normal 0.735591 -0.120204 0.666676
    outer loop
      vertex -12.5614 27.11 26.0911
      vertex -13.906 14.107 25.2302
      vertex -11.4905 27.11 24.9095
    endloop
  endfacet
  facet normal 0.735558 -0.120203 0.666713
    outer loop
      vertex -12.5614 27.11 26.0911
      vertex -14.2204 13.2142 25.4161
      vertex -13.906 14.107 25.2302
    endloop
  endfacet
  facet normal 0.73559 -0.120205 0.666676
    outer loop
      vertex -12.5614 27.11 26.0911
      vertex -14.6898 11.756 25.6711
      vertex -14.2204 13.2142 25.4161
    endloop
  endfacet
  facet normal 0.738479 -0.120517 0.663419
    outer loop
      vertex -12.5614 27.11 26.0911
      vertex -14.6966 11.7347 25.6748
      vertex -14.6898 11.756 25.6711
    endloop
  endfacet
  facet normal 0.732839 -0.119905 0.669754
    outer loop
      vertex -12.5614 27.11 26.0911
      vertex -14.703 11.7129 25.6779
      vertex -14.6966 11.7347 25.6748
    endloop
  endfacet
  facet normal 0.735096 -0.120151 0.667231
    outer loop
      vertex -14.703 11.7129 25.6779
      vertex -12.5614 27.11 26.0911
      vertex -14.7606 11.5171 25.7061
    endloop
  endfacet
  facet normal 0.936427 -0.104002 0.335093
    outer loop
      vertex -15.5503 27.11 31.6829
      vertex -15.965 6.14639 26.3354
      vertex -15.013 27.11 30.1814
    endloop
  endfacet
  facet normal 0.936449 -0.103987 0.335036
    outer loop
      vertex -15.965 6.14639 26.3354
      vertex -15.5503 27.11 31.6829
      vertex -16.0808 5.32813 26.4051
    endloop
  endfacet
  facet normal 0.427605 -0.0211256 0.903719
    outer loop
      vertex -8.35039 21.3488 22.261
      vertex -6.21861 27.11 21.387
      vertex -8.49579 21.2719 22.328
    endloop
  endfacet
  facet normal 0.513276 -0.0560555 0.856391
    outer loop
      vertex -9.02802 27.11 22.8886
      vertex -9.84816 20.5506 22.9508
      vertex -7.6602 27.11 22.0688
    endloop
  endfacet
  facet normal 0.513272 -0.056055 0.856393
    outer loop
      vertex -9.02802 27.11 22.8886
      vertex -10.362 20.1646 23.2335
      vertex -9.84816 20.5506 22.9508
    endloop
  endfacet
  facet normal 0.513275 -0.0560556 0.856392
    outer loop
      vertex -9.02802 27.11 22.8886
      vertex -10.9168 19.6281 23.5309
      vertex -10.362 20.1646 23.2335
    endloop
  endfacet
  facet normal 0.515346 -0.0566891 0.855105
    outer loop
      vertex -9.02802 27.11 22.8886
      vertex -10.9454 19.6004 23.5463
      vertex -10.9168 19.6281 23.5309
    endloop
  endfacet
  facet normal 0.513199 -0.0560239 0.856439
    outer loop
      vertex -10.9454 19.6004 23.5463
      vertex -9.02802 27.11 22.8886
      vertex -11.2216 19.2747 23.6905
    endloop
  endfacet
  facet normal 0.336868 0.0182108 0.941376
    outer loop
      vertex -6.21861 26.91 21.387
      vertex -6.66573 22.0612 21.6408
      vertex -4.71713 26.91 20.8497
    endloop
  endfacet
  facet normal 0.33682 0.0182161 0.941393
    outer loop
      vertex -6.66573 22.0612 21.6408
      vertex -6.21861 26.91 21.387
      vertex -8.12615 21.4474 22.1752
    endloop
  endfacet
  facet normal 0.340621 0.0166957 0.940053
    outer loop
      vertex -8.12615 21.4474 22.1752
      vertex -6.21861 26.91 21.387
      vertex -8.27917 21.3824 22.2318
    endloop
  endfacet
  facet normal 0.283761 0.0422594 0.957963
    outer loop
      vertex -6.50422 22.1192 21.5904
      vertex -4.71713 26.91 20.8497
      vertex -6.66573 22.0612 21.6408
    endloop
  endfacet
  facet normal 0.998641 0.0176731 -0.0490292
    outer loop
      vertex -16.25 26.91 36.4
      vertex -16.1718 26.91 37.9928
      vertex -16.25 0 26.7
    endloop
  endfacet
  facet normal 0.998797 0 -0.0490369
    outer loop
      vertex -16.1718 27.61 37.9928
      vertex -16.25 27.11 36.4
      vertex -16.25 27.61 36.4
    endloop
  endfacet
  facet normal 0.998797 0 -0.0490369
    outer loop
      vertex -16.1718 26.91 37.9928
      vertex -16.25 27.11 36.4
      vertex -16.1718 27.61 37.9928
    endloop
  endfacet
  facet normal 0.998797 0 -0.0490369
    outer loop
      vertex -16.25 27.11 36.4
      vertex -16.1718 26.91 37.9928
      vertex -16.25 26.91 36.4
    endloop
  endfacet
  facet normal -0 0 0
    outer loop
      vertex -16.25 27.61 36.4
      vertex -16.25 27.11 36.4
      vertex -16.25 33.91 36.4
    endloop
  endfacet
  facet normal -0.234305 0.495411 -0.836462
    outer loop
      vertex 7.6602 -14.3312 26.7
      vertex 6.21861 -15.013 26.7
      vertex 4.71713 26.91 51.9503
    endloop
  endfacet
  facet normal 0.116209 0.105647 0.98759
    outer loop
      vertex -2.58002 23.0798 20.7541
      vertex -1.59278 26.91 20.2282
      vertex -2.72832 23.0569 20.774
    endloop
  endfacet
  facet normal 0.134763 0.0999286 0.985826
    outer loop
      vertex -2.72832 23.0569 20.774
      vertex -1.59278 26.91 20.2282
      vertex -2.87955 23.03 20.7974
    endloop
  endfacet
  facet normal 0.242992 0 0.970028
    outer loop
      vertex -4.71713 33.91 20.8497
      vertex -3.17022 26.91 20.4622
      vertex -3.17022 33.91 20.4622
    endloop
  endfacet
  facet normal 0.242992 0 0.970028
    outer loop
      vertex -3.17022 26.91 20.4622
      vertex -4.71713 33.91 20.8497
      vertex -4.71713 26.91 20.8497
    endloop
  endfacet
  facet normal 0.242992 0 0.970028
    outer loop
      vertex -4.71713 53.41 20.8497
      vertex -3.17022 37.11 20.4622
      vertex -3.17022 53.41 20.4622
    endloop
  endfacet
  facet normal 0.242992 0 0.970028
    outer loop
      vertex -3.17022 37.11 20.4622
      vertex -4.71713 53.41 20.8497
      vertex -4.71713 37.11 20.8497
    endloop
  endfacet
  facet normal -0.0420529 0.514373 -0.856535
    outer loop
      vertex 1.59278 26.91 52.5718
      vertex 1.59278 -16.1718 26.7
      vertex 0 26.91 52.65
    endloop
  endfacet
  facet normal -0.0252906 0.515119 -0.856745
    outer loop
      vertex 0 26.91 52.65
      vertex 1.59278 -16.1718 26.7
      vertex 0 -16.25 26.7
    endloop
  endfacet
  facet normal -0.429688 -0.0219454 0.902711
    outer loop
      vertex 7.6602 27.11 22.0688
      vertex 9.82949 20.5624 22.9422
      vertex 9.84816 20.5506 22.9508
    endloop
  endfacet
  facet normal -0.425592 -0.020325 0.904687
    outer loop
      vertex 7.6602 27.11 22.0688
      vertex 9.7931 20.5855 22.9256
      vertex 9.82949 20.5624 22.9422
    endloop
  endfacet
  facet normal -0.427466 -0.0210556 0.903786
    outer loop
      vertex 7.6602 27.11 22.0688
      vertex 8.49579 21.2719 22.328
      vertex 9.7931 20.5855 22.9256
    endloop
  endfacet
  facet normal -0.427449 -0.0210529 0.903794
    outer loop
      vertex 8.49579 21.2719 22.328
      vertex 7.6602 27.11 22.0688
      vertex 6.21861 27.11 21.387
    endloop
  endfacet
  facet normal -0.283761 0.0422594 0.957963
    outer loop
      vertex 6.50422 22.1192 21.5904
      vertex 6.66573 22.0612 21.6408
      vertex 4.71713 26.91 20.8497
    endloop
  endfacet
  facet normal -0.427605 -0.0211256 0.903719
    outer loop
      vertex 8.35039 21.3488 22.261
      vertex 8.49579 21.2719 22.328
      vertex 6.21861 27.11 21.387
    endloop
  endfacet
  facet normal -0.146736 0 0.989176
    outer loop
      vertex 1.59278 33.91 20.2282
      vertex 3.17022 26.91 20.4622
      vertex 3.17022 33.91 20.4622
    endloop
  endfacet
  facet normal -0.146736 0 0.989176
    outer loop
      vertex 3.17022 26.91 20.4622
      vertex 1.59278 33.91 20.2282
      vertex 1.59278 26.91 20.2282
    endloop
  endfacet
  facet normal -0.146736 0 0.989176
    outer loop
      vertex 1.59278 53.41 20.2282
      vertex 3.17022 37.11 20.4622
      vertex 3.17022 53.41 20.4622
    endloop
  endfacet
  facet normal -0.146736 0 0.989176
    outer loop
      vertex 3.17022 37.11 20.4622
      vertex 1.59278 53.41 20.2282
      vertex 1.59278 37.11 20.2282
    endloop
  endfacet
  facet normal -0.242575 0.0592248 0.968323
    outer loop
      vertex 4.71713 26.91 20.8497
      vertex 5.00702 22.5825 21.187
      vertex 6.50422 22.1192 21.5904
    endloop
  endfacet
  facet normal -0.242565 0.0592257 0.968326
    outer loop
      vertex 5.00702 22.5825 21.187
      vertex 4.71713 26.91 20.8497
      vertex 3.17022 26.91 20.4622
    endloop
  endfacet
  facet normal -0.242992 0 0.970028
    outer loop
      vertex 3.17022 33.91 20.4622
      vertex 4.71713 26.91 20.8497
      vertex 4.71713 33.91 20.8497
    endloop
  endfacet
  facet normal -0.242992 0 0.970028
    outer loop
      vertex 4.71713 26.91 20.8497
      vertex 3.17022 33.91 20.4622
      vertex 3.17022 26.91 20.4622
    endloop
  endfacet
  facet normal -0.242992 0 0.970028
    outer loop
      vertex 3.17022 53.41 20.4622
      vertex 4.71713 37.11 20.8497
      vertex 4.71713 53.41 20.8497
    endloop
  endfacet
  facet normal -0.242992 0 0.970028
    outer loop
      vertex 4.71713 37.11 20.8497
      vertex 3.17022 53.41 20.4622
      vertex 3.17022 37.11 20.4622
    endloop
  endfacet
  facet normal -0.595713 0 -0.803197
    outer loop
      vertex 9.02802 26.91 49.9114
      vertex 10.3089 27.61 48.9614
      vertex 10.3089 26.91 48.9614
    endloop
  endfacet
  facet normal -0.595713 0 -0.803197
    outer loop
      vertex 10.3089 27.61 48.9614
      vertex 9.02802 26.91 49.9114
      vertex 9.02802 27.61 49.9114
    endloop
  endfacet
  facet normal -0.51406 0 -0.857754
    outer loop
      vertex 9.02802 26.91 49.9114
      vertex 8.48089 27.61 50.2393
      vertex 9.02802 27.61 49.9114
    endloop
  endfacet
  facet normal -0.514084 -2.59757e-05 -0.85774
    outer loop
      vertex 7.6602 26.91 50.7312
      vertex 8.48089 27.61 50.2393
      vertex 9.02802 26.91 49.9114
    endloop
  endfacet
  facet normal -0.514101 -0 -0.85773
    outer loop
      vertex 7.6602 33.91 50.7312
      vertex 8.48089 27.61 50.2393
      vertex 7.6602 26.91 50.7312
    endloop
  endfacet
  facet normal -0.514101 0 -0.85773
    outer loop
      vertex 8.48089 27.61 50.2393
      vertex 7.6602 33.91 50.7312
      vertex 8.48089 33.91 50.2393
    endloop
  endfacet
  facet normal -0.514101 0 -0.85773
    outer loop
      vertex 7.6602 37.11 50.7312
      vertex 8.48089 53.41 50.2393
      vertex 8.48089 37.11 50.2393
    endloop
  endfacet
  facet normal -0.514101 0 -0.85773
    outer loop
      vertex 8.48089 53.41 50.2393
      vertex 7.6602 37.11 50.7312
      vertex 7.6602 53.41 50.7312
    endloop
  endfacet
  facet normal -0.989175 0 -0.14674
    outer loop
      vertex 16.1718 26.91 37.9928
      vertex 15.9378 27.61 39.5702
      vertex 16.1718 27.61 37.9928
    endloop
  endfacet
  facet normal -0.989175 -0 -0.14674
    outer loop
      vertex 15.9378 27.61 39.5702
      vertex 16.1718 26.91 37.9928
      vertex 15.9378 26.91 39.5702
    endloop
  endfacet
  facet normal -0.966743 -0.0822236 0.24217
    outer loop
      vertex 16.0808 5.32813 26.4051
      vertex 15.9378 27.11 33.2298
      vertex 15.5503 27.11 31.6829
    endloop
  endfacet
  facet normal -0.966692 -0.0822819 0.242357
    outer loop
      vertex 16.0982 5.16936 26.4206
      vertex 15.9378 27.11 33.2298
      vertex 16.0808 5.32813 26.4051
    endloop
  endfacet
  facet normal -0.971272 -0.0769832 0.225176
    outer loop
      vertex 16.0988 5.16296 26.421
      vertex 15.9378 27.11 33.2298
      vertex 16.0982 5.16936 26.4206
    endloop
  endfacet
  facet normal -0.966772 -0.0821911 0.242069
    outer loop
      vertex 15.9378 27.11 33.2298
      vertex 16.0988 5.16296 26.421
      vertex 16.143 4.72464 26.4487
    endloop
  endfacet
  facet normal -0.936427 -0.104002 0.335093
    outer loop
      vertex 15.965 6.14639 26.3354
      vertex 15.5503 27.11 31.6829
      vertex 15.013 27.11 30.1814
    endloop
  endfacet
  facet normal -0.936449 -0.103987 0.335036
    outer loop
      vertex 15.5503 27.11 31.6829
      vertex 15.965 6.14639 26.3354
      vertex 16.0808 5.32813 26.4051
    endloop
  endfacet
  facet normal -0.621143 -0.0920384 0.778274
    outer loop
      vertex 12.6507 17.0136 24.5136
      vertex 10.3089 27.11 23.8386
      vertex 12.6128 17.0825 24.4915
    endloop
  endfacet
  facet normal -0.62232 -0.0923771 0.777293
    outer loop
      vertex 12.6681 16.978 24.5233
      vertex 10.3089 27.11 23.8386
      vertex 12.6507 17.0136 24.5136
    endloop
  endfacet
  facet normal -0.622061 -0.0923023 0.777509
    outer loop
      vertex 10.3089 27.11 23.8386
      vertex 12.6681 16.978 24.5233
      vertex 12.7126 16.887 24.5481
    endloop
  endfacet
  facet normal -0.593599 -0.0842735 0.800337
    outer loop
      vertex 10.3089 27.11 23.8386
      vertex 12.1023 17.9793 24.2073
      vertex 12.6128 17.0825 24.4915
    endloop
  endfacet
  facet normal -0.58956 -0.0833736 0.80341
    outer loop
      vertex 10.3089 27.11 23.8386
      vertex 12.0602 18.0486 24.1834
      vertex 12.0816 18.0158 24.1957
    endloop
  endfacet
  facet normal -0.596994 -0.0850459 0.797725
    outer loop
      vertex 12.1023 17.9793 24.2073
      vertex 10.3089 27.11 23.8386
      vertex 12.0816 18.0158 24.1957
    endloop
  endfacet
  facet normal -0.593676 -0.0842883 0.800277
    outer loop
      vertex 12.0602 18.0486 24.1834
      vertex 10.3089 27.11 23.8386
      vertex 11.5181 18.8827 23.8691
    endloop
  endfacet
  facet normal -0.591941 -0.0840284 0.801589
    outer loop
      vertex 10.3089 27.11 23.8386
      vertex 11.4941 18.9144 23.8547
      vertex 11.5181 18.8827 23.8691
    endloop
  endfacet
  facet normal -0.593664 -0.08428 0.800288
    outer loop
      vertex 10.3089 27.11 23.8386
      vertex 11.2216 19.2747 23.6905
      vertex 11.4941 18.9144 23.8547
    endloop
  endfacet
  facet normal -0.593594 -0.0842729 0.80034
    outer loop
      vertex 11.2216 19.2747 23.6905
      vertex 10.3089 27.11 23.8386
      vertex 9.02802 27.11 22.8886
    endloop
  endfacet
  facet normal -0.671545 0 -0.740964
    outer loop
      vertex 10.3089 26.91 48.9614
      vertex 11.4905 27.61 47.8905
      vertex 11.4905 26.91 47.8905
    endloop
  endfacet
  facet normal -0.671545 0 -0.740964
    outer loop
      vertex 11.4905 27.61 47.8905
      vertex 10.3089 26.91 48.9614
      vertex 10.3089 27.61 48.9614
    endloop
  endfacet
  facet normal -0.886702 0.194668 -0.419363
    outer loop
      vertex 15.013 26.91 42.6186
      vertex 15.9378 -3.17022 26.7
      vertex 14.3312 26.91 44.0602
    endloop
  endfacet
  facet normal -0.931205 0.147715 -0.333224
    outer loop
      vertex 15.5503 26.91 41.1171
      vertex 15.9378 -3.17022 26.7
      vertex 15.013 26.91 42.6186
    endloop
  endfacet
  facet normal -0.803202 0 -0.595707
    outer loop
      vertex 13.5114 26.91 45.428
      vertex 12.5614 27.61 46.7089
      vertex 13.5114 27.61 45.428
    endloop
  endfacet
  facet normal -0.803202 -0 -0.595707
    outer loop
      vertex 12.5614 27.61 46.7089
      vertex 13.5114 26.91 45.428
      vertex 12.5614 26.91 46.7089
    endloop
  endfacet
  facet normal -0.699201 0.330981 -0.633695
    outer loop
      vertex 12.5614 26.91 46.7089
      vertex 14.3312 -7.6602 26.7
      vertex 11.4905 26.91 47.8905
    endloop
  endfacet
  facet normal -0.740964 0 -0.671545
    outer loop
      vertex 12.5614 26.91 46.7089
      vertex 11.4905 27.61 47.8905
      vertex 12.5614 27.61 46.7089
    endloop
  endfacet
  facet normal -0.740964 -0 -0.671545
    outer loop
      vertex 11.4905 27.61 47.8905
      vertex 12.5614 26.91 46.7089
      vertex 11.4905 26.91 47.8905
    endloop
  endfacet
  facet normal 0.989901 -0.0485745 0.133176
    outer loop
      vertex -16.1718 27.11 34.8072
      vertex -16.2239 3.41761 26.5529
      vertex -16.1718 4.28744 26.4829
    endloop
  endfacet
  facet normal 0.987029 -0.054749 0.150917
    outer loop
      vertex -16.1718 27.11 34.8072
      vertex -16.2241 3.41428 26.553
      vertex -16.2239 3.41761 26.5529
    endloop
  endfacet
  facet normal 0.989932 -0.0485054 0.132974
    outer loop
      vertex -16.2241 3.41428 26.553
      vertex -16.1718 27.11 34.8072
      vertex -16.241 3.10556 26.5662
    endloop
  endfacet
  facet normal 0.987762 -0.0534422 0.14653
    outer loop
      vertex -16.1718 27.11 34.8072
      vertex -16.143 4.72464 26.4487
      vertex -15.9378 27.11 33.2298
    endloop
  endfacet
  facet normal 0.987702 -0.0535738 0.146882
    outer loop
      vertex -16.143 4.72464 26.4487
      vertex -16.1718 27.11 34.8072
      vertex -16.1718 4.28744 26.4829
    endloop
  endfacet
  facet normal 0.146058 0.0960038 0.984607
    outer loop
      vertex -3.17022 26.91 20.4622
      vertex -2.87955 23.03 20.7974
      vertex -1.59278 26.91 20.2282
    endloop
  endfacet
  facet normal 0.146057 0.0960037 0.984607
    outer loop
      vertex -2.87955 23.03 20.7974
      vertex -3.17022 26.91 20.4622
      vertex -4.36892 22.7442 21.0462
    endloop
  endfacet
  facet normal 0.100121 0.10997 0.988879
    outer loop
      vertex -2.4343 23.0991 20.7372
      vertex -1.59278 26.91 20.2282
      vertex -2.58002 23.0798 20.7541
    endloop
  endfacet
  facet normal 0.0837375 0.113735 0.989976
    outer loop
      vertex -2.29079 23.1153 20.7232
      vertex -1.59278 26.91 20.2282
      vertex -2.4343 23.0991 20.7372
    endloop
  endfacet
  facet normal -0.998603 -0.0197104 0.0490273
    outer loop
      vertex 16.241 3.10556 26.5662
      vertex 16.25 27.11 36.4
      vertex 16.1718 27.11 34.8072
    endloop
  endfacet
  facet normal -0.998589 -0.0198112 0.0492732
    outer loop
      vertex 16.25 27.11 36.4
      vertex 16.241 3.10556 26.5662
      vertex 16.25 2.70837 26.5889
    endloop
  endfacet
  facet normal -0.989901 -0.0485745 0.133176
    outer loop
      vertex 16.2239 3.41761 26.5529
      vertex 16.1718 27.11 34.8072
      vertex 16.1718 4.28744 26.4829
    endloop
  endfacet
  facet normal -0.987029 -0.054749 0.150917
    outer loop
      vertex 16.2241 3.41428 26.553
      vertex 16.1718 27.11 34.8072
      vertex 16.2239 3.41761 26.5529
    endloop
  endfacet
  facet normal -0.989932 -0.0485054 0.132974
    outer loop
      vertex 16.1718 27.11 34.8072
      vertex 16.2241 3.41428 26.553
      vertex 16.241 3.10556 26.5662
    endloop
  endfacet
  facet normal -0.379342 0 0.925256
    outer loop
      vertex 6.21861 26.91 21.387
      vertex 8.35039 21.3488 22.261
      vertex 6.21861 27.11 21.387
    endloop
  endfacet
  facet normal -0.379353 -4.83671e-06 0.925252
    outer loop
      vertex 8.35039 21.3488 22.261
      vertex 6.21861 26.91 21.387
      vertex 8.27917 21.3824 22.2318
    endloop
  endfacet
  facet normal -0.991233 0.0486661 -0.122832
    outer loop
      vertex 16.1718 26.91 37.9928
      vertex 16.25 0 26.7
      vertex 16.1718 -1.59278 26.7
    endloop
  endfacet
  facet normal -0.998641 0.0176731 -0.0490292
    outer loop
      vertex 16.25 26.91 36.4
      vertex 16.25 0 26.7
      vertex 16.1718 26.91 37.9928
    endloop
  endfacet
  facet normal 0.179762 0.0847822 0.98005
    outer loop
      vertex -4.52543 22.7124 21.0739
      vertex -3.17022 26.91 20.4622
      vertex -4.68403 22.6753 21.1062
    endloop
  endfacet
  facet normal 0.155118 0.0932391 0.983486
    outer loop
      vertex -4.36892 22.7442 21.0462
      vertex -3.17022 26.91 20.4622
      vertex -4.52543 22.7124 21.0739
    endloop
  endfacet
  facet normal 0.146736 0 0.989176
    outer loop
      vertex -3.17022 33.91 20.4622
      vertex -1.59278 26.91 20.2282
      vertex -1.59278 33.91 20.2282
    endloop
  endfacet
  facet normal 0.146736 0 0.989176
    outer loop
      vertex -1.59278 26.91 20.2282
      vertex -3.17022 33.91 20.4622
      vertex -3.17022 26.91 20.4622
    endloop
  endfacet
  facet normal 0.146736 0 0.989176
    outer loop
      vertex -3.17022 53.41 20.4622
      vertex -1.59278 37.11 20.2282
      vertex -1.59278 53.41 20.2282
    endloop
  endfacet
  facet normal 0.146736 0 0.989176
    outer loop
      vertex -1.59278 37.11 20.2282
      vertex -3.17022 53.41 20.4622
      vertex -3.17022 37.11 20.4622
    endloop
  endfacet
  facet normal -0.340621 0.0166957 0.940053
    outer loop
      vertex 8.12615 21.4474 22.1752
      vertex 8.27917 21.3824 22.2318
      vertex 6.21861 26.91 21.387
    endloop
  endfacet
  facet normal -0.33682 0.0182161 0.941393
    outer loop
      vertex 6.21861 26.91 21.387
      vertex 6.66573 22.0612 21.6408
      vertex 8.12615 21.4474 22.1752
    endloop
  endfacet
  facet normal -0.336868 0.0182108 0.941376
    outer loop
      vertex 6.66573 22.0612 21.6408
      vertex 6.21861 26.91 21.387
      vertex 4.71713 26.91 20.8497
    endloop
  endfacet
  facet normal -0.998797 0 0.0490369
    outer loop
      vertex 16.1718 27.11 34.8072
      vertex 16.25 33.91 36.4
      vertex 16.1718 33.91 34.8072
    endloop
  endfacet
  facet normal -0.998797 0 0.0490369
    outer loop
      vertex 16.25 33.91 36.4
      vertex 16.1718 27.11 34.8072
      vertex 16.25 27.11 36.4
    endloop
  endfacet
  facet normal -0.998797 0 0.0490369
    outer loop
      vertex 16.1718 37.11 34.8072
      vertex 16.25 53.41 36.4
      vertex 16.1718 53.41 34.8072
    endloop
  endfacet
  facet normal -0.998797 0 0.0490369
    outer loop
      vertex 16.25 53.41 36.4
      vertex 16.1718 37.11 34.8072
      vertex 16.25 37.11 36.4
    endloop
  endfacet
  facet normal 0.998797 -0 0.0490369
    outer loop
      vertex -16.25 27.11 36.4
      vertex -16.1718 33.91 34.8072
      vertex -16.25 33.91 36.4
    endloop
  endfacet
  facet normal 0.998797 0 0.0490369
    outer loop
      vertex -16.1718 33.91 34.8072
      vertex -16.25 27.11 36.4
      vertex -16.1718 27.11 34.8072
    endloop
  endfacet
  facet normal 0.998797 -0 0.0490369
    outer loop
      vertex -16.25 37.11 36.4
      vertex -16.1718 53.41 34.8072
      vertex -16.25 53.41 36.4
    endloop
  endfacet
  facet normal 0.998797 0 0.0490369
    outer loop
      vertex -16.1718 53.41 34.8072
      vertex -16.25 37.11 36.4
      vertex -16.1718 37.11 34.8072
    endloop
  endfacet
  facet normal -0.671545 0 0.740964
    outer loop
      vertex 10.3089 33.91 23.8386
      vertex 11.4905 27.11 24.9095
      vertex 11.4905 33.91 24.9095
    endloop
  endfacet
  facet normal -0.671545 0 0.740964
    outer loop
      vertex 11.4905 27.11 24.9095
      vertex 10.3089 33.91 23.8386
      vertex 10.3089 27.11 23.8386
    endloop
  endfacet
  facet normal -0.671545 0 0.740964
    outer loop
      vertex 10.3089 53.41 23.8386
      vertex 11.4905 37.11 24.9095
      vertex 11.4905 53.41 24.9095
    endloop
  endfacet
  facet normal -0.671545 0 0.740964
    outer loop
      vertex 11.4905 37.11 24.9095
      vertex 10.3089 53.41 23.8386
      vertex 10.3089 37.11 23.8386
    endloop
  endfacet
  facet normal 0.740964 -0 0.671545
    outer loop
      vertex -12.5614 27.11 26.0911
      vertex -11.4905 33.91 24.9095
      vertex -12.5614 33.91 26.0911
    endloop
  endfacet
  facet normal 0.740964 0 0.671545
    outer loop
      vertex -11.4905 33.91 24.9095
      vertex -12.5614 27.11 26.0911
      vertex -11.4905 27.11 24.9095
    endloop
  endfacet
  facet normal 0.740964 -0 0.671545
    outer loop
      vertex -12.5614 37.11 26.0911
      vertex -11.4905 53.41 24.9095
      vertex -12.5614 53.41 26.0911
    endloop
  endfacet
  facet normal 0.740964 0 0.671545
    outer loop
      vertex -11.4905 53.41 24.9095
      vertex -12.5614 37.11 26.0911
      vertex -11.4905 37.11 24.9095
    endloop
  endfacet
  facet normal 0.427544 0 0.903994
    outer loop
      vertex -7.6602 33.91 22.0688
      vertex -6.21861 27.11 21.387
      vertex -6.21861 33.91 21.387
    endloop
  endfacet
  facet normal 0.427544 0 0.903994
    outer loop
      vertex -6.21861 27.11 21.387
      vertex -7.6602 33.91 22.0688
      vertex -7.6602 27.11 22.0688
    endloop
  endfacet
  facet normal 0.427544 0 0.903994
    outer loop
      vertex -7.6602 53.41 22.0688
      vertex -6.21861 37.11 21.387
      vertex -6.21861 53.41 21.387
    endloop
  endfacet
  facet normal 0.427544 0 0.903994
    outer loop
      vertex -6.21861 37.11 21.387
      vertex -7.6602 53.41 22.0688
      vertex -7.6602 37.11 22.0688
    endloop
  endfacet
  facet normal -0.903996 0 0.427542
    outer loop
      vertex 14.3312 27.11 28.7398
      vertex 15.013 33.91 30.1814
      vertex 14.3312 33.91 28.7398
    endloop
  endfacet
  facet normal -0.903996 0 0.427542
    outer loop
      vertex 15.013 33.91 30.1814
      vertex 14.3312 27.11 28.7398
      vertex 15.013 27.11 30.1814
    endloop
  endfacet
  facet normal -0.903996 0 0.427542
    outer loop
      vertex 14.3312 37.11 28.7398
      vertex 15.013 53.41 30.1814
      vertex 14.3312 53.41 28.7398
    endloop
  endfacet
  facet normal -0.903996 0 0.427542
    outer loop
      vertex 15.013 53.41 30.1814
      vertex 14.3312 37.11 28.7398
      vertex 15.013 37.11 30.1814
    endloop
  endfacet
  facet normal 0.857736 -0 0.51409
    outer loop
      vertex -14.3312 27.11 28.7398
      vertex -13.5114 33.91 27.372
      vertex -14.3312 33.91 28.7398
    endloop
  endfacet
  facet normal 0.857736 0 0.51409
    outer loop
      vertex -13.5114 33.91 27.372
      vertex -14.3312 27.11 28.7398
      vertex -13.5114 27.11 27.372
    endloop
  endfacet
  facet normal 0.857736 -0 0.51409
    outer loop
      vertex -14.3312 37.11 28.7398
      vertex -13.5114 53.41 27.372
      vertex -14.3312 53.41 28.7398
    endloop
  endfacet
  facet normal 0.857736 0 0.51409
    outer loop
      vertex -13.5114 53.41 27.372
      vertex -14.3312 37.11 28.7398
      vertex -13.5114 37.11 27.372
    endloop
  endfacet
  facet normal 0.803202 -0 0.595707
    outer loop
      vertex -13.5114 27.11 27.372
      vertex -12.5614 33.91 26.0911
      vertex -13.5114 33.91 27.372
    endloop
  endfacet
  facet normal 0.803202 0 0.595707
    outer loop
      vertex -12.5614 33.91 26.0911
      vertex -13.5114 27.11 27.372
      vertex -12.5614 27.11 26.0911
    endloop
  endfacet
  facet normal 0.803202 -0 0.595707
    outer loop
      vertex -13.5114 37.11 27.372
      vertex -12.5614 53.41 26.0911
      vertex -13.5114 53.41 27.372
    endloop
  endfacet
  facet normal 0.803202 0 0.595707
    outer loop
      vertex -12.5614 53.41 26.0911
      vertex -13.5114 37.11 27.372
      vertex -12.5614 37.11 26.0911
    endloop
  endfacet
  facet normal -0.970028 0 0.242993
    outer loop
      vertex 15.5503 27.11 31.6829
      vertex 15.9378 33.91 33.2298
      vertex 15.5503 33.91 31.6829
    endloop
  endfacet
  facet normal -0.970028 0 0.242993
    outer loop
      vertex 15.9378 33.91 33.2298
      vertex 15.5503 27.11 31.6829
      vertex 15.9378 27.11 33.2298
    endloop
  endfacet
  facet normal -0.970028 0 0.242993
    outer loop
      vertex 15.5503 37.11 31.6829
      vertex 15.9378 53.41 33.2298
      vertex 15.5503 53.41 31.6829
    endloop
  endfacet
  facet normal -0.970028 0 0.242993
    outer loop
      vertex 15.9378 53.41 33.2298
      vertex 15.5503 37.11 31.6829
      vertex 15.9378 37.11 33.2298
    endloop
  endfacet
  facet normal -0.989175 0 0.14674
    outer loop
      vertex 15.9378 27.11 33.2298
      vertex 16.1718 33.91 34.8072
      vertex 15.9378 33.91 33.2298
    endloop
  endfacet
  facet normal -0.989175 0 0.14674
    outer loop
      vertex 16.1718 33.91 34.8072
      vertex 15.9378 27.11 33.2298
      vertex 16.1718 27.11 34.8072
    endloop
  endfacet
  facet normal -0.989175 0 0.14674
    outer loop
      vertex 15.9378 37.11 33.2298
      vertex 16.1718 53.41 34.8072
      vertex 15.9378 53.41 33.2298
    endloop
  endfacet
  facet normal -0.989175 0 0.14674
    outer loop
      vertex 16.1718 53.41 34.8072
      vertex 15.9378 37.11 33.2298
      vertex 16.1718 37.11 34.8072
    endloop
  endfacet
  facet normal -0.941533 0 0.33692
    outer loop
      vertex 15.013 27.11 30.1814
      vertex 15.5503 33.91 31.6829
      vertex 15.013 33.91 30.1814
    endloop
  endfacet
  facet normal -0.941533 0 0.33692
    outer loop
      vertex 15.5503 33.91 31.6829
      vertex 15.013 27.11 30.1814
      vertex 15.5503 27.11 31.6829
    endloop
  endfacet
  facet normal -0.941533 0 0.33692
    outer loop
      vertex 15.013 37.11 30.1814
      vertex 15.5503 53.41 31.6829
      vertex 15.013 53.41 30.1814
    endloop
  endfacet
  facet normal -0.941533 0 0.33692
    outer loop
      vertex 15.5503 53.41 31.6829
      vertex 15.013 37.11 30.1814
      vertex 15.5503 37.11 31.6829
    endloop
  endfacet
  facet normal -0.803202 0 0.595707
    outer loop
      vertex 12.5614 27.11 26.0911
      vertex 13.5114 33.91 27.372
      vertex 12.5614 33.91 26.0911
    endloop
  endfacet
  facet normal -0.803202 0 0.595707
    outer loop
      vertex 13.5114 33.91 27.372
      vertex 12.5614 27.11 26.0911
      vertex 13.5114 27.11 27.372
    endloop
  endfacet
  facet normal -0.803202 0 0.595707
    outer loop
      vertex 12.5614 37.11 26.0911
      vertex 13.5114 53.41 27.372
      vertex 12.5614 53.41 26.0911
    endloop
  endfacet
  facet normal -0.803202 0 0.595707
    outer loop
      vertex 13.5114 53.41 27.372
      vertex 12.5614 37.11 26.0911
      vertex 13.5114 37.11 27.372
    endloop
  endfacet
  facet normal -0.740964 0 0.671545
    outer loop
      vertex 11.4905 27.11 24.9095
      vertex 12.5614 33.91 26.0911
      vertex 11.4905 33.91 24.9095
    endloop
  endfacet
  facet normal -0.740964 0 0.671545
    outer loop
      vertex 12.5614 33.91 26.0911
      vertex 11.4905 27.11 24.9095
      vertex 12.5614 27.11 26.0911
    endloop
  endfacet
  facet normal -0.740964 0 0.671545
    outer loop
      vertex 11.4905 37.11 24.9095
      vertex 12.5614 53.41 26.0911
      vertex 11.4905 53.41 24.9095
    endloop
  endfacet
  facet normal -0.740964 0 0.671545
    outer loop
      vertex 12.5614 53.41 26.0911
      vertex 11.4905 37.11 24.9095
      vertex 12.5614 37.11 26.0911
    endloop
  endfacet
  facet normal -0.595713 0 0.803197
    outer loop
      vertex 9.02802 33.91 22.8886
      vertex 10.3089 27.11 23.8386
      vertex 10.3089 33.91 23.8386
    endloop
  endfacet
  facet normal -0.595713 0 0.803197
    outer loop
      vertex 10.3089 27.11 23.8386
      vertex 9.02802 33.91 22.8886
      vertex 9.02802 27.11 22.8886
    endloop
  endfacet
  facet normal -0.595713 0 0.803197
    outer loop
      vertex 9.02802 53.41 22.8886
      vertex 10.3089 37.11 23.8386
      vertex 10.3089 53.41 23.8386
    endloop
  endfacet
  facet normal -0.595713 0 0.803197
    outer loop
      vertex 10.3089 37.11 23.8386
      vertex 9.02802 53.41 22.8886
      vertex 9.02802 37.11 22.8886
    endloop
  endfacet
  facet normal -0.514084 0 0.85774
    outer loop
      vertex 7.6602 33.91 22.0688
      vertex 9.02802 27.11 22.8886
      vertex 9.02802 33.91 22.8886
    endloop
  endfacet
  facet normal -0.514084 0 0.85774
    outer loop
      vertex 9.02802 27.11 22.8886
      vertex 7.6602 33.91 22.0688
      vertex 7.6602 27.11 22.0688
    endloop
  endfacet
  facet normal -0.514084 0 0.85774
    outer loop
      vertex 7.6602 53.41 22.0688
      vertex 9.02802 37.11 22.8886
      vertex 9.02802 53.41 22.8886
    endloop
  endfacet
  facet normal -0.514084 0 0.85774
    outer loop
      vertex 9.02802 37.11 22.8886
      vertex 7.6602 53.41 22.0688
      vertex 7.6602 37.11 22.0688
    endloop
  endfacet
  facet normal 0.903996 -0 0.427542
    outer loop
      vertex -15.013 27.11 30.1814
      vertex -14.3312 33.91 28.7398
      vertex -15.013 33.91 30.1814
    endloop
  endfacet
  facet normal 0.903996 0 0.427542
    outer loop
      vertex -14.3312 33.91 28.7398
      vertex -15.013 27.11 30.1814
      vertex -14.3312 27.11 28.7398
    endloop
  endfacet
  facet normal 0.903996 -0 0.427542
    outer loop
      vertex -15.013 37.11 30.1814
      vertex -14.3312 53.41 28.7398
      vertex -15.013 53.41 30.1814
    endloop
  endfacet
  facet normal 0.903996 0 0.427542
    outer loop
      vertex -14.3312 53.41 28.7398
      vertex -15.013 37.11 30.1814
      vertex -14.3312 37.11 28.7398
    endloop
  endfacet
  facet normal 0.970028 -0 0.242993
    outer loop
      vertex -15.9378 27.11 33.2298
      vertex -15.5503 33.91 31.6829
      vertex -15.9378 33.91 33.2298
    endloop
  endfacet
  facet normal 0.970028 0 0.242993
    outer loop
      vertex -15.5503 33.91 31.6829
      vertex -15.9378 27.11 33.2298
      vertex -15.5503 27.11 31.6829
    endloop
  endfacet
  facet normal 0.970028 -0 0.242993
    outer loop
      vertex -15.9378 37.11 33.2298
      vertex -15.5503 53.41 31.6829
      vertex -15.9378 53.41 33.2298
    endloop
  endfacet
  facet normal 0.970028 0 0.242993
    outer loop
      vertex -15.5503 53.41 31.6829
      vertex -15.9378 37.11 33.2298
      vertex -15.5503 37.11 31.6829
    endloop
  endfacet
  facet normal 0.989175 -0 0.14674
    outer loop
      vertex -16.1718 27.11 34.8072
      vertex -15.9378 33.91 33.2298
      vertex -16.1718 33.91 34.8072
    endloop
  endfacet
  facet normal 0.989175 0 0.14674
    outer loop
      vertex -15.9378 33.91 33.2298
      vertex -16.1718 27.11 34.8072
      vertex -15.9378 27.11 33.2298
    endloop
  endfacet
  facet normal 0.989175 -0 0.14674
    outer loop
      vertex -16.1718 37.11 34.8072
      vertex -15.9378 53.41 33.2298
      vertex -16.1718 53.41 34.8072
    endloop
  endfacet
  facet normal 0.989175 0 0.14674
    outer loop
      vertex -15.9378 53.41 33.2298
      vertex -16.1718 37.11 34.8072
      vertex -15.9378 37.11 33.2298
    endloop
  endfacet
  facet normal 0.595713 0 0.803197
    outer loop
      vertex -10.3089 33.91 23.8386
      vertex -9.02802 27.11 22.8886
      vertex -9.02802 33.91 22.8886
    endloop
  endfacet
  facet normal 0.595713 0 0.803197
    outer loop
      vertex -9.02802 27.11 22.8886
      vertex -10.3089 33.91 23.8386
      vertex -10.3089 27.11 23.8386
    endloop
  endfacet
  facet normal 0.595713 0 0.803197
    outer loop
      vertex -10.3089 53.41 23.8386
      vertex -9.02802 37.11 22.8886
      vertex -9.02802 53.41 22.8886
    endloop
  endfacet
  facet normal 0.595713 0 0.803197
    outer loop
      vertex -9.02802 37.11 22.8886
      vertex -10.3089 53.41 23.8386
      vertex -10.3089 37.11 23.8386
    endloop
  endfacet
  facet normal -0.857736 0 0.51409
    outer loop
      vertex 13.5114 27.11 27.372
      vertex 14.3312 33.91 28.7398
      vertex 13.5114 33.91 27.372
    endloop
  endfacet
  facet normal -0.857736 0 0.51409
    outer loop
      vertex 14.3312 33.91 28.7398
      vertex 13.5114 27.11 27.372
      vertex 14.3312 27.11 28.7398
    endloop
  endfacet
  facet normal -0.857736 0 0.51409
    outer loop
      vertex 13.5114 37.11 27.372
      vertex 14.3312 53.41 28.7398
      vertex 13.5114 53.41 27.372
    endloop
  endfacet
  facet normal -0.857736 0 0.51409
    outer loop
      vertex 14.3312 53.41 28.7398
      vertex 13.5114 37.11 27.372
      vertex 14.3312 37.11 28.7398
    endloop
  endfacet
  facet normal -0.427544 0 0.903994
    outer loop
      vertex 6.21861 33.91 21.387
      vertex 7.6602 27.11 22.0688
      vertex 7.6602 33.91 22.0688
    endloop
  endfacet
  facet normal -0.427544 0 0.903994
    outer loop
      vertex 7.6602 27.11 22.0688
      vertex 6.21861 33.91 21.387
      vertex 6.21861 27.11 21.387
    endloop
  endfacet
  facet normal -0.427544 0 0.903994
    outer loop
      vertex 6.21861 53.41 21.387
      vertex 7.6602 37.11 22.0688
      vertex 7.6602 53.41 22.0688
    endloop
  endfacet
  facet normal -0.427544 0 0.903994
    outer loop
      vertex 7.6602 37.11 22.0688
      vertex 6.21861 53.41 21.387
      vertex 6.21861 37.11 21.387
    endloop
  endfacet
  facet normal 0.941533 -0 0.33692
    outer loop
      vertex -15.5503 27.11 31.6829
      vertex -15.013 33.91 30.1814
      vertex -15.5503 33.91 31.6829
    endloop
  endfacet
  facet normal 0.941533 0 0.33692
    outer loop
      vertex -15.013 33.91 30.1814
      vertex -15.5503 27.11 31.6829
      vertex -15.013 27.11 30.1814
    endloop
  endfacet
  facet normal 0.941533 -0 0.33692
    outer loop
      vertex -15.5503 37.11 31.6829
      vertex -15.013 53.41 30.1814
      vertex -15.5503 53.41 31.6829
    endloop
  endfacet
  facet normal 0.941533 0 0.33692
    outer loop
      vertex -15.013 53.41 30.1814
      vertex -15.5503 37.11 31.6829
      vertex -15.013 37.11 30.1814
    endloop
  endfacet
  facet normal 0.671545 0 0.740964
    outer loop
      vertex -11.4905 33.91 24.9095
      vertex -10.3089 27.11 23.8386
      vertex -10.3089 33.91 23.8386
    endloop
  endfacet
  facet normal 0.671545 0 0.740964
    outer loop
      vertex -10.3089 27.11 23.8386
      vertex -11.4905 33.91 24.9095
      vertex -11.4905 27.11 24.9095
    endloop
  endfacet
  facet normal 0.671545 0 0.740964
    outer loop
      vertex -11.4905 53.41 24.9095
      vertex -10.3089 37.11 23.8386
      vertex -10.3089 53.41 23.8386
    endloop
  endfacet
  facet normal 0.671545 0 0.740964
    outer loop
      vertex -10.3089 37.11 23.8386
      vertex -11.4905 53.41 24.9095
      vertex -11.4905 37.11 24.9095
    endloop
  endfacet
  facet normal 0.514084 0 0.85774
    outer loop
      vertex -9.02802 33.91 22.8886
      vertex -7.6602 27.11 22.0688
      vertex -7.6602 33.91 22.0688
    endloop
  endfacet
  facet normal 0.514084 0 0.85774
    outer loop
      vertex -7.6602 27.11 22.0688
      vertex -9.02802 33.91 22.8886
      vertex -9.02802 27.11 22.8886
    endloop
  endfacet
  facet normal 0.514084 0 0.85774
    outer loop
      vertex -9.02802 53.41 22.8886
      vertex -7.6602 37.11 22.0688
      vertex -7.6602 53.41 22.0688
    endloop
  endfacet
  facet normal 0.514084 0 0.85774
    outer loop
      vertex -7.6602 37.11 22.0688
      vertex -9.02802 53.41 22.8886
      vertex -9.02802 37.11 22.8886
    endloop
  endfacet
  facet normal -0.813801 0.315897 0.487788
    outer loop
      vertex 14.5517 33.91 28.622
      vertex 14.5507 36.91 26.6775
      vertex 13.7192 33.91 27.2331
    endloop
  endfacet
  facet normal -0.903974 0 0.427588
    outer loop
      vertex 15.4336 36.91 28.1506
      vertex 16.1679 37.11 29.703
      vertex 15.4336 37.11 28.1506
    endloop
  endfacet
  facet normal -0.903974 0 0.427588
    outer loop
      vertex 16.1679 37.11 29.703
      vertex 15.4336 36.91 28.1506
      vertex 16.1679 36.91 29.703
    endloop
  endfacet
  facet normal -0.70302 0.315884 0.637166
    outer loop
      vertex 12.7547 33.91 25.9325
      vertex 13.5277 36.91 25.2981
      vertex 12.3744 36.91 24.0256
    endloop
  endfacet
  facet normal -0.740959 0 0.67155
    outer loop
      vertex 12.3744 36.91 24.0256
      vertex 13.5277 37.11 25.2981
      vertex 12.3744 37.11 24.0256
    endloop
  endfacet
  facet normal -0.740959 0 0.67155
    outer loop
      vertex 13.5277 37.11 25.2981
      vertex 12.3744 36.91 24.0256
      vertex 13.5277 36.91 25.2981
    endloop
  endfacet
  facet normal -0.762087 0.315897 0.565184
    outer loop
      vertex 13.7192 33.91 27.2331
      vertex 14.5507 36.91 26.6775
      vertex 13.5277 36.91 25.2981
    endloop
  endfacet
  facet normal 0.762103 0.315898 -0.565161
    outer loop
      vertex -12.7547 33.91 46.8675
      vertex -13.7192 33.91 45.5669
      vertex -14.5507 36.91 46.1225
    endloop
  endfacet
  facet normal -0.762107 0.315883 0.565164
    outer loop
      vertex 13.7192 33.91 27.2331
      vertex 13.5277 36.91 25.2981
      vertex 12.7547 33.91 25.9325
    endloop
  endfacet
  facet normal -0.813822 0.31588 0.487763
    outer loop
      vertex 14.5517 33.91 28.622
      vertex 15.4336 36.91 28.1506
      vertex 14.5507 36.91 26.6775
    endloop
  endfacet
  facet normal 0.703024 0.315882 -0.637163
    outer loop
      vertex -12.3744 36.91 48.7744
      vertex -11.6673 33.91 48.0673
      vertex -12.7547 33.91 46.8675
    endloop
  endfacet
  facet normal 0.803217 0 -0.595687
    outer loop
      vertex -13.5277 36.91 47.5019
      vertex -14.5507 37.11 46.1225
      vertex -13.5277 37.11 47.5019
    endloop
  endfacet
  facet normal 0.803217 0 -0.595687
    outer loop
      vertex -14.5507 37.11 46.1225
      vertex -13.5277 36.91 47.5019
      vertex -14.5507 36.91 46.1225
    endloop
  endfacet
  facet normal -0.703024 0.315882 0.637163
    outer loop
      vertex 12.7547 33.91 25.9325
      vertex 12.3744 36.91 24.0256
      vertex 11.6673 33.91 24.7327
    endloop
  endfacet
  facet normal -0.637163 0.315882 0.703024
    outer loop
      vertex 11.6673 33.91 24.7327
      vertex 12.3744 36.91 24.0256
      vertex 10.4675 33.91 23.6453
    endloop
  endfacet
  facet normal -0.857739 0 0.514085
    outer loop
      vertex 14.5507 36.91 26.6775
      vertex 15.4336 37.11 28.1506
      vertex 14.5507 37.11 26.6775
    endloop
  endfacet
  facet normal -0.857739 0 0.514085
    outer loop
      vertex 15.4336 37.11 28.1506
      vertex 14.5507 36.91 26.6775
      vertex 15.4336 36.91 28.1506
    endloop
  endfacet
  facet normal -0.857689 0.31588 0.405695
    outer loop
      vertex 16.1679 36.91 29.703
      vertex 15.4336 36.91 28.1506
      vertex 14.5517 33.91 28.622
    endloop
  endfacet
  facet normal -0.803217 0 0.595687
    outer loop
      vertex 13.5277 36.91 25.2981
      vertex 14.5507 37.11 26.6775
      vertex 13.5277 37.11 25.2981
    endloop
  endfacet
  facet normal -0.803217 0 0.595687
    outer loop
      vertex 14.5507 37.11 26.6775
      vertex 13.5277 36.91 25.2981
      vertex 14.5507 36.91 26.6775
    endloop
  endfacet
  facet normal -0.565167 0.315883 -0.762105
    outer loop
      vertex 11.1019 36.91 49.9277
      vertex 10.4675 33.91 49.1547
      vertex 9.16691 33.91 50.1192
    endloop
  endfacet
  facet normal 0.998795 -0 0.0490867
    outer loop
      vertex -17.5 36.91 36.4
      vertex -17.4157 37.11 34.6847
      vertex -17.5 37.11 36.4
    endloop
  endfacet
  facet normal 0.998795 0 0.0490867
    outer loop
      vertex -17.4157 37.11 34.6847
      vertex -17.5 36.91 36.4
      vertex -17.4157 36.91 34.6847
    endloop
  endfacet
  facet normal 0.637163 0.315882 0.703024
    outer loop
      vertex -11.6673 33.91 24.7327
      vertex -10.4675 33.91 23.6453
      vertex -12.3744 36.91 24.0256
    endloop
  endfacet
  facet normal 0.76209 0.315883 -0.565187
    outer loop
      vertex -13.5277 36.91 47.5019
      vertex -12.7547 33.91 46.8675
      vertex -14.5507 36.91 46.1225
    endloop
  endfacet
  facet normal 0.70302 0.315884 -0.637166
    outer loop
      vertex -12.3744 36.91 48.7744
      vertex -12.7547 33.91 46.8675
      vertex -13.5277 36.91 47.5019
    endloop
  endfacet
  facet normal 0.637166 0.315882 -0.703021
    outer loop
      vertex -11.1019 36.91 49.9277
      vertex -11.6673 33.91 48.0673
      vertex -12.3744 36.91 48.7744
    endloop
  endfacet
  facet normal -0.0465833 0.31589 -0.947652
    outer loop
      vertex 1.7153 36.91 53.8157
      vertex 1.61728 33.91 52.8205
      vertex 0 33.91 52.9
    endloop
  endfacet
  facet normal 0.947654 0.315885 0.0465733
    outer loop
      vertex -16.5 33.91 36.4
      vertex -17.4157 36.91 34.6847
      vertex -17.5 36.91 36.4
    endloop
  endfacet
  facet normal 0.740959 0 -0.67155
    outer loop
      vertex -12.3744 36.91 48.7744
      vertex -13.5277 37.11 47.5019
      vertex -12.3744 37.11 48.7744
    endloop
  endfacet
  facet normal 0.740959 0 -0.67155
    outer loop
      vertex -13.5277 37.11 47.5019
      vertex -12.3744 36.91 48.7744
      vertex -13.5277 36.91 47.5019
    endloop
  endfacet
  facet normal -0.637166 0.315882 -0.703021
    outer loop
      vertex 12.3744 36.91 48.7744
      vertex 11.6673 33.91 48.0673
      vertex 11.1019 36.91 49.9277
    endloop
  endfacet
  facet normal -0.893324 0.315902 0.319652
    outer loop
      vertex 16.7465 36.91 31.32
      vertex 16.1679 36.91 29.703
      vertex 15.7895 33.91 31.6103
    endloop
  endfacet
  facet normal 0.56518 0.315892 -0.762092
    outer loop
      vertex -9.72248 36.91 50.9507
      vertex -9.16691 33.91 50.1192
      vertex -11.1019 36.91 49.9277
    endloop
  endfacet
  facet normal 0.893324 0.315902 -0.319652
    outer loop
      vertex -16.1679 36.91 43.097
      vertex -15.7895 33.91 41.1897
      vertex -16.7465 36.91 41.48
    endloop
  endfacet
  facet normal 0.813806 0.31588 -0.487791
    outer loop
      vertex -13.7192 33.91 45.5669
      vertex -14.5517 33.91 44.178
      vertex -15.4336 36.91 44.6494
    endloop
  endfacet
  facet normal 0.319637 0.3159 0.89333
    outer loop
      vertex -4.7897 33.91 20.6105
      vertex -5.07998 36.91 19.6535
      vertex -6.31428 33.91 21.156
    endloop
  endfacet
  facet normal 0.0465732 0.31589 0.947652
    outer loop
      vertex -1.61728 33.91 19.9795
      vertex 0 36.91 18.9
      vertex -1.7153 36.91 18.9843
    endloop
  endfacet
  facet normal 0.947652 0.315889 -0.0465828
    outer loop
      vertex -16.4205 33.91 38.0173
      vertex -16.5 33.91 36.4
      vertex -17.4157 36.91 38.1153
    endloop
  endfacet
  facet normal 0.762107 0.315883 0.565164
    outer loop
      vertex -12.7547 33.91 25.9325
      vertex -13.5277 36.91 25.2981
      vertex -13.7192 33.91 27.2331
    endloop
  endfacet
  facet normal 0.813801 0.315897 0.487788
    outer loop
      vertex -13.7192 33.91 27.2331
      vertex -14.5507 36.91 26.6775
      vertex -14.5517 33.91 28.622
    endloop
  endfacet
  facet normal 0.813822 0.31588 0.487763
    outer loop
      vertex -14.5517 33.91 28.622
      vertex -14.5507 36.91 26.6775
      vertex -15.4336 36.91 28.1506
    endloop
  endfacet
  facet normal -0.405659 0.315879 -0.857707
    outer loop
      vertex 8.24944 36.91 51.8336
      vertex 7.77805 33.91 50.9517
      vertex 6.31428 33.91 51.644
    endloop
  endfacet
  facet normal 0.637162 0.315884 -0.703023
    outer loop
      vertex -11.1019 36.91 49.9277
      vertex -10.4675 33.91 49.1547
      vertex -11.6673 33.91 48.0673
    endloop
  endfacet
  facet normal -0.67155 0 -0.740959
    outer loop
      vertex 11.1019 36.91 49.9277
      vertex 12.3744 37.11 48.7744
      vertex 12.3744 36.91 48.7744
    endloop
  endfacet
  facet normal -0.67155 0 -0.740959
    outer loop
      vertex 12.3744 37.11 48.7744
      vertex 11.1019 36.91 49.9277
      vertex 11.1019 37.11 49.9277
    endloop
  endfacet
  facet normal -0.893334 0.315892 -0.319634
    outer loop
      vertex 16.1679 36.91 43.097
      vertex 15.7895 33.91 41.1897
      vertex 15.244 33.91 42.7143
    endloop
  endfacet
  facet normal -0.857696 0.315892 0.405672
    outer loop
      vertex 15.244 33.91 30.0857
      vertex 16.1679 36.91 29.703
      vertex 14.5517 33.91 28.622
    endloop
  endfacet
  facet normal -0.920369 0.315902 0.230493
    outer loop
      vertex 17.1637 36.91 32.9859
      vertex 16.7465 36.91 31.32
      vertex 15.7895 33.91 31.6103
    endloop
  endfacet
  facet normal -0.941539 0 0.336904
    outer loop
      vertex 16.1679 36.91 29.703
      vertex 16.7465 37.11 31.32
      vertex 16.1679 37.11 29.703
    endloop
  endfacet
  facet normal -0.941539 0 0.336904
    outer loop
      vertex 16.7465 37.11 31.32
      vertex 16.1679 36.91 29.703
      vertex 16.7465 36.91 31.32
    endloop
  endfacet
  facet normal -0.938534 0.315889 0.139166
    outer loop
      vertex 16.4205 33.91 34.7827
      vertex 17.4157 36.91 34.6847
      vertex 16.183 33.91 33.181
    endloop
  endfacet
  facet normal -0.938535 0.315861 0.139222
    outer loop
      vertex 17.4157 36.91 34.6847
      vertex 17.1637 36.91 32.9859
      vertex 16.183 33.91 33.181
    endloop
  endfacet
  facet normal 0.813818 0.315896 -0.48776
    outer loop
      vertex -14.5507 36.91 46.1225
      vertex -13.7192 33.91 45.5669
      vertex -15.4336 36.91 44.6494
    endloop
  endfacet
  facet normal 0.857739 0 -0.514085
    outer loop
      vertex -14.5507 36.91 46.1225
      vertex -15.4336 37.11 44.6494
      vertex -14.5507 37.11 46.1225
    endloop
  endfacet
  facet normal 0.857739 0 -0.514085
    outer loop
      vertex -15.4336 37.11 44.6494
      vertex -14.5507 36.91 46.1225
      vertex -15.4336 36.91 44.6494
    endloop
  endfacet
  facet normal 0.920362 0.315861 -0.230574
    outer loop
      vertex -15.7895 33.91 41.1897
      vertex -16.183 33.91 39.619
      vertex -17.1637 36.91 39.8141
    endloop
  endfacet
  facet normal 0 1 -0
    outer loop
      vertex 0.637111 33.91 52.6187
      vertex 0 33.91 52.9
      vertex 1.61728 33.91 52.8205
    endloop
  endfacet
  facet normal 0 1 0
    outer loop
      vertex -0.637111 33.91 52.6187
      vertex 0 33.91 52.9
      vertex 0 33.91 52.65
    endloop
  endfacet
  facet normal 0 1 0
    outer loop
      vertex 0 33.91 52.9
      vertex 0.637111 33.91 52.6187
      vertex 0 33.91 52.65
    endloop
  endfacet
  facet normal 0 1 -0
    outer loop
      vertex 2.53924 33.91 52.4314
      vertex 1.61728 33.91 52.8205
      vertex 3.21899 33.91 52.583
    endloop
  endfacet
  facet normal 0 1 0
    outer loop
      vertex 1.61728 33.91 52.8205
      vertex 1.59278 33.91 52.5718
      vertex 0.637111 33.91 52.6187
    endloop
  endfacet
  facet normal 0 1 0
    outer loop
      vertex 1.61728 33.91 52.8205
      vertex 2.53924 33.91 52.4314
      vertex 1.59278 33.91 52.5718
    endloop
  endfacet
  facet normal 0 1 0
    outer loop
      vertex 3.21899 33.91 52.583
      vertex 3.17022 33.91 52.3378
      vertex 2.53924 33.91 52.4314
    endloop
  endfacet
  facet normal 0 1 -0
    outer loop
      vertex 3.78898 33.91 52.1828
      vertex 3.21899 33.91 52.583
      vertex 4.7897 33.91 52.1895
    endloop
  endfacet
  facet normal 0 1 0
    outer loop
      vertex 3.21899 33.91 52.583
      vertex 3.78898 33.91 52.1828
      vertex 3.17022 33.91 52.3378
    endloop
  endfacet
  facet normal 0 1 0
    outer loop
      vertex 4.7897 33.91 52.1895
      vertex 4.71713 33.91 51.9503
      vertex 3.78898 33.91 52.1828
    endloop
  endfacet
  facet normal 0 1 0
    outer loop
      vertex 6.31428 33.91 51.644
      vertex 4.71713 33.91 51.9503
      vertex 4.7897 33.91 52.1895
    endloop
  endfacet
  facet normal 0 1 0
    outer loop
      vertex 6.31428 33.91 51.644
      vertex 6.21861 33.91 51.413
      vertex 4.71713 33.91 51.9503
    endloop
  endfacet
  facet normal 0 1 0
    outer loop
      vertex 7.77805 33.91 50.9517
      vertex 6.21861 33.91 51.413
      vertex 6.31428 33.91 51.644
    endloop
  endfacet
  facet normal 0 1 0
    outer loop
      vertex 7.77805 33.91 50.9517
      vertex 7.6602 33.91 50.7312
      vertex 6.21861 33.91 51.413
    endloop
  endfacet
  facet normal 0 1 0
    outer loop
      vertex 7.77805 33.91 50.9517
      vertex 8.48089 33.91 50.2393
      vertex 7.6602 33.91 50.7312
    endloop
  endfacet
  facet normal 0 1 0
    outer loop
      vertex 9.16691 33.91 50.1192
      vertex 8.48089 33.91 50.2393
      vertex 7.77805 33.91 50.9517
    endloop
  endfacet
  facet normal 0 1 0
    outer loop
      vertex 9.16691 33.91 50.1192
      vertex 9.02802 33.91 49.9114
      vertex 8.48089 33.91 50.2393
    endloop
  endfacet
  facet normal 0 1 0
    outer loop
      vertex 10.4675 33.91 49.1547
      vertex 9.02802 33.91 49.9114
      vertex 9.16691 33.91 50.1192
    endloop
  endfacet
  facet normal 0 1 0
    outer loop
      vertex 10.4675 33.91 49.1547
      vertex 10.3089 33.91 48.9614
      vertex 9.02802 33.91 49.9114
    endloop
  endfacet
  facet normal 0 1 0
    outer loop
      vertex 11.6673 33.91 48.0673
      vertex 10.3089 33.91 48.9614
      vertex 10.4675 33.91 49.1547
    endloop
  endfacet
  facet normal 0 1 0
    outer loop
      vertex 11.6673 33.91 48.0673
      vertex 11.4905 33.91 47.8905
      vertex 10.3089 33.91 48.9614
    endloop
  endfacet
  facet normal 0 1 0
    outer loop
      vertex 12.7547 33.91 46.8675
      vertex 11.4905 33.91 47.8905
      vertex 11.6673 33.91 48.0673
    endloop
  endfacet
  facet normal 0 1 0
    outer loop
      vertex 12.7547 33.91 46.8675
      vertex 12.5614 33.91 46.7089
      vertex 11.4905 33.91 47.8905
    endloop
  endfacet
  facet normal 0 1 0
    outer loop
      vertex 13.7192 33.91 45.5669
      vertex 12.5614 33.91 46.7089
      vertex 12.7547 33.91 46.8675
    endloop
  endfacet
  facet normal 0 1 0
    outer loop
      vertex 13.7192 33.91 45.5669
      vertex 13.5114 33.91 45.428
      vertex 12.5614 33.91 46.7089
    endloop
  endfacet
  facet normal 0 1 0
    outer loop
      vertex 13.7192 33.91 45.5669
      vertex 13.8393 33.91 44.8809
      vertex 13.5114 33.91 45.428
    endloop
  endfacet
  facet normal 0 1 0
    outer loop
      vertex 14.5517 33.91 44.178
      vertex 13.8393 33.91 44.8809
      vertex 13.7192 33.91 45.5669
    endloop
  endfacet
  facet normal 0 1 0
    outer loop
      vertex 14.5517 33.91 44.178
      vertex 14.3312 33.91 44.0602
      vertex 13.8393 33.91 44.8809
    endloop
  endfacet
  facet normal 0 1 0
    outer loop
      vertex 15.244 33.91 42.7143
      vertex 14.3312 33.91 44.0602
      vertex 14.5517 33.91 44.178
    endloop
  endfacet
  facet normal 0 1 0
    outer loop
      vertex 15.244 33.91 42.7143
      vertex 15.013 33.91 42.6186
      vertex 14.3312 33.91 44.0602
    endloop
  endfacet
  facet normal 0 1 0
    outer loop
      vertex 15.244 33.91 42.7143
      vertex 15.3354 33.91 41.7177
      vertex 15.013 33.91 42.6186
    endloop
  endfacet
  facet normal 0 1 0
    outer loop
      vertex 15.7895 33.91 41.1897
      vertex 15.3354 33.91 41.7177
      vertex 15.244 33.91 42.7143
    endloop
  endfacet
  facet normal 0 1 0
    outer loop
      vertex 15.7895 33.91 41.1897
      vertex 15.5503 33.91 41.1171
      vertex 15.3354 33.91 41.7177
    endloop
  endfacet
  facet normal 0 1 0
    outer loop
      vertex 16.183 33.91 39.619
      vertex 15.5503 33.91 41.1171
      vertex 15.7895 33.91 41.1897
    endloop
  endfacet
  facet normal 0 1 0
    outer loop
      vertex 16.183 33.91 39.619
      vertex 15.9378 33.91 39.5702
      vertex 15.5503 33.91 41.1171
    endloop
  endfacet
  facet normal 0 1 0
    outer loop
      vertex 16.4205 33.91 38.0173
      vertex 15.9378 33.91 39.5702
      vertex 16.183 33.91 39.619
    endloop
  endfacet
  facet normal 0 1 0
    outer loop
      vertex 16.4205 33.91 38.0173
      vertex 16.1718 33.91 37.9928
      vertex 15.9378 33.91 39.5702
    endloop
  endfacet
  facet normal 0 1 0
    outer loop
      vertex 16.5 33.91 36.4
      vertex 16.1718 33.91 37.9928
      vertex 16.4205 33.91 38.0173
    endloop
  endfacet
  facet normal 0 1 0
    outer loop
      vertex 16.5 33.91 36.4
      vertex 16.25 33.91 36.4
      vertex 16.1718 33.91 37.9928
    endloop
  endfacet
  facet normal 0 1 0
    outer loop
      vertex 16.5 33.91 36.4
      vertex 16.1718 33.91 34.8072
      vertex 16.25 33.91 36.4
    endloop
  endfacet
  facet normal 0 1 -0
    outer loop
      vertex 16.4205 33.91 34.7827
      vertex 16.1718 33.91 34.8072
      vertex 16.5 33.91 36.4
    endloop
  endfacet
  facet normal 0 1 0
    outer loop
      vertex 16.4205 33.91 34.7827
      vertex 15.9378 33.91 33.2298
      vertex 16.1718 33.91 34.8072
    endloop
  endfacet
  facet normal 0 1 -0
    outer loop
      vertex 16.183 33.91 33.181
      vertex 15.9378 33.91 33.2298
      vertex 16.4205 33.91 34.7827
    endloop
  endfacet
  facet normal 0 1 0
    outer loop
      vertex 16.183 33.91 33.181
      vertex 15.5503 33.91 31.6829
      vertex 15.9378 33.91 33.2298
    endloop
  endfacet
  facet normal 0 1 -0
    outer loop
      vertex 15.7895 33.91 31.6103
      vertex 15.5503 33.91 31.6829
      vertex 16.183 33.91 33.181
    endloop
  endfacet
  facet normal 0 1 0
    outer loop
      vertex 15.7895 33.91 31.6103
      vertex 15.013 33.91 30.1814
      vertex 15.5503 33.91 31.6829
    endloop
  endfacet
  facet normal 0 1 -0
    outer loop
      vertex 15.244 33.91 30.0857
      vertex 15.013 33.91 30.1814
      vertex 15.7895 33.91 31.6103
    endloop
  endfacet
  facet normal 0 1 0
    outer loop
      vertex 15.244 33.91 30.0857
      vertex 14.3312 33.91 28.7398
      vertex 15.013 33.91 30.1814
    endloop
  endfacet
  facet normal 0 1 -0
    outer loop
      vertex 14.5517 33.91 28.622
      vertex 14.3312 33.91 28.7398
      vertex 15.244 33.91 30.0857
    endloop
  endfacet
  facet normal 0 1 0
    outer loop
      vertex 14.5517 33.91 28.622
      vertex 13.5114 33.91 27.372
      vertex 14.3312 33.91 28.7398
    endloop
  endfacet
  facet normal 0 1 -0
    outer loop
      vertex 13.7192 33.91 27.2331
      vertex 13.5114 33.91 27.372
      vertex 14.5517 33.91 28.622
    endloop
  endfacet
  facet normal 0 1 0
    outer loop
      vertex 13.7192 33.91 27.2331
      vertex 12.5614 33.91 26.0911
      vertex 13.5114 33.91 27.372
    endloop
  endfacet
  facet normal 0 1 -0
    outer loop
      vertex 12.7547 33.91 25.9325
      vertex 12.5614 33.91 26.0911
      vertex 13.7192 33.91 27.2331
    endloop
  endfacet
  facet normal 0 1 0
    outer loop
      vertex 12.7547 33.91 25.9325
      vertex 11.4905 33.91 24.9095
      vertex 12.5614 33.91 26.0911
    endloop
  endfacet
  facet normal 0 1 -0
    outer loop
      vertex 11.6673 33.91 24.7327
      vertex 11.4905 33.91 24.9095
      vertex 12.7547 33.91 25.9325
    endloop
  endfacet
  facet normal 0 1 0
    outer loop
      vertex 11.6673 33.91 24.7327
      vertex 10.3089 33.91 23.8386
      vertex 11.4905 33.91 24.9095
    endloop
  endfacet
  facet normal 0 1 -0
    outer loop
      vertex 10.4675 33.91 23.6453
      vertex 10.3089 33.91 23.8386
      vertex 11.6673 33.91 24.7327
    endloop
  endfacet
  facet normal 0 1 0
    outer loop
      vertex 10.4675 33.91 23.6453
      vertex 9.02802 33.91 22.8886
      vertex 10.3089 33.91 23.8386
    endloop
  endfacet
  facet normal 0 1 -0
    outer loop
      vertex 9.16691 33.91 22.6808
      vertex 9.02802 33.91 22.8886
      vertex 10.4675 33.91 23.6453
    endloop
  endfacet
  facet normal 0 1 0
    outer loop
      vertex 9.16691 33.91 22.6808
      vertex 7.6602 33.91 22.0688
      vertex 9.02802 33.91 22.8886
    endloop
  endfacet
  facet normal 0 1 -0
    outer loop
      vertex 7.77805 33.91 21.8483
      vertex 7.6602 33.91 22.0688
      vertex 9.16691 33.91 22.6808
    endloop
  endfacet
  facet normal 0 1 0
    outer loop
      vertex 7.77805 33.91 21.8483
      vertex 6.21861 33.91 21.387
      vertex 7.6602 33.91 22.0688
    endloop
  endfacet
  facet normal 0 1 -0
    outer loop
      vertex 6.31428 33.91 21.156
      vertex 6.21861 33.91 21.387
      vertex 7.77805 33.91 21.8483
    endloop
  endfacet
  facet normal 0 1 0
    outer loop
      vertex 6.31428 33.91 21.156
      vertex 4.71713 33.91 20.8497
      vertex 6.21861 33.91 21.387
    endloop
  endfacet
  facet normal 0 1 -0
    outer loop
      vertex 4.7897 33.91 20.6105
      vertex 4.71713 33.91 20.8497
      vertex 6.31428 33.91 21.156
    endloop
  endfacet
  facet normal 0 1 0
    outer loop
      vertex 4.7897 33.91 20.6105
      vertex 3.17022 33.91 20.4622
      vertex 4.71713 33.91 20.8497
    endloop
  endfacet
  facet normal 0 1 -0
    outer loop
      vertex 3.21899 33.91 20.217
      vertex 3.17022 33.91 20.4622
      vertex 4.7897 33.91 20.6105
    endloop
  endfacet
  facet normal 0 1 0
    outer loop
      vertex 3.17022 33.91 20.4622
      vertex 3.21899 33.91 20.217
      vertex 1.59278 33.91 20.2282
    endloop
  endfacet
  facet normal 0 1 -0
    outer loop
      vertex 1.61728 33.91 19.9795
      vertex 1.59278 33.91 20.2282
      vertex 3.21899 33.91 20.217
    endloop
  endfacet
  facet normal 0 1 0
    outer loop
      vertex 1.59278 33.91 20.2282
      vertex 1.61728 33.91 19.9795
      vertex 0 33.91 20.15
    endloop
  endfacet
  facet normal 0 1 0
    outer loop
      vertex 0 33.91 52.9
      vertex -0.637111 33.91 52.6187
      vertex -1.61728 33.91 52.8205
    endloop
  endfacet
  facet normal 0 1 -0
    outer loop
      vertex -1.59278 33.91 52.5718
      vertex -1.61728 33.91 52.8205
      vertex -0.637111 33.91 52.6187
    endloop
  endfacet
  facet normal 0 1 0
    outer loop
      vertex -2.53924 33.91 52.4314
      vertex -1.61728 33.91 52.8205
      vertex -1.59278 33.91 52.5718
    endloop
  endfacet
  facet normal 0 1 0
    outer loop
      vertex -1.61728 33.91 52.8205
      vertex -2.53924 33.91 52.4314
      vertex -3.21899 33.91 52.583
    endloop
  endfacet
  facet normal 0 1 -0
    outer loop
      vertex -3.17022 33.91 52.3378
      vertex -3.21899 33.91 52.583
      vertex -2.53924 33.91 52.4314
    endloop
  endfacet
  facet normal 0 1 0
    outer loop
      vertex -3.78898 33.91 52.1828
      vertex -3.21899 33.91 52.583
      vertex -3.17022 33.91 52.3378
    endloop
  endfacet
  facet normal 0 1 0
    outer loop
      vertex -3.21899 33.91 52.583
      vertex -3.78898 33.91 52.1828
      vertex -4.7897 33.91 52.1895
    endloop
  endfacet
  facet normal 0 1 -0
    outer loop
      vertex -4.71713 33.91 51.9503
      vertex -4.7897 33.91 52.1895
      vertex -3.78898 33.91 52.1828
    endloop
  endfacet
  facet normal 0 1 0
    outer loop
      vertex -4.71713 33.91 51.9503
      vertex -6.31428 33.91 51.644
      vertex -4.7897 33.91 52.1895
    endloop
  endfacet
  facet normal 0 1 -0
    outer loop
      vertex -6.21861 33.91 51.413
      vertex -6.31428 33.91 51.644
      vertex -4.71713 33.91 51.9503
    endloop
  endfacet
  facet normal 0 1 0
    outer loop
      vertex -6.21861 33.91 51.413
      vertex -7.77805 33.91 50.9517
      vertex -6.31428 33.91 51.644
    endloop
  endfacet
  facet normal 0 1 -0
    outer loop
      vertex -7.6602 33.91 50.7312
      vertex -7.77805 33.91 50.9517
      vertex -6.21861 33.91 51.413
    endloop
  endfacet
  facet normal 0 1 0
    outer loop
      vertex -8.48089 33.91 50.2393
      vertex -7.77805 33.91 50.9517
      vertex -7.6602 33.91 50.7312
    endloop
  endfacet
  facet normal 0 1 -0
    outer loop
      vertex -8.48089 33.91 50.2393
      vertex -9.16691 33.91 50.1192
      vertex -7.77805 33.91 50.9517
    endloop
  endfacet
  facet normal 0 1 -0
    outer loop
      vertex -9.02802 33.91 49.9114
      vertex -9.16691 33.91 50.1192
      vertex -8.48089 33.91 50.2393
    endloop
  endfacet
  facet normal 0 1 0
    outer loop
      vertex -9.02802 33.91 49.9114
      vertex -10.4675 33.91 49.1547
      vertex -9.16691 33.91 50.1192
    endloop
  endfacet
  facet normal 0 1 -0
    outer loop
      vertex -10.3089 33.91 48.9614
      vertex -10.4675 33.91 49.1547
      vertex -9.02802 33.91 49.9114
    endloop
  endfacet
  facet normal 0 1 0
    outer loop
      vertex -10.3089 33.91 48.9614
      vertex -11.6673 33.91 48.0673
      vertex -10.4675 33.91 49.1547
    endloop
  endfacet
  facet normal 0 1 -0
    outer loop
      vertex -11.4905 33.91 47.8905
      vertex -11.6673 33.91 48.0673
      vertex -10.3089 33.91 48.9614
    endloop
  endfacet
  facet normal 0 1 0
    outer loop
      vertex -11.4905 33.91 47.8905
      vertex -12.7547 33.91 46.8675
      vertex -11.6673 33.91 48.0673
    endloop
  endfacet
  facet normal 0 1 -0
    outer loop
      vertex -12.5614 33.91 46.7089
      vertex -12.7547 33.91 46.8675
      vertex -11.4905 33.91 47.8905
    endloop
  endfacet
  facet normal 0 1 0
    outer loop
      vertex -12.5614 33.91 46.7089
      vertex -13.7192 33.91 45.5669
      vertex -12.7547 33.91 46.8675
    endloop
  endfacet
  facet normal 0 1 -0
    outer loop
      vertex -13.5114 33.91 45.428
      vertex -13.7192 33.91 45.5669
      vertex -12.5614 33.91 46.7089
    endloop
  endfacet
  facet normal 0 1 0
    outer loop
      vertex -13.8393 33.91 44.8809
      vertex -13.7192 33.91 45.5669
      vertex -13.5114 33.91 45.428
    endloop
  endfacet
  facet normal 0 1 -0
    outer loop
      vertex -13.8393 33.91 44.8809
      vertex -14.5517 33.91 44.178
      vertex -13.7192 33.91 45.5669
    endloop
  endfacet
  facet normal 0 1 -0
    outer loop
      vertex -14.3312 33.91 44.0602
      vertex -14.5517 33.91 44.178
      vertex -13.8393 33.91 44.8809
    endloop
  endfacet
  facet normal 0 1 0
    outer loop
      vertex -14.3312 33.91 44.0602
      vertex -15.244 33.91 42.7143
      vertex -14.5517 33.91 44.178
    endloop
  endfacet
  facet normal 0 1 -0
    outer loop
      vertex -15.013 33.91 42.6186
      vertex -15.244 33.91 42.7143
      vertex -14.3312 33.91 44.0602
    endloop
  endfacet
  facet normal 0 1 0
    outer loop
      vertex -15.3354 33.91 41.7177
      vertex -15.244 33.91 42.7143
      vertex -15.013 33.91 42.6186
    endloop
  endfacet
  facet normal 0 1 -0
    outer loop
      vertex -15.3354 33.91 41.7177
      vertex -15.7895 33.91 41.1897
      vertex -15.244 33.91 42.7143
    endloop
  endfacet
  facet normal 0 1 -0
    outer loop
      vertex -15.5503 33.91 41.1171
      vertex -15.7895 33.91 41.1897
      vertex -15.3354 33.91 41.7177
    endloop
  endfacet
  facet normal 0 1 0
    outer loop
      vertex -15.5503 33.91 41.1171
      vertex -16.183 33.91 39.619
      vertex -15.7895 33.91 41.1897
    endloop
  endfacet
  facet normal 0 1 -0
    outer loop
      vertex -15.9378 33.91 39.5702
      vertex -16.183 33.91 39.619
      vertex -15.5503 33.91 41.1171
    endloop
  endfacet
  facet normal 0 1 0
    outer loop
      vertex -15.9378 33.91 39.5702
      vertex -16.4205 33.91 38.0173
      vertex -16.183 33.91 39.619
    endloop
  endfacet
  facet normal 0 1 -0
    outer loop
      vertex -16.1718 33.91 37.9928
      vertex -16.4205 33.91 38.0173
      vertex -15.9378 33.91 39.5702
    endloop
  endfacet
  facet normal 0 1 -0
    outer loop
      vertex -16.25 33.91 36.4
      vertex -16.4205 33.91 38.0173
      vertex -16.1718 33.91 37.9928
    endloop
  endfacet
  facet normal 0 1 0
    outer loop
      vertex -16.25 33.91 36.4
      vertex -16.5 33.91 36.4
      vertex -16.4205 33.91 38.0173
    endloop
  endfacet
  facet normal 0 1 0
    outer loop
      vertex -16.1718 33.91 34.8072
      vertex -16.5 33.91 36.4
      vertex -16.25 33.91 36.4
    endloop
  endfacet
  facet normal 0 1 0
    outer loop
      vertex -16.1718 33.91 34.8072
      vertex -16.4205 33.91 34.7827
      vertex -16.5 33.91 36.4
    endloop
  endfacet
  facet normal 0 1 0
    outer loop
      vertex -15.9378 33.91 33.2298
      vertex -16.4205 33.91 34.7827
      vertex -16.1718 33.91 34.8072
    endloop
  endfacet
  facet normal 0 1 0
    outer loop
      vertex -15.9378 33.91 33.2298
      vertex -16.183 33.91 33.181
      vertex -16.4205 33.91 34.7827
    endloop
  endfacet
  facet normal 0 1 0
    outer loop
      vertex -15.5503 33.91 31.6829
      vertex -16.183 33.91 33.181
      vertex -15.9378 33.91 33.2298
    endloop
  endfacet
  facet normal 0 1 0
    outer loop
      vertex -15.5503 33.91 31.6829
      vertex -15.7895 33.91 31.6103
      vertex -16.183 33.91 33.181
    endloop
  endfacet
  facet normal 0 1 0
    outer loop
      vertex -15.013 33.91 30.1814
      vertex -15.7895 33.91 31.6103
      vertex -15.5503 33.91 31.6829
    endloop
  endfacet
  facet normal 0 1 0
    outer loop
      vertex -15.013 33.91 30.1814
      vertex -15.244 33.91 30.0857
      vertex -15.7895 33.91 31.6103
    endloop
  endfacet
  facet normal 0 1 0
    outer loop
      vertex -14.3312 33.91 28.7398
      vertex -15.244 33.91 30.0857
      vertex -15.013 33.91 30.1814
    endloop
  endfacet
  facet normal 0 1 0
    outer loop
      vertex -14.3312 33.91 28.7398
      vertex -14.5517 33.91 28.622
      vertex -15.244 33.91 30.0857
    endloop
  endfacet
  facet normal 0 1 0
    outer loop
      vertex -13.5114 33.91 27.372
      vertex -14.5517 33.91 28.622
      vertex -14.3312 33.91 28.7398
    endloop
  endfacet
  facet normal 0 1 0
    outer loop
      vertex -13.5114 33.91 27.372
      vertex -13.7192 33.91 27.2331
      vertex -14.5517 33.91 28.622
    endloop
  endfacet
  facet normal 0 1 0
    outer loop
      vertex -12.5614 33.91 26.0911
      vertex -13.7192 33.91 27.2331
      vertex -13.5114 33.91 27.372
    endloop
  endfacet
  facet normal 0 1 0
    outer loop
      vertex -12.5614 33.91 26.0911
      vertex -12.7547 33.91 25.9325
      vertex -13.7192 33.91 27.2331
    endloop
  endfacet
  facet normal 0 1 0
    outer loop
      vertex -11.4905 33.91 24.9095
      vertex -12.7547 33.91 25.9325
      vertex -12.5614 33.91 26.0911
    endloop
  endfacet
  facet normal 0 1 0
    outer loop
      vertex -11.4905 33.91 24.9095
      vertex -11.6673 33.91 24.7327
      vertex -12.7547 33.91 25.9325
    endloop
  endfacet
  facet normal 0 1 0
    outer loop
      vertex -10.3089 33.91 23.8386
      vertex -11.6673 33.91 24.7327
      vertex -11.4905 33.91 24.9095
    endloop
  endfacet
  facet normal 0 1 0
    outer loop
      vertex -10.3089 33.91 23.8386
      vertex -10.4675 33.91 23.6453
      vertex -11.6673 33.91 24.7327
    endloop
  endfacet
  facet normal 0 1 0
    outer loop
      vertex -9.02802 33.91 22.8886
      vertex -10.4675 33.91 23.6453
      vertex -10.3089 33.91 23.8386
    endloop
  endfacet
  facet normal 0 1 0
    outer loop
      vertex -9.02802 33.91 22.8886
      vertex -9.16691 33.91 22.6808
      vertex -10.4675 33.91 23.6453
    endloop
  endfacet
  facet normal 0 1 0
    outer loop
      vertex -7.6602 33.91 22.0688
      vertex -9.16691 33.91 22.6808
      vertex -9.02802 33.91 22.8886
    endloop
  endfacet
  facet normal 0 1 0
    outer loop
      vertex -7.6602 33.91 22.0688
      vertex -7.77805 33.91 21.8483
      vertex -9.16691 33.91 22.6808
    endloop
  endfacet
  facet normal 0 1 0
    outer loop
      vertex -6.21861 33.91 21.387
      vertex -7.77805 33.91 21.8483
      vertex -7.6602 33.91 22.0688
    endloop
  endfacet
  facet normal 0 1 0
    outer loop
      vertex -6.21861 33.91 21.387
      vertex -6.31428 33.91 21.156
      vertex -7.77805 33.91 21.8483
    endloop
  endfacet
  facet normal 0 1 0
    outer loop
      vertex -4.71713 33.91 20.8497
      vertex -6.31428 33.91 21.156
      vertex -6.21861 33.91 21.387
    endloop
  endfacet
  facet normal 0 1 0
    outer loop
      vertex -4.71713 33.91 20.8497
      vertex -4.7897 33.91 20.6105
      vertex -6.31428 33.91 21.156
    endloop
  endfacet
  facet normal 0 1 0
    outer loop
      vertex -3.17022 33.91 20.4622
      vertex -4.7897 33.91 20.6105
      vertex -4.71713 33.91 20.8497
    endloop
  endfacet
  facet normal 0 1 0
    outer loop
      vertex -3.21899 33.91 20.217
      vertex -3.17022 33.91 20.4622
      vertex -1.59278 33.91 20.2282
    endloop
  endfacet
  facet normal 0 1 0
    outer loop
      vertex -3.17022 33.91 20.4622
      vertex -3.21899 33.91 20.217
      vertex -4.7897 33.91 20.6105
    endloop
  endfacet
  facet normal 0 1 0
    outer loop
      vertex -1.61728 33.91 19.9795
      vertex -1.59278 33.91 20.2282
      vertex 0 33.91 20.15
    endloop
  endfacet
  facet normal 0 1 0
    outer loop
      vertex 0 33.91 19.9
      vertex 0 33.91 20.15
      vertex 1.61728 33.91 19.9795
    endloop
  endfacet
  facet normal 0 1 0
    outer loop
      vertex -1.59278 33.91 20.2282
      vertex -1.61728 33.91 19.9795
      vertex -3.21899 33.91 20.217
    endloop
  endfacet
  facet normal 0 1 0
    outer loop
      vertex 0 33.91 20.15
      vertex 0 33.91 19.9
      vertex -1.61728 33.91 19.9795
    endloop
  endfacet
  facet normal 0.405677 0.31589 0.857695
    outer loop
      vertex -6.31428 33.91 21.156
      vertex -6.69696 36.91 20.2321
      vertex -8.24944 36.91 20.9664
    endloop
  endfacet
  facet normal 0.920362 0.315861 0.230574
    outer loop
      vertex -16.183 33.91 33.181
      vertex -15.7895 33.91 31.6103
      vertex -17.1637 36.91 32.9859
    endloop
  endfacet
  facet normal 0.893334 0.315892 0.319634
    outer loop
      vertex -15.7895 33.91 31.6103
      vertex -15.244 33.91 30.0857
      vertex -16.1679 36.91 29.703
    endloop
  endfacet
  facet normal 0.740959 -0 0.67155
    outer loop
      vertex -13.5277 36.91 25.2981
      vertex -12.3744 37.11 24.0256
      vertex -13.5277 37.11 25.2981
    endloop
  endfacet
  facet normal 0.740959 0 0.67155
    outer loop
      vertex -12.3744 37.11 24.0256
      vertex -13.5277 36.91 25.2981
      vertex -12.3744 36.91 24.0256
    endloop
  endfacet
  facet normal 0.0490867 0 -0.998795
    outer loop
      vertex -1.7153 36.91 53.8157
      vertex 0 37.11 53.9
      vertex 0 36.91 53.9
    endloop
  endfacet
  facet normal 0.0490867 0 -0.998795
    outer loop
      vertex 0 37.11 53.9
      vertex -1.7153 36.91 53.8157
      vertex -1.7153 37.11 53.8157
    endloop
  endfacet
  facet normal -0.487802 0.315878 -0.8138
    outer loop
      vertex 8.24944 36.91 51.8336
      vertex 9.16691 33.91 50.1192
      vertex 7.77805 33.91 50.9517
    endloop
  endfacet
  facet normal 0.565167 0.315883 -0.762105
    outer loop
      vertex -9.16691 33.91 50.1192
      vertex -10.4675 33.91 49.1547
      vertex -11.1019 36.91 49.9277
    endloop
  endfacet
  facet normal 0.405677 0.31589 -0.857695
    outer loop
      vertex -6.69696 36.91 52.5679
      vertex -6.31428 33.91 51.644
      vertex -8.24944 36.91 51.8336
    endloop
  endfacet
  facet normal 0.230496 0.315862 -0.920382
    outer loop
      vertex -3.41408 36.91 53.5637
      vertex -3.21899 33.91 52.583
      vertex -5.07998 36.91 53.1465
    endloop
  endfacet
  facet normal -0.762103 0.315898 -0.565161
    outer loop
      vertex 14.5507 36.91 46.1225
      vertex 13.7192 33.91 45.5669
      vertex 12.7547 33.91 46.8675
    endloop
  endfacet
  facet normal -0.637162 0.315884 -0.703023
    outer loop
      vertex 11.1019 36.91 49.9277
      vertex 11.6673 33.91 48.0673
      vertex 10.4675 33.91 49.1547
    endloop
  endfacet
  facet normal -0.740959 0 -0.67155
    outer loop
      vertex 13.5277 36.91 47.5019
      vertex 12.3744 37.11 48.7744
      vertex 13.5277 37.11 47.5019
    endloop
  endfacet
  facet normal -0.740959 -0 -0.67155
    outer loop
      vertex 12.3744 37.11 48.7744
      vertex 13.5277 36.91 47.5019
      vertex 12.3744 36.91 48.7744
    endloop
  endfacet
  facet normal -0.893324 0.315902 -0.319652
    outer loop
      vertex 16.1679 36.91 43.097
      vertex 16.7465 36.91 41.48
      vertex 15.7895 33.91 41.1897
    endloop
  endfacet
  facet normal -0.857686 0.315892 -0.405694
    outer loop
      vertex 15.4336 36.91 44.6494
      vertex 16.1679 36.91 43.097
      vertex 15.244 33.91 42.7143
    endloop
  endfacet
  facet normal -0.920362 0.315861 0.230574
    outer loop
      vertex 16.183 33.91 33.181
      vertex 17.1637 36.91 32.9859
      vertex 15.7895 33.91 31.6103
    endloop
  endfacet
  facet normal -0.970043 0 0.242933
    outer loop
      vertex 16.7465 36.91 31.32
      vertex 17.1637 37.11 32.9859
      vertex 16.7465 37.11 31.32
    endloop
  endfacet
  facet normal -0.970043 0 0.242933
    outer loop
      vertex 17.1637 37.11 32.9859
      vertex 16.7465 36.91 31.32
      vertex 17.1637 36.91 32.9859
    endloop
  endfacet
  facet normal -0.893334 0.315892 0.319634
    outer loop
      vertex 15.7895 33.91 31.6103
      vertex 16.1679 36.91 29.703
      vertex 15.244 33.91 30.0857
    endloop
  endfacet
  facet normal -0.920362 0.315861 -0.230574
    outer loop
      vertex 17.1637 36.91 39.8141
      vertex 16.183 33.91 39.619
      vertex 15.7895 33.91 41.1897
    endloop
  endfacet
  facet normal 0.857699 0.31588 -0.405674
    outer loop
      vertex -14.5517 33.91 44.178
      vertex -15.244 33.91 42.7143
      vertex -15.4336 36.91 44.6494
    endloop
  endfacet
  facet normal 0.938534 0.315889 -0.139166
    outer loop
      vertex -16.183 33.91 39.619
      vertex -16.4205 33.91 38.0173
      vertex -17.4157 36.91 38.1153
    endloop
  endfacet
  facet normal 0.938535 0.315861 -0.139222
    outer loop
      vertex -17.1637 36.91 39.8141
      vertex -16.183 33.91 39.619
      vertex -17.4157 36.91 38.1153
    endloop
  endfacet
  facet normal 0.5141 0 0.85773
    outer loop
      vertex -9.72248 37.11 21.8493
      vertex -8.24944 36.91 20.9664
      vertex -8.24944 37.11 20.9664
    endloop
  endfacet
  facet normal 0.5141 0 0.85773
    outer loop
      vertex -8.24944 36.91 20.9664
      vertex -9.72248 37.11 21.8493
      vertex -9.72248 36.91 21.8493
    endloop
  endfacet
  facet normal -0.319637 0.3159 0.89333
    outer loop
      vertex 6.31428 33.91 21.156
      vertex 5.07998 36.91 19.6535
      vertex 4.7897 33.91 20.6105
    endloop
  endfacet
  facet normal -0.242933 0 0.970043
    outer loop
      vertex 3.41408 37.11 19.2363
      vertex 5.07998 36.91 19.6535
      vertex 5.07998 37.11 19.6535
    endloop
  endfacet
  facet normal -0.242933 0 0.970043
    outer loop
      vertex 5.07998 36.91 19.6535
      vertex 3.41408 37.11 19.2363
      vertex 3.41408 36.91 19.2363
    endloop
  endfacet
  facet normal 0.42757 0 0.903982
    outer loop
      vertex -8.24944 37.11 20.9664
      vertex -6.69696 36.91 20.2321
      vertex -6.69696 37.11 20.2321
    endloop
  endfacet
  facet normal 0.42757 0 0.903982
    outer loop
      vertex -6.69696 36.91 20.2321
      vertex -8.24944 37.11 20.9664
      vertex -8.24944 36.91 20.9664
    endloop
  endfacet
  facet normal 0.0490867 0 0.998795
    outer loop
      vertex -1.7153 37.11 18.9843
      vertex 0 36.91 18.9
      vertex 0 37.11 18.9
    endloop
  endfacet
  facet normal 0.0490867 0 0.998795
    outer loop
      vertex 0 36.91 18.9
      vertex -1.7153 37.11 18.9843
      vertex -1.7153 36.91 18.9843
    endloop
  endfacet
  facet normal 0.242933 0 0.970043
    outer loop
      vertex -5.07998 37.11 19.6535
      vertex -3.41408 36.91 19.2363
      vertex -3.41408 37.11 19.2363
    endloop
  endfacet
  facet normal 0.242933 0 0.970043
    outer loop
      vertex -3.41408 36.91 19.2363
      vertex -5.07998 37.11 19.6535
      vertex -5.07998 36.91 19.6535
    endloop
  endfacet
  facet normal 0.139165 0.31589 0.938534
    outer loop
      vertex -1.61728 33.91 19.9795
      vertex -1.7153 36.91 18.9843
      vertex -3.21899 33.91 20.217
    endloop
  endfacet
  facet normal 0.565165 0.315892 0.762103
    outer loop
      vertex -9.16691 33.91 22.6808
      vertex -9.72248 36.91 21.8493
      vertex -10.4675 33.91 23.6453
    endloop
  endfacet
  facet normal 0.762087 0.315897 0.565184
    outer loop
      vertex -13.7192 33.91 27.2331
      vertex -13.5277 36.91 25.2981
      vertex -14.5507 36.91 26.6775
    endloop
  endfacet
  facet normal 0.857689 0.31588 0.405695
    outer loop
      vertex -14.5517 33.91 28.622
      vertex -15.4336 36.91 28.1506
      vertex -16.1679 36.91 29.703
    endloop
  endfacet
  facet normal 0.970043 -0 0.242933
    outer loop
      vertex -17.1637 36.91 32.9859
      vertex -16.7465 37.11 31.32
      vertex -17.1637 37.11 32.9859
    endloop
  endfacet
  facet normal 0.970043 0 0.242933
    outer loop
      vertex -16.7465 37.11 31.32
      vertex -17.1637 36.91 32.9859
      vertex -16.7465 36.91 31.32
    endloop
  endfacet
  facet normal 0.947652 0.315889 0.0465828
    outer loop
      vertex -16.5 33.91 36.4
      vertex -16.4205 33.91 34.7827
      vertex -17.4157 36.91 34.6847
    endloop
  endfacet
  facet normal 0.941539 -0 0.336904
    outer loop
      vertex -16.7465 36.91 31.32
      vertex -16.1679 37.11 29.703
      vertex -16.7465 37.11 31.32
    endloop
  endfacet
  facet normal 0.941539 0 0.336904
    outer loop
      vertex -16.1679 37.11 29.703
      vertex -16.7465 36.91 31.32
      vertex -16.1679 36.91 29.703
    endloop
  endfacet
  facet normal -0.487776 0.315892 -0.81381
    outer loop
      vertex 9.72248 36.91 50.9507
      vertex 9.16691 33.91 50.1192
      vertex 8.24944 36.91 51.8336
    endloop
  endfacet
  facet normal -0.139165 0.31589 -0.938534
    outer loop
      vertex 1.7153 36.91 53.8157
      vertex 3.21899 33.91 52.583
      vertex 1.61728 33.91 52.8205
    endloop
  endfacet
  facet normal -0.336908 0 -0.941538
    outer loop
      vertex 5.07998 36.91 53.1465
      vertex 6.69696 37.11 52.5679
      vertex 6.69696 36.91 52.5679
    endloop
  endfacet
  facet normal -0.336908 0 -0.941538
    outer loop
      vertex 6.69696 37.11 52.5679
      vertex 5.07998 36.91 53.1465
      vertex 5.07998 37.11 53.1465
    endloop
  endfacet
  facet normal -0.5141 0 -0.85773
    outer loop
      vertex 8.24944 36.91 51.8336
      vertex 9.72248 37.11 50.9507
      vertex 9.72248 36.91 50.9507
    endloop
  endfacet
  facet normal -0.5141 0 -0.85773
    outer loop
      vertex 9.72248 37.11 50.9507
      vertex 8.24944 36.91 51.8336
      vertex 8.24944 37.11 51.8336
    endloop
  endfacet
  facet normal 0.0465733 0.315885 -0.947654
    outer loop
      vertex 0 36.91 53.9
      vertex 0 33.91 52.9
      vertex -1.7153 36.91 53.8157
    endloop
  endfacet
  facet normal 0.67155 0 -0.740959
    outer loop
      vertex -12.3744 36.91 48.7744
      vertex -11.1019 37.11 49.9277
      vertex -11.1019 36.91 49.9277
    endloop
  endfacet
  facet normal 0.67155 0 -0.740959
    outer loop
      vertex -11.1019 37.11 49.9277
      vertex -12.3744 36.91 48.7744
      vertex -12.3744 37.11 48.7744
    endloop
  endfacet
  facet normal 0.5141 0 -0.85773
    outer loop
      vertex -9.72248 36.91 50.9507
      vertex -8.24944 37.11 51.8336
      vertex -8.24944 36.91 51.8336
    endloop
  endfacet
  facet normal 0.5141 0 -0.85773
    outer loop
      vertex -8.24944 37.11 51.8336
      vertex -9.72248 36.91 50.9507
      vertex -9.72248 37.11 50.9507
    endloop
  endfacet
  facet normal 0.487776 0.315892 -0.81381
    outer loop
      vertex -8.24944 36.91 51.8336
      vertex -9.16691 33.91 50.1192
      vertex -9.72248 36.91 50.9507
    endloop
  endfacet
  facet normal 0.230569 0.315902 -0.92035
    outer loop
      vertex -3.21899 33.91 52.583
      vertex -4.7897 33.91 52.1895
      vertex -5.07998 36.91 53.1465
    endloop
  endfacet
  facet normal -0.70302 0.315884 -0.637166
    outer loop
      vertex 13.5277 36.91 47.5019
      vertex 12.7547 33.91 46.8675
      vertex 12.3744 36.91 48.7744
    endloop
  endfacet
  facet normal -0.76209 0.315883 -0.565187
    outer loop
      vertex 13.5277 36.91 47.5019
      vertex 14.5507 36.91 46.1225
      vertex 12.7547 33.91 46.8675
    endloop
  endfacet
  facet normal -0.857739 0 -0.514085
    outer loop
      vertex 15.4336 36.91 44.6494
      vertex 14.5507 37.11 46.1225
      vertex 15.4336 37.11 44.6494
    endloop
  endfacet
  facet normal -0.857739 -0 -0.514085
    outer loop
      vertex 14.5507 37.11 46.1225
      vertex 15.4336 36.91 44.6494
      vertex 14.5507 36.91 46.1225
    endloop
  endfacet
  facet normal -0.813818 0.315896 -0.48776
    outer loop
      vertex 14.5507 36.91 46.1225
      vertex 15.4336 36.91 44.6494
      vertex 13.7192 33.91 45.5669
    endloop
  endfacet
  facet normal -0.989176 0 0.146734
    outer loop
      vertex 17.1637 36.91 32.9859
      vertex 17.4157 37.11 34.6847
      vertex 17.1637 37.11 32.9859
    endloop
  endfacet
  facet normal -0.989176 0 0.146734
    outer loop
      vertex 17.4157 37.11 34.6847
      vertex 17.1637 36.91 32.9859
      vertex 17.4157 36.91 34.6847
    endloop
  endfacet
  facet normal -0.920369 0.315902 -0.230493
    outer loop
      vertex 16.7465 36.91 41.48
      vertex 17.1637 36.91 39.8141
      vertex 15.7895 33.91 41.1897
    endloop
  endfacet
  facet normal -0.970043 0 -0.242933
    outer loop
      vertex 17.1637 36.91 39.8141
      vertex 16.7465 37.11 41.48
      vertex 17.1637 37.11 39.8141
    endloop
  endfacet
  facet normal -0.970043 -0 -0.242933
    outer loop
      vertex 16.7465 37.11 41.48
      vertex 17.1637 36.91 39.8141
      vertex 16.7465 36.91 41.48
    endloop
  endfacet
  facet normal -0.947652 0.315889 0.0465828
    outer loop
      vertex 16.5 33.91 36.4
      vertex 17.4157 36.91 34.6847
      vertex 16.4205 33.91 34.7827
    endloop
  endfacet
  facet normal -0.938535 0.315861 -0.139222
    outer loop
      vertex 17.1637 36.91 39.8141
      vertex 17.4157 36.91 38.1153
      vertex 16.183 33.91 39.619
    endloop
  endfacet
  facet normal -0.947654 0.315885 0.0465733
    outer loop
      vertex 17.5 36.91 36.4
      vertex 17.4157 36.91 34.6847
      vertex 16.5 33.91 36.4
    endloop
  endfacet
  facet normal 0.903974 0 -0.427588
    outer loop
      vertex -15.4336 36.91 44.6494
      vertex -16.1679 37.11 43.097
      vertex -15.4336 37.11 44.6494
    endloop
  endfacet
  facet normal 0.903974 0 -0.427588
    outer loop
      vertex -16.1679 37.11 43.097
      vertex -15.4336 36.91 44.6494
      vertex -16.1679 36.91 43.097
    endloop
  endfacet
  facet normal 0.970043 0 -0.242933
    outer loop
      vertex -16.7465 36.91 41.48
      vertex -17.1637 37.11 39.8141
      vertex -16.7465 37.11 41.48
    endloop
  endfacet
  facet normal 0.970043 0 -0.242933
    outer loop
      vertex -17.1637 37.11 39.8141
      vertex -16.7465 36.91 41.48
      vertex -17.1637 36.91 39.8141
    endloop
  endfacet
  facet normal 0.920369 0.315902 -0.230493
    outer loop
      vertex -16.7465 36.91 41.48
      vertex -15.7895 33.91 41.1897
      vertex -17.1637 36.91 39.8141
    endloop
  endfacet
  facet normal 0.857686 0.315892 -0.405694
    outer loop
      vertex -15.4336 36.91 44.6494
      vertex -15.244 33.91 42.7143
      vertex -16.1679 36.91 43.097
    endloop
  endfacet
  facet normal 0.893334 0.315892 -0.319634
    outer loop
      vertex -15.244 33.91 42.7143
      vertex -15.7895 33.91 41.1897
      vertex -16.1679 36.91 43.097
    endloop
  endfacet
  facet normal 0.998795 0 -0.0490867
    outer loop
      vertex -17.4157 36.91 38.1153
      vertex -17.5 37.11 36.4
      vertex -17.4157 37.11 38.1153
    endloop
  endfacet
  facet normal 0.998795 0 -0.0490867
    outer loop
      vertex -17.5 37.11 36.4
      vertex -17.4157 36.91 38.1153
      vertex -17.5 36.91 36.4
    endloop
  endfacet
  facet normal 0.947654 0.315885 -0.0465733
    outer loop
      vertex -17.4157 36.91 38.1153
      vertex -16.5 33.91 36.4
      vertex -17.5 36.91 36.4
    endloop
  endfacet
  facet normal 0.637166 0.315884 0.70302
    outer loop
      vertex -10.4675 33.91 23.6453
      vertex -11.1019 36.91 22.8723
      vertex -12.3744 36.91 24.0256
    endloop
  endfacet
  facet normal 0.67155 0 0.740959
    outer loop
      vertex -12.3744 37.11 24.0256
      vertex -11.1019 36.91 22.8723
      vertex -11.1019 37.11 22.8723
    endloop
  endfacet
  facet normal 0.67155 0 0.740959
    outer loop
      vertex -11.1019 36.91 22.8723
      vertex -12.3744 37.11 24.0256
      vertex -12.3744 36.91 24.0256
    endloop
  endfacet
  facet normal -0.0490867 0 0.998795
    outer loop
      vertex 0 37.11 18.9
      vertex 1.7153 36.91 18.9843
      vertex 1.7153 37.11 18.9843
    endloop
  endfacet
  facet normal -0.0490867 0 0.998795
    outer loop
      vertex 1.7153 36.91 18.9843
      vertex 0 37.11 18.9
      vertex 0 36.91 18.9
    endloop
  endfacet
  facet normal -0.405677 0.31589 0.857695
    outer loop
      vertex 8.24944 36.91 20.9664
      vertex 6.69696 36.91 20.2321
      vertex 6.31428 33.91 21.156
    endloop
  endfacet
  facet normal -0.230569 0.315902 0.92035
    outer loop
      vertex 4.7897 33.91 20.6105
      vertex 5.07998 36.91 19.6535
      vertex 3.21899 33.91 20.217
    endloop
  endfacet
  facet normal -0.595681 0 0.803221
    outer loop
      vertex 9.72248 37.11 21.8493
      vertex 11.1019 36.91 22.8723
      vertex 11.1019 37.11 22.8723
    endloop
  endfacet
  facet normal -0.595681 0 0.803221
    outer loop
      vertex 11.1019 36.91 22.8723
      vertex 9.72248 37.11 21.8493
      vertex 9.72248 36.91 21.8493
    endloop
  endfacet
  facet normal 0.146736 0 0.989176
    outer loop
      vertex -3.41408 37.11 19.2363
      vertex -1.7153 36.91 18.9843
      vertex -1.7153 37.11 18.9843
    endloop
  endfacet
  facet normal 0.146736 0 0.989176
    outer loop
      vertex -1.7153 36.91 18.9843
      vertex -3.41408 37.11 19.2363
      vertex -3.41408 36.91 19.2363
    endloop
  endfacet
  facet normal 0.230569 0.315902 0.92035
    outer loop
      vertex -4.7897 33.91 20.6105
      vertex -3.21899 33.91 20.217
      vertex -5.07998 36.91 19.6535
    endloop
  endfacet
  facet normal 0.139224 0.315861 0.938535
    outer loop
      vertex -3.21899 33.91 20.217
      vertex -1.7153 36.91 18.9843
      vertex -3.41408 36.91 19.2363
    endloop
  endfacet
  facet normal 0.230496 0.315862 0.920382
    outer loop
      vertex -3.21899 33.91 20.217
      vertex -3.41408 36.91 19.2363
      vertex -5.07998 36.91 19.6535
    endloop
  endfacet
  facet normal 0.487776 0.315892 0.81381
    outer loop
      vertex -9.16691 33.91 22.6808
      vertex -8.24944 36.91 20.9664
      vertex -9.72248 36.91 21.8493
    endloop
  endfacet
  facet normal 0.336908 0 0.941538
    outer loop
      vertex -6.69696 37.11 20.2321
      vertex -5.07998 36.91 19.6535
      vertex -5.07998 37.11 19.6535
    endloop
  endfacet
  facet normal 0.336908 0 0.941538
    outer loop
      vertex -5.07998 36.91 19.6535
      vertex -6.69696 37.11 20.2321
      vertex -6.69696 36.91 20.2321
    endloop
  endfacet
  facet normal 0.319657 0.31589 0.893327
    outer loop
      vertex -6.31428 33.91 21.156
      vertex -5.07998 36.91 19.6535
      vertex -6.69696 36.91 20.2321
    endloop
  endfacet
  facet normal 0.487802 0.315878 0.8138
    outer loop
      vertex -7.77805 33.91 21.8483
      vertex -8.24944 36.91 20.9664
      vertex -9.16691 33.91 22.6808
    endloop
  endfacet
  facet normal 0.405659 0.315879 0.857707
    outer loop
      vertex -7.77805 33.91 21.8483
      vertex -6.31428 33.91 21.156
      vertex -8.24944 36.91 20.9664
    endloop
  endfacet
  facet normal 0.857696 0.315892 0.405672
    outer loop
      vertex -15.244 33.91 30.0857
      vertex -14.5517 33.91 28.622
      vertex -16.1679 36.91 29.703
    endloop
  endfacet
  facet normal 0.70302 0.315884 0.637166
    outer loop
      vertex -12.7547 33.91 25.9325
      vertex -12.3744 36.91 24.0256
      vertex -13.5277 36.91 25.2981
    endloop
  endfacet
  facet normal 0.703024 0.315882 0.637163
    outer loop
      vertex -11.6673 33.91 24.7327
      vertex -12.3744 36.91 24.0256
      vertex -12.7547 33.91 25.9325
    endloop
  endfacet
  facet normal 0 -1 0
    outer loop
      vertex -0.637111 37.11 52.6187
      vertex 0 37.11 53.9
      vertex -1.7153 37.11 53.8157
    endloop
  endfacet
  facet normal 0 -1 0
    outer loop
      vertex -2.53924 37.11 52.4314
      vertex -1.7153 37.11 53.8157
      vertex -3.41408 37.11 53.5637
    endloop
  endfacet
  facet normal 0 -1 -0
    outer loop
      vertex 0 37.11 53.9
      vertex -0.637111 37.11 52.6187
      vertex 0 37.11 52.65
    endloop
  endfacet
  facet normal 0 -1 0
    outer loop
      vertex -3.78898 37.11 52.1828
      vertex -3.41408 37.11 53.5637
      vertex -5.07998 37.11 53.1465
    endloop
  endfacet
  facet normal 0 -1 0
    outer loop
      vertex 0.637111 37.11 52.6187
      vertex 0 37.11 53.9
      vertex 0 37.11 52.65
    endloop
  endfacet
  facet normal 0 -1 0
    outer loop
      vertex 1.59278 37.11 52.5718
      vertex 1.7153 37.11 53.8157
      vertex 0.637111 37.11 52.6187
    endloop
  endfacet
  facet normal 0 -1 0
    outer loop
      vertex 0 37.11 53.9
      vertex 0.637111 37.11 52.6187
      vertex 1.7153 37.11 53.8157
    endloop
  endfacet
  facet normal 0 -1 0
    outer loop
      vertex -1.7153 37.11 53.8157
      vertex -1.59278 37.11 52.5718
      vertex -0.637111 37.11 52.6187
    endloop
  endfacet
  facet normal 0 -1 0
    outer loop
      vertex -4.71713 37.11 51.9503
      vertex -5.07998 37.11 53.1465
      vertex -6.69696 37.11 52.5679
    endloop
  endfacet
  facet normal 0 -1 -0
    outer loop
      vertex -1.7153 37.11 53.8157
      vertex -2.53924 37.11 52.4314
      vertex -1.59278 37.11 52.5718
    endloop
  endfacet
  facet normal 0 -1 0
    outer loop
      vertex -3.41408 37.11 53.5637
      vertex -3.17022 37.11 52.3378
      vertex -2.53924 37.11 52.4314
    endloop
  endfacet
  facet normal 0 -1 -0
    outer loop
      vertex -3.41408 37.11 53.5637
      vertex -3.78898 37.11 52.1828
      vertex -3.17022 37.11 52.3378
    endloop
  endfacet
  facet normal 0 -1 0
    outer loop
      vertex -5.07998 37.11 53.1465
      vertex -4.71713 37.11 51.9503
      vertex -3.78898 37.11 52.1828
    endloop
  endfacet
  facet normal 0 -1 0
    outer loop
      vertex -6.21861 37.11 51.413
      vertex -6.69696 37.11 52.5679
      vertex -8.24944 37.11 51.8336
    endloop
  endfacet
  facet normal 0 -1 0
    outer loop
      vertex -6.69696 37.11 52.5679
      vertex -6.21861 37.11 51.413
      vertex -4.71713 37.11 51.9503
    endloop
  endfacet
  facet normal 0 -1 0
    outer loop
      vertex -8.48089 37.11 50.2393
      vertex -8.24944 37.11 51.8336
      vertex -9.72248 37.11 50.9507
    endloop
  endfacet
  facet normal 0 -1 0
    outer loop
      vertex -8.24944 37.11 51.8336
      vertex -7.6602 37.11 50.7312
      vertex -6.21861 37.11 51.413
    endloop
  endfacet
  facet normal 0 -1 -0
    outer loop
      vertex -8.24944 37.11 51.8336
      vertex -8.48089 37.11 50.2393
      vertex -7.6602 37.11 50.7312
    endloop
  endfacet
  facet normal 0 -1 0
    outer loop
      vertex -9.02802 37.11 49.9114
      vertex -9.72248 37.11 50.9507
      vertex -11.1019 37.11 49.9277
    endloop
  endfacet
  facet normal 0 -1 0
    outer loop
      vertex -9.72248 37.11 50.9507
      vertex -9.02802 37.11 49.9114
      vertex -8.48089 37.11 50.2393
    endloop
  endfacet
  facet normal 0 -1 0
    outer loop
      vertex -11.1019 37.11 49.9277
      vertex -10.3089 37.11 48.9614
      vertex -9.02802 37.11 49.9114
    endloop
  endfacet
  facet normal 0 -1 0
    outer loop
      vertex -12.3744 37.11 48.7744
      vertex -10.3089 37.11 48.9614
      vertex -11.1019 37.11 49.9277
    endloop
  endfacet
  facet normal 0 -1 0
    outer loop
      vertex -12.3744 37.11 48.7744
      vertex -11.4905 37.11 47.8905
      vertex -10.3089 37.11 48.9614
    endloop
  endfacet
  facet normal 0 -1 0
    outer loop
      vertex -13.5277 37.11 47.5019
      vertex -11.4905 37.11 47.8905
      vertex -12.3744 37.11 48.7744
    endloop
  endfacet
  facet normal 0 -1 0
    outer loop
      vertex -13.5277 37.11 47.5019
      vertex -12.5614 37.11 46.7089
      vertex -11.4905 37.11 47.8905
    endloop
  endfacet
  facet normal 0 -1 0
    outer loop
      vertex -14.5507 37.11 46.1225
      vertex -12.5614 37.11 46.7089
      vertex -13.5277 37.11 47.5019
    endloop
  endfacet
  facet normal 0 -1 0
    outer loop
      vertex -14.5507 37.11 46.1225
      vertex -13.5114 37.11 45.428
      vertex -12.5614 37.11 46.7089
    endloop
  endfacet
  facet normal 0 -1 0
    outer loop
      vertex -14.5507 37.11 46.1225
      vertex -13.8393 37.11 44.8809
      vertex -13.5114 37.11 45.428
    endloop
  endfacet
  facet normal 0 -1 0
    outer loop
      vertex -15.4336 37.11 44.6494
      vertex -13.8393 37.11 44.8809
      vertex -14.5507 37.11 46.1225
    endloop
  endfacet
  facet normal 0 -1 0
    outer loop
      vertex -15.4336 37.11 44.6494
      vertex -14.3312 37.11 44.0602
      vertex -13.8393 37.11 44.8809
    endloop
  endfacet
  facet normal 0 -1 0
    outer loop
      vertex -16.1679 37.11 43.097
      vertex -14.3312 37.11 44.0602
      vertex -15.4336 37.11 44.6494
    endloop
  endfacet
  facet normal 0 -1 0
    outer loop
      vertex -16.1679 37.11 43.097
      vertex -15.013 37.11 42.6186
      vertex -14.3312 37.11 44.0602
    endloop
  endfacet
  facet normal 0 -1 0
    outer loop
      vertex -16.1679 37.11 43.097
      vertex -15.3354 37.11 41.7177
      vertex -15.013 37.11 42.6186
    endloop
  endfacet
  facet normal 0 -1 0
    outer loop
      vertex -16.7465 37.11 41.48
      vertex -15.3354 37.11 41.7177
      vertex -16.1679 37.11 43.097
    endloop
  endfacet
  facet normal 0 -1 0
    outer loop
      vertex -16.7465 37.11 41.48
      vertex -15.5503 37.11 41.1171
      vertex -15.3354 37.11 41.7177
    endloop
  endfacet
  facet normal 0 -1 0
    outer loop
      vertex -17.1637 37.11 39.8141
      vertex -15.5503 37.11 41.1171
      vertex -16.7465 37.11 41.48
    endloop
  endfacet
  facet normal 0 -1 0
    outer loop
      vertex -17.1637 37.11 39.8141
      vertex -15.9378 37.11 39.5702
      vertex -15.5503 37.11 41.1171
    endloop
  endfacet
  facet normal 0 -1 0
    outer loop
      vertex -17.4157 37.11 38.1153
      vertex -15.9378 37.11 39.5702
      vertex -17.1637 37.11 39.8141
    endloop
  endfacet
  facet normal 0 -1 0
    outer loop
      vertex -17.4157 37.11 38.1153
      vertex -16.1718 37.11 37.9928
      vertex -15.9378 37.11 39.5702
    endloop
  endfacet
  facet normal 0 -1 0
    outer loop
      vertex -17.5 37.11 36.4
      vertex -16.1718 37.11 37.9928
      vertex -17.4157 37.11 38.1153
    endloop
  endfacet
  facet normal 0 -1 0
    outer loop
      vertex -17.5 37.11 36.4
      vertex -16.25 37.11 36.4
      vertex -16.1718 37.11 37.9928
    endloop
  endfacet
  facet normal 0 -1 0
    outer loop
      vertex -17.5 37.11 36.4
      vertex -16.1718 37.11 34.8072
      vertex -16.25 37.11 36.4
    endloop
  endfacet
  facet normal 0 -1 0
    outer loop
      vertex -17.4157 37.11 34.6847
      vertex -16.1718 37.11 34.8072
      vertex -17.5 37.11 36.4
    endloop
  endfacet
  facet normal 0 -1 0
    outer loop
      vertex -17.4157 37.11 34.6847
      vertex -15.9378 37.11 33.2298
      vertex -16.1718 37.11 34.8072
    endloop
  endfacet
  facet normal 0 -1 0
    outer loop
      vertex -17.1637 37.11 32.9859
      vertex -15.9378 37.11 33.2298
      vertex -17.4157 37.11 34.6847
    endloop
  endfacet
  facet normal 0 -1 0
    outer loop
      vertex -17.1637 37.11 32.9859
      vertex -15.5503 37.11 31.6829
      vertex -15.9378 37.11 33.2298
    endloop
  endfacet
  facet normal 0 -1 0
    outer loop
      vertex -16.7465 37.11 31.32
      vertex -15.5503 37.11 31.6829
      vertex -17.1637 37.11 32.9859
    endloop
  endfacet
  facet normal 0 -1 0
    outer loop
      vertex -16.7465 37.11 31.32
      vertex -15.013 37.11 30.1814
      vertex -15.5503 37.11 31.6829
    endloop
  endfacet
  facet normal 0 -1 0
    outer loop
      vertex -16.1679 37.11 29.703
      vertex -15.013 37.11 30.1814
      vertex -16.7465 37.11 31.32
    endloop
  endfacet
  facet normal 0 -1 0
    outer loop
      vertex -16.1679 37.11 29.703
      vertex -14.3312 37.11 28.7398
      vertex -15.013 37.11 30.1814
    endloop
  endfacet
  facet normal 0 -1 0
    outer loop
      vertex -15.4336 37.11 28.1506
      vertex -14.3312 37.11 28.7398
      vertex -16.1679 37.11 29.703
    endloop
  endfacet
  facet normal 0 -1 0
    outer loop
      vertex -15.4336 37.11 28.1506
      vertex -13.5114 37.11 27.372
      vertex -14.3312 37.11 28.7398
    endloop
  endfacet
  facet normal 0 -1 0
    outer loop
      vertex -14.5507 37.11 26.6775
      vertex -13.5114 37.11 27.372
      vertex -15.4336 37.11 28.1506
    endloop
  endfacet
  facet normal 0 -1 0
    outer loop
      vertex -14.5507 37.11 26.6775
      vertex -12.5614 37.11 26.0911
      vertex -13.5114 37.11 27.372
    endloop
  endfacet
  facet normal 0 -1 0
    outer loop
      vertex -13.5277 37.11 25.2981
      vertex -12.5614 37.11 26.0911
      vertex -14.5507 37.11 26.6775
    endloop
  endfacet
  facet normal 0 -1 0
    outer loop
      vertex -13.5277 37.11 25.2981
      vertex -11.4905 37.11 24.9095
      vertex -12.5614 37.11 26.0911
    endloop
  endfacet
  facet normal 0 -1 0
    outer loop
      vertex -12.3744 37.11 24.0256
      vertex -11.4905 37.11 24.9095
      vertex -13.5277 37.11 25.2981
    endloop
  endfacet
  facet normal 0 -1 0
    outer loop
      vertex -12.3744 37.11 24.0256
      vertex -10.3089 37.11 23.8386
      vertex -11.4905 37.11 24.9095
    endloop
  endfacet
  facet normal 0 -1 0
    outer loop
      vertex -11.1019 37.11 22.8723
      vertex -10.3089 37.11 23.8386
      vertex -12.3744 37.11 24.0256
    endloop
  endfacet
  facet normal 0 -1 -0
    outer loop
      vertex -10.3089 37.11 23.8386
      vertex -11.1019 37.11 22.8723
      vertex -9.02802 37.11 22.8886
    endloop
  endfacet
  facet normal 0 -1 0
    outer loop
      vertex -9.72248 37.11 21.8493
      vertex -9.02802 37.11 22.8886
      vertex -11.1019 37.11 22.8723
    endloop
  endfacet
  facet normal 0 -1 -0
    outer loop
      vertex -9.02802 37.11 22.8886
      vertex -9.72248 37.11 21.8493
      vertex -7.6602 37.11 22.0688
    endloop
  endfacet
  facet normal 0 -1 0
    outer loop
      vertex -8.24944 37.11 20.9664
      vertex -7.6602 37.11 22.0688
      vertex -9.72248 37.11 21.8493
    endloop
  endfacet
  facet normal 0 -1 -0
    outer loop
      vertex -7.6602 37.11 22.0688
      vertex -8.24944 37.11 20.9664
      vertex -6.21861 37.11 21.387
    endloop
  endfacet
  facet normal 0 -1 0
    outer loop
      vertex -6.69696 37.11 20.2321
      vertex -6.21861 37.11 21.387
      vertex -8.24944 37.11 20.9664
    endloop
  endfacet
  facet normal 0 -1 -0
    outer loop
      vertex -6.21861 37.11 21.387
      vertex -6.69696 37.11 20.2321
      vertex -4.71713 37.11 20.8497
    endloop
  endfacet
  facet normal 0 -1 0
    outer loop
      vertex -5.07998 37.11 19.6535
      vertex -4.71713 37.11 20.8497
      vertex -6.69696 37.11 20.2321
    endloop
  endfacet
  facet normal 0 -1 -0
    outer loop
      vertex -4.71713 37.11 20.8497
      vertex -5.07998 37.11 19.6535
      vertex -3.17022 37.11 20.4622
    endloop
  endfacet
  facet normal 0 -1 0
    outer loop
      vertex -3.41408 37.11 19.2363
      vertex -3.17022 37.11 20.4622
      vertex -5.07998 37.11 19.6535
    endloop
  endfacet
  facet normal 0 -1 -0
    outer loop
      vertex -3.17022 37.11 20.4622
      vertex -3.41408 37.11 19.2363
      vertex -1.59278 37.11 20.2282
    endloop
  endfacet
  facet normal 0 -1 0
    outer loop
      vertex 2.53924 37.11 52.4314
      vertex 1.7153 37.11 53.8157
      vertex 1.59278 37.11 52.5718
    endloop
  endfacet
  facet normal 0 -1 0
    outer loop
      vertex 1.7153 37.11 53.8157
      vertex 2.53924 37.11 52.4314
      vertex 3.41408 37.11 53.5637
    endloop
  endfacet
  facet normal 0 -1 0
    outer loop
      vertex 3.17022 37.11 52.3378
      vertex 3.41408 37.11 53.5637
      vertex 2.53924 37.11 52.4314
    endloop
  endfacet
  facet normal 0 -1 0
    outer loop
      vertex 3.78898 37.11 52.1828
      vertex 3.41408 37.11 53.5637
      vertex 3.17022 37.11 52.3378
    endloop
  endfacet
  facet normal 0 -1 0
    outer loop
      vertex 3.41408 37.11 53.5637
      vertex 3.78898 37.11 52.1828
      vertex 5.07998 37.11 53.1465
    endloop
  endfacet
  facet normal 0 -1 0
    outer loop
      vertex 4.71713 37.11 51.9503
      vertex 5.07998 37.11 53.1465
      vertex 3.78898 37.11 52.1828
    endloop
  endfacet
  facet normal 0 -1 -0
    outer loop
      vertex 5.07998 37.11 53.1465
      vertex 4.71713 37.11 51.9503
      vertex 6.69696 37.11 52.5679
    endloop
  endfacet
  facet normal 0 -1 0
    outer loop
      vertex 6.21861 37.11 51.413
      vertex 6.69696 37.11 52.5679
      vertex 4.71713 37.11 51.9503
    endloop
  endfacet
  facet normal 0 -1 -0
    outer loop
      vertex 6.69696 37.11 52.5679
      vertex 6.21861 37.11 51.413
      vertex 8.24944 37.11 51.8336
    endloop
  endfacet
  facet normal 0 -1 0
    outer loop
      vertex 7.6602 37.11 50.7312
      vertex 8.24944 37.11 51.8336
      vertex 6.21861 37.11 51.413
    endloop
  endfacet
  facet normal 0 -1 0
    outer loop
      vertex 8.48089 37.11 50.2393
      vertex 8.24944 37.11 51.8336
      vertex 7.6602 37.11 50.7312
    endloop
  endfacet
  facet normal 0 -1 0
    outer loop
      vertex 8.24944 37.11 51.8336
      vertex 8.48089 37.11 50.2393
      vertex 9.72248 37.11 50.9507
    endloop
  endfacet
  facet normal 0 -1 0
    outer loop
      vertex 9.02802 37.11 49.9114
      vertex 9.72248 37.11 50.9507
      vertex 8.48089 37.11 50.2393
    endloop
  endfacet
  facet normal 0 -1 -0
    outer loop
      vertex 9.72248 37.11 50.9507
      vertex 9.02802 37.11 49.9114
      vertex 11.1019 37.11 49.9277
    endloop
  endfacet
  facet normal 0 -1 0
    outer loop
      vertex 10.3089 37.11 48.9614
      vertex 11.1019 37.11 49.9277
      vertex 9.02802 37.11 49.9114
    endloop
  endfacet
  facet normal 0 -1 0
    outer loop
      vertex 10.3089 37.11 48.9614
      vertex 12.3744 37.11 48.7744
      vertex 11.1019 37.11 49.9277
    endloop
  endfacet
  facet normal 0 -1 0
    outer loop
      vertex 11.4905 37.11 47.8905
      vertex 12.3744 37.11 48.7744
      vertex 10.3089 37.11 48.9614
    endloop
  endfacet
  facet normal 0 -1 0
    outer loop
      vertex 11.4905 37.11 47.8905
      vertex 13.5277 37.11 47.5019
      vertex 12.3744 37.11 48.7744
    endloop
  endfacet
  facet normal 0 -1 0
    outer loop
      vertex 12.5614 37.11 46.7089
      vertex 13.5277 37.11 47.5019
      vertex 11.4905 37.11 47.8905
    endloop
  endfacet
  facet normal 0 -1 0
    outer loop
      vertex 12.5614 37.11 46.7089
      vertex 14.5507 37.11 46.1225
      vertex 13.5277 37.11 47.5019
    endloop
  endfacet
  facet normal 0 -1 0
    outer loop
      vertex 13.5114 37.11 45.428
      vertex 14.5507 37.11 46.1225
      vertex 12.5614 37.11 46.7089
    endloop
  endfacet
  facet normal 0 -1 0
    outer loop
      vertex 13.8393 37.11 44.8809
      vertex 14.5507 37.11 46.1225
      vertex 13.5114 37.11 45.428
    endloop
  endfacet
  facet normal 0 -1 0
    outer loop
      vertex 13.8393 37.11 44.8809
      vertex 15.4336 37.11 44.6494
      vertex 14.5507 37.11 46.1225
    endloop
  endfacet
  facet normal 0 -1 0
    outer loop
      vertex 14.3312 37.11 44.0602
      vertex 15.4336 37.11 44.6494
      vertex 13.8393 37.11 44.8809
    endloop
  endfacet
  facet normal 0 -1 0
    outer loop
      vertex 14.3312 37.11 44.0602
      vertex 16.1679 37.11 43.097
      vertex 15.4336 37.11 44.6494
    endloop
  endfacet
  facet normal 0 -1 0
    outer loop
      vertex 15.013 37.11 42.6186
      vertex 16.1679 37.11 43.097
      vertex 14.3312 37.11 44.0602
    endloop
  endfacet
  facet normal 0 -1 0
    outer loop
      vertex 15.3354 37.11 41.7177
      vertex 16.1679 37.11 43.097
      vertex 15.013 37.11 42.6186
    endloop
  endfacet
  facet normal 0 -1 0
    outer loop
      vertex 15.3354 37.11 41.7177
      vertex 16.7465 37.11 41.48
      vertex 16.1679 37.11 43.097
    endloop
  endfacet
  facet normal 0 -1 0
    outer loop
      vertex 15.5503 37.11 41.1171
      vertex 16.7465 37.11 41.48
      vertex 15.3354 37.11 41.7177
    endloop
  endfacet
  facet normal 0 -1 0
    outer loop
      vertex 15.5503 37.11 41.1171
      vertex 17.1637 37.11 39.8141
      vertex 16.7465 37.11 41.48
    endloop
  endfacet
  facet normal 0 -1 0
    outer loop
      vertex 15.9378 37.11 39.5702
      vertex 17.1637 37.11 39.8141
      vertex 15.5503 37.11 41.1171
    endloop
  endfacet
  facet normal 0 -1 0
    outer loop
      vertex 15.9378 37.11 39.5702
      vertex 17.4157 37.11 38.1153
      vertex 17.1637 37.11 39.8141
    endloop
  endfacet
  facet normal 0 -1 0
    outer loop
      vertex 16.1718 37.11 37.9928
      vertex 17.4157 37.11 38.1153
      vertex 15.9378 37.11 39.5702
    endloop
  endfacet
  facet normal 0 -1 0
    outer loop
      vertex 16.25 37.11 36.4
      vertex 17.4157 37.11 38.1153
      vertex 16.1718 37.11 37.9928
    endloop
  endfacet
  facet normal 0 -1 0
    outer loop
      vertex 16.25 37.11 36.4
      vertex 17.5 37.11 36.4
      vertex 17.4157 37.11 38.1153
    endloop
  endfacet
  facet normal 0 -1 0
    outer loop
      vertex 16.1718 37.11 34.8072
      vertex 17.5 37.11 36.4
      vertex 16.25 37.11 36.4
    endloop
  endfacet
  facet normal 0 -1 0
    outer loop
      vertex 16.1718 37.11 34.8072
      vertex 17.4157 37.11 34.6847
      vertex 17.5 37.11 36.4
    endloop
  endfacet
  facet normal 0 -1 0
    outer loop
      vertex 15.9378 37.11 33.2298
      vertex 17.4157 37.11 34.6847
      vertex 16.1718 37.11 34.8072
    endloop
  endfacet
  facet normal 0 -1 0
    outer loop
      vertex 15.9378 37.11 33.2298
      vertex 17.1637 37.11 32.9859
      vertex 17.4157 37.11 34.6847
    endloop
  endfacet
  facet normal 0 -1 0
    outer loop
      vertex 15.5503 37.11 31.6829
      vertex 17.1637 37.11 32.9859
      vertex 15.9378 37.11 33.2298
    endloop
  endfacet
  facet normal 0 -1 0
    outer loop
      vertex 15.5503 37.11 31.6829
      vertex 16.7465 37.11 31.32
      vertex 17.1637 37.11 32.9859
    endloop
  endfacet
  facet normal 0 -1 0
    outer loop
      vertex 15.013 37.11 30.1814
      vertex 16.7465 37.11 31.32
      vertex 15.5503 37.11 31.6829
    endloop
  endfacet
  facet normal 0 -1 0
    outer loop
      vertex 15.013 37.11 30.1814
      vertex 16.1679 37.11 29.703
      vertex 16.7465 37.11 31.32
    endloop
  endfacet
  facet normal 0 -1 0
    outer loop
      vertex 14.3312 37.11 28.7398
      vertex 16.1679 37.11 29.703
      vertex 15.013 37.11 30.1814
    endloop
  endfacet
  facet normal 0 -1 0
    outer loop
      vertex 14.3312 37.11 28.7398
      vertex 15.4336 37.11 28.1506
      vertex 16.1679 37.11 29.703
    endloop
  endfacet
  facet normal 0 -1 0
    outer loop
      vertex 13.5114 37.11 27.372
      vertex 15.4336 37.11 28.1506
      vertex 14.3312 37.11 28.7398
    endloop
  endfacet
  facet normal 0 -1 0
    outer loop
      vertex 13.5114 37.11 27.372
      vertex 14.5507 37.11 26.6775
      vertex 15.4336 37.11 28.1506
    endloop
  endfacet
  facet normal 0 -1 0
    outer loop
      vertex 12.5614 37.11 26.0911
      vertex 14.5507 37.11 26.6775
      vertex 13.5114 37.11 27.372
    endloop
  endfacet
  facet normal 0 -1 0
    outer loop
      vertex 12.5614 37.11 26.0911
      vertex 13.5277 37.11 25.2981
      vertex 14.5507 37.11 26.6775
    endloop
  endfacet
  facet normal 0 -1 0
    outer loop
      vertex 11.4905 37.11 24.9095
      vertex 13.5277 37.11 25.2981
      vertex 12.5614 37.11 26.0911
    endloop
  endfacet
  facet normal 0 -1 0
    outer loop
      vertex 11.4905 37.11 24.9095
      vertex 12.3744 37.11 24.0256
      vertex 13.5277 37.11 25.2981
    endloop
  endfacet
  facet normal 0 -1 0
    outer loop
      vertex 10.3089 37.11 23.8386
      vertex 12.3744 37.11 24.0256
      vertex 11.4905 37.11 24.9095
    endloop
  endfacet
  facet normal 0 -1 0
    outer loop
      vertex 11.1019 37.11 22.8723
      vertex 10.3089 37.11 23.8386
      vertex 9.02802 37.11 22.8886
    endloop
  endfacet
  facet normal 0 -1 0
    outer loop
      vertex 10.3089 37.11 23.8386
      vertex 11.1019 37.11 22.8723
      vertex 12.3744 37.11 24.0256
    endloop
  endfacet
  facet normal 0 -1 0
    outer loop
      vertex 9.72248 37.11 21.8493
      vertex 9.02802 37.11 22.8886
      vertex 7.6602 37.11 22.0688
    endloop
  endfacet
  facet normal 0 -1 0
    outer loop
      vertex 9.02802 37.11 22.8886
      vertex 9.72248 37.11 21.8493
      vertex 11.1019 37.11 22.8723
    endloop
  endfacet
  facet normal 0 -1 0
    outer loop
      vertex 8.24944 37.11 20.9664
      vertex 7.6602 37.11 22.0688
      vertex 6.21861 37.11 21.387
    endloop
  endfacet
  facet normal 0 -1 0
    outer loop
      vertex 7.6602 37.11 22.0688
      vertex 8.24944 37.11 20.9664
      vertex 9.72248 37.11 21.8493
    endloop
  endfacet
  facet normal 0 -1 0
    outer loop
      vertex 6.69696 37.11 20.2321
      vertex 6.21861 37.11 21.387
      vertex 4.71713 37.11 20.8497
    endloop
  endfacet
  facet normal 0 -1 0
    outer loop
      vertex 5.07998 37.11 19.6535
      vertex 4.71713 37.11 20.8497
      vertex 3.17022 37.11 20.4622
    endloop
  endfacet
  facet normal 0 -1 0
    outer loop
      vertex 6.21861 37.11 21.387
      vertex 6.69696 37.11 20.2321
      vertex 8.24944 37.11 20.9664
    endloop
  endfacet
  facet normal 0 -1 0
    outer loop
      vertex 3.41408 37.11 19.2363
      vertex 3.17022 37.11 20.4622
      vertex 1.59278 37.11 20.2282
    endloop
  endfacet
  facet normal 0 -1 0
    outer loop
      vertex 1.7153 37.11 18.9843
      vertex 1.59278 37.11 20.2282
      vertex 0 37.11 20.15
    endloop
  endfacet
  facet normal 0 -1 0
    outer loop
      vertex -1.7153 37.11 18.9843
      vertex -1.59278 37.11 20.2282
      vertex -3.41408 37.11 19.2363
    endloop
  endfacet
  facet normal 0 -1 0
    outer loop
      vertex 4.71713 37.11 20.8497
      vertex 5.07998 37.11 19.6535
      vertex 6.69696 37.11 20.2321
    endloop
  endfacet
  facet normal 0 -1 -0
    outer loop
      vertex -1.59278 37.11 20.2282
      vertex -1.7153 37.11 18.9843
      vertex 0 37.11 20.15
    endloop
  endfacet
  facet normal 0 -1 0
    outer loop
      vertex 3.17022 37.11 20.4622
      vertex 3.41408 37.11 19.2363
      vertex 5.07998 37.11 19.6535
    endloop
  endfacet
  facet normal 0 -1 0
    outer loop
      vertex 0 37.11 18.9
      vertex 0 37.11 20.15
      vertex -1.7153 37.11 18.9843
    endloop
  endfacet
  facet normal 0 -1 0
    outer loop
      vertex 1.59278 37.11 20.2282
      vertex 1.7153 37.11 18.9843
      vertex 3.41408 37.11 19.2363
    endloop
  endfacet
  facet normal 0 -1 0
    outer loop
      vertex 0 37.11 20.15
      vertex 0 37.11 18.9
      vertex 1.7153 37.11 18.9843
    endloop
  endfacet
  facet normal 0.938535 0.315861 0.139222
    outer loop
      vertex -16.183 33.91 33.181
      vertex -17.1637 36.91 32.9859
      vertex -17.4157 36.91 34.6847
    endloop
  endfacet
  facet normal 0.989176 -0 0.146734
    outer loop
      vertex -17.4157 36.91 34.6847
      vertex -17.1637 37.11 32.9859
      vertex -17.4157 37.11 34.6847
    endloop
  endfacet
  facet normal 0.989176 0 0.146734
    outer loop
      vertex -17.1637 37.11 32.9859
      vertex -17.4157 36.91 34.6847
      vertex -17.1637 36.91 32.9859
    endloop
  endfacet
  facet normal 0.938534 0.315889 0.139166
    outer loop
      vertex -16.4205 33.91 34.7827
      vertex -16.183 33.91 33.181
      vertex -17.4157 36.91 34.6847
    endloop
  endfacet
  facet normal 0.920369 0.315902 0.230493
    outer loop
      vertex -15.7895 33.91 31.6103
      vertex -16.7465 36.91 31.32
      vertex -17.1637 36.91 32.9859
    endloop
  endfacet
  facet normal 0.893324 0.315902 0.319652
    outer loop
      vertex -15.7895 33.91 31.6103
      vertex -16.1679 36.91 29.703
      vertex -16.7465 36.91 31.32
    endloop
  endfacet
  facet normal -0.56518 0.315892 -0.762092
    outer loop
      vertex 9.72248 36.91 50.9507
      vertex 11.1019 36.91 49.9277
      vertex 9.16691 33.91 50.1192
    endloop
  endfacet
  facet normal -0.319637 0.3159 -0.89333
    outer loop
      vertex 5.07998 36.91 53.1465
      vertex 6.31428 33.91 51.644
      vertex 4.7897 33.91 52.1895
    endloop
  endfacet
  facet normal -0.230496 0.315862 -0.920382
    outer loop
      vertex 3.41408 36.91 53.5637
      vertex 5.07998 36.91 53.1465
      vertex 3.21899 33.91 52.583
    endloop
  endfacet
  facet normal -0.139224 0.315861 -0.938535
    outer loop
      vertex 3.41408 36.91 53.5637
      vertex 3.21899 33.91 52.583
      vertex 1.7153 36.91 53.8157
    endloop
  endfacet
  facet normal -0.42757 0 -0.903982
    outer loop
      vertex 6.69696 36.91 52.5679
      vertex 8.24944 37.11 51.8336
      vertex 8.24944 36.91 51.8336
    endloop
  endfacet
  facet normal -0.42757 0 -0.903982
    outer loop
      vertex 8.24944 37.11 51.8336
      vertex 6.69696 36.91 52.5679
      vertex 6.69696 37.11 52.5679
    endloop
  endfacet
  facet normal -0.595681 0 -0.803221
    outer loop
      vertex 9.72248 36.91 50.9507
      vertex 11.1019 37.11 49.9277
      vertex 11.1019 36.91 49.9277
    endloop
  endfacet
  facet normal -0.595681 0 -0.803221
    outer loop
      vertex 11.1019 37.11 49.9277
      vertex 9.72248 36.91 50.9507
      vertex 9.72248 37.11 50.9507
    endloop
  endfacet
  facet normal -0.146736 0 -0.989176
    outer loop
      vertex 1.7153 36.91 53.8157
      vertex 3.41408 37.11 53.5637
      vertex 3.41408 36.91 53.5637
    endloop
  endfacet
  facet normal -0.146736 0 -0.989176
    outer loop
      vertex 3.41408 37.11 53.5637
      vertex 1.7153 36.91 53.8157
      vertex 1.7153 37.11 53.8157
    endloop
  endfacet
  facet normal 0.146736 0 -0.989176
    outer loop
      vertex -3.41408 36.91 53.5637
      vertex -1.7153 37.11 53.8157
      vertex -1.7153 36.91 53.8157
    endloop
  endfacet
  facet normal 0.146736 0 -0.989176
    outer loop
      vertex -1.7153 37.11 53.8157
      vertex -3.41408 36.91 53.5637
      vertex -3.41408 37.11 53.5637
    endloop
  endfacet
  facet normal 0.139224 0.315861 -0.938535
    outer loop
      vertex -1.7153 36.91 53.8157
      vertex -3.21899 33.91 52.583
      vertex -3.41408 36.91 53.5637
    endloop
  endfacet
  facet normal 0.595681 0 -0.803221
    outer loop
      vertex -11.1019 36.91 49.9277
      vertex -9.72248 37.11 50.9507
      vertex -9.72248 36.91 50.9507
    endloop
  endfacet
  facet normal 0.595681 0 -0.803221
    outer loop
      vertex -9.72248 37.11 50.9507
      vertex -11.1019 36.91 49.9277
      vertex -11.1019 37.11 49.9277
    endloop
  endfacet
  facet normal 0.405659 0.315879 -0.857707
    outer loop
      vertex -6.31428 33.91 51.644
      vertex -7.77805 33.91 50.9517
      vertex -8.24944 36.91 51.8336
    endloop
  endfacet
  facet normal 0.487802 0.315878 -0.8138
    outer loop
      vertex -8.24944 36.91 51.8336
      vertex -7.77805 33.91 50.9517
      vertex -9.16691 33.91 50.1192
    endloop
  endfacet
  facet normal 0.42757 0 -0.903982
    outer loop
      vertex -8.24944 36.91 51.8336
      vertex -6.69696 37.11 52.5679
      vertex -6.69696 36.91 52.5679
    endloop
  endfacet
  facet normal 0.42757 0 -0.903982
    outer loop
      vertex -6.69696 37.11 52.5679
      vertex -8.24944 36.91 51.8336
      vertex -8.24944 37.11 51.8336
    endloop
  endfacet
  facet normal 0.242933 0 -0.970043
    outer loop
      vertex -5.07998 36.91 53.1465
      vertex -3.41408 37.11 53.5637
      vertex -3.41408 36.91 53.5637
    endloop
  endfacet
  facet normal 0.242933 0 -0.970043
    outer loop
      vertex -3.41408 37.11 53.5637
      vertex -5.07998 36.91 53.1465
      vertex -5.07998 37.11 53.1465
    endloop
  endfacet
  facet normal 0.319657 0.31589 -0.893327
    outer loop
      vertex -5.07998 36.91 53.1465
      vertex -6.31428 33.91 51.644
      vertex -6.69696 36.91 52.5679
    endloop
  endfacet
  facet normal 0.336908 0 -0.941538
    outer loop
      vertex -6.69696 36.91 52.5679
      vertex -5.07998 37.11 53.1465
      vertex -5.07998 36.91 53.1465
    endloop
  endfacet
  facet normal 0.336908 0 -0.941538
    outer loop
      vertex -5.07998 37.11 53.1465
      vertex -6.69696 36.91 52.5679
      vertex -6.69696 37.11 52.5679
    endloop
  endfacet
  facet normal 0.319637 0.3159 -0.89333
    outer loop
      vertex -5.07998 36.91 53.1465
      vertex -4.7897 33.91 52.1895
      vertex -6.31428 33.91 51.644
    endloop
  endfacet
  facet normal -0.703024 0.315882 -0.637163
    outer loop
      vertex 12.3744 36.91 48.7744
      vertex 12.7547 33.91 46.8675
      vertex 11.6673 33.91 48.0673
    endloop
  endfacet
  facet normal -0.803217 0 -0.595687
    outer loop
      vertex 14.5507 36.91 46.1225
      vertex 13.5277 37.11 47.5019
      vertex 14.5507 37.11 46.1225
    endloop
  endfacet
  facet normal -0.803217 -0 -0.595687
    outer loop
      vertex 13.5277 37.11 47.5019
      vertex 14.5507 36.91 46.1225
      vertex 13.5277 36.91 47.5019
    endloop
  endfacet
  facet normal -0.857699 0.31588 -0.405674
    outer loop
      vertex 15.4336 36.91 44.6494
      vertex 15.244 33.91 42.7143
      vertex 14.5517 33.91 44.178
    endloop
  endfacet
  facet normal -0.813806 0.31588 -0.487791
    outer loop
      vertex 15.4336 36.91 44.6494
      vertex 14.5517 33.91 44.178
      vertex 13.7192 33.91 45.5669
    endloop
  endfacet
  facet normal -0.903974 0 -0.427588
    outer loop
      vertex 16.1679 36.91 43.097
      vertex 15.4336 37.11 44.6494
      vertex 16.1679 37.11 43.097
    endloop
  endfacet
  facet normal -0.903974 -0 -0.427588
    outer loop
      vertex 15.4336 37.11 44.6494
      vertex 16.1679 36.91 43.097
      vertex 15.4336 36.91 44.6494
    endloop
  endfacet
  facet normal -0.998795 0 0.0490867
    outer loop
      vertex 17.4157 36.91 34.6847
      vertex 17.5 37.11 36.4
      vertex 17.4157 37.11 34.6847
    endloop
  endfacet
  facet normal -0.998795 0 0.0490867
    outer loop
      vertex 17.5 37.11 36.4
      vertex 17.4157 36.91 34.6847
      vertex 17.5 36.91 36.4
    endloop
  endfacet
  facet normal -0.989176 0 -0.146734
    outer loop
      vertex 17.4157 36.91 38.1153
      vertex 17.1637 37.11 39.8141
      vertex 17.4157 37.11 38.1153
    endloop
  endfacet
  facet normal -0.989176 -0 -0.146734
    outer loop
      vertex 17.1637 37.11 39.8141
      vertex 17.4157 36.91 38.1153
      vertex 17.1637 36.91 39.8141
    endloop
  endfacet
  facet normal 0.941539 0 -0.336904
    outer loop
      vertex -16.1679 36.91 43.097
      vertex -16.7465 37.11 41.48
      vertex -16.1679 37.11 43.097
    endloop
  endfacet
  facet normal 0.941539 0 -0.336904
    outer loop
      vertex -16.7465 37.11 41.48
      vertex -16.1679 36.91 43.097
      vertex -16.7465 36.91 41.48
    endloop
  endfacet
  facet normal 0.989176 0 -0.146734
    outer loop
      vertex -17.1637 36.91 39.8141
      vertex -17.4157 37.11 38.1153
      vertex -17.1637 37.11 39.8141
    endloop
  endfacet
  facet normal 0.989176 0 -0.146734
    outer loop
      vertex -17.4157 37.11 38.1153
      vertex -17.1637 36.91 39.8141
      vertex -17.4157 36.91 38.1153
    endloop
  endfacet
  facet normal 0.565181 0.315883 0.762094
    outer loop
      vertex -10.4675 33.91 23.6453
      vertex -9.72248 36.91 21.8493
      vertex -11.1019 36.91 22.8723
    endloop
  endfacet
  facet normal 0.595681 0 0.803221
    outer loop
      vertex -11.1019 37.11 22.8723
      vertex -9.72248 36.91 21.8493
      vertex -9.72248 37.11 21.8493
    endloop
  endfacet
  facet normal 0.595681 0 0.803221
    outer loop
      vertex -9.72248 36.91 21.8493
      vertex -11.1019 37.11 22.8723
      vertex -11.1019 36.91 22.8723
    endloop
  endfacet
  facet normal -0.0465834 0.315884 0.947653
    outer loop
      vertex 1.61728 33.91 19.9795
      vertex 0 36.91 18.9
      vertex 0 33.91 19.9
    endloop
  endfacet
  facet normal 0.0465834 0.315884 0.947653
    outer loop
      vertex 0 33.91 19.9
      vertex 0 36.91 18.9
      vertex -1.61728 33.91 19.9795
    endloop
  endfacet
  facet normal -0.336908 0 0.941538
    outer loop
      vertex 5.07998 37.11 19.6535
      vertex 6.69696 36.91 20.2321
      vertex 6.69696 37.11 20.2321
    endloop
  endfacet
  facet normal -0.336908 0 0.941538
    outer loop
      vertex 6.69696 36.91 20.2321
      vertex 5.07998 37.11 19.6535
      vertex 5.07998 36.91 19.6535
    endloop
  endfacet
  facet normal -0.146736 0 0.989176
    outer loop
      vertex 1.7153 37.11 18.9843
      vertex 3.41408 36.91 19.2363
      vertex 3.41408 37.11 19.2363
    endloop
  endfacet
  facet normal -0.146736 0 0.989176
    outer loop
      vertex 3.41408 36.91 19.2363
      vertex 1.7153 37.11 18.9843
      vertex 1.7153 36.91 18.9843
    endloop
  endfacet
  facet normal -0.319657 0.31589 0.893327
    outer loop
      vertex 6.31428 33.91 21.156
      vertex 6.69696 36.91 20.2321
      vertex 5.07998 36.91 19.6535
    endloop
  endfacet
  facet normal -0.139224 0.315861 0.938535
    outer loop
      vertex 3.21899 33.91 20.217
      vertex 3.41408 36.91 19.2363
      vertex 1.7153 36.91 18.9843
    endloop
  endfacet
  facet normal -0.230496 0.315862 0.920382
    outer loop
      vertex 5.07998 36.91 19.6535
      vertex 3.41408 36.91 19.2363
      vertex 3.21899 33.91 20.217
    endloop
  endfacet
  facet normal -0.565181 0.315883 0.762094
    outer loop
      vertex 10.4675 33.91 23.6453
      vertex 11.1019 36.91 22.8723
      vertex 9.72248 36.91 21.8493
    endloop
  endfacet
  facet normal 0.803217 -0 0.595687
    outer loop
      vertex -14.5507 36.91 26.6775
      vertex -13.5277 37.11 25.2981
      vertex -14.5507 37.11 26.6775
    endloop
  endfacet
  facet normal 0.803217 0 0.595687
    outer loop
      vertex -13.5277 37.11 25.2981
      vertex -14.5507 36.91 26.6775
      vertex -13.5277 36.91 25.2981
    endloop
  endfacet
  facet normal 0.903974 -0 0.427588
    outer loop
      vertex -16.1679 36.91 29.703
      vertex -15.4336 37.11 28.1506
      vertex -16.1679 37.11 29.703
    endloop
  endfacet
  facet normal 0.903974 0 0.427588
    outer loop
      vertex -15.4336 37.11 28.1506
      vertex -16.1679 36.91 29.703
      vertex -15.4336 36.91 28.1506
    endloop
  endfacet
  facet normal 0.857739 -0 0.514085
    outer loop
      vertex -15.4336 36.91 28.1506
      vertex -14.5507 37.11 26.6775
      vertex -15.4336 37.11 28.1506
    endloop
  endfacet
  facet normal 0.857739 0 0.514085
    outer loop
      vertex -14.5507 37.11 26.6775
      vertex -15.4336 36.91 28.1506
      vertex -14.5507 36.91 26.6775
    endloop
  endfacet
  facet normal -0.405677 0.31589 -0.857695
    outer loop
      vertex 6.69696 36.91 52.5679
      vertex 8.24944 36.91 51.8336
      vertex 6.31428 33.91 51.644
    endloop
  endfacet
  facet normal -0.319657 0.31589 -0.893327
    outer loop
      vertex 6.69696 36.91 52.5679
      vertex 6.31428 33.91 51.644
      vertex 5.07998 36.91 53.1465
    endloop
  endfacet
  facet normal -0.242933 0 -0.970043
    outer loop
      vertex 3.41408 36.91 53.5637
      vertex 5.07998 37.11 53.1465
      vertex 5.07998 36.91 53.1465
    endloop
  endfacet
  facet normal -0.242933 0 -0.970043
    outer loop
      vertex 5.07998 37.11 53.1465
      vertex 3.41408 36.91 53.5637
      vertex 3.41408 37.11 53.5637
    endloop
  endfacet
  facet normal -0.230569 0.315902 -0.92035
    outer loop
      vertex 5.07998 36.91 53.1465
      vertex 4.7897 33.91 52.1895
      vertex 3.21899 33.91 52.583
    endloop
  endfacet
  facet normal -0.0465733 0.315885 -0.947654
    outer loop
      vertex 0 36.91 53.9
      vertex 1.7153 36.91 53.8157
      vertex 0 33.91 52.9
    endloop
  endfacet
  facet normal -0.0490867 0 -0.998795
    outer loop
      vertex 0 36.91 53.9
      vertex 1.7153 37.11 53.8157
      vertex 1.7153 36.91 53.8157
    endloop
  endfacet
  facet normal -0.0490867 0 -0.998795
    outer loop
      vertex 1.7153 37.11 53.8157
      vertex 0 36.91 53.9
      vertex 0 37.11 53.9
    endloop
  endfacet
  facet normal 0.0465833 0.31589 -0.947652
    outer loop
      vertex 0 33.91 52.9
      vertex -1.61728 33.91 52.8205
      vertex -1.7153 36.91 53.8157
    endloop
  endfacet
  facet normal 0.139165 0.31589 -0.938534
    outer loop
      vertex -1.7153 36.91 53.8157
      vertex -1.61728 33.91 52.8205
      vertex -3.21899 33.91 52.583
    endloop
  endfacet
  facet normal -0.941539 0 -0.336904
    outer loop
      vertex 16.7465 36.91 41.48
      vertex 16.1679 37.11 43.097
      vertex 16.7465 37.11 41.48
    endloop
  endfacet
  facet normal -0.941539 -0 -0.336904
    outer loop
      vertex 16.1679 37.11 43.097
      vertex 16.7465 36.91 41.48
      vertex 16.1679 36.91 43.097
    endloop
  endfacet
  facet normal -0.947652 0.315889 -0.0465828
    outer loop
      vertex 17.4157 36.91 38.1153
      vertex 16.5 33.91 36.4
      vertex 16.4205 33.91 38.0173
    endloop
  endfacet
  facet normal -0.938534 0.315889 -0.139166
    outer loop
      vertex 17.4157 36.91 38.1153
      vertex 16.4205 33.91 38.0173
      vertex 16.183 33.91 39.619
    endloop
  endfacet
  facet normal -0.139165 0.31589 0.938534
    outer loop
      vertex 3.21899 33.91 20.217
      vertex 1.7153 36.91 18.9843
      vertex 1.61728 33.91 19.9795
    endloop
  endfacet
  facet normal -0.0465732 0.31589 0.947652
    outer loop
      vertex 1.61728 33.91 19.9795
      vertex 1.7153 36.91 18.9843
      vertex 0 36.91 18.9
    endloop
  endfacet
  facet normal -0.42757 0 0.903982
    outer loop
      vertex 6.69696 37.11 20.2321
      vertex 8.24944 36.91 20.9664
      vertex 8.24944 37.11 20.9664
    endloop
  endfacet
  facet normal -0.42757 0 0.903982
    outer loop
      vertex 8.24944 36.91 20.9664
      vertex 6.69696 37.11 20.2321
      vertex 6.69696 36.91 20.2321
    endloop
  endfacet
  facet normal -0.5141 0 0.85773
    outer loop
      vertex 8.24944 37.11 20.9664
      vertex 9.72248 36.91 21.8493
      vertex 9.72248 37.11 21.8493
    endloop
  endfacet
  facet normal -0.5141 0 0.85773
    outer loop
      vertex 9.72248 36.91 21.8493
      vertex 8.24944 37.11 20.9664
      vertex 8.24944 36.91 20.9664
    endloop
  endfacet
  facet normal -0.487776 0.315892 0.81381
    outer loop
      vertex 9.16691 33.91 22.6808
      vertex 9.72248 36.91 21.8493
      vertex 8.24944 36.91 20.9664
    endloop
  endfacet
  facet normal -0.565165 0.315892 0.762103
    outer loop
      vertex 10.4675 33.91 23.6453
      vertex 9.72248 36.91 21.8493
      vertex 9.16691 33.91 22.6808
    endloop
  endfacet
  facet normal -0.67155 0 0.740959
    outer loop
      vertex 11.1019 37.11 22.8723
      vertex 12.3744 36.91 24.0256
      vertex 12.3744 37.11 24.0256
    endloop
  endfacet
  facet normal -0.67155 0 0.740959
    outer loop
      vertex 12.3744 36.91 24.0256
      vertex 11.1019 37.11 22.8723
      vertex 11.1019 36.91 22.8723
    endloop
  endfacet
  facet normal -0.637166 0.315884 0.70302
    outer loop
      vertex 12.3744 36.91 24.0256
      vertex 11.1019 36.91 22.8723
      vertex 10.4675 33.91 23.6453
    endloop
  endfacet
  facet normal -0.947654 0.315885 -0.0465733
    outer loop
      vertex 17.4157 36.91 38.1153
      vertex 17.5 36.91 36.4
      vertex 16.5 33.91 36.4
    endloop
  endfacet
  facet normal -0.998795 0 -0.0490867
    outer loop
      vertex 17.5 36.91 36.4
      vertex 17.4157 37.11 38.1153
      vertex 17.5 37.11 36.4
    endloop
  endfacet
  facet normal -0.998795 -0 -0.0490867
    outer loop
      vertex 17.4157 37.11 38.1153
      vertex 17.5 36.91 36.4
      vertex 17.4157 36.91 38.1153
    endloop
  endfacet
  facet normal -0.487802 0.315878 0.8138
    outer loop
      vertex 9.16691 33.91 22.6808
      vertex 8.24944 36.91 20.9664
      vertex 7.77805 33.91 21.8483
    endloop
  endfacet
  facet normal -0.405659 0.315879 0.857707
    outer loop
      vertex 7.77805 33.91 21.8483
      vertex 8.24944 36.91 20.9664
      vertex 6.31428 33.91 21.156
    endloop
  endfacet
endsolid OpenSCAD_Model
